,dat_veg,dat_water,dat_wood,dat_dem,dat_dist,x,y
0,0.0,0.0,0.0,0.0,575.6265869140625,-123.56355300873334,48.14467076398792
1,0.0,0.0,0.0,0.0,575.6265869140625,-123.56355300873334,48.14467076398792
2,0.0,0.0,0.0,0.0,575.6265869140625,-123.56355300873334,48.14467076398792
3,0.0,0.0,0.0,0.0,368.4576110839844,-123.56315300873334,48.14467076398792
4,0.0,0.0,0.0,0.0,368.4576110839844,-123.56315300873334,48.14467076398792
5,0.0,0.0,0.0,0.0,368.4576110839844,-123.56315300873334,48.14467076398792
6,0.0,0.0,0.0,0.0,265.0075378417969,-123.56275300873334,48.14467076398792
7,0.0,0.0,0.0,0.0,265.0075378417969,-123.56275300873334,48.14467076398792
8,0.0,0.0,0.0,0.0,265.0075378417969,-123.56275300873334,48.14467076398792
9,0.0,0.0,0.0,0.0,366.37957763671875,-123.56235300873334,48.14467076398792
10,0.0,0.0,0.0,0.0,366.37957763671875,-123.56235300873334,48.14467076398792
11,0.0,0.0,0.0,0.0,589.108642578125,-123.56395300873334,48.14427076398792
12,0.0,0.0,0.0,0.0,455.3427429199219,-123.56355300873334,48.14427076398792
13,0.0,0.0,0.0,0.0,455.3427429199219,-123.56355300873334,48.14427076398792
14,0.0,0.0,0.0,0.0,455.3427429199219,-123.56355300873334,48.14427076398792
15,0.0,0.0,0.0,0.0,455.3427429199219,-123.56355300873334,48.14427076398792
16,0.0,0.0,0.0,0.0,455.3427429199219,-123.56355300873334,48.14427076398792
17,0.0,0.0,0.0,0.0,455.3427429199219,-123.56355300873334,48.14427076398792
18,0.0,0.0,0.0,0.0,455.3427429199219,-123.56355300873334,48.14427076398792
19,1.4277563423092943e-05,0.9999068975448608,0.0,2.6474621295928955,256.19525146484375,-123.56315300873334,48.14427076398792
20,1.4277563423092943e-05,0.9999068975448608,0.0,2.6474621295928955,256.19525146484375,-123.56315300873334,48.14427076398792
21,1.4277563423092943e-05,0.9999068975448608,0.0,2.6474621295928955,256.19525146484375,-123.56315300873334,48.14427076398792
22,1.4277563423092943e-05,0.9999068975448608,0.0,2.6474621295928955,256.19525146484375,-123.56315300873334,48.14427076398792
23,1.4277563423092943e-05,0.9999068975448608,0.0,2.6474621295928955,256.19525146484375,-123.56315300873334,48.14427076398792
24,1.4277563423092943e-05,0.9999068975448608,0.0,2.6474621295928955,256.19525146484375,-123.56315300873334,48.14427076398792
25,1.4277563423092943e-05,0.9999068975448608,0.0,2.6474621295928955,256.19525146484375,-123.56315300873334,48.14427076398792
26,1.4277563423092943e-05,0.9999068975448608,0.0,2.6474621295928955,256.19525146484375,-123.56315300873334,48.14427076398792
27,1.4277563423092943e-05,0.9999068975448608,0.0,2.6474621295928955,256.19525146484375,-123.56315300873334,48.14427076398792
28,1.4277563423092943e-05,0.9999068975448608,0.0,2.6474621295928955,256.19525146484375,-123.56315300873334,48.14427076398792
29,5.103713647258701e-07,0.9994481205940247,0.0,1.2100000381469727,10.198039054870605,-123.56275300873334,48.14427076398792
30,5.103713647258701e-07,0.9994481205940247,0.0,1.2100000381469727,10.198039054870605,-123.56275300873334,48.14427076398792
31,5.103713647258701e-07,0.9994481205940247,0.0,1.2100000381469727,10.198039054870605,-123.56275300873334,48.14427076398792
32,5.103713647258701e-07,0.9994481205940247,0.0,1.2100000381469727,10.198039054870605,-123.56275300873334,48.14427076398792
33,5.103713647258701e-07,0.9994481205940247,0.0,1.2100000381469727,10.198039054870605,-123.56275300873334,48.14427076398792
34,5.103713647258701e-07,0.9994481205940247,0.0,1.2100000381469727,10.198039054870605,-123.56275300873334,48.14427076398792
35,5.103713647258701e-07,0.9994481205940247,0.0,1.2100000381469727,10.198039054870605,-123.56275300873334,48.14427076398792
36,5.103713647258701e-07,0.9994481205940247,0.0,1.2100000381469727,10.198039054870605,-123.56275300873334,48.14427076398792
37,5.103713647258701e-07,0.9994481205940247,0.0,1.2100000381469727,10.198039054870605,-123.56275300873334,48.14427076398792
38,5.103713647258701e-07,0.9994481205940247,0.0,1.2100000381469727,10.198039054870605,-123.56275300873334,48.14427076398792
39,0.0,0.0,0.0,0.0,249.0702667236328,-123.56235300873334,48.14427076398792
40,0.0,0.0,0.0,0.0,249.0702667236328,-123.56235300873334,48.14427076398792
41,0.0,0.0,0.0,0.0,249.0702667236328,-123.56235300873334,48.14427076398792
42,0.0,0.0,0.0,0.0,249.0702667236328,-123.56235300873334,48.14427076398792
43,0.0,0.0,0.0,0.0,249.0702667236328,-123.56235300873334,48.14427076398792
44,0.0,0.0,0.0,0.0,455.3064880371094,-123.56195300873334,48.14427076398792
45,0.0,0.0,0.0,0.0,455.3064880371094,-123.56195300873334,48.14427076398792
46,0.0,0.0,0.0,0.0,373.6147766113281,-123.56395300873334,48.14387076398792
47,0.0,0.0,0.0,0.0,240.63458251953125,-123.56355300873334,48.14387076398792
48,0.0,0.0,0.0,0.0,240.63458251953125,-123.56355300873334,48.14387076398792
49,0.0,0.0,0.0,0.0,100.20977783203125,-123.56315300873334,48.14387076398792
50,0.0,0.0,0.0,0.0,100.20977783203125,-123.56315300873334,48.14387076398792
51,0.0,0.0,0.0,0.0,100.20977783203125,-123.56315300873334,48.14387076398792
52,0.0,0.0,0.0,0.0,100.20977783203125,-123.56315300873334,48.14387076398792
53,0.0,0.0,0.0,0.0,100.20977783203125,-123.56315300873334,48.14387076398792
54,0.0,0.0,0.0,0.0,100.20977783203125,-123.56315300873334,48.14387076398792
55,0.0,0.0,0.0,0.0,100.20977783203125,-123.56315300873334,48.14387076398792
56,0.0,0.0,0.0,0.0,100.20977783203125,-123.56315300873334,48.14387076398792
57,0.0,0.0,0.0,0.0,100.20977783203125,-123.56315300873334,48.14387076398792
58,7.880981911512208e-07,0.9997753500938416,0.0,2.814225912094116,41.88078308105469,-123.56275300873334,48.14387076398792
59,7.880981911512208e-07,0.9997753500938416,0.0,2.814225912094116,41.88078308105469,-123.56275300873334,48.14387076398792
60,7.880981911512208e-07,0.9997753500938416,0.0,2.814225912094116,41.88078308105469,-123.56275300873334,48.14387076398792
61,7.880981911512208e-07,0.9997753500938416,0.0,2.814225912094116,41.88078308105469,-123.56275300873334,48.14387076398792
62,7.880981911512208e-07,0.9997753500938416,0.0,2.814225912094116,41.88078308105469,-123.56275300873334,48.14387076398792
63,7.880981911512208e-07,0.9997753500938416,0.0,2.814225912094116,41.88078308105469,-123.56275300873334,48.14387076398792
64,7.880981911512208e-07,0.9997753500938416,0.0,2.814225912094116,41.88078308105469,-123.56275300873334,48.14387076398792
65,7.880981911512208e-07,0.9997753500938416,0.0,2.814225912094116,41.88078308105469,-123.56275300873334,48.14387076398792
66,7.880981911512208e-07,0.9997753500938416,0.0,2.814225912094116,41.88078308105469,-123.56275300873334,48.14387076398792
67,7.880981911512208e-07,0.9997753500938416,0.0,2.814225912094116,41.88078308105469,-123.56275300873334,48.14387076398792
68,0.033116862177848816,0.22285324335098267,0.0,2.3469645977020264,131.64346313476562,-123.56235300873334,48.14387076398792
69,0.033116862177848816,0.22285324335098267,0.0,2.3469645977020264,131.64346313476562,-123.56235300873334,48.14387076398792
70,0.033116862177848816,0.22285324335098267,0.0,2.3469645977020264,131.64346313476562,-123.56235300873334,48.14387076398792
71,0.033116862177848816,0.22285324335098267,0.0,2.3469645977020264,131.64346313476562,-123.56235300873334,48.14387076398792
72,0.033116862177848816,0.22285324335098267,0.0,2.3469645977020264,131.64346313476562,-123.56235300873334,48.14387076398792
73,0.033116862177848816,0.22285324335098267,0.0,2.3469645977020264,131.64346313476562,-123.56235300873334,48.14387076398792
74,0.033116862177848816,0.22285324335098267,0.0,2.3469645977020264,131.64346313476562,-123.56235300873334,48.14387076398792
75,0.033116862177848816,0.22285324335098267,0.0,2.3469645977020264,131.64346313476562,-123.56235300873334,48.14387076398792
76,0.033116862177848816,0.22285324335098267,0.0,2.3469645977020264,131.64346313476562,-123.56235300873334,48.14387076398792
77,0.033116862177848816,0.22285324335098267,0.0,2.3469645977020264,131.64346313476562,-123.56235300873334,48.14387076398792
78,0.0,0.0,0.0,0.0,229.83908081054688,-123.56195300873334,48.14387076398792
79,0.0,0.0,0.0,0.0,229.83908081054688,-123.56195300873334,48.14387076398792
80,0.0,0.0,0.0,0.0,229.83908081054688,-123.56195300873334,48.14387076398792
81,0.0,0.0,0.0,0.0,229.83908081054688,-123.56195300873334,48.14387076398792
82,0.0,0.0,0.0,0.0,391.7371520996094,-123.56155300873334,48.14387076398792
83,0.0,0.0,0.0,0.0,571.4840087890625,-123.56115300873334,48.14387076398792
84,0.0,0.0,0.0,0.0,493.24334716796875,-123.56435300873333,48.14347076398792
85,0.0,0.0,0.0,0.0,239.57044982910156,-123.56395300873334,48.14347076398792
86,0.0,0.0,0.0,0.0,239.57044982910156,-123.56395300873334,48.14347076398792
87,0.12388689070940018,0.003425776259973645,0.0,2.366580009460449,21.02379608154297,-123.56355300873334,48.14347076398792
88,0.12388689070940018,0.003425776259973645,0.0,2.366580009460449,21.02379608154297,-123.56355300873334,48.14347076398792
89,0.12388689070940018,0.003425776259973645,0.0,2.366580009460449,21.02379608154297,-123.56355300873334,48.14347076398792
90,0.12388689070940018,0.003425776259973645,0.0,2.366580009460449,21.02379608154297,-123.56355300873334,48.14347076398792
91,0.12388689070940018,0.003425776259973645,0.0,2.366580009460449,21.02379608154297,-123.56355300873334,48.14347076398792
92,0.12388689070940018,0.003425776259973645,0.0,2.366580009460449,21.02379608154297,-123.56355300873334,48.14347076398792
93,0.12388689070940018,0.003425776259973645,0.0,2.366580009460449,21.02379608154297,-123.56355300873334,48.14347076398792
94,0.12388689070940018,0.003425776259973645,0.0,2.366580009460449,21.02379608154297,-123.56355300873334,48.14347076398792
95,0.12388689070940018,0.003425776259973645,0.0,2.366580009460449,21.02379608154297,-123.56355300873334,48.14347076398792
96,0.12388689070940018,0.003425776259973645,0.0,2.366580009460449,21.02379608154297,-123.56355300873334,48.14347076398792
97,9.517758371657692e-06,0.00010361048771301284,0.0,2.969529151916504,60.20797348022461,-123.56315300873334,48.14347076398792
98,9.517758371657692e-06,0.00010361048771301284,0.0,2.969529151916504,60.20797348022461,-123.56315300873334,48.14347076398792
99,9.517758371657692e-06,0.00010361048771301284,0.0,2.969529151916504,60.20797348022461,-123.56315300873334,48.14347076398792
100,9.517758371657692e-06,0.00010361048771301284,0.0,2.969529151916504,60.20797348022461,-123.56315300873334,48.14347076398792
101,9.517758371657692e-06,0.00010361048771301284,0.0,2.969529151916504,60.20797348022461,-123.56315300873334,48.14347076398792
102,9.517758371657692e-06,0.00010361048771301284,0.0,2.969529151916504,60.20797348022461,-123.56315300873334,48.14347076398792
103,9.517758371657692e-06,0.00010361048771301284,0.0,2.969529151916504,60.20797348022461,-123.56315300873334,48.14347076398792
104,9.517758371657692e-06,0.00010361048771301284,0.0,2.969529151916504,60.20797348022461,-123.56315300873334,48.14347076398792
105,9.517758371657692e-06,0.00010361048771301284,0.0,2.969529151916504,60.20797348022461,-123.56315300873334,48.14347076398792
106,9.517758371657692e-06,0.00010361048771301284,0.0,2.969529151916504,60.20797348022461,-123.56315300873334,48.14347076398792
107,1.1290231896055047e-06,0.3622320294380188,0.0,3.0401508808135986,116.38728332519531,-123.56275300873334,48.14347076398792
108,1.1290231896055047e-06,0.3622320294380188,0.0,3.0401508808135986,116.38728332519531,-123.56275300873334,48.14347076398792
109,1.1290231896055047e-06,0.3622320294380188,0.0,3.0401508808135986,116.38728332519531,-123.56275300873334,48.14347076398792
110,1.1290231896055047e-06,0.3622320294380188,0.0,3.0401508808135986,116.38728332519531,-123.56275300873334,48.14347076398792
111,1.1290231896055047e-06,0.3622320294380188,0.0,3.0401508808135986,116.38728332519531,-123.56275300873334,48.14347076398792
112,1.1290231896055047e-06,0.3622320294380188,0.0,3.0401508808135986,116.38728332519531,-123.56275300873334,48.14347076398792
113,1.1290231896055047e-06,0.3622320294380188,0.0,3.0401508808135986,116.38728332519531,-123.56275300873334,48.14347076398792
114,1.1290231896055047e-06,0.3622320294380188,0.0,3.0401508808135986,116.38728332519531,-123.56275300873334,48.14347076398792
115,1.1290231896055047e-06,0.3622320294380188,0.0,3.0401508808135986,116.38728332519531,-123.56275300873334,48.14347076398792
116,1.1290231896055047e-06,0.3622320294380188,0.0,3.0401508808135986,116.38728332519531,-123.56275300873334,48.14347076398792
117,1.1819615508557035e-07,0.9999897480010986,0.0,3.1894519329071045,7.071067810058594,-123.56235300873334,48.14347076398792
118,1.1819615508557035e-07,0.9999897480010986,0.0,3.1894519329071045,7.071067810058594,-123.56235300873334,48.14347076398792
119,1.1819615508557035e-07,0.9999897480010986,0.0,3.1894519329071045,7.071067810058594,-123.56235300873334,48.14347076398792
120,1.1819615508557035e-07,0.9999897480010986,0.0,3.1894519329071045,7.071067810058594,-123.56235300873334,48.14347076398792
121,1.1819615508557035e-07,0.9999897480010986,0.0,3.1894519329071045,7.071067810058594,-123.56235300873334,48.14347076398792
122,1.1819615508557035e-07,0.9999897480010986,0.0,3.1894519329071045,7.071067810058594,-123.56235300873334,48.14347076398792
123,1.1819615508557035e-07,0.9999897480010986,0.0,3.1894519329071045,7.071067810058594,-123.56235300873334,48.14347076398792
124,1.1819615508557035e-07,0.9999897480010986,0.0,3.1894519329071045,7.071067810058594,-123.56235300873334,48.14347076398792
125,1.1819615508557035e-07,0.9999897480010986,0.0,3.1894519329071045,7.071067810058594,-123.56235300873334,48.14347076398792
126,1.1819615508557035e-07,0.9999897480010986,0.0,3.1894519329071045,7.071067810058594,-123.56235300873334,48.14347076398792
127,0.6914697885513306,0.011871067807078362,0.0,2.3469645977020264,31.827661514282227,-123.56195300873334,48.14347076398792
128,0.6914697885513306,0.011871067807078362,0.0,2.3469645977020264,31.827661514282227,-123.56195300873334,48.14347076398792
129,0.6914697885513306,0.011871067807078362,0.0,2.3469645977020264,31.827661514282227,-123.56195300873334,48.14347076398792
130,0.6914697885513306,0.011871067807078362,0.0,2.3469645977020264,31.827661514282227,-123.56195300873334,48.14347076398792
131,0.6914697885513306,0.011871067807078362,0.0,2.3469645977020264,31.827661514282227,-123.56195300873334,48.14347076398792
132,0.6914697885513306,0.011871067807078362,0.0,2.3469645977020264,31.827661514282227,-123.56195300873334,48.14347076398792
133,0.6914697885513306,0.011871067807078362,0.0,2.3469645977020264,31.827661514282227,-123.56195300873334,48.14347076398792
134,0.6914697885513306,0.011871067807078362,0.0,2.3469645977020264,31.827661514282227,-123.56195300873334,48.14347076398792
135,0.0,0.0,0.0,0.0,211.8513641357422,-123.56155300873334,48.14347076398792
136,0.0,0.0,0.0,0.0,422.120849609375,-123.56115300873334,48.14347076398792
137,0.0,0.0,0.0,0.0,396.6787109375,-123.56475300873333,48.14307076398792
138,0.0,0.0,0.0,0.0,340.14703369140625,-123.56435300873333,48.14307076398792
139,0.0,0.0,0.0,0.0,340.14703369140625,-123.56435300873333,48.14307076398792
140,0.0,0.0,0.0,0.0,340.14703369140625,-123.56435300873333,48.14307076398792
141,0.0,0.0,0.0,0.0,340.14703369140625,-123.56435300873333,48.14307076398792
142,0.0,0.0,0.0,0.0,340.14703369140625,-123.56435300873333,48.14307076398792
143,0.0,0.0,0.0,0.0,318.34100341796875,-123.56395300873334,48.14307076398792
144,0.0,0.0,0.0,0.0,318.34100341796875,-123.56395300873334,48.14307076398792
145,0.0,0.0,0.0,0.0,318.34100341796875,-123.56395300873334,48.14307076398792
146,0.0,0.0,0.0,0.0,318.34100341796875,-123.56395300873334,48.14307076398792
147,0.0,0.0,0.0,0.0,318.34100341796875,-123.56395300873334,48.14307076398792
148,0.0,0.0,0.0,0.0,318.34100341796875,-123.56395300873334,48.14307076398792
149,0.0,0.0,0.0,0.0,318.34100341796875,-123.56395300873334,48.14307076398792
150,0.0,0.0,0.0,0.0,318.34100341796875,-123.56395300873334,48.14307076398792
151,0.0,0.0,0.0,0.0,318.34100341796875,-123.56395300873334,48.14307076398792
152,0.0003673007304314524,0.0005473548662848771,0.0,3.3427796363830566,220.73513793945312,-123.56355300873334,48.14307076398792
153,0.0003673007304314524,0.0005473548662848771,0.0,3.3427796363830566,220.73513793945312,-123.56355300873334,48.14307076398792
154,0.0003673007304314524,0.0005473548662848771,0.0,3.3427796363830566,220.73513793945312,-123.56355300873334,48.14307076398792
155,0.0003673007304314524,0.0005473548662848771,0.0,3.3427796363830566,220.73513793945312,-123.56355300873334,48.14307076398792
156,0.0003673007304314524,0.0005473548662848771,0.0,3.3427796363830566,220.73513793945312,-123.56355300873334,48.14307076398792
157,0.0003673007304314524,0.0005473548662848771,0.0,3.3427796363830566,220.73513793945312,-123.56355300873334,48.14307076398792
158,0.0003673007304314524,0.0005473548662848771,0.0,3.3427796363830566,220.73513793945312,-123.56355300873334,48.14307076398792
159,0.0003673007304314524,0.0005473548662848771,0.0,3.3427796363830566,220.73513793945312,-123.56355300873334,48.14307076398792
160,0.0003673007304314524,0.0005473548662848771,0.0,3.3427796363830566,220.73513793945312,-123.56355300873334,48.14307076398792
161,0.0003673007304314524,0.0005473548662848771,0.0,3.3427796363830566,220.73513793945312,-123.56355300873334,48.14307076398792
162,4.4843898194812937e-07,0.8830665946006775,0.0,2.473954677581787,123.79418182373047,-123.56315300873334,48.14307076398792
163,4.4843898194812937e-07,0.8830665946006775,0.0,2.473954677581787,123.79418182373047,-123.56315300873334,48.14307076398792
164,4.4843898194812937e-07,0.8830665946006775,0.0,2.473954677581787,123.79418182373047,-123.56315300873334,48.14307076398792
165,4.4843898194812937e-07,0.8830665946006775,0.0,2.473954677581787,123.79418182373047,-123.56315300873334,48.14307076398792
166,4.4843898194812937e-07,0.8830665946006775,0.0,2.473954677581787,123.79418182373047,-123.56315300873334,48.14307076398792
167,4.4843898194812937e-07,0.8830665946006775,0.0,2.473954677581787,123.79418182373047,-123.56315300873334,48.14307076398792
168,4.4843898194812937e-07,0.8830665946006775,0.0,2.473954677581787,123.79418182373047,-123.56315300873334,48.14307076398792
169,4.4843898194812937e-07,0.8830665946006775,0.0,2.473954677581787,123.79418182373047,-123.56315300873334,48.14307076398792
170,4.4843898194812937e-07,0.8830665946006775,0.0,2.473954677581787,123.79418182373047,-123.56315300873334,48.14307076398792
171,4.4843898194812937e-07,0.8830665946006775,0.0,2.473954677581787,123.79418182373047,-123.56315300873334,48.14307076398792
172,1.2388765360804577e-11,0.9999951124191284,0.0,2.8036670684814453,53.740116119384766,-123.56275300873334,48.14307076398792
173,1.2388765360804577e-11,0.9999951124191284,0.0,2.8036670684814453,53.740116119384766,-123.56275300873334,48.14307076398792
174,1.2388765360804577e-11,0.9999951124191284,0.0,2.8036670684814453,53.740116119384766,-123.56275300873334,48.14307076398792
175,1.2388765360804577e-11,0.9999951124191284,0.0,2.8036670684814453,53.740116119384766,-123.56275300873334,48.14307076398792
176,1.2388765360804577e-11,0.9999951124191284,0.0,2.8036670684814453,53.740116119384766,-123.56275300873334,48.14307076398792
177,1.2388765360804577e-11,0.9999951124191284,0.0,2.8036670684814453,53.740116119384766,-123.56275300873334,48.14307076398792
178,1.2388765360804577e-11,0.9999951124191284,0.0,2.8036670684814453,53.740116119384766,-123.56275300873334,48.14307076398792
179,1.2388765360804577e-11,0.9999951124191284,0.0,2.8036670684814453,53.740116119384766,-123.56275300873334,48.14307076398792
180,1.2388765360804577e-11,0.9999951124191284,0.0,2.8036670684814453,53.740116119384766,-123.56275300873334,48.14307076398792
181,1.2388765360804577e-11,0.9999951124191284,0.0,2.8036670684814453,53.740116119384766,-123.56275300873334,48.14307076398792
182,0.9999996423721313,4.129584340262227e-05,0.0,3.240000009536743,168.3597412109375,-123.56235300873334,48.14307076398792
183,0.9999996423721313,4.129584340262227e-05,0.0,3.240000009536743,168.3597412109375,-123.56235300873334,48.14307076398792
184,0.9999996423721313,4.129584340262227e-05,0.0,3.240000009536743,168.3597412109375,-123.56235300873334,48.14307076398792
185,0.9999996423721313,4.129584340262227e-05,0.0,3.240000009536743,168.3597412109375,-123.56235300873334,48.14307076398792
186,0.9999996423721313,4.129584340262227e-05,0.0,3.240000009536743,168.3597412109375,-123.56235300873334,48.14307076398792
187,0.9999996423721313,4.129584340262227e-05,0.0,3.240000009536743,168.3597412109375,-123.56235300873334,48.14307076398792
188,0.9999996423721313,4.129584340262227e-05,0.0,3.240000009536743,168.3597412109375,-123.56235300873334,48.14307076398792
189,0.9999996423721313,4.129584340262227e-05,0.0,3.240000009536743,168.3597412109375,-123.56235300873334,48.14307076398792
190,0.9999996423721313,4.129584340262227e-05,0.0,3.240000009536743,168.3597412109375,-123.56235300873334,48.14307076398792
191,0.9999996423721313,4.129584340262227e-05,0.0,3.240000009536743,168.3597412109375,-123.56235300873334,48.14307076398792
192,0.999995231628418,1.686678297119215e-05,0.0,2.740000009536743,103.77379608154297,-123.56195300873334,48.14307076398792
193,0.999995231628418,1.686678297119215e-05,0.0,2.740000009536743,103.77379608154297,-123.56195300873334,48.14307076398792
194,0.999995231628418,1.686678297119215e-05,0.0,2.740000009536743,103.77379608154297,-123.56195300873334,48.14307076398792
195,0.999995231628418,1.686678297119215e-05,0.0,2.740000009536743,103.77379608154297,-123.56195300873334,48.14307076398792
196,0.999995231628418,1.686678297119215e-05,0.0,2.740000009536743,103.77379608154297,-123.56195300873334,48.14307076398792
197,0.999995231628418,1.686678297119215e-05,0.0,2.740000009536743,103.77379608154297,-123.56195300873334,48.14307076398792
198,0.999995231628418,1.686678297119215e-05,0.0,2.740000009536743,103.77379608154297,-123.56195300873334,48.14307076398792
199,0.999995231628418,1.686678297119215e-05,0.0,2.740000009536743,103.77379608154297,-123.56195300873334,48.14307076398792
200,0.999995231628418,1.686678297119215e-05,0.0,2.740000009536743,103.77379608154297,-123.56195300873334,48.14307076398792
201,0.999995231628418,1.686678297119215e-05,0.0,2.740000009536743,103.77379608154297,-123.56195300873334,48.14307076398792
202,0.0,0.0,0.0,0.0,71.02112579345703,-123.56155300873334,48.14307076398792
203,0.0,0.0,0.0,0.0,71.02112579345703,-123.56155300873334,48.14307076398792
204,0.0,0.0,0.0,0.0,71.02112579345703,-123.56155300873334,48.14307076398792
205,0.0,0.0,0.0,0.0,71.02112579345703,-123.56155300873334,48.14307076398792
206,0.0,0.0,0.0,0.0,71.02112579345703,-123.56155300873334,48.14307076398792
207,0.0,0.0,0.0,0.0,71.02112579345703,-123.56155300873334,48.14307076398792
208,0.0,0.0,0.0,0.0,71.02112579345703,-123.56155300873334,48.14307076398792
209,0.0,0.0,0.0,0.0,71.02112579345703,-123.56155300873334,48.14307076398792
210,0.0,0.0,0.0,0.0,304.5997314453125,-123.56515300873333,48.14267076398792
211,0.0,0.0,0.0,0.0,304.5997314453125,-123.56515300873333,48.14267076398792
212,0.0,0.0,0.0,0.0,304.5997314453125,-123.56515300873333,48.14267076398792
213,0.0,0.0,0.0,0.0,167.26026916503906,-123.56475300873333,48.14267076398792
214,0.0,0.0,0.0,0.0,167.26026916503906,-123.56475300873333,48.14267076398792
215,0.0,0.0,0.0,0.0,167.26026916503906,-123.56475300873333,48.14267076398792
216,0.0,0.0,0.0,0.0,167.26026916503906,-123.56475300873333,48.14267076398792
217,0.0,0.0,0.0,0.0,167.26026916503906,-123.56475300873333,48.14267076398792
218,0.0,0.0,0.0,0.0,167.26026916503906,-123.56475300873333,48.14267076398792
219,0.0,0.0,0.0,0.0,167.26026916503906,-123.56475300873333,48.14267076398792
220,0.0,0.0,0.0,0.0,167.26026916503906,-123.56475300873333,48.14267076398792
221,0.0,0.0,0.0,0.0,167.26026916503906,-123.56475300873333,48.14267076398792
222,4.601710770657519e-06,0.10941531509160995,0.0,2.8700063228607178,85.58621215820312,-123.56435300873333,48.14267076398792
223,4.601710770657519e-06,0.10941531509160995,0.0,2.8700063228607178,85.58621215820312,-123.56435300873333,48.14267076398792
224,4.601710770657519e-06,0.10941531509160995,0.0,2.8700063228607178,85.58621215820312,-123.56435300873333,48.14267076398792
225,4.601710770657519e-06,0.10941531509160995,0.0,2.8700063228607178,85.58621215820312,-123.56435300873333,48.14267076398792
226,4.601710770657519e-06,0.10941531509160995,0.0,2.8700063228607178,85.58621215820312,-123.56435300873333,48.14267076398792
227,4.601710770657519e-06,0.10941531509160995,0.0,2.8700063228607178,85.58621215820312,-123.56435300873333,48.14267076398792
228,4.601710770657519e-06,0.10941531509160995,0.0,2.8700063228607178,85.58621215820312,-123.56435300873333,48.14267076398792
229,4.601710770657519e-06,0.10941531509160995,0.0,2.8700063228607178,85.58621215820312,-123.56435300873333,48.14267076398792
230,4.601710770657519e-06,0.10941531509160995,0.0,2.8700063228607178,85.58621215820312,-123.56435300873333,48.14267076398792
231,4.601710770657519e-06,0.10941531509160995,0.0,2.8700063228607178,85.58621215820312,-123.56435300873333,48.14267076398792
232,4.485076715354808e-05,0.002963803941383958,0.0,3.4611895084381104,66.27216339111328,-123.56395300873334,48.14267076398792
233,4.485076715354808e-05,0.002963803941383958,0.0,3.4611895084381104,66.27216339111328,-123.56395300873334,48.14267076398792
234,4.485076715354808e-05,0.002963803941383958,0.0,3.4611895084381104,66.27216339111328,-123.56395300873334,48.14267076398792
235,4.485076715354808e-05,0.002963803941383958,0.0,3.4611895084381104,66.27216339111328,-123.56395300873334,48.14267076398792
236,4.485076715354808e-05,0.002963803941383958,0.0,3.4611895084381104,66.27216339111328,-123.56395300873334,48.14267076398792
237,4.485076715354808e-05,0.002963803941383958,0.0,3.4611895084381104,66.27216339111328,-123.56395300873334,48.14267076398792
238,4.485076715354808e-05,0.002963803941383958,0.0,3.4611895084381104,66.27216339111328,-123.56395300873334,48.14267076398792
239,4.485076715354808e-05,0.002963803941383958,0.0,3.4611895084381104,66.27216339111328,-123.56395300873334,48.14267076398792
240,4.485076715354808e-05,0.002963803941383958,0.0,3.4611895084381104,66.27216339111328,-123.56395300873334,48.14267076398792
241,4.485076715354808e-05,0.002963803941383958,0.0,3.4611895084381104,66.27216339111328,-123.56395300873334,48.14267076398792
242,1.4924006563887815e-07,0.1318107694387436,0.0,3.2779645919799805,28.861740112304688,-123.56355300873334,48.14267076398792
243,1.4924006563887815e-07,0.1318107694387436,0.0,3.2779645919799805,28.861740112304688,-123.56355300873334,48.14267076398792
244,1.4924006563887815e-07,0.1318107694387436,0.0,3.2779645919799805,28.861740112304688,-123.56355300873334,48.14267076398792
245,1.4924006563887815e-07,0.1318107694387436,0.0,3.2779645919799805,28.861740112304688,-123.56355300873334,48.14267076398792
246,1.4924006563887815e-07,0.1318107694387436,0.0,3.2779645919799805,28.861740112304688,-123.56355300873334,48.14267076398792
247,1.4924006563887815e-07,0.1318107694387436,0.0,3.2779645919799805,28.861740112304688,-123.56355300873334,48.14267076398792
248,1.4924006563887815e-07,0.1318107694387436,0.0,3.2779645919799805,28.861740112304688,-123.56355300873334,48.14267076398792
249,1.4924006563887815e-07,0.1318107694387436,0.0,3.2779645919799805,28.861740112304688,-123.56355300873334,48.14267076398792
250,1.4924006563887815e-07,0.1318107694387436,0.0,3.2779645919799805,28.861740112304688,-123.56355300873334,48.14267076398792
251,1.4924006563887815e-07,0.1318107694387436,0.0,3.2779645919799805,28.861740112304688,-123.56355300873334,48.14267076398792
252,4.330772571847774e-05,0.27059975266456604,0.0,2.6152186393737793,75.29276275634766,-123.56315300873334,48.14267076398792
253,4.330772571847774e-05,0.27059975266456604,0.0,2.6152186393737793,75.29276275634766,-123.56315300873334,48.14267076398792
254,4.330772571847774e-05,0.27059975266456604,0.0,2.6152186393737793,75.29276275634766,-123.56315300873334,48.14267076398792
255,4.330772571847774e-05,0.27059975266456604,0.0,2.6152186393737793,75.29276275634766,-123.56315300873334,48.14267076398792
256,4.330772571847774e-05,0.27059975266456604,0.0,2.6152186393737793,75.29276275634766,-123.56315300873334,48.14267076398792
257,4.330772571847774e-05,0.27059975266456604,0.0,2.6152186393737793,75.29276275634766,-123.56315300873334,48.14267076398792
258,4.330772571847774e-05,0.27059975266456604,0.0,2.6152186393737793,75.29276275634766,-123.56315300873334,48.14267076398792
259,4.330772571847774e-05,0.27059975266456604,0.0,2.6152186393737793,75.29276275634766,-123.56315300873334,48.14267076398792
260,4.330772571847774e-05,0.27059975266456604,0.0,2.6152186393737793,75.29276275634766,-123.56315300873334,48.14267076398792
261,4.330772571847774e-05,0.27059975266456604,0.0,2.6152186393737793,75.29276275634766,-123.56315300873334,48.14267076398792
262,1.0,1.0692021533031948e-05,0.0,3.4700000286102295,235.0319061279297,-123.56275300873334,48.14267076398792
263,1.0,1.0692021533031948e-05,0.0,3.4700000286102295,235.0319061279297,-123.56275300873334,48.14267076398792
264,1.0,1.0692021533031948e-05,0.0,3.4700000286102295,235.0319061279297,-123.56275300873334,48.14267076398792
265,1.0,1.0692021533031948e-05,0.0,3.4700000286102295,235.0319061279297,-123.56275300873334,48.14267076398792
266,1.0,1.0692021533031948e-05,0.0,3.4700000286102295,235.0319061279297,-123.56275300873334,48.14267076398792
267,1.0,1.0692021533031948e-05,0.0,3.4700000286102295,235.0319061279297,-123.56275300873334,48.14267076398792
268,1.0,1.0692021533031948e-05,0.0,3.4700000286102295,235.0319061279297,-123.56275300873334,48.14267076398792
269,1.0,1.0692021533031948e-05,0.0,3.4700000286102295,235.0319061279297,-123.56275300873334,48.14267076398792
270,1.0,1.0692021533031948e-05,0.0,3.4700000286102295,235.0319061279297,-123.56275300873334,48.14267076398792
271,1.0,1.0692021533031948e-05,0.0,3.4700000286102295,235.0319061279297,-123.56275300873334,48.14267076398792
272,1.0,2.4732456950005144e-05,0.0,3.630000114440918,352.1207275390625,-123.56235300873334,48.14267076398792
273,1.0,2.4732456950005144e-05,0.0,3.630000114440918,352.1207275390625,-123.56235300873334,48.14267076398792
274,1.0,2.4732456950005144e-05,0.0,3.630000114440918,352.1207275390625,-123.56235300873334,48.14267076398792
275,1.0,2.4732456950005144e-05,0.0,3.630000114440918,352.1207275390625,-123.56235300873334,48.14267076398792
276,1.0,2.4732456950005144e-05,0.0,3.630000114440918,352.1207275390625,-123.56235300873334,48.14267076398792
277,1.0,2.4732456950005144e-05,0.0,3.630000114440918,352.1207275390625,-123.56235300873334,48.14267076398792
278,1.0,2.4732456950005144e-05,0.0,3.630000114440918,352.1207275390625,-123.56235300873334,48.14267076398792
279,1.0,2.4732456950005144e-05,0.0,3.630000114440918,352.1207275390625,-123.56235300873334,48.14267076398792
280,1.0,2.4732456950005144e-05,0.0,3.630000114440918,352.1207275390625,-123.56235300873334,48.14267076398792
281,1.0,2.4732456950005144e-05,0.0,3.630000114440918,352.1207275390625,-123.56235300873334,48.14267076398792
282,1.0,3.4529810363892466e-05,0.0,2.6303536891937256,283.218994140625,-123.56195300873334,48.14267076398792
283,1.0,3.4529810363892466e-05,0.0,2.6303536891937256,283.218994140625,-123.56195300873334,48.14267076398792
284,1.0,3.4529810363892466e-05,0.0,2.6303536891937256,283.218994140625,-123.56195300873334,48.14267076398792
285,1.0,3.4529810363892466e-05,0.0,2.6303536891937256,283.218994140625,-123.56195300873334,48.14267076398792
286,1.0,3.4529810363892466e-05,0.0,2.6303536891937256,283.218994140625,-123.56195300873334,48.14267076398792
287,1.0,3.4529810363892466e-05,0.0,2.6303536891937256,283.218994140625,-123.56195300873334,48.14267076398792
288,1.0,3.4529810363892466e-05,0.0,2.6303536891937256,283.218994140625,-123.56195300873334,48.14267076398792
289,1.0,3.4529810363892466e-05,0.0,2.6303536891937256,283.218994140625,-123.56195300873334,48.14267076398792
290,1.0,3.4529810363892466e-05,0.0,2.6303536891937256,283.218994140625,-123.56195300873334,48.14267076398792
291,1.0,3.4529810363892466e-05,0.0,2.6303536891937256,283.218994140625,-123.56195300873334,48.14267076398792
292,0.0,0.0,0.0,0.0,184.74305725097656,-123.56155300873334,48.14267076398792
293,0.0,0.0,0.0,0.0,184.74305725097656,-123.56155300873334,48.14267076398792
294,0.0,0.0,0.0,0.0,184.74305725097656,-123.56155300873334,48.14267076398792
295,0.0,0.0,0.0,0.0,184.74305725097656,-123.56155300873334,48.14267076398792
296,0.0,0.0,0.0,0.0,184.74305725097656,-123.56155300873334,48.14267076398792
297,0.0,0.0,0.0,0.0,184.74305725097656,-123.56155300873334,48.14267076398792
298,0.0,0.0,0.0,0.0,184.74305725097656,-123.56155300873334,48.14267076398792
299,0.0,0.0,0.0,0.0,343.54766845703125,-123.56115300873334,48.14267076398792
300,0.0,0.0,0.0,0.0,343.54766845703125,-123.56115300873334,48.14267076398792
301,0.0,0.0,0.0,0.0,343.54766845703125,-123.56115300873334,48.14267076398792
302,0.0,0.0,0.0,0.0,343.54766845703125,-123.56115300873334,48.14267076398792
303,0.0,0.0,0.0,0.0,343.54766845703125,-123.56115300873334,48.14267076398792
304,0.0,0.0,0.0,0.0,576.1683959960938,-123.56075300873334,48.14267076398792
305,0.0,0.0,0.0,0.0,821.1954956054688,-123.56035300873334,48.14267076398792
306,0.0,0.0,0.0,0.0,821.1954956054688,-123.56035300873334,48.14267076398792
307,0.0,0.0,0.0,0.0,821.1954956054688,-123.56035300873334,48.14267076398792
308,0.0,0.0,0.0,0.0,1071.3995361328125,-123.55995300873334,48.14267076398792
309,0.0,0.0,0.0,0.0,1071.3995361328125,-123.55995300873334,48.14267076398792
310,0.0,0.0,0.0,0.0,1071.3995361328125,-123.55995300873334,48.14267076398792
311,0.0,0.0,0.0,0.0,1323.4356689453125,-123.55955300873335,48.14267076398792
312,0.0,0.0,0.0,0.0,1323.4356689453125,-123.55955300873335,48.14267076398792
313,0.0,0.0,0.0,0.0,1576.4254150390625,-123.55915300873335,48.14267076398792
314,0.0,0.0,0.0,0.0,1576.4254150390625,-123.55915300873335,48.14267076398792
315,0.997962474822998,1.2687516573350877e-05,0.0,5.019999980926514,240.8651123046875,-123.56555300873333,48.14227076398792
316,0.997962474822998,1.2687516573350877e-05,0.0,5.019999980926514,240.8651123046875,-123.56555300873333,48.14227076398792
317,0.997962474822998,1.2687516573350877e-05,0.0,5.019999980926514,240.8651123046875,-123.56555300873333,48.14227076398792
318,0.997962474822998,1.2687516573350877e-05,0.0,5.019999980926514,240.8651123046875,-123.56555300873333,48.14227076398792
319,0.997962474822998,1.2687516573350877e-05,0.0,5.019999980926514,240.8651123046875,-123.56555300873333,48.14227076398792
320,0.997962474822998,1.2687516573350877e-05,0.0,5.019999980926514,240.8651123046875,-123.56555300873333,48.14227076398792
321,4.4429893932829145e-06,0.9917761087417603,0.0,4.039031505584717,101.51354217529297,-123.56515300873333,48.14227076398792
322,4.4429893932829145e-06,0.9917761087417603,0.0,4.039031505584717,101.51354217529297,-123.56515300873333,48.14227076398792
323,4.4429893932829145e-06,0.9917761087417603,0.0,4.039031505584717,101.51354217529297,-123.56515300873333,48.14227076398792
324,4.4429893932829145e-06,0.9917761087417603,0.0,4.039031505584717,101.51354217529297,-123.56515300873333,48.14227076398792
325,4.4429893932829145e-06,0.9917761087417603,0.0,4.039031505584717,101.51354217529297,-123.56515300873333,48.14227076398792
326,4.4429893932829145e-06,0.9917761087417603,0.0,4.039031505584717,101.51354217529297,-123.56515300873333,48.14227076398792
327,4.4429893932829145e-06,0.9917761087417603,0.0,4.039031505584717,101.51354217529297,-123.56515300873333,48.14227076398792
328,4.4429893932829145e-06,0.9917761087417603,0.0,4.039031505584717,101.51354217529297,-123.56515300873333,48.14227076398792
329,4.4429893932829145e-06,0.9917761087417603,0.0,4.039031505584717,101.51354217529297,-123.56515300873333,48.14227076398792
330,4.4429893932829145e-06,0.9917761087417603,0.0,4.039031505584717,101.51354217529297,-123.56515300873333,48.14227076398792
331,7.377353540505283e-06,0.43114998936653137,0.0,3.0813241004943848,54.037025451660156,-123.56475300873333,48.14227076398792
332,7.377353540505283e-06,0.43114998936653137,0.0,3.0813241004943848,54.037025451660156,-123.56475300873333,48.14227076398792
333,7.377353540505283e-06,0.43114998936653137,0.0,3.0813241004943848,54.037025451660156,-123.56475300873333,48.14227076398792
334,7.377353540505283e-06,0.43114998936653137,0.0,3.0813241004943848,54.037025451660156,-123.56475300873333,48.14227076398792
335,7.377353540505283e-06,0.43114998936653137,0.0,3.0813241004943848,54.037025451660156,-123.56475300873333,48.14227076398792
336,7.377353540505283e-06,0.43114998936653137,0.0,3.0813241004943848,54.037025451660156,-123.56475300873333,48.14227076398792
337,7.377353540505283e-06,0.43114998936653137,0.0,3.0813241004943848,54.037025451660156,-123.56475300873333,48.14227076398792
338,7.377353540505283e-06,0.43114998936653137,0.0,3.0813241004943848,54.037025451660156,-123.56475300873333,48.14227076398792
339,7.377353540505283e-06,0.43114998936653137,0.0,3.0813241004943848,54.037025451660156,-123.56475300873333,48.14227076398792
340,7.377353540505283e-06,0.43114998936653137,0.0,3.0813241004943848,54.037025451660156,-123.56475300873333,48.14227076398792
341,1.7240810848306865e-05,0.0010214137146249413,0.0,3.7334840297698975,135.9595489501953,-123.56435300873333,48.14227076398792
342,1.7240810848306865e-05,0.0010214137146249413,0.0,3.7334840297698975,135.9595489501953,-123.56435300873333,48.14227076398792
343,1.7240810848306865e-05,0.0010214137146249413,0.0,3.7334840297698975,135.9595489501953,-123.56435300873333,48.14227076398792
344,1.7240810848306865e-05,0.0010214137146249413,0.0,3.7334840297698975,135.9595489501953,-123.56435300873333,48.14227076398792
345,1.7240810848306865e-05,0.0010214137146249413,0.0,3.7334840297698975,135.9595489501953,-123.56435300873333,48.14227076398792
346,1.7240810848306865e-05,0.0010214137146249413,0.0,3.7334840297698975,135.9595489501953,-123.56435300873333,48.14227076398792
347,1.7240810848306865e-05,0.0010214137146249413,0.0,3.7334840297698975,135.9595489501953,-123.56435300873333,48.14227076398792
348,1.7240810848306865e-05,0.0010214137146249413,0.0,3.7334840297698975,135.9595489501953,-123.56435300873333,48.14227076398792
349,1.7240810848306865e-05,0.0010214137146249413,0.0,3.7334840297698975,135.9595489501953,-123.56435300873333,48.14227076398792
350,1.7240810848306865e-05,0.0010214137146249413,0.0,3.7334840297698975,135.9595489501953,-123.56435300873333,48.14227076398792
351,9.23789048101753e-06,0.0004537567438092083,0.0,3.692307233810425,114.06138610839844,-123.56395300873334,48.14227076398792
352,9.23789048101753e-06,0.0004537567438092083,0.0,3.692307233810425,114.06138610839844,-123.56395300873334,48.14227076398792
353,9.23789048101753e-06,0.0004537567438092083,0.0,3.692307233810425,114.06138610839844,-123.56395300873334,48.14227076398792
354,9.23789048101753e-06,0.0004537567438092083,0.0,3.692307233810425,114.06138610839844,-123.56395300873334,48.14227076398792
355,9.23789048101753e-06,0.0004537567438092083,0.0,3.692307233810425,114.06138610839844,-123.56395300873334,48.14227076398792
356,9.23789048101753e-06,0.0004537567438092083,0.0,3.692307233810425,114.06138610839844,-123.56395300873334,48.14227076398792
357,9.23789048101753e-06,0.0004537567438092083,0.0,3.692307233810425,114.06138610839844,-123.56395300873334,48.14227076398792
358,9.23789048101753e-06,0.0004537567438092083,0.0,3.692307233810425,114.06138610839844,-123.56395300873334,48.14227076398792
359,9.23789048101753e-06,0.0004537567438092083,0.0,3.692307233810425,114.06138610839844,-123.56395300873334,48.14227076398792
360,9.23789048101753e-06,0.0004537567438092083,0.0,3.692307233810425,114.06138610839844,-123.56395300873334,48.14227076398792
361,0.9996063113212585,0.0001546412386232987,0.0,3.180000066757202,58.18075180053711,-123.56355300873334,48.14227076398792
362,0.9996063113212585,0.0001546412386232987,0.0,3.180000066757202,58.18075180053711,-123.56355300873334,48.14227076398792
363,0.9996063113212585,0.0001546412386232987,0.0,3.180000066757202,58.18075180053711,-123.56355300873334,48.14227076398792
364,0.9996063113212585,0.0001546412386232987,0.0,3.180000066757202,58.18075180053711,-123.56355300873334,48.14227076398792
365,0.9996063113212585,0.0001546412386232987,0.0,3.180000066757202,58.18075180053711,-123.56355300873334,48.14227076398792
366,0.9996063113212585,0.0001546412386232987,0.0,3.180000066757202,58.18075180053711,-123.56355300873334,48.14227076398792
367,0.9996063113212585,0.0001546412386232987,0.0,3.180000066757202,58.18075180053711,-123.56355300873334,48.14227076398792
368,0.9996063113212585,0.0001546412386232987,0.0,3.180000066757202,58.18075180053711,-123.56355300873334,48.14227076398792
369,0.9996063113212585,0.0001546412386232987,0.0,3.180000066757202,58.18075180053711,-123.56355300873334,48.14227076398792
370,0.9996063113212585,0.0001546412386232987,0.0,3.180000066757202,58.18075180053711,-123.56355300873334,48.14227076398792
371,1.0,5.791317016701214e-05,0.0,3.990000009536743,261.0076599121094,-123.56315300873334,48.14227076398792
372,1.0,5.791317016701214e-05,0.0,3.990000009536743,261.0076599121094,-123.56315300873334,48.14227076398792
373,1.0,5.791317016701214e-05,0.0,3.990000009536743,261.0076599121094,-123.56315300873334,48.14227076398792
374,1.0,5.791317016701214e-05,0.0,3.990000009536743,261.0076599121094,-123.56315300873334,48.14227076398792
375,1.0,5.791317016701214e-05,0.0,3.990000009536743,261.0076599121094,-123.56315300873334,48.14227076398792
376,1.0,5.791317016701214e-05,0.0,3.990000009536743,261.0076599121094,-123.56315300873334,48.14227076398792
377,1.0,5.791317016701214e-05,0.0,3.990000009536743,261.0076599121094,-123.56315300873334,48.14227076398792
378,1.0,5.791317016701214e-05,0.0,3.990000009536743,261.0076599121094,-123.56315300873334,48.14227076398792
379,1.0,5.791317016701214e-05,0.0,3.990000009536743,261.0076599121094,-123.56315300873334,48.14227076398792
380,1.0,5.791317016701214e-05,0.0,3.990000009536743,261.0076599121094,-123.56315300873334,48.14227076398792
381,1.0,1.548924956296105e-05,0.0,4.0,427.234130859375,-123.56275300873334,48.14227076398792
382,1.0,1.548924956296105e-05,0.0,4.0,427.234130859375,-123.56275300873334,48.14227076398792
383,1.0,1.548924956296105e-05,0.0,4.0,427.234130859375,-123.56275300873334,48.14227076398792
384,1.0,1.548924956296105e-05,0.0,4.0,427.234130859375,-123.56275300873334,48.14227076398792
385,1.0,1.548924956296105e-05,0.0,4.0,427.234130859375,-123.56275300873334,48.14227076398792
386,1.0,1.548924956296105e-05,0.0,4.0,427.234130859375,-123.56275300873334,48.14227076398792
387,1.0,1.548924956296105e-05,0.0,4.0,427.234130859375,-123.56275300873334,48.14227076398792
388,1.0,1.548924956296105e-05,0.0,4.0,427.234130859375,-123.56275300873334,48.14227076398792
389,1.0,1.548924956296105e-05,0.0,4.0,427.234130859375,-123.56275300873334,48.14227076398792
390,1.0,1.548924956296105e-05,0.0,4.0,427.234130859375,-123.56275300873334,48.14227076398792
391,1.0,3.264518454670906e-05,0.0,3.990000009536743,295.65521240234375,-123.56235300873334,48.14227076398792
392,1.0,3.264518454670906e-05,0.0,3.990000009536743,295.65521240234375,-123.56235300873334,48.14227076398792
393,1.0,3.264518454670906e-05,0.0,3.990000009536743,295.65521240234375,-123.56235300873334,48.14227076398792
394,1.0,3.264518454670906e-05,0.0,3.990000009536743,295.65521240234375,-123.56235300873334,48.14227076398792
395,1.0,3.264518454670906e-05,0.0,3.990000009536743,295.65521240234375,-123.56235300873334,48.14227076398792
396,1.0,3.264518454670906e-05,0.0,3.990000009536743,295.65521240234375,-123.56235300873334,48.14227076398792
397,1.0,3.264518454670906e-05,0.0,3.990000009536743,295.65521240234375,-123.56235300873334,48.14227076398792
398,1.0,3.264518454670906e-05,0.0,3.990000009536743,295.65521240234375,-123.56235300873334,48.14227076398792
399,1.0,3.264518454670906e-05,0.0,3.990000009536743,295.65521240234375,-123.56235300873334,48.14227076398792
400,1.0,3.264518454670906e-05,0.0,3.990000009536743,295.65521240234375,-123.56235300873334,48.14227076398792
401,1.0,2.9554106731666252e-05,0.0,2.9057788848876953,81.83519744873047,-123.56195300873334,48.14227076398792
402,1.0,2.9554106731666252e-05,0.0,2.9057788848876953,81.83519744873047,-123.56195300873334,48.14227076398792
403,1.0,2.9554106731666252e-05,0.0,2.9057788848876953,81.83519744873047,-123.56195300873334,48.14227076398792
404,1.0,2.9554106731666252e-05,0.0,2.9057788848876953,81.83519744873047,-123.56195300873334,48.14227076398792
405,1.0,2.9554106731666252e-05,0.0,2.9057788848876953,81.83519744873047,-123.56195300873334,48.14227076398792
406,1.0,2.9554106731666252e-05,0.0,2.9057788848876953,81.83519744873047,-123.56195300873334,48.14227076398792
407,1.0,2.9554106731666252e-05,0.0,2.9057788848876953,81.83519744873047,-123.56195300873334,48.14227076398792
408,1.0,2.9554106731666252e-05,0.0,2.9057788848876953,81.83519744873047,-123.56195300873334,48.14227076398792
409,1.0,2.9554106731666252e-05,0.0,2.9057788848876953,81.83519744873047,-123.56195300873334,48.14227076398792
410,1.0,2.9554106731666252e-05,0.0,2.9057788848876953,81.83519744873047,-123.56195300873334,48.14227076398792
411,0.0,0.0,0.0,0.0,182.200439453125,-123.56155300873334,48.14227076398792
412,0.0,0.0,0.0,0.0,182.200439453125,-123.56155300873334,48.14227076398792
413,0.0,0.0,0.0,0.0,182.200439453125,-123.56155300873334,48.14227076398792
414,0.0,0.0,0.0,0.0,182.200439453125,-123.56155300873334,48.14227076398792
415,0.0,0.0,0.0,0.0,435.32977294921875,-123.56115300873334,48.14227076398792
416,0.0,0.0,0.0,0.0,435.32977294921875,-123.56115300873334,48.14227076398792
417,0.0,0.0,0.0,0.0,435.32977294921875,-123.56115300873334,48.14227076398792
418,0.0,0.0,0.0,0.0,435.32977294921875,-123.56115300873334,48.14227076398792
419,0.0,0.0,0.0,0.0,689.83837890625,-123.56075300873334,48.14227076398792
420,0.0,0.0,0.0,0.0,689.83837890625,-123.56075300873334,48.14227076398792
421,0.0,0.0,0.0,0.0,689.83837890625,-123.56075300873334,48.14227076398792
422,0.0,0.0,0.0,0.0,689.83837890625,-123.56075300873334,48.14227076398792
423,0.0,0.0,0.0,0.0,911.9742431640625,-123.56035300873334,48.14227076398792
424,0.0,0.0,0.0,0.0,911.9742431640625,-123.56035300873334,48.14227076398792
425,0.0,0.0,0.0,0.0,911.9742431640625,-123.56035300873334,48.14227076398792
426,0.0,0.0,0.0,0.0,911.9742431640625,-123.56035300873334,48.14227076398792
427,0.0,0.0,0.0,0.0,1142.467529296875,-123.55995300873334,48.14227076398792
428,0.0,0.0,0.0,0.0,1142.467529296875,-123.55995300873334,48.14227076398792
429,0.0,0.0,0.0,0.0,1142.467529296875,-123.55995300873334,48.14227076398792
430,0.0,0.0,0.0,0.0,1142.467529296875,-123.55995300873334,48.14227076398792
431,0.0,0.0,0.0,0.0,1381.5994873046875,-123.55955300873335,48.14227076398792
432,0.0,0.0,0.0,0.0,1381.5994873046875,-123.55955300873335,48.14227076398792
433,0.0,0.0,0.0,0.0,1381.5994873046875,-123.55955300873335,48.14227076398792
434,0.0,0.0,0.0,0.0,1381.5994873046875,-123.55955300873335,48.14227076398792
435,0.0,0.0,0.0,0.0,1625.56201171875,-123.55915300873335,48.14227076398792
436,0.0,0.0,0.0,0.0,1625.56201171875,-123.55915300873335,48.14227076398792
437,0.0,0.0,0.0,0.0,1625.56201171875,-123.55915300873335,48.14227076398792
438,0.0,0.0,0.0,0.0,1625.56201171875,-123.55915300873335,48.14227076398792
439,4.097999772056937e-05,0.2320818156003952,0.0,20.739999771118164,276.79595947265625,-123.56595300873333,48.141870763987924
440,4.097999772056937e-05,0.2320818156003952,0.0,20.739999771118164,276.79595947265625,-123.56595300873333,48.141870763987924
441,4.097999772056937e-05,0.2320818156003952,0.0,20.739999771118164,276.79595947265625,-123.56595300873333,48.141870763987924
442,8.288636308861896e-06,0.4551423192024231,0.0,4.120599746704102,68.60028839111328,-123.56555300873333,48.141870763987924
443,8.288636308861896e-06,0.4551423192024231,0.0,4.120599746704102,68.60028839111328,-123.56555300873333,48.141870763987924
444,8.288636308861896e-06,0.4551423192024231,0.0,4.120599746704102,68.60028839111328,-123.56555300873333,48.141870763987924
445,8.288636308861896e-06,0.4551423192024231,0.0,4.120599746704102,68.60028839111328,-123.56555300873333,48.141870763987924
446,8.288636308861896e-06,0.4551423192024231,0.0,4.120599746704102,68.60028839111328,-123.56555300873333,48.141870763987924
447,8.288636308861896e-06,0.4551423192024231,0.0,4.120599746704102,68.60028839111328,-123.56555300873333,48.141870763987924
448,8.288636308861896e-06,0.4551423192024231,0.0,4.120599746704102,68.60028839111328,-123.56555300873333,48.141870763987924
449,8.288636308861896e-06,0.4551423192024231,0.0,4.120599746704102,68.60028839111328,-123.56555300873333,48.141870763987924
450,8.288636308861896e-06,0.4551423192024231,0.0,4.120599746704102,68.60028839111328,-123.56555300873333,48.141870763987924
451,8.288636308861896e-06,0.4551423192024231,0.0,4.120599746704102,68.60028839111328,-123.56555300873333,48.141870763987924
452,5.471765234688064e-06,0.927690327167511,0.0,3.4006805419921875,15.81138801574707,-123.56515300873333,48.141870763987924
453,5.471765234688064e-06,0.927690327167511,0.0,3.4006805419921875,15.81138801574707,-123.56515300873333,48.141870763987924
454,5.471765234688064e-06,0.927690327167511,0.0,3.4006805419921875,15.81138801574707,-123.56515300873333,48.141870763987924
455,5.471765234688064e-06,0.927690327167511,0.0,3.4006805419921875,15.81138801574707,-123.56515300873333,48.141870763987924
456,5.471765234688064e-06,0.927690327167511,0.0,3.4006805419921875,15.81138801574707,-123.56515300873333,48.141870763987924
457,5.471765234688064e-06,0.927690327167511,0.0,3.4006805419921875,15.81138801574707,-123.56515300873333,48.141870763987924
458,5.471765234688064e-06,0.927690327167511,0.0,3.4006805419921875,15.81138801574707,-123.56515300873333,48.141870763987924
459,5.471765234688064e-06,0.927690327167511,0.0,3.4006805419921875,15.81138801574707,-123.56515300873333,48.141870763987924
460,5.471765234688064e-06,0.927690327167511,0.0,3.4006805419921875,15.81138801574707,-123.56515300873333,48.141870763987924
461,5.471765234688064e-06,0.927690327167511,0.0,3.4006805419921875,15.81138801574707,-123.56515300873333,48.141870763987924
462,1.8231382625799597e-07,0.002345967572182417,0.0,3.828162908554077,7.0,-123.56475300873333,48.141870763987924
463,1.8231382625799597e-07,0.002345967572182417,0.0,3.828162908554077,7.0,-123.56475300873333,48.141870763987924
464,1.8231382625799597e-07,0.002345967572182417,0.0,3.828162908554077,7.0,-123.56475300873333,48.141870763987924
465,1.8231382625799597e-07,0.002345967572182417,0.0,3.828162908554077,7.0,-123.56475300873333,48.141870763987924
466,1.8231382625799597e-07,0.002345967572182417,0.0,3.828162908554077,7.0,-123.56475300873333,48.141870763987924
467,1.8231382625799597e-07,0.002345967572182417,0.0,3.828162908554077,7.0,-123.56475300873333,48.141870763987924
468,1.8231382625799597e-07,0.002345967572182417,0.0,3.828162908554077,7.0,-123.56475300873333,48.141870763987924
469,1.8231382625799597e-07,0.002345967572182417,0.0,3.828162908554077,7.0,-123.56475300873333,48.141870763987924
470,1.8231382625799597e-07,0.002345967572182417,0.0,3.828162908554077,7.0,-123.56475300873333,48.141870763987924
471,1.8231382625799597e-07,0.002345967572182417,0.0,3.828162908554077,7.0,-123.56475300873333,48.141870763987924
472,0.999921441078186,2.685432627913542e-05,0.0,3.109316110610962,32.98484420776367,-123.56435300873333,48.141870763987924
473,0.999921441078186,2.685432627913542e-05,0.0,3.109316110610962,32.98484420776367,-123.56435300873333,48.141870763987924
474,0.999921441078186,2.685432627913542e-05,0.0,3.109316110610962,32.98484420776367,-123.56435300873333,48.141870763987924
475,0.999921441078186,2.685432627913542e-05,0.0,3.109316110610962,32.98484420776367,-123.56435300873333,48.141870763987924
476,0.999921441078186,2.685432627913542e-05,0.0,3.109316110610962,32.98484420776367,-123.56435300873333,48.141870763987924
477,0.999921441078186,2.685432627913542e-05,0.0,3.109316110610962,32.98484420776367,-123.56435300873333,48.141870763987924
478,0.999921441078186,2.685432627913542e-05,0.0,3.109316110610962,32.98484420776367,-123.56435300873333,48.141870763987924
479,0.999921441078186,2.685432627913542e-05,0.0,3.109316110610962,32.98484420776367,-123.56435300873333,48.141870763987924
480,0.999921441078186,2.685432627913542e-05,0.0,3.109316110610962,32.98484420776367,-123.56435300873333,48.141870763987924
481,0.999921441078186,2.685432627913542e-05,0.0,3.109316110610962,32.98484420776367,-123.56435300873333,48.141870763987924
482,1.0,1.0331696103094146e-05,0.0,4.53000020980835,110.01818084716797,-123.56395300873334,48.141870763987924
483,1.0,1.0331696103094146e-05,0.0,4.53000020980835,110.01818084716797,-123.56395300873334,48.141870763987924
484,1.0,1.0331696103094146e-05,0.0,4.53000020980835,110.01818084716797,-123.56395300873334,48.141870763987924
485,1.0,1.0331696103094146e-05,0.0,4.53000020980835,110.01818084716797,-123.56395300873334,48.141870763987924
486,1.0,1.0331696103094146e-05,0.0,4.53000020980835,110.01818084716797,-123.56395300873334,48.141870763987924
487,1.0,1.0331696103094146e-05,0.0,4.53000020980835,110.01818084716797,-123.56395300873334,48.141870763987924
488,1.0,1.0331696103094146e-05,0.0,4.53000020980835,110.01818084716797,-123.56395300873334,48.141870763987924
489,1.0,1.0331696103094146e-05,0.0,4.53000020980835,110.01818084716797,-123.56395300873334,48.141870763987924
490,1.0,1.0331696103094146e-05,0.0,4.53000020980835,110.01818084716797,-123.56395300873334,48.141870763987924
491,1.0,1.0331696103094146e-05,0.0,4.53000020980835,110.01818084716797,-123.56395300873334,48.141870763987924
492,0.9999969005584717,3.7546715248026885e-06,0.0,4.550000190734863,237.8003387451172,-123.56355300873334,48.141870763987924
493,0.9999969005584717,3.7546715248026885e-06,0.0,4.550000190734863,237.8003387451172,-123.56355300873334,48.141870763987924
494,0.9999969005584717,3.7546715248026885e-06,0.0,4.550000190734863,237.8003387451172,-123.56355300873334,48.141870763987924
495,0.9999969005584717,3.7546715248026885e-06,0.0,4.550000190734863,237.8003387451172,-123.56355300873334,48.141870763987924
496,0.9999969005584717,3.7546715248026885e-06,0.0,4.550000190734863,237.8003387451172,-123.56355300873334,48.141870763987924
497,0.9999969005584717,3.7546715248026885e-06,0.0,4.550000190734863,237.8003387451172,-123.56355300873334,48.141870763987924
498,0.9999969005584717,3.7546715248026885e-06,0.0,4.550000190734863,237.8003387451172,-123.56355300873334,48.141870763987924
499,0.9999969005584717,3.7546715248026885e-06,0.0,4.550000190734863,237.8003387451172,-123.56355300873334,48.141870763987924
500,0.9999969005584717,3.7546715248026885e-06,0.0,4.550000190734863,237.8003387451172,-123.56355300873334,48.141870763987924
501,0.9999969005584717,3.7546715248026885e-06,0.0,4.550000190734863,237.8003387451172,-123.56355300873334,48.141870763987924
502,0.18369953334331512,0.00015533626719843596,0.0,4.579999923706055,414.01690673828125,-123.56315300873334,48.141870763987924
503,0.18369953334331512,0.00015533626719843596,0.0,4.579999923706055,414.01690673828125,-123.56315300873334,48.141870763987924
504,0.18369953334331512,0.00015533626719843596,0.0,4.579999923706055,414.01690673828125,-123.56315300873334,48.141870763987924
505,0.18369953334331512,0.00015533626719843596,0.0,4.579999923706055,414.01690673828125,-123.56315300873334,48.141870763987924
506,0.18369953334331512,0.00015533626719843596,0.0,4.579999923706055,414.01690673828125,-123.56315300873334,48.141870763987924
507,0.18369953334331512,0.00015533626719843596,0.0,4.579999923706055,414.01690673828125,-123.56315300873334,48.141870763987924
508,0.18369953334331512,0.00015533626719843596,0.0,4.579999923706055,414.01690673828125,-123.56315300873334,48.141870763987924
509,0.18369953334331512,0.00015533626719843596,0.0,4.579999923706055,414.01690673828125,-123.56315300873334,48.141870763987924
510,0.18369953334331512,0.00015533626719843596,0.0,4.579999923706055,414.01690673828125,-123.56315300873334,48.141870763987924
511,0.18369953334331512,0.00015533626719843596,0.0,4.579999923706055,414.01690673828125,-123.56315300873334,48.141870763987924
512,1.5468671335838735e-05,7.228121830848977e-05,0.0,4.460000038146973,420.3450927734375,-123.56275300873334,48.141870763987924
513,1.5468671335838735e-05,7.228121830848977e-05,0.0,4.460000038146973,420.3450927734375,-123.56275300873334,48.141870763987924
514,1.5468671335838735e-05,7.228121830848977e-05,0.0,4.460000038146973,420.3450927734375,-123.56275300873334,48.141870763987924
515,1.5468671335838735e-05,7.228121830848977e-05,0.0,4.460000038146973,420.3450927734375,-123.56275300873334,48.141870763987924
516,1.5468671335838735e-05,7.228121830848977e-05,0.0,4.460000038146973,420.3450927734375,-123.56275300873334,48.141870763987924
517,1.5468671335838735e-05,7.228121830848977e-05,0.0,4.460000038146973,420.3450927734375,-123.56275300873334,48.141870763987924
518,1.5468671335838735e-05,7.228121830848977e-05,0.0,4.460000038146973,420.3450927734375,-123.56275300873334,48.141870763987924
519,1.5468671335838735e-05,7.228121830848977e-05,0.0,4.460000038146973,420.3450927734375,-123.56275300873334,48.141870763987924
520,1.5468671335838735e-05,7.228121830848977e-05,0.0,4.460000038146973,420.3450927734375,-123.56275300873334,48.141870763987924
521,1.5468671335838735e-05,7.228121830848977e-05,0.0,4.460000038146973,420.3450927734375,-123.56275300873334,48.141870763987924
522,1.3279021004564129e-05,7.660414121346548e-05,0.0,3.6500000953674316,177.40631103515625,-123.56235300873334,48.141870763987924
523,1.3279021004564129e-05,7.660414121346548e-05,0.0,3.6500000953674316,177.40631103515625,-123.56235300873334,48.141870763987924
524,1.3279021004564129e-05,7.660414121346548e-05,0.0,3.6500000953674316,177.40631103515625,-123.56235300873334,48.141870763987924
525,1.3279021004564129e-05,7.660414121346548e-05,0.0,3.6500000953674316,177.40631103515625,-123.56235300873334,48.141870763987924
526,1.3279021004564129e-05,7.660414121346548e-05,0.0,3.6500000953674316,177.40631103515625,-123.56235300873334,48.141870763987924
527,1.3279021004564129e-05,7.660414121346548e-05,0.0,3.6500000953674316,177.40631103515625,-123.56235300873334,48.141870763987924
528,1.3279021004564129e-05,7.660414121346548e-05,0.0,3.6500000953674316,177.40631103515625,-123.56235300873334,48.141870763987924
529,1.3279021004564129e-05,7.660414121346548e-05,0.0,3.6500000953674316,177.40631103515625,-123.56235300873334,48.141870763987924
530,1.3279021004564129e-05,7.660414121346548e-05,0.0,3.6500000953674316,177.40631103515625,-123.56235300873334,48.141870763987924
531,1.3279021004564129e-05,7.660414121346548e-05,0.0,3.6500000953674316,177.40631103515625,-123.56235300873334,48.141870763987924
532,1.1483652997412719e-05,0.00010221209231531247,0.0,3.057828426361084,56.859474182128906,-123.56195300873334,48.141870763987924
533,1.1483652997412719e-05,0.00010221209231531247,0.0,3.057828426361084,56.859474182128906,-123.56195300873334,48.141870763987924
534,1.1483652997412719e-05,0.00010221209231531247,0.0,3.057828426361084,56.859474182128906,-123.56195300873334,48.141870763987924
535,1.1483652997412719e-05,0.00010221209231531247,0.0,3.057828426361084,56.859474182128906,-123.56195300873334,48.141870763987924
536,1.1483652997412719e-05,0.00010221209231531247,0.0,3.057828426361084,56.859474182128906,-123.56195300873334,48.141870763987924
537,1.1483652997412719e-05,0.00010221209231531247,0.0,3.057828426361084,56.859474182128906,-123.56195300873334,48.141870763987924
538,1.1483652997412719e-05,0.00010221209231531247,0.0,3.057828426361084,56.859474182128906,-123.56195300873334,48.141870763987924
539,1.1483652997412719e-05,0.00010221209231531247,0.0,3.057828426361084,56.859474182128906,-123.56195300873334,48.141870763987924
540,1.1483652997412719e-05,0.00010221209231531247,0.0,3.057828426361084,56.859474182128906,-123.56195300873334,48.141870763987924
541,0.0,0.0,0.0,0.0,270.1481018066406,-123.56155300873334,48.141870763987924
542,0.0,0.0,0.0,0.0,270.1481018066406,-123.56155300873334,48.141870763987924
543,0.0,0.0,0.0,0.0,270.1481018066406,-123.56155300873334,48.141870763987924
544,0.0,0.0,0.0,0.0,270.1481018066406,-123.56155300873334,48.141870763987924
545,0.0,0.0,0.0,0.0,487.0174560546875,-123.56115300873334,48.141870763987924
546,0.0,0.0,0.0,0.0,487.0174560546875,-123.56115300873334,48.141870763987924
547,0.0,0.0,0.0,0.0,487.0174560546875,-123.56115300873334,48.141870763987924
548,0.0,0.0,0.0,0.0,487.0174560546875,-123.56115300873334,48.141870763987924
549,0.0,0.0,0.0,0.0,723.5758666992188,-123.56075300873334,48.141870763987924
550,0.0,0.0,0.0,0.0,723.5758666992188,-123.56075300873334,48.141870763987924
551,0.0,0.0,0.0,0.0,723.5758666992188,-123.56075300873334,48.141870763987924
552,0.0,0.0,0.0,0.0,723.5758666992188,-123.56075300873334,48.141870763987924
553,0.0,0.0,0.0,0.0,968.5504760742188,-123.56035300873334,48.141870763987924
554,0.0,0.0,0.0,0.0,968.5504760742188,-123.56035300873334,48.141870763987924
555,0.0,0.0,0.0,0.0,968.5504760742188,-123.56035300873334,48.141870763987924
556,0.0,0.0,0.0,0.0,968.5504760742188,-123.56035300873334,48.141870763987924
557,0.0,0.0,0.0,0.0,1218.2138671875,-123.55995300873334,48.141870763987924
558,0.0,0.0,0.0,0.0,1218.2138671875,-123.55995300873334,48.141870763987924
559,0.0,0.0,0.0,0.0,1218.2138671875,-123.55995300873334,48.141870763987924
560,0.0,0.0,0.0,0.0,1218.2138671875,-123.55995300873334,48.141870763987924
561,0.0,0.0,0.0,0.0,1433.7659912109375,-123.55955300873335,48.141870763987924
562,0.0,0.0,0.0,0.0,1433.7659912109375,-123.55955300873335,48.141870763987924
563,0.0,0.0,0.0,0.0,1433.7659912109375,-123.55955300873335,48.141870763987924
564,0.0,0.0,0.0,0.0,1433.7659912109375,-123.55955300873335,48.141870763987924
565,0.0,0.0,0.0,0.0,1510.4364013671875,-123.55915300873335,48.141870763987924
566,0.0,0.0,0.0,0.0,1510.4364013671875,-123.55915300873335,48.141870763987924
567,0.0,0.0,0.0,0.0,1510.4364013671875,-123.55915300873335,48.141870763987924
568,0.0,0.0,0.0,0.0,1510.4364013671875,-123.55915300873335,48.141870763987924
569,1.6134748875629157e-05,0.7609584927558899,0.0,3.631369113922119,173.5655517578125,-123.56595300873333,48.141470763987925
570,1.6134748875629157e-05,0.7609584927558899,0.0,3.631369113922119,173.5655517578125,-123.56595300873333,48.141470763987925
571,1.6134748875629157e-05,0.7609584927558899,0.0,3.631369113922119,173.5655517578125,-123.56595300873333,48.141470763987925
572,1.6134748875629157e-05,0.7609584927558899,0.0,3.631369113922119,173.5655517578125,-123.56595300873333,48.141470763987925
573,1.6134748875629157e-05,0.7609584927558899,0.0,3.631369113922119,173.5655517578125,-123.56595300873333,48.141470763987925
574,1.6134748875629157e-05,0.7609584927558899,0.0,3.631369113922119,173.5655517578125,-123.56595300873333,48.141470763987925
575,1.6134748875629157e-05,0.7609584927558899,0.0,3.631369113922119,173.5655517578125,-123.56595300873333,48.141470763987925
576,1.6134748875629157e-05,0.7609584927558899,0.0,3.631369113922119,173.5655517578125,-123.56595300873333,48.141470763987925
577,1.6134748875629157e-05,0.7609584927558899,0.0,3.631369113922119,173.5655517578125,-123.56595300873333,48.141470763987925
578,2.2391611764760455e-06,0.9236477613449097,0.0,3.604625940322876,74.96665954589844,-123.56555300873333,48.141470763987925
579,2.2391611764760455e-06,0.9236477613449097,0.0,3.604625940322876,74.96665954589844,-123.56555300873333,48.141470763987925
580,2.2391611764760455e-06,0.9236477613449097,0.0,3.604625940322876,74.96665954589844,-123.56555300873333,48.141470763987925
581,2.2391611764760455e-06,0.9236477613449097,0.0,3.604625940322876,74.96665954589844,-123.56555300873333,48.141470763987925
582,2.2391611764760455e-06,0.9236477613449097,0.0,3.604625940322876,74.96665954589844,-123.56555300873333,48.141470763987925
583,2.2391611764760455e-06,0.9236477613449097,0.0,3.604625940322876,74.96665954589844,-123.56555300873333,48.141470763987925
584,2.2391611764760455e-06,0.9236477613449097,0.0,3.604625940322876,74.96665954589844,-123.56555300873333,48.141470763987925
585,2.2391611764760455e-06,0.9236477613449097,0.0,3.604625940322876,74.96665954589844,-123.56555300873333,48.141470763987925
586,2.2391611764760455e-06,0.9236477613449097,0.0,3.604625940322876,74.96665954589844,-123.56555300873333,48.141470763987925
587,0.99321448802948,0.00036540848668664694,0.0,3.950000047683716,270.0462951660156,-123.56515300873333,48.141470763987925
588,0.99321448802948,0.00036540848668664694,0.0,3.950000047683716,270.0462951660156,-123.56515300873333,48.141470763987925
589,0.99321448802948,0.00036540848668664694,0.0,3.950000047683716,270.0462951660156,-123.56515300873333,48.141470763987925
590,0.99321448802948,0.00036540848668664694,0.0,3.950000047683716,270.0462951660156,-123.56515300873333,48.141470763987925
591,0.99321448802948,0.00036540848668664694,0.0,3.950000047683716,270.0462951660156,-123.56515300873333,48.141470763987925
592,0.99321448802948,0.00036540848668664694,0.0,3.950000047683716,270.0462951660156,-123.56515300873333,48.141470763987925
593,0.99321448802948,0.00036540848668664694,0.0,3.950000047683716,270.0462951660156,-123.56515300873333,48.141470763987925
594,0.99321448802948,0.00036540848668664694,0.0,3.950000047683716,270.0462951660156,-123.56515300873333,48.141470763987925
595,0.99321448802948,0.00036540848668664694,0.0,3.950000047683716,270.0462951660156,-123.56515300873333,48.141470763987925
596,0.99321448802948,0.00036540848668664694,0.0,3.950000047683716,270.0462951660156,-123.56515300873333,48.141470763987925
597,0.999953031539917,3.6413130146684125e-05,0.0,4.230000019073486,262.0,-123.56475300873333,48.141470763987925
598,0.999953031539917,3.6413130146684125e-05,0.0,4.230000019073486,262.0,-123.56475300873333,48.141470763987925
599,0.999953031539917,3.6413130146684125e-05,0.0,4.230000019073486,262.0,-123.56475300873333,48.141470763987925
600,0.999953031539917,3.6413130146684125e-05,0.0,4.230000019073486,262.0,-123.56475300873333,48.141470763987925
601,0.999953031539917,3.6413130146684125e-05,0.0,4.230000019073486,262.0,-123.56475300873333,48.141470763987925
602,0.999953031539917,3.6413130146684125e-05,0.0,4.230000019073486,262.0,-123.56475300873333,48.141470763987925
603,0.999953031539917,3.6413130146684125e-05,0.0,4.230000019073486,262.0,-123.56475300873333,48.141470763987925
604,0.999953031539917,3.6413130146684125e-05,0.0,4.230000019073486,262.0,-123.56475300873333,48.141470763987925
605,0.999953031539917,3.6413130146684125e-05,0.0,4.230000019073486,262.0,-123.56475300873333,48.141470763987925
606,0.999953031539917,3.6413130146684125e-05,0.0,4.230000019073486,262.0,-123.56475300873333,48.141470763987925
607,2.5087621907005087e-05,5.404591865953989e-05,0.0,4.260000228881836,283.42547607421875,-123.56435300873333,48.141470763987925
608,2.5087621907005087e-05,5.404591865953989e-05,0.0,4.260000228881836,283.42547607421875,-123.56435300873333,48.141470763987925
609,2.5087621907005087e-05,5.404591865953989e-05,0.0,4.260000228881836,283.42547607421875,-123.56435300873333,48.141470763987925
610,2.5087621907005087e-05,5.404591865953989e-05,0.0,4.260000228881836,283.42547607421875,-123.56435300873333,48.141470763987925
611,2.5087621907005087e-05,5.404591865953989e-05,0.0,4.260000228881836,283.42547607421875,-123.56435300873333,48.141470763987925
612,2.5087621907005087e-05,5.404591865953989e-05,0.0,4.260000228881836,283.42547607421875,-123.56435300873333,48.141470763987925
613,2.5087621907005087e-05,5.404591865953989e-05,0.0,4.260000228881836,283.42547607421875,-123.56435300873333,48.141470763987925
614,2.5087621907005087e-05,5.404591865953989e-05,0.0,4.260000228881836,283.42547607421875,-123.56435300873333,48.141470763987925
615,2.5087621907005087e-05,5.404591865953989e-05,0.0,4.260000228881836,283.42547607421875,-123.56435300873333,48.141470763987925
616,2.5087621907005087e-05,5.404591865953989e-05,0.0,4.260000228881836,283.42547607421875,-123.56435300873333,48.141470763987925
617,7.3721916123759e-05,0.00011268332309555262,0.0,3.3984761238098145,344.4778747558594,-123.56395300873334,48.141470763987925
618,7.3721916123759e-05,0.00011268332309555262,0.0,3.3984761238098145,344.4778747558594,-123.56395300873334,48.141470763987925
619,7.3721916123759e-05,0.00011268332309555262,0.0,3.3984761238098145,344.4778747558594,-123.56395300873334,48.141470763987925
620,7.3721916123759e-05,0.00011268332309555262,0.0,3.3984761238098145,344.4778747558594,-123.56395300873334,48.141470763987925
621,7.3721916123759e-05,0.00011268332309555262,0.0,3.3984761238098145,344.4778747558594,-123.56395300873334,48.141470763987925
622,7.3721916123759e-05,0.00011268332309555262,0.0,3.3984761238098145,344.4778747558594,-123.56395300873334,48.141470763987925
623,7.3721916123759e-05,0.00011268332309555262,0.0,3.3984761238098145,344.4778747558594,-123.56395300873334,48.141470763987925
624,7.3721916123759e-05,0.00011268332309555262,0.0,3.3984761238098145,344.4778747558594,-123.56395300873334,48.141470763987925
625,7.3721916123759e-05,0.00011268332309555262,0.0,3.3984761238098145,344.4778747558594,-123.56395300873334,48.141470763987925
626,7.3721916123759e-05,0.00011268332309555262,0.0,3.3984761238098145,344.4778747558594,-123.56395300873334,48.141470763987925
627,0.00040461955359205604,0.000268613948719576,0.0,4.809999942779541,455.1505126953125,-123.56355300873334,48.141470763987925
628,0.00040461955359205604,0.000268613948719576,0.0,4.809999942779541,455.1505126953125,-123.56355300873334,48.141470763987925
629,0.00040461955359205604,0.000268613948719576,0.0,4.809999942779541,455.1505126953125,-123.56355300873334,48.141470763987925
630,0.00040461955359205604,0.000268613948719576,0.0,4.809999942779541,455.1505126953125,-123.56355300873334,48.141470763987925
631,0.00040461955359205604,0.000268613948719576,0.0,4.809999942779541,455.1505126953125,-123.56355300873334,48.141470763987925
632,0.00040461955359205604,0.000268613948719576,0.0,4.809999942779541,455.1505126953125,-123.56355300873334,48.141470763987925
633,0.00040461955359205604,0.000268613948719576,0.0,4.809999942779541,455.1505126953125,-123.56355300873334,48.141470763987925
634,0.00040461955359205604,0.000268613948719576,0.0,4.809999942779541,455.1505126953125,-123.56355300873334,48.141470763987925
635,0.00040461955359205604,0.000268613948719576,0.0,4.809999942779541,455.1505126953125,-123.56355300873334,48.141470763987925
636,0.00040461955359205604,0.000268613948719576,0.0,4.809999942779541,455.1505126953125,-123.56355300873334,48.141470763987925
637,4.2715320887509733e-05,9.67374726315029e-05,0.0,4.880000114440918,541.0452880859375,-123.56315300873334,48.141470763987925
638,4.2715320887509733e-05,9.67374726315029e-05,0.0,4.880000114440918,541.0452880859375,-123.56315300873334,48.141470763987925
639,4.2715320887509733e-05,9.67374726315029e-05,0.0,4.880000114440918,541.0452880859375,-123.56315300873334,48.141470763987925
640,4.2715320887509733e-05,9.67374726315029e-05,0.0,4.880000114440918,541.0452880859375,-123.56315300873334,48.141470763987925
641,4.2715320887509733e-05,9.67374726315029e-05,0.0,4.880000114440918,541.0452880859375,-123.56315300873334,48.141470763987925
642,4.2715320887509733e-05,9.67374726315029e-05,0.0,4.880000114440918,541.0452880859375,-123.56315300873334,48.141470763987925
643,4.2715320887509733e-05,9.67374726315029e-05,0.0,4.880000114440918,541.0452880859375,-123.56315300873334,48.141470763987925
644,4.2715320887509733e-05,9.67374726315029e-05,0.0,4.880000114440918,541.0452880859375,-123.56315300873334,48.141470763987925
645,4.2715320887509733e-05,9.67374726315029e-05,0.0,4.880000114440918,541.0452880859375,-123.56315300873334,48.141470763987925
646,4.2715320887509733e-05,9.67374726315029e-05,0.0,4.880000114440918,541.0452880859375,-123.56315300873334,48.141470763987925
647,7.779814768582582e-05,0.0001066378245013766,0.0,4.090000152587891,397.7561950683594,-123.56275300873334,48.141470763987925
648,7.779814768582582e-05,0.0001066378245013766,0.0,4.090000152587891,397.7561950683594,-123.56275300873334,48.141470763987925
649,7.779814768582582e-05,0.0001066378245013766,0.0,4.090000152587891,397.7561950683594,-123.56275300873334,48.141470763987925
650,7.779814768582582e-05,0.0001066378245013766,0.0,4.090000152587891,397.7561950683594,-123.56275300873334,48.141470763987925
651,7.779814768582582e-05,0.0001066378245013766,0.0,4.090000152587891,397.7561950683594,-123.56275300873334,48.141470763987925
652,7.779814768582582e-05,0.0001066378245013766,0.0,4.090000152587891,397.7561950683594,-123.56275300873334,48.141470763987925
653,7.779814768582582e-05,0.0001066378245013766,0.0,4.090000152587891,397.7561950683594,-123.56275300873334,48.141470763987925
654,7.779814768582582e-05,0.0001066378245013766,0.0,4.090000152587891,397.7561950683594,-123.56275300873334,48.141470763987925
655,7.779814768582582e-05,0.0001066378245013766,0.0,4.090000152587891,397.7561950683594,-123.56275300873334,48.141470763987925
656,7.779814768582582e-05,0.0001066378245013766,0.0,4.090000152587891,397.7561950683594,-123.56275300873334,48.141470763987925
657,7.77175446273759e-05,0.00010672736243577674,0.0,3.859999895095825,205.71824645996094,-123.56235300873334,48.141470763987925
658,7.77175446273759e-05,0.00010672736243577674,0.0,3.859999895095825,205.71824645996094,-123.56235300873334,48.141470763987925
659,7.77175446273759e-05,0.00010672736243577674,0.0,3.859999895095825,205.71824645996094,-123.56235300873334,48.141470763987925
660,7.77175446273759e-05,0.00010672736243577674,0.0,3.859999895095825,205.71824645996094,-123.56235300873334,48.141470763987925
661,7.77175446273759e-05,0.00010672736243577674,0.0,3.859999895095825,205.71824645996094,-123.56235300873334,48.141470763987925
662,7.77175446273759e-05,0.00010672736243577674,0.0,3.859999895095825,205.71824645996094,-123.56235300873334,48.141470763987925
663,7.77175446273759e-05,0.00010672736243577674,0.0,3.859999895095825,205.71824645996094,-123.56235300873334,48.141470763987925
664,7.77175446273759e-05,0.00010672736243577674,0.0,3.859999895095825,205.71824645996094,-123.56235300873334,48.141470763987925
665,7.77175446273759e-05,0.00010672736243577674,0.0,3.859999895095825,205.71824645996094,-123.56235300873334,48.141470763987925
666,7.77175446273759e-05,0.00010672736243577674,0.0,3.859999895095825,205.71824645996094,-123.56235300873334,48.141470763987925
667,7.545515109086409e-05,0.00012964231427758932,0.0,3.2623345851898193,15.231546401977539,-123.56195300873334,48.141470763987925
668,7.545515109086409e-05,0.00012964231427758932,0.0,3.2623345851898193,15.231546401977539,-123.56195300873334,48.141470763987925
669,7.545515109086409e-05,0.00012964231427758932,0.0,3.2623345851898193,15.231546401977539,-123.56195300873334,48.141470763987925
670,7.545515109086409e-05,0.00012964231427758932,0.0,3.2623345851898193,15.231546401977539,-123.56195300873334,48.141470763987925
671,7.545515109086409e-05,0.00012964231427758932,0.0,3.2623345851898193,15.231546401977539,-123.56195300873334,48.141470763987925
672,7.545515109086409e-05,0.00012964231427758932,0.0,3.2623345851898193,15.231546401977539,-123.56195300873334,48.141470763987925
673,7.545515109086409e-05,0.00012964231427758932,0.0,3.2623345851898193,15.231546401977539,-123.56195300873334,48.141470763987925
674,7.545515109086409e-05,0.00012964231427758932,0.0,3.2623345851898193,15.231546401977539,-123.56195300873334,48.141470763987925
675,7.545515109086409e-05,0.00012964231427758932,0.0,3.2623345851898193,15.231546401977539,-123.56195300873334,48.141470763987925
676,0.0,0.0,0.0,0.0,254.34228515625,-123.56155300873334,48.141470763987925
677,0.0,0.0,0.0,0.0,254.34228515625,-123.56155300873334,48.141470763987925
678,0.0,0.0,0.0,0.0,254.34228515625,-123.56155300873334,48.141470763987925
679,0.0,0.0,0.0,0.0,254.34228515625,-123.56155300873334,48.141470763987925
680,0.0,0.0,0.0,0.0,499.321533203125,-123.56115300873334,48.141470763987925
681,0.0,0.0,0.0,0.0,499.321533203125,-123.56115300873334,48.141470763987925
682,0.0,0.0,0.0,0.0,499.321533203125,-123.56115300873334,48.141470763987925
683,0.0,0.0,0.0,0.0,499.321533203125,-123.56115300873334,48.141470763987925
684,0.0,0.0,0.0,0.0,750.82421875,-123.56075300873334,48.141470763987925
685,0.0,0.0,0.0,0.0,750.82421875,-123.56075300873334,48.141470763987925
686,0.0,0.0,0.0,0.0,750.82421875,-123.56075300873334,48.141470763987925
687,0.0,0.0,0.0,0.0,750.82421875,-123.56075300873334,48.141470763987925
688,0.0,0.0,0.0,0.0,1003.0977172851562,-123.56035300873334,48.141470763987925
689,0.0,0.0,0.0,0.0,1003.0977172851562,-123.56035300873334,48.141470763987925
690,0.0,0.0,0.0,0.0,1003.0977172851562,-123.56035300873334,48.141470763987925
691,0.0,0.0,0.0,0.0,1003.0977172851562,-123.56035300873334,48.141470763987925
692,0.0,0.0,0.0,0.0,1136.353759765625,-123.55995300873334,48.141470763987925
693,0.0,0.0,0.0,0.0,1136.353759765625,-123.55995300873334,48.141470763987925
694,0.0,0.0,0.0,0.0,1136.353759765625,-123.55995300873334,48.141470763987925
695,0.0,0.0,0.0,0.0,1136.353759765625,-123.55995300873334,48.141470763987925
696,0.0,0.0,0.0,0.0,1188.8670654296875,-123.55955300873335,48.141470763987925
697,0.0,0.0,0.0,0.0,1188.8670654296875,-123.55955300873335,48.141470763987925
698,0.0,0.0,0.0,0.0,1188.8670654296875,-123.55955300873335,48.141470763987925
699,0.0,0.0,0.0,0.0,1188.8670654296875,-123.55955300873335,48.141470763987925
700,0.0,0.0,0.0,0.0,1263.427490234375,-123.55915300873335,48.141470763987925
701,0.0,0.0,0.0,0.0,1263.427490234375,-123.55915300873335,48.141470763987925
702,0.0,0.0,0.0,0.0,1263.427490234375,-123.55915300873335,48.141470763987925
703,0.0,0.0,0.0,0.0,1263.427490234375,-123.55915300873335,48.141470763987925
704,1.9299584891996346e-05,0.24195022881031036,0.0,4.317249774932861,166.460205078125,-123.56595300873333,48.141070763987926
705,1.9299584891996346e-05,0.24195022881031036,0.0,4.317249774932861,166.460205078125,-123.56595300873333,48.141070763987926
706,1.9299584891996346e-05,0.24195022881031036,0.0,4.317249774932861,166.460205078125,-123.56595300873333,48.141070763987926
707,1.9299584891996346e-05,0.24195022881031036,0.0,4.317249774932861,166.460205078125,-123.56595300873333,48.141070763987926
708,1.9299584891996346e-05,0.24195022881031036,0.0,4.317249774932861,166.460205078125,-123.56595300873333,48.141070763987926
709,1.9299584891996346e-05,0.24195022881031036,0.0,4.317249774932861,166.460205078125,-123.56595300873333,48.141070763987926
710,1.9299584891996346e-05,0.24195022881031036,0.0,4.317249774932861,166.460205078125,-123.56595300873333,48.141070763987926
711,1.9299584891996346e-05,0.24195022881031036,0.0,4.317249774932861,166.460205078125,-123.56595300873333,48.141070763987926
712,1.9299584891996346e-05,0.24195022881031036,0.0,4.317249774932861,166.460205078125,-123.56595300873333,48.141070763987926
713,1.1978681868640706e-06,0.9827765226364136,0.0,4.439963340759277,85.0,-123.56555300873333,48.141070763987926
714,1.1978681868640706e-06,0.9827765226364136,0.0,4.439963340759277,85.0,-123.56555300873333,48.141070763987926
715,1.1978681868640706e-06,0.9827765226364136,0.0,4.439963340759277,85.0,-123.56555300873333,48.141070763987926
716,1.1978681868640706e-06,0.9827765226364136,0.0,4.439963340759277,85.0,-123.56555300873333,48.141070763987926
717,1.1978681868640706e-06,0.9827765226364136,0.0,4.439963340759277,85.0,-123.56555300873333,48.141070763987926
718,1.1978681868640706e-06,0.9827765226364136,0.0,4.439963340759277,85.0,-123.56555300873333,48.141070763987926
719,1.1978681868640706e-06,0.9827765226364136,0.0,4.439963340759277,85.0,-123.56555300873333,48.141070763987926
720,1.1978681868640706e-06,0.9827765226364136,0.0,4.439963340759277,85.0,-123.56555300873333,48.141070763987926
721,1.1978681868640706e-06,0.9827765226364136,0.0,4.439963340759277,85.0,-123.56555300873333,48.141070763987926
722,0.9922587275505066,0.00011528923641890287,0.0,4.239999771118164,299.4561767578125,-123.56515300873333,48.141070763987926
723,0.9922587275505066,0.00011528923641890287,0.0,4.239999771118164,299.4561767578125,-123.56515300873333,48.141070763987926
724,0.9922587275505066,0.00011528923641890287,0.0,4.239999771118164,299.4561767578125,-123.56515300873333,48.141070763987926
725,0.9922587275505066,0.00011528923641890287,0.0,4.239999771118164,299.4561767578125,-123.56515300873333,48.141070763987926
726,0.9922587275505066,0.00011528923641890287,0.0,4.239999771118164,299.4561767578125,-123.56515300873333,48.141070763987926
727,0.9922587275505066,0.00011528923641890287,0.0,4.239999771118164,299.4561767578125,-123.56515300873333,48.141070763987926
728,0.9922587275505066,0.00011528923641890287,0.0,4.239999771118164,299.4561767578125,-123.56515300873333,48.141070763987926
729,0.9922587275505066,0.00011528923641890287,0.0,4.239999771118164,299.4561767578125,-123.56515300873333,48.141070763987926
730,0.9922587275505066,0.00011528923641890287,0.0,4.239999771118164,299.4561767578125,-123.56515300873333,48.141070763987926
731,0.9922587275505066,0.00011528923641890287,0.0,4.239999771118164,299.4561767578125,-123.56515300873333,48.141070763987926
732,0.9999992847442627,6.228682650544215e-06,0.0,4.380000114440918,514.73583984375,-123.56475300873333,48.141070763987926
733,0.9999992847442627,6.228682650544215e-06,0.0,4.380000114440918,514.73583984375,-123.56475300873333,48.141070763987926
734,0.9999992847442627,6.228682650544215e-06,0.0,4.380000114440918,514.73583984375,-123.56475300873333,48.141070763987926
735,0.9999992847442627,6.228682650544215e-06,0.0,4.380000114440918,514.73583984375,-123.56475300873333,48.141070763987926
736,0.9999992847442627,6.228682650544215e-06,0.0,4.380000114440918,514.73583984375,-123.56475300873333,48.141070763987926
737,0.9999992847442627,6.228682650544215e-06,0.0,4.380000114440918,514.73583984375,-123.56475300873333,48.141070763987926
738,0.9999992847442627,6.228682650544215e-06,0.0,4.380000114440918,514.73583984375,-123.56475300873333,48.141070763987926
739,0.9999992847442627,6.228682650544215e-06,0.0,4.380000114440918,514.73583984375,-123.56475300873333,48.141070763987926
740,0.9999992847442627,6.228682650544215e-06,0.0,4.380000114440918,514.73583984375,-123.56475300873333,48.141070763987926
741,0.9999992847442627,6.228682650544215e-06,0.0,4.380000114440918,514.73583984375,-123.56475300873333,48.141070763987926
742,7.2183788688562345e-06,4.588508454617113e-05,0.0,4.130000114440918,536.5938720703125,-123.56435300873333,48.141070763987926
743,7.2183788688562345e-06,4.588508454617113e-05,0.0,4.130000114440918,536.5938720703125,-123.56435300873333,48.141070763987926
744,7.2183788688562345e-06,4.588508454617113e-05,0.0,4.130000114440918,536.5938720703125,-123.56435300873333,48.141070763987926
745,7.2183788688562345e-06,4.588508454617113e-05,0.0,4.130000114440918,536.5938720703125,-123.56435300873333,48.141070763987926
746,7.2183788688562345e-06,4.588508454617113e-05,0.0,4.130000114440918,536.5938720703125,-123.56435300873333,48.141070763987926
747,7.2183788688562345e-06,4.588508454617113e-05,0.0,4.130000114440918,536.5938720703125,-123.56435300873333,48.141070763987926
748,7.2183788688562345e-06,4.588508454617113e-05,0.0,4.130000114440918,536.5938720703125,-123.56435300873333,48.141070763987926
749,7.2183788688562345e-06,4.588508454617113e-05,0.0,4.130000114440918,536.5938720703125,-123.56435300873333,48.141070763987926
750,7.2183788688562345e-06,4.588508454617113e-05,0.0,4.130000114440918,536.5938720703125,-123.56435300873333,48.141070763987926
751,7.2183788688562345e-06,4.588508454617113e-05,0.0,4.130000114440918,536.5938720703125,-123.56435300873333,48.141070763987926
752,1.4418210412259214e-05,6.023829337209463e-05,0.0,4.0,585.4442749023438,-123.56395300873334,48.141070763987926
753,1.4418210412259214e-05,6.023829337209463e-05,0.0,4.0,585.4442749023438,-123.56395300873334,48.141070763987926
754,1.4418210412259214e-05,6.023829337209463e-05,0.0,4.0,585.4442749023438,-123.56395300873334,48.141070763987926
755,1.4418210412259214e-05,6.023829337209463e-05,0.0,4.0,585.4442749023438,-123.56395300873334,48.141070763987926
756,1.4418210412259214e-05,6.023829337209463e-05,0.0,4.0,585.4442749023438,-123.56395300873334,48.141070763987926
757,1.4418210412259214e-05,6.023829337209463e-05,0.0,4.0,585.4442749023438,-123.56395300873334,48.141070763987926
758,1.4418210412259214e-05,6.023829337209463e-05,0.0,4.0,585.4442749023438,-123.56395300873334,48.141070763987926
759,1.4418210412259214e-05,6.023829337209463e-05,0.0,4.0,585.4442749023438,-123.56395300873334,48.141070763987926
760,1.4418210412259214e-05,6.023829337209463e-05,0.0,4.0,585.4442749023438,-123.56395300873334,48.141070763987926
761,1.4418210412259214e-05,6.023829337209463e-05,0.0,4.0,585.4442749023438,-123.56395300873334,48.141070763987926
762,5.3561569075100124e-05,4.839499888475984e-05,0.0,4.929999828338623,586.5731201171875,-123.56355300873334,48.141070763987926
763,5.3561569075100124e-05,4.839499888475984e-05,0.0,4.929999828338623,586.5731201171875,-123.56355300873334,48.141070763987926
764,5.3561569075100124e-05,4.839499888475984e-05,0.0,4.929999828338623,586.5731201171875,-123.56355300873334,48.141070763987926
765,5.3561569075100124e-05,4.839499888475984e-05,0.0,4.929999828338623,586.5731201171875,-123.56355300873334,48.141070763987926
766,5.3561569075100124e-05,4.839499888475984e-05,0.0,4.929999828338623,586.5731201171875,-123.56355300873334,48.141070763987926
767,5.3561569075100124e-05,4.839499888475984e-05,0.0,4.929999828338623,586.5731201171875,-123.56355300873334,48.141070763987926
768,5.3561569075100124e-05,4.839499888475984e-05,0.0,4.929999828338623,586.5731201171875,-123.56355300873334,48.141070763987926
769,5.3561569075100124e-05,4.839499888475984e-05,0.0,4.929999828338623,586.5731201171875,-123.56355300873334,48.141070763987926
770,5.3561569075100124e-05,4.839499888475984e-05,0.0,4.929999828338623,586.5731201171875,-123.56355300873334,48.141070763987926
771,5.3561569075100124e-05,4.839499888475984e-05,0.0,4.929999828338623,586.5731201171875,-123.56355300873334,48.141070763987926
772,1.6838672308949754e-05,4.6154458686942235e-05,0.0,4.349999904632568,389.6164855957031,-123.56315300873334,48.141070763987926
773,1.6838672308949754e-05,4.6154458686942235e-05,0.0,4.349999904632568,389.6164855957031,-123.56315300873334,48.141070763987926
774,1.6838672308949754e-05,4.6154458686942235e-05,0.0,4.349999904632568,389.6164855957031,-123.56315300873334,48.141070763987926
775,1.6838672308949754e-05,4.6154458686942235e-05,0.0,4.349999904632568,389.6164855957031,-123.56315300873334,48.141070763987926
776,1.6838672308949754e-05,4.6154458686942235e-05,0.0,4.349999904632568,389.6164855957031,-123.56315300873334,48.141070763987926
777,1.6838672308949754e-05,4.6154458686942235e-05,0.0,4.349999904632568,389.6164855957031,-123.56315300873334,48.141070763987926
778,1.6838672308949754e-05,4.6154458686942235e-05,0.0,4.349999904632568,389.6164855957031,-123.56315300873334,48.141070763987926
779,1.6838672308949754e-05,4.6154458686942235e-05,0.0,4.349999904632568,389.6164855957031,-123.56315300873334,48.141070763987926
780,1.6838672308949754e-05,4.6154458686942235e-05,0.0,4.349999904632568,389.6164855957031,-123.56315300873334,48.141070763987926
781,1.6838672308949754e-05,4.6154458686942235e-05,0.0,4.349999904632568,389.6164855957031,-123.56315300873334,48.141070763987926
782,1.726395930745639e-05,4.627760063158348e-05,0.0,5.0,182.60887145996094,-123.56275300873334,48.141070763987926
783,1.726395930745639e-05,4.627760063158348e-05,0.0,5.0,182.60887145996094,-123.56275300873334,48.141070763987926
784,1.726395930745639e-05,4.627760063158348e-05,0.0,5.0,182.60887145996094,-123.56275300873334,48.141070763987926
785,1.726395930745639e-05,4.627760063158348e-05,0.0,5.0,182.60887145996094,-123.56275300873334,48.141070763987926
786,1.726395930745639e-05,4.627760063158348e-05,0.0,5.0,182.60887145996094,-123.56275300873334,48.141070763987926
787,1.726395930745639e-05,4.627760063158348e-05,0.0,5.0,182.60887145996094,-123.56275300873334,48.141070763987926
788,1.726395930745639e-05,4.627760063158348e-05,0.0,5.0,182.60887145996094,-123.56275300873334,48.141070763987926
789,1.726395930745639e-05,4.627760063158348e-05,0.0,5.0,182.60887145996094,-123.56275300873334,48.141070763987926
790,1.726395930745639e-05,4.627760063158348e-05,0.0,5.0,182.60887145996094,-123.56275300873334,48.141070763987926
791,1.726395930745639e-05,4.627760063158348e-05,0.0,5.0,182.60887145996094,-123.56275300873334,48.141070763987926
792,1.750352566887159e-05,4.629984323401004e-05,0.0,4.099999904632568,72.11102294921875,-123.56235300873334,48.141070763987926
793,1.750352566887159e-05,4.629984323401004e-05,0.0,4.099999904632568,72.11102294921875,-123.56235300873334,48.141070763987926
794,1.750352566887159e-05,4.629984323401004e-05,0.0,4.099999904632568,72.11102294921875,-123.56235300873334,48.141070763987926
795,1.750352566887159e-05,4.629984323401004e-05,0.0,4.099999904632568,72.11102294921875,-123.56235300873334,48.141070763987926
796,1.750352566887159e-05,4.629984323401004e-05,0.0,4.099999904632568,72.11102294921875,-123.56235300873334,48.141070763987926
797,1.750352566887159e-05,4.629984323401004e-05,0.0,4.099999904632568,72.11102294921875,-123.56235300873334,48.141070763987926
798,1.750352566887159e-05,4.629984323401004e-05,0.0,4.099999904632568,72.11102294921875,-123.56235300873334,48.141070763987926
799,1.750352566887159e-05,4.629984323401004e-05,0.0,4.099999904632568,72.11102294921875,-123.56235300873334,48.141070763987926
800,1.750352566887159e-05,4.629984323401004e-05,0.0,4.099999904632568,72.11102294921875,-123.56235300873334,48.141070763987926
801,1.750352566887159e-05,4.629984323401004e-05,0.0,4.099999904632568,72.11102294921875,-123.56235300873334,48.141070763987926
802,1.3149498954589944e-05,6.562746420968324e-05,0.0,3.720654249191284,8.9442720413208,-123.56195300873334,48.141070763987926
803,1.3149498954589944e-05,6.562746420968324e-05,0.0,3.720654249191284,8.9442720413208,-123.56195300873334,48.141070763987926
804,1.3149498954589944e-05,6.562746420968324e-05,0.0,3.720654249191284,8.9442720413208,-123.56195300873334,48.141070763987926
805,1.3149498954589944e-05,6.562746420968324e-05,0.0,3.720654249191284,8.9442720413208,-123.56195300873334,48.141070763987926
806,1.3149498954589944e-05,6.562746420968324e-05,0.0,3.720654249191284,8.9442720413208,-123.56195300873334,48.141070763987926
807,1.3149498954589944e-05,6.562746420968324e-05,0.0,3.720654249191284,8.9442720413208,-123.56195300873334,48.141070763987926
808,1.3149498954589944e-05,6.562746420968324e-05,0.0,3.720654249191284,8.9442720413208,-123.56195300873334,48.141070763987926
809,1.3149498954589944e-05,6.562746420968324e-05,0.0,3.720654249191284,8.9442720413208,-123.56195300873334,48.141070763987926
810,1.3149498954589944e-05,6.562746420968324e-05,0.0,3.720654249191284,8.9442720413208,-123.56195300873334,48.141070763987926
811,1.3149498954589944e-05,6.562746420968324e-05,0.0,3.720654249191284,8.9442720413208,-123.56195300873334,48.141070763987926
812,0.0,0.0,0.0,0.0,239.14012145996094,-123.56155300873334,48.141070763987926
813,0.0,0.0,0.0,0.0,239.14012145996094,-123.56155300873334,48.141070763987926
814,0.0,0.0,0.0,0.0,239.14012145996094,-123.56155300873334,48.141070763987926
815,0.0,0.0,0.0,0.0,239.14012145996094,-123.56155300873334,48.141070763987926
816,0.0,0.0,0.0,0.0,489.60595703125,-123.56115300873334,48.141070763987926
817,0.0,0.0,0.0,0.0,489.60595703125,-123.56115300873334,48.141070763987926
818,0.0,0.0,0.0,0.0,489.60595703125,-123.56115300873334,48.141070763987926
819,0.0,0.0,0.0,0.0,489.60595703125,-123.56115300873334,48.141070763987926
820,0.0,0.0,0.0,0.0,743.0269165039062,-123.56075300873334,48.141070763987926
821,0.0,0.0,0.0,0.0,743.0269165039062,-123.56075300873334,48.141070763987926
822,0.0,0.0,0.0,0.0,743.0269165039062,-123.56075300873334,48.141070763987926
823,0.0,0.0,0.0,0.0,743.0269165039062,-123.56075300873334,48.141070763987926
824,0.0,0.0,0.0,0.0,863.0469360351562,-123.56035300873334,48.141070763987926
825,0.0,0.0,0.0,0.0,863.0469360351562,-123.56035300873334,48.141070763987926
826,0.0,0.0,0.0,0.0,863.0469360351562,-123.56035300873334,48.141070763987926
827,0.0,0.0,0.0,0.0,863.0469360351562,-123.56035300873334,48.141070763987926
828,0.0,0.0,0.0,0.0,883.1307983398438,-123.55995300873334,48.141070763987926
829,0.0,0.0,0.0,0.0,883.1307983398438,-123.55995300873334,48.141070763987926
830,0.0,0.0,0.0,0.0,883.1307983398438,-123.55995300873334,48.141070763987926
831,0.0,0.0,0.0,0.0,883.1307983398438,-123.55995300873334,48.141070763987926
832,0.0,0.0,0.0,0.0,945.568603515625,-123.55955300873335,48.141070763987926
833,0.0,0.0,0.0,0.0,945.568603515625,-123.55955300873335,48.141070763987926
834,0.0,0.0,0.0,0.0,945.568603515625,-123.55955300873335,48.141070763987926
835,0.0,0.0,0.0,0.0,945.568603515625,-123.55955300873335,48.141070763987926
836,0.0,0.0,0.0,0.0,1009.2938232421875,-123.55915300873335,48.141070763987926
837,0.0,0.0,0.0,0.0,1009.2938232421875,-123.55915300873335,48.141070763987926
838,0.0,0.0,0.0,0.0,1009.2938232421875,-123.55915300873335,48.141070763987926
839,0.0,0.0,0.0,0.0,1009.2938232421875,-123.55915300873335,48.141070763987926
840,0.00046851273509673774,0.0026637271512299776,0.0,5.599999904632568,263.6512756347656,-123.56595300873333,48.14067076398793
841,0.00046851273509673774,0.0026637271512299776,0.0,5.599999904632568,263.6512756347656,-123.56595300873333,48.14067076398793
842,0.00046851273509673774,0.0026637271512299776,0.0,5.599999904632568,263.6512756347656,-123.56595300873333,48.14067076398793
843,0.00046851273509673774,0.0026637271512299776,0.0,5.599999904632568,263.6512756347656,-123.56595300873333,48.14067076398793
844,0.00046851273509673774,0.0026637271512299776,0.0,5.599999904632568,263.6512756347656,-123.56595300873333,48.14067076398793
845,0.00046851273509673774,0.0026637271512299776,0.0,5.599999904632568,263.6512756347656,-123.56595300873333,48.14067076398793
846,5.033816137256508e-07,0.820918619632721,0.0,3.8709676265716553,51.312767028808594,-123.56555300873333,48.14067076398793
847,5.033816137256508e-07,0.820918619632721,0.0,3.8709676265716553,51.312767028808594,-123.56555300873333,48.14067076398793
848,5.033816137256508e-07,0.820918619632721,0.0,3.8709676265716553,51.312767028808594,-123.56555300873333,48.14067076398793
849,5.033816137256508e-07,0.820918619632721,0.0,3.8709676265716553,51.312767028808594,-123.56555300873333,48.14067076398793
850,5.033816137256508e-07,0.820918619632721,0.0,3.8709676265716553,51.312767028808594,-123.56555300873333,48.14067076398793
851,5.033816137256508e-07,0.820918619632721,0.0,3.8709676265716553,51.312767028808594,-123.56555300873333,48.14067076398793
852,5.033816137256508e-07,0.820918619632721,0.0,3.8709676265716553,51.312767028808594,-123.56555300873333,48.14067076398793
853,5.033816137256508e-07,0.820918619632721,0.0,3.8709676265716553,51.312767028808594,-123.56555300873333,48.14067076398793
854,5.033816137256508e-07,0.820918619632721,0.0,3.8709676265716553,51.312767028808594,-123.56555300873333,48.14067076398793
855,0.03655608743429184,0.22318702936172485,0.0,4.203638076782227,161.71888732910156,-123.56515300873333,48.14067076398793
856,0.03655608743429184,0.22318702936172485,0.0,4.203638076782227,161.71888732910156,-123.56515300873333,48.14067076398793
857,0.03655608743429184,0.22318702936172485,0.0,4.203638076782227,161.71888732910156,-123.56515300873333,48.14067076398793
858,0.03655608743429184,0.22318702936172485,0.0,4.203638076782227,161.71888732910156,-123.56515300873333,48.14067076398793
859,0.03655608743429184,0.22318702936172485,0.0,4.203638076782227,161.71888732910156,-123.56515300873333,48.14067076398793
860,0.03655608743429184,0.22318702936172485,0.0,4.203638076782227,161.71888732910156,-123.56515300873333,48.14067076398793
861,0.03655608743429184,0.22318702936172485,0.0,4.203638076782227,161.71888732910156,-123.56515300873333,48.14067076398793
862,0.03655608743429184,0.22318702936172485,0.0,4.203638076782227,161.71888732910156,-123.56515300873333,48.14067076398793
863,0.03655608743429184,0.22318702936172485,0.0,4.203638076782227,161.71888732910156,-123.56515300873333,48.14067076398793
864,1.0,7.156068022595719e-05,0.0,5.119999885559082,284.7876281738281,-123.56475300873333,48.14067076398793
865,1.0,7.156068022595719e-05,0.0,5.119999885559082,284.7876281738281,-123.56475300873333,48.14067076398793
866,1.0,7.156068022595719e-05,0.0,5.119999885559082,284.7876281738281,-123.56475300873333,48.14067076398793
867,1.0,7.156068022595719e-05,0.0,5.119999885559082,284.7876281738281,-123.56475300873333,48.14067076398793
868,1.0,7.156068022595719e-05,0.0,5.119999885559082,284.7876281738281,-123.56475300873333,48.14067076398793
869,1.0,7.156068022595719e-05,0.0,5.119999885559082,284.7876281738281,-123.56475300873333,48.14067076398793
870,1.0,7.156068022595719e-05,0.0,5.119999885559082,284.7876281738281,-123.56475300873333,48.14067076398793
871,1.0,7.156068022595719e-05,0.0,5.119999885559082,284.7876281738281,-123.56475300873333,48.14067076398793
872,1.0,7.156068022595719e-05,0.0,5.119999885559082,284.7876281738281,-123.56475300873333,48.14067076398793
873,1.0,7.156068022595719e-05,0.0,5.119999885559082,284.7876281738281,-123.56475300873333,48.14067076398793
874,1.6966557048192499e-09,7.04390840837732e-05,0.0,4.539999961853027,341.0,-123.56435300873333,48.14067076398793
875,1.6966557048192499e-09,7.04390840837732e-05,0.0,4.539999961853027,341.0,-123.56435300873333,48.14067076398793
876,1.6966557048192499e-09,7.04390840837732e-05,0.0,4.539999961853027,341.0,-123.56435300873333,48.14067076398793
877,1.6966557048192499e-09,7.04390840837732e-05,0.0,4.539999961853027,341.0,-123.56435300873333,48.14067076398793
878,1.6966557048192499e-09,7.04390840837732e-05,0.0,4.539999961853027,341.0,-123.56435300873333,48.14067076398793
879,1.6966557048192499e-09,7.04390840837732e-05,0.0,4.539999961853027,341.0,-123.56435300873333,48.14067076398793
880,1.6966557048192499e-09,7.04390840837732e-05,0.0,4.539999961853027,341.0,-123.56435300873333,48.14067076398793
881,1.6966557048192499e-09,7.04390840837732e-05,0.0,4.539999961853027,341.0,-123.56435300873333,48.14067076398793
882,1.6966557048192499e-09,7.04390840837732e-05,0.0,4.539999961853027,341.0,-123.56435300873333,48.14067076398793
883,1.6966557048192499e-09,7.04390840837732e-05,0.0,4.539999961853027,341.0,-123.56435300873333,48.14067076398793
884,1.6288437265643552e-09,9.806068555917591e-05,0.0,4.769999980926514,339.0,-123.56395300873334,48.14067076398793
885,1.6288437265643552e-09,9.806068555917591e-05,0.0,4.769999980926514,339.0,-123.56395300873334,48.14067076398793
886,1.6288437265643552e-09,9.806068555917591e-05,0.0,4.769999980926514,339.0,-123.56395300873334,48.14067076398793
887,1.6288437265643552e-09,9.806068555917591e-05,0.0,4.769999980926514,339.0,-123.56395300873334,48.14067076398793
888,1.6288437265643552e-09,9.806068555917591e-05,0.0,4.769999980926514,339.0,-123.56395300873334,48.14067076398793
889,1.6288437265643552e-09,9.806068555917591e-05,0.0,4.769999980926514,339.0,-123.56395300873334,48.14067076398793
890,1.6288437265643552e-09,9.806068555917591e-05,0.0,4.769999980926514,339.0,-123.56395300873334,48.14067076398793
891,1.6288437265643552e-09,9.806068555917591e-05,0.0,4.769999980926514,339.0,-123.56395300873334,48.14067076398793
892,1.6288437265643552e-09,9.806068555917591e-05,0.0,4.769999980926514,339.0,-123.56395300873334,48.14067076398793
893,1.6288437265643552e-09,9.806068555917591e-05,0.0,4.769999980926514,339.0,-123.56395300873334,48.14067076398793
894,3.8539735669473885e-07,0.00011745651136152446,0.0,3.8170394897460938,344.6882629394531,-123.56355300873334,48.14067076398793
895,3.8539735669473885e-07,0.00011745651136152446,0.0,3.8170394897460938,344.6882629394531,-123.56355300873334,48.14067076398793
896,3.8539735669473885e-07,0.00011745651136152446,0.0,3.8170394897460938,344.6882629394531,-123.56355300873334,48.14067076398793
897,3.8539735669473885e-07,0.00011745651136152446,0.0,3.8170394897460938,344.6882629394531,-123.56355300873334,48.14067076398793
898,3.8539735669473885e-07,0.00011745651136152446,0.0,3.8170394897460938,344.6882629394531,-123.56355300873334,48.14067076398793
899,3.8539735669473885e-07,0.00011745651136152446,0.0,3.8170394897460938,344.6882629394531,-123.56355300873334,48.14067076398793
900,3.8539735669473885e-07,0.00011745651136152446,0.0,3.8170394897460938,344.6882629394531,-123.56355300873334,48.14067076398793
901,3.8539735669473885e-07,0.00011745651136152446,0.0,3.8170394897460938,344.6882629394531,-123.56355300873334,48.14067076398793
902,3.8539735669473885e-07,0.00011745651136152446,0.0,3.8170394897460938,344.6882629394531,-123.56355300873334,48.14067076398793
903,3.8539735669473885e-07,0.00011745651136152446,0.0,3.8170394897460938,344.6882629394531,-123.56355300873334,48.14067076398793
904,5.044173967405641e-09,0.000153441505972296,0.0,4.099999904632568,272.5912780761719,-123.56315300873334,48.14067076398793
905,5.044173967405641e-09,0.000153441505972296,0.0,4.099999904632568,272.5912780761719,-123.56315300873334,48.14067076398793
906,5.044173967405641e-09,0.000153441505972296,0.0,4.099999904632568,272.5912780761719,-123.56315300873334,48.14067076398793
907,5.044173967405641e-09,0.000153441505972296,0.0,4.099999904632568,272.5912780761719,-123.56315300873334,48.14067076398793
908,5.044173967405641e-09,0.000153441505972296,0.0,4.099999904632568,272.5912780761719,-123.56315300873334,48.14067076398793
909,5.044173967405641e-09,0.000153441505972296,0.0,4.099999904632568,272.5912780761719,-123.56315300873334,48.14067076398793
910,5.044173967405641e-09,0.000153441505972296,0.0,4.099999904632568,272.5912780761719,-123.56315300873334,48.14067076398793
911,5.044173967405641e-09,0.000153441505972296,0.0,4.099999904632568,272.5912780761719,-123.56315300873334,48.14067076398793
912,5.044173967405641e-09,0.000153441505972296,0.0,4.099999904632568,272.5912780761719,-123.56315300873334,48.14067076398793
913,5.044173967405641e-09,0.000153441505972296,0.0,4.099999904632568,272.5912780761719,-123.56315300873334,48.14067076398793
914,1.317052245042305e-08,9.827262692851946e-05,0.0,4.679999828338623,129.54150390625,-123.56275300873334,48.14067076398793
915,1.317052245042305e-08,9.827262692851946e-05,0.0,4.679999828338623,129.54150390625,-123.56275300873334,48.14067076398793
916,1.317052245042305e-08,9.827262692851946e-05,0.0,4.679999828338623,129.54150390625,-123.56275300873334,48.14067076398793
917,1.317052245042305e-08,9.827262692851946e-05,0.0,4.679999828338623,129.54150390625,-123.56275300873334,48.14067076398793
918,1.317052245042305e-08,9.827262692851946e-05,0.0,4.679999828338623,129.54150390625,-123.56275300873334,48.14067076398793
919,1.317052245042305e-08,9.827262692851946e-05,0.0,4.679999828338623,129.54150390625,-123.56275300873334,48.14067076398793
920,1.317052245042305e-08,9.827262692851946e-05,0.0,4.679999828338623,129.54150390625,-123.56275300873334,48.14067076398793
921,1.317052245042305e-08,9.827262692851946e-05,0.0,4.679999828338623,129.54150390625,-123.56275300873334,48.14067076398793
922,1.317052245042305e-08,9.827262692851946e-05,0.0,4.679999828338623,129.54150390625,-123.56275300873334,48.14067076398793
923,1.317052245042305e-08,9.827262692851946e-05,0.0,4.679999828338623,129.54150390625,-123.56275300873334,48.14067076398793
924,0.0,0.0,0.0,0.0,93.60021209716797,-123.56235300873334,48.14067076398793
925,0.0,0.0,0.0,0.0,93.60021209716797,-123.56235300873334,48.14067076398793
926,0.0,0.0,0.0,0.0,93.60021209716797,-123.56235300873334,48.14067076398793
927,0.0,0.0,0.0,0.0,93.60021209716797,-123.56235300873334,48.14067076398793
928,0.0,0.0,0.0,0.0,93.60021209716797,-123.56235300873334,48.14067076398793
929,0.0,0.0,0.0,0.0,208.27865600585938,-123.56195300873334,48.14067076398793
930,0.0,0.0,0.0,0.0,208.27865600585938,-123.56195300873334,48.14067076398793
931,0.0,0.0,0.0,0.0,208.27865600585938,-123.56195300873334,48.14067076398793
932,0.0,0.0,0.0,0.0,208.27865600585938,-123.56195300873334,48.14067076398793
933,0.0,0.0,0.0,0.0,345.14056396484375,-123.56155300873334,48.14067076398793
934,0.0,0.0,0.0,0.0,345.14056396484375,-123.56155300873334,48.14067076398793
935,0.0,0.0,0.0,0.0,345.14056396484375,-123.56155300873334,48.14067076398793
936,0.0,0.0,0.0,0.0,345.14056396484375,-123.56155300873334,48.14067076398793
937,0.0,0.0,0.0,0.0,557.7965698242188,-123.56115300873334,48.14067076398793
938,0.0,0.0,0.0,0.0,557.7965698242188,-123.56115300873334,48.14067076398793
939,0.0,0.0,0.0,0.0,557.7965698242188,-123.56115300873334,48.14067076398793
940,0.0,0.0,0.0,0.0,557.7965698242188,-123.56115300873334,48.14067076398793
941,0.0,0.0,0.0,0.0,623.4075927734375,-123.56075300873334,48.14067076398793
942,0.0,0.0,0.0,0.0,623.4075927734375,-123.56075300873334,48.14067076398793
943,0.0,0.0,0.0,0.0,623.4075927734375,-123.56075300873334,48.14067076398793
944,0.0,0.0,0.0,0.0,623.4075927734375,-123.56075300873334,48.14067076398793
945,0.0,0.0,0.0,0.0,609.0665283203125,-123.56035300873334,48.14067076398793
946,0.0,0.0,0.0,0.0,609.0665283203125,-123.56035300873334,48.14067076398793
947,0.0,0.0,0.0,0.0,609.0665283203125,-123.56035300873334,48.14067076398793
948,0.0,0.0,0.0,0.0,609.0665283203125,-123.56035300873334,48.14067076398793
949,0.0,0.0,0.0,0.0,632.003173828125,-123.55995300873334,48.14067076398793
950,0.0,0.0,0.0,0.0,632.003173828125,-123.55995300873334,48.14067076398793
951,0.0,0.0,0.0,0.0,632.003173828125,-123.55995300873334,48.14067076398793
952,0.0,0.0,0.0,0.0,632.003173828125,-123.55995300873334,48.14067076398793
953,0.0,0.0,0.0,0.0,705.856201171875,-123.55955300873335,48.14067076398793
954,0.0,0.0,0.0,0.0,705.856201171875,-123.55955300873335,48.14067076398793
955,0.0,0.0,0.0,0.0,705.856201171875,-123.55955300873335,48.14067076398793
956,0.0,0.0,0.0,0.0,705.856201171875,-123.55955300873335,48.14067076398793
957,0.08903951942920685,0.029260052368044853,0.0,35.20000076293945,402.3779296875,-123.56595300873333,48.14027076398793
958,0.7748076319694519,0.003300953656435013,0.0,7.710000038146973,190.5465850830078,-123.56555300873333,48.14027076398793
959,0.7748076319694519,0.003300953656435013,0.0,7.710000038146973,190.5465850830078,-123.56555300873333,48.14027076398793
960,0.7748076319694519,0.003300953656435013,0.0,7.710000038146973,190.5465850830078,-123.56555300873333,48.14027076398793
961,0.7748076319694519,0.003300953656435013,0.0,7.710000038146973,190.5465850830078,-123.56555300873333,48.14027076398793
962,0.7748076319694519,0.003300953656435013,0.0,7.710000038146973,190.5465850830078,-123.56555300873333,48.14027076398793
963,0.7748076319694519,0.003300953656435013,0.0,7.710000038146973,190.5465850830078,-123.56555300873333,48.14027076398793
964,0.7748076319694519,0.003300953656435013,0.0,7.710000038146973,190.5465850830078,-123.56555300873333,48.14027076398793
965,0.7748076319694519,0.003300953656435013,0.0,7.710000038146973,190.5465850830078,-123.56555300873333,48.14027076398793
966,0.7748076319694519,0.003300953656435013,0.0,7.710000038146973,190.5465850830078,-123.56555300873333,48.14027076398793
967,2.5585384264559252e-06,0.6581805348396301,0.0,4.363609313964844,10.770329475402832,-123.56515300873333,48.14027076398793
968,2.5585384264559252e-06,0.6581805348396301,0.0,4.363609313964844,10.770329475402832,-123.56515300873333,48.14027076398793
969,2.5585384264559252e-06,0.6581805348396301,0.0,4.363609313964844,10.770329475402832,-123.56515300873333,48.14027076398793
970,2.5585384264559252e-06,0.6581805348396301,0.0,4.363609313964844,10.770329475402832,-123.56515300873333,48.14027076398793
971,2.5585384264559252e-06,0.6581805348396301,0.0,4.363609313964844,10.770329475402832,-123.56515300873333,48.14027076398793
972,2.5585384264559252e-06,0.6581805348396301,0.0,4.363609313964844,10.770329475402832,-123.56515300873333,48.14027076398793
973,2.5585384264559252e-06,0.6581805348396301,0.0,4.363609313964844,10.770329475402832,-123.56515300873333,48.14027076398793
974,2.5585384264559252e-06,0.6581805348396301,0.0,4.363609313964844,10.770329475402832,-123.56515300873333,48.14027076398793
975,2.5585384264559252e-06,0.6581805348396301,0.0,4.363609313964844,10.770329475402832,-123.56515300873333,48.14027076398793
976,0.9929850697517395,0.00044724022154696286,0.0,4.710000038146973,36.055511474609375,-123.56475300873333,48.14027076398793
977,0.9929850697517395,0.00044724022154696286,0.0,4.710000038146973,36.055511474609375,-123.56475300873333,48.14027076398793
978,0.9929850697517395,0.00044724022154696286,0.0,4.710000038146973,36.055511474609375,-123.56475300873333,48.14027076398793
979,0.9929850697517395,0.00044724022154696286,0.0,4.710000038146973,36.055511474609375,-123.56475300873333,48.14027076398793
980,0.9929850697517395,0.00044724022154696286,0.0,4.710000038146973,36.055511474609375,-123.56475300873333,48.14027076398793
981,0.9929850697517395,0.00044724022154696286,0.0,4.710000038146973,36.055511474609375,-123.56475300873333,48.14027076398793
982,0.9929850697517395,0.00044724022154696286,0.0,4.710000038146973,36.055511474609375,-123.56475300873333,48.14027076398793
983,0.9929850697517395,0.00044724022154696286,0.0,4.710000038146973,36.055511474609375,-123.56475300873333,48.14027076398793
984,0.9929850697517395,0.00044724022154696286,0.0,4.710000038146973,36.055511474609375,-123.56475300873333,48.14027076398793
985,0.9929850697517395,0.00044724022154696286,0.0,4.710000038146973,36.055511474609375,-123.56475300873333,48.14027076398793
986,0.9999996423721313,0.00010492049477761611,0.0,5.090000152587891,86.0,-123.56435300873333,48.14027076398793
987,0.9999996423721313,0.00010492049477761611,0.0,5.090000152587891,86.0,-123.56435300873333,48.14027076398793
988,0.9999996423721313,0.00010492049477761611,0.0,5.090000152587891,86.0,-123.56435300873333,48.14027076398793
989,0.9999996423721313,0.00010492049477761611,0.0,5.090000152587891,86.0,-123.56435300873333,48.14027076398793
990,0.9999996423721313,0.00010492049477761611,0.0,5.090000152587891,86.0,-123.56435300873333,48.14027076398793
991,0.9999996423721313,0.00010492049477761611,0.0,5.090000152587891,86.0,-123.56435300873333,48.14027076398793
992,0.9999996423721313,0.00010492049477761611,0.0,5.090000152587891,86.0,-123.56435300873333,48.14027076398793
993,0.9999996423721313,0.00010492049477761611,0.0,5.090000152587891,86.0,-123.56435300873333,48.14027076398793
994,0.9999996423721313,0.00010492049477761611,0.0,5.090000152587891,86.0,-123.56435300873333,48.14027076398793
995,0.9999996423721313,0.00010492049477761611,0.0,5.090000152587891,86.0,-123.56435300873333,48.14027076398793
996,0.9999998807907104,4.036804602947086e-05,0.0,5.340000152587891,84.0,-123.56395300873334,48.14027076398793
997,0.9999998807907104,4.036804602947086e-05,0.0,5.340000152587891,84.0,-123.56395300873334,48.14027076398793
998,0.9999998807907104,4.036804602947086e-05,0.0,5.340000152587891,84.0,-123.56395300873334,48.14027076398793
999,0.9999998807907104,4.036804602947086e-05,0.0,5.340000152587891,84.0,-123.56395300873334,48.14027076398793
1000,0.9999998807907104,4.036804602947086e-05,0.0,5.340000152587891,84.0,-123.56395300873334,48.14027076398793
1001,0.9999998807907104,4.036804602947086e-05,0.0,5.340000152587891,84.0,-123.56395300873334,48.14027076398793
1002,0.9999998807907104,4.036804602947086e-05,0.0,5.340000152587891,84.0,-123.56395300873334,48.14027076398793
1003,0.9999998807907104,4.036804602947086e-05,0.0,5.340000152587891,84.0,-123.56395300873334,48.14027076398793
1004,0.9999998807907104,4.036804602947086e-05,0.0,5.340000152587891,84.0,-123.56395300873334,48.14027076398793
1005,0.9999998807907104,4.036804602947086e-05,0.0,5.340000152587891,84.0,-123.56395300873334,48.14027076398793
1006,0.9996522665023804,4.950340371578932e-05,0.0,4.929999828338623,93.0,-123.56355300873334,48.14027076398793
1007,0.9996522665023804,4.950340371578932e-05,0.0,4.929999828338623,93.0,-123.56355300873334,48.14027076398793
1008,0.9996522665023804,4.950340371578932e-05,0.0,4.929999828338623,93.0,-123.56355300873334,48.14027076398793
1009,0.9996522665023804,4.950340371578932e-05,0.0,4.929999828338623,93.0,-123.56355300873334,48.14027076398793
1010,0.9996522665023804,4.950340371578932e-05,0.0,4.929999828338623,93.0,-123.56355300873334,48.14027076398793
1011,0.9996522665023804,4.950340371578932e-05,0.0,4.929999828338623,93.0,-123.56355300873334,48.14027076398793
1012,0.9996522665023804,4.950340371578932e-05,0.0,4.929999828338623,93.0,-123.56355300873334,48.14027076398793
1013,0.9996522665023804,4.950340371578932e-05,0.0,4.929999828338623,93.0,-123.56355300873334,48.14027076398793
1014,0.9996522665023804,4.950340371578932e-05,0.0,4.929999828338623,93.0,-123.56355300873334,48.14027076398793
1015,0.9996522665023804,4.950340371578932e-05,0.0,4.929999828338623,93.0,-123.56355300873334,48.14027076398793
1016,0.9343557953834534,0.00014034021296538413,0.0,4.679999828338623,28.635643005371094,-123.56315300873334,48.14027076398793
1017,0.9343557953834534,0.00014034021296538413,0.0,4.679999828338623,28.635643005371094,-123.56315300873334,48.14027076398793
1018,0.9343557953834534,0.00014034021296538413,0.0,4.679999828338623,28.635643005371094,-123.56315300873334,48.14027076398793
1019,0.9343557953834534,0.00014034021296538413,0.0,4.679999828338623,28.635643005371094,-123.56315300873334,48.14027076398793
1020,0.9343557953834534,0.00014034021296538413,0.0,4.679999828338623,28.635643005371094,-123.56315300873334,48.14027076398793
1021,0.9343557953834534,0.00014034021296538413,0.0,4.679999828338623,28.635643005371094,-123.56315300873334,48.14027076398793
1022,0.9343557953834534,0.00014034021296538413,0.0,4.679999828338623,28.635643005371094,-123.56315300873334,48.14027076398793
1023,0.9343557953834534,0.00014034021296538413,0.0,4.679999828338623,28.635643005371094,-123.56315300873334,48.14027076398793
1024,0.9343557953834534,0.00014034021296538413,0.0,4.679999828338623,28.635643005371094,-123.56315300873334,48.14027076398793
1025,0.9343557953834534,0.00014034021296538413,0.0,4.679999828338623,28.635643005371094,-123.56315300873334,48.14027076398793
1026,0.9998863935470581,0.00010789924272103235,0.0,5.570000171661377,53.851646423339844,-123.56275300873334,48.14027076398793
1027,0.9998863935470581,0.00010789924272103235,0.0,5.570000171661377,53.851646423339844,-123.56275300873334,48.14027076398793
1028,0.9998863935470581,0.00010789924272103235,0.0,5.570000171661377,53.851646423339844,-123.56275300873334,48.14027076398793
1029,0.9998863935470581,0.00010789924272103235,0.0,5.570000171661377,53.851646423339844,-123.56275300873334,48.14027076398793
1030,0.9998863935470581,0.00010789924272103235,0.0,5.570000171661377,53.851646423339844,-123.56275300873334,48.14027076398793
1031,0.9998863935470581,0.00010789924272103235,0.0,5.570000171661377,53.851646423339844,-123.56275300873334,48.14027076398793
1032,0.9998863935470581,0.00010789924272103235,0.0,5.570000171661377,53.851646423339844,-123.56275300873334,48.14027076398793
1033,0.9998863935470581,0.00010789924272103235,0.0,5.570000171661377,53.851646423339844,-123.56275300873334,48.14027076398793
1034,0.9998863935470581,0.00010789924272103235,0.0,5.570000171661377,53.851646423339844,-123.56275300873334,48.14027076398793
1035,0.9998863935470581,0.00010789924272103235,0.0,5.570000171661377,53.851646423339844,-123.56275300873334,48.14027076398793
1036,0.9982244372367859,0.014916358515620232,0.0,4.989999771118164,80.0,-123.56235300873334,48.14027076398793
1037,0.9982244372367859,0.014916358515620232,0.0,4.989999771118164,80.0,-123.56235300873334,48.14027076398793
1038,0.9982244372367859,0.014916358515620232,0.0,4.989999771118164,80.0,-123.56235300873334,48.14027076398793
1039,0.9982244372367859,0.014916358515620232,0.0,4.989999771118164,80.0,-123.56235300873334,48.14027076398793
1040,0.9982244372367859,0.014916358515620232,0.0,4.989999771118164,80.0,-123.56235300873334,48.14027076398793
1041,0.9982244372367859,0.014916358515620232,0.0,4.989999771118164,80.0,-123.56235300873334,48.14027076398793
1042,0.9982244372367859,0.014916358515620232,0.0,4.989999771118164,80.0,-123.56235300873334,48.14027076398793
1043,0.9982244372367859,0.014916358515620232,0.0,4.989999771118164,80.0,-123.56235300873334,48.14027076398793
1044,0.9982244372367859,0.014916358515620232,0.0,4.989999771118164,80.0,-123.56235300873334,48.14027076398793
1045,0.9982244372367859,0.014916358515620232,0.0,4.989999771118164,80.0,-123.56235300873334,48.14027076398793
1046,0.18232983350753784,0.011576271615922451,1.0,5.019999980926514,77.0064926147461,-123.56195300873334,48.14027076398793
1047,0.18232983350753784,0.011576271615922451,1.0,5.019999980926514,77.0064926147461,-123.56195300873334,48.14027076398793
1048,0.18232983350753784,0.011576271615922451,1.0,5.019999980926514,77.0064926147461,-123.56195300873334,48.14027076398793
1049,0.18232983350753784,0.011576271615922451,1.0,5.019999980926514,77.0064926147461,-123.56195300873334,48.14027076398793
1050,0.18232983350753784,0.011576271615922451,1.0,5.019999980926514,77.0064926147461,-123.56195300873334,48.14027076398793
1051,0.18232983350753784,0.011576271615922451,1.0,5.019999980926514,77.0064926147461,-123.56195300873334,48.14027076398793
1052,0.18232983350753784,0.011576271615922451,1.0,5.019999980926514,77.0064926147461,-123.56195300873334,48.14027076398793
1053,0.18232983350753784,0.011576271615922451,1.0,5.019999980926514,77.0064926147461,-123.56195300873334,48.14027076398793
1054,0.0,0.0,0.0,0.0,238.25405883789062,-123.56155300873334,48.14027076398793
1055,0.0,0.0,0.0,0.0,238.25405883789062,-123.56155300873334,48.14027076398793
1056,0.0,0.0,0.0,0.0,238.25405883789062,-123.56155300873334,48.14027076398793
1057,0.0,0.0,0.0,0.0,238.25405883789062,-123.56155300873334,48.14027076398793
1058,0.0,0.0,0.0,0.0,344.4444885253906,-123.56115300873334,48.14027076398793
1059,0.0,0.0,0.0,0.0,344.4444885253906,-123.56115300873334,48.14027076398793
1060,0.0,0.0,0.0,0.0,344.4444885253906,-123.56115300873334,48.14027076398793
1061,0.0,0.0,0.0,0.0,344.4444885253906,-123.56115300873334,48.14027076398793
1062,0.0,0.0,0.0,0.0,370.38897705078125,-123.56075300873334,48.14027076398793
1063,0.0,0.0,0.0,0.0,370.38897705078125,-123.56075300873334,48.14027076398793
1064,0.0,0.0,0.0,0.0,370.38897705078125,-123.56075300873334,48.14027076398793
1065,0.0,0.0,0.0,0.0,370.38897705078125,-123.56075300873334,48.14027076398793
1066,0.0,0.0,0.0,0.0,354.1143798828125,-123.56035300873334,48.14027076398793
1067,0.0,0.0,0.0,0.0,354.1143798828125,-123.56035300873334,48.14027076398793
1068,0.0,0.0,0.0,0.0,354.1143798828125,-123.56035300873334,48.14027076398793
1069,0.0,0.0,0.0,0.0,354.1143798828125,-123.56035300873334,48.14027076398793
1070,0.0,0.0,0.0,0.0,383.70953369140625,-123.55995300873334,48.14027076398793
1071,0.0,0.0,0.0,0.0,383.70953369140625,-123.55995300873334,48.14027076398793
1072,0.0,0.0,0.0,0.0,383.70953369140625,-123.55995300873334,48.14027076398793
1073,0.0,0.0,0.0,0.0,383.70953369140625,-123.55995300873334,48.14027076398793
1074,0.0,0.0,0.0,0.0,479.538330078125,-123.55955300873335,48.14027076398793
1075,0.0,0.0,0.0,0.0,479.538330078125,-123.55955300873335,48.14027076398793
1076,0.0,0.0,0.0,0.0,479.538330078125,-123.55955300873335,48.14027076398793
1077,0.0,0.0,0.0,0.0,479.538330078125,-123.55955300873335,48.14027076398793
1078,0.0003659299691207707,0.05877310410141945,0.0,3.968433141708374,142.13021850585938,-123.56515300873333,48.13987076398793
1079,0.0003659299691207707,0.05877310410141945,0.0,3.968433141708374,142.13021850585938,-123.56515300873333,48.13987076398793
1080,0.0003659299691207707,0.05877310410141945,0.0,3.968433141708374,142.13021850585938,-123.56515300873333,48.13987076398793
1081,0.0003659299691207707,0.05877310410141945,0.0,3.968433141708374,142.13021850585938,-123.56515300873333,48.13987076398793
1082,0.0003659299691207707,0.05877310410141945,0.0,3.968433141708374,142.13021850585938,-123.56515300873333,48.13987076398793
1083,0.0003659299691207707,0.05877310410141945,0.0,3.968433141708374,142.13021850585938,-123.56515300873333,48.13987076398793
1084,0.0003659299691207707,0.05877310410141945,0.0,3.968433141708374,142.13021850585938,-123.56515300873333,48.13987076398793
1085,0.0003659299691207707,0.05877310410141945,0.0,3.968433141708374,142.13021850585938,-123.56515300873333,48.13987076398793
1086,0.0003659299691207707,0.05877310410141945,0.0,3.968433141708374,142.13021850585938,-123.56515300873333,48.13987076398793
1087,5.812575976094081e-10,0.9999685287475586,0.0,4.694150447845459,23.600847244262695,-123.56475300873333,48.13987076398793
1088,5.812575976094081e-10,0.9999685287475586,0.0,4.694150447845459,23.600847244262695,-123.56475300873333,48.13987076398793
1089,5.812575976094081e-10,0.9999685287475586,0.0,4.694150447845459,23.600847244262695,-123.56475300873333,48.13987076398793
1090,5.812575976094081e-10,0.9999685287475586,0.0,4.694150447845459,23.600847244262695,-123.56475300873333,48.13987076398793
1091,5.812575976094081e-10,0.9999685287475586,0.0,4.694150447845459,23.600847244262695,-123.56475300873333,48.13987076398793
1092,5.812575976094081e-10,0.9999685287475586,0.0,4.694150447845459,23.600847244262695,-123.56475300873333,48.13987076398793
1093,5.812575976094081e-10,0.9999685287475586,0.0,4.694150447845459,23.600847244262695,-123.56475300873333,48.13987076398793
1094,5.812575976094081e-10,0.9999685287475586,0.0,4.694150447845459,23.600847244262695,-123.56475300873333,48.13987076398793
1095,5.812575976094081e-10,0.9999685287475586,0.0,4.694150447845459,23.600847244262695,-123.56475300873333,48.13987076398793
1096,9.173034953846582e-08,0.0010717082768678665,0.0,4.935842037200928,127.66361999511719,-123.56435300873333,48.13987076398793
1097,9.173034953846582e-08,0.0010717082768678665,0.0,4.935842037200928,127.66361999511719,-123.56435300873333,48.13987076398793
1098,9.173034953846582e-08,0.0010717082768678665,0.0,4.935842037200928,127.66361999511719,-123.56435300873333,48.13987076398793
1099,9.173034953846582e-08,0.0010717082768678665,0.0,4.935842037200928,127.66361999511719,-123.56435300873333,48.13987076398793
1100,9.173034953846582e-08,0.0010717082768678665,0.0,4.935842037200928,127.66361999511719,-123.56435300873333,48.13987076398793
1101,9.173034953846582e-08,0.0010717082768678665,0.0,4.935842037200928,127.66361999511719,-123.56435300873333,48.13987076398793
1102,9.173034953846582e-08,0.0010717082768678665,0.0,4.935842037200928,127.66361999511719,-123.56435300873333,48.13987076398793
1103,9.173034953846582e-08,0.0010717082768678665,0.0,4.935842037200928,127.66361999511719,-123.56435300873333,48.13987076398793
1104,9.173034953846582e-08,0.0010717082768678665,0.0,4.935842037200928,127.66361999511719,-123.56435300873333,48.13987076398793
1105,9.173034953846582e-08,0.0010717082768678665,0.0,4.935842037200928,127.66361999511719,-123.56435300873333,48.13987076398793
1106,0.9999943971633911,4.252692815498449e-05,0.0,5.420000076293945,130.0,-123.56395300873334,48.13987076398793
1107,0.9999943971633911,4.252692815498449e-05,0.0,5.420000076293945,130.0,-123.56395300873334,48.13987076398793
1108,0.9999943971633911,4.252692815498449e-05,0.0,5.420000076293945,130.0,-123.56395300873334,48.13987076398793
1109,0.9999943971633911,4.252692815498449e-05,0.0,5.420000076293945,130.0,-123.56395300873334,48.13987076398793
1110,0.9999943971633911,4.252692815498449e-05,0.0,5.420000076293945,130.0,-123.56395300873334,48.13987076398793
1111,0.9999943971633911,4.252692815498449e-05,0.0,5.420000076293945,130.0,-123.56395300873334,48.13987076398793
1112,0.9999943971633911,4.252692815498449e-05,0.0,5.420000076293945,130.0,-123.56395300873334,48.13987076398793
1113,0.9999943971633911,4.252692815498449e-05,0.0,5.420000076293945,130.0,-123.56395300873334,48.13987076398793
1114,0.9999943971633911,4.252692815498449e-05,0.0,5.420000076293945,130.0,-123.56395300873334,48.13987076398793
1115,0.9999943971633911,4.252692815498449e-05,0.0,5.420000076293945,130.0,-123.56395300873334,48.13987076398793
1116,0.9999293088912964,5.529912596102804e-05,0.0,5.880000114440918,132.0,-123.56355300873334,48.13987076398793
1117,0.9999293088912964,5.529912596102804e-05,0.0,5.880000114440918,132.0,-123.56355300873334,48.13987076398793
1118,0.9999293088912964,5.529912596102804e-05,0.0,5.880000114440918,132.0,-123.56355300873334,48.13987076398793
1119,0.9999293088912964,5.529912596102804e-05,0.0,5.880000114440918,132.0,-123.56355300873334,48.13987076398793
1120,0.9999293088912964,5.529912596102804e-05,0.0,5.880000114440918,132.0,-123.56355300873334,48.13987076398793
1121,0.9999293088912964,5.529912596102804e-05,0.0,5.880000114440918,132.0,-123.56355300873334,48.13987076398793
1122,0.9999293088912964,5.529912596102804e-05,0.0,5.880000114440918,132.0,-123.56355300873334,48.13987076398793
1123,0.9999293088912964,5.529912596102804e-05,0.0,5.880000114440918,132.0,-123.56355300873334,48.13987076398793
1124,0.9999293088912964,5.529912596102804e-05,0.0,5.880000114440918,132.0,-123.56355300873334,48.13987076398793
1125,0.9999293088912964,5.529912596102804e-05,0.0,5.880000114440918,132.0,-123.56355300873334,48.13987076398793
1126,1.0,4.277340485714376e-05,0.0,5.670000076293945,137.09121704101562,-123.56315300873334,48.13987076398793
1127,1.0,4.277340485714376e-05,0.0,5.670000076293945,137.09121704101562,-123.56315300873334,48.13987076398793
1128,1.0,4.277340485714376e-05,0.0,5.670000076293945,137.09121704101562,-123.56315300873334,48.13987076398793
1129,1.0,4.277340485714376e-05,0.0,5.670000076293945,137.09121704101562,-123.56315300873334,48.13987076398793
1130,1.0,4.277340485714376e-05,0.0,5.670000076293945,137.09121704101562,-123.56315300873334,48.13987076398793
1131,1.0,4.277340485714376e-05,0.0,5.670000076293945,137.09121704101562,-123.56315300873334,48.13987076398793
1132,1.0,4.277340485714376e-05,0.0,5.670000076293945,137.09121704101562,-123.56315300873334,48.13987076398793
1133,1.0,4.277340485714376e-05,0.0,5.670000076293945,137.09121704101562,-123.56315300873334,48.13987076398793
1134,1.0,4.277340485714376e-05,0.0,5.670000076293945,137.09121704101562,-123.56315300873334,48.13987076398793
1135,1.0,4.277340485714376e-05,0.0,5.670000076293945,137.09121704101562,-123.56315300873334,48.13987076398793
1136,1.0,9.430898353457451e-05,0.0,5.829999923706055,58.18075180053711,-123.56275300873334,48.13987076398793
1137,1.0,9.430898353457451e-05,0.0,5.829999923706055,58.18075180053711,-123.56275300873334,48.13987076398793
1138,1.0,9.430898353457451e-05,0.0,5.829999923706055,58.18075180053711,-123.56275300873334,48.13987076398793
1139,1.0,9.430898353457451e-05,0.0,5.829999923706055,58.18075180053711,-123.56275300873334,48.13987076398793
1140,1.0,9.430898353457451e-05,0.0,5.829999923706055,58.18075180053711,-123.56275300873334,48.13987076398793
1141,1.0,9.430898353457451e-05,0.0,5.829999923706055,58.18075180053711,-123.56275300873334,48.13987076398793
1142,1.0,9.430898353457451e-05,0.0,5.829999923706055,58.18075180053711,-123.56275300873334,48.13987076398793
1143,1.0,9.430898353457451e-05,0.0,5.829999923706055,58.18075180053711,-123.56275300873334,48.13987076398793
1144,1.0,9.430898353457451e-05,0.0,5.829999923706055,58.18075180053711,-123.56275300873334,48.13987076398793
1145,1.0,9.430898353457451e-05,0.0,5.829999923706055,58.18075180053711,-123.56275300873334,48.13987076398793
1146,0.9999978542327881,4.383115083328448e-05,0.0,6.079999923706055,232.65855407714844,-123.56235300873334,48.13987076398793
1147,0.9999978542327881,4.383115083328448e-05,0.0,6.079999923706055,232.65855407714844,-123.56235300873334,48.13987076398793
1148,0.9999978542327881,4.383115083328448e-05,0.0,6.079999923706055,232.65855407714844,-123.56235300873334,48.13987076398793
1149,0.9999978542327881,4.383115083328448e-05,0.0,6.079999923706055,232.65855407714844,-123.56235300873334,48.13987076398793
1150,0.9999978542327881,4.383115083328448e-05,0.0,6.079999923706055,232.65855407714844,-123.56235300873334,48.13987076398793
1151,0.9999978542327881,4.383115083328448e-05,0.0,6.079999923706055,232.65855407714844,-123.56235300873334,48.13987076398793
1152,0.9999978542327881,4.383115083328448e-05,0.0,6.079999923706055,232.65855407714844,-123.56235300873334,48.13987076398793
1153,0.9999978542327881,4.383115083328448e-05,0.0,6.079999923706055,232.65855407714844,-123.56235300873334,48.13987076398793
1154,0.9999978542327881,4.383115083328448e-05,0.0,6.079999923706055,232.65855407714844,-123.56235300873334,48.13987076398793
1155,0.9999978542327881,4.383115083328448e-05,0.0,6.079999923706055,232.65855407714844,-123.56235300873334,48.13987076398793
1156,0.9999982118606567,8.576796972192824e-05,0.0,5.820000171661377,119.97083282470703,-123.56195300873334,48.13987076398793
1157,0.9999982118606567,8.576796972192824e-05,0.0,5.820000171661377,119.97083282470703,-123.56195300873334,48.13987076398793
1158,0.9999982118606567,8.576796972192824e-05,0.0,5.820000171661377,119.97083282470703,-123.56195300873334,48.13987076398793
1159,0.9999982118606567,8.576796972192824e-05,0.0,5.820000171661377,119.97083282470703,-123.56195300873334,48.13987076398793
1160,0.9999982118606567,8.576796972192824e-05,0.0,5.820000171661377,119.97083282470703,-123.56195300873334,48.13987076398793
1161,0.9999982118606567,8.576796972192824e-05,0.0,5.820000171661377,119.97083282470703,-123.56195300873334,48.13987076398793
1162,0.9999982118606567,8.576796972192824e-05,0.0,5.820000171661377,119.97083282470703,-123.56195300873334,48.13987076398793
1163,0.9999982118606567,8.576796972192824e-05,0.0,5.820000171661377,119.97083282470703,-123.56195300873334,48.13987076398793
1164,0.9999982118606567,8.576796972192824e-05,0.0,5.820000171661377,119.97083282470703,-123.56195300873334,48.13987076398793
1165,0.9999982118606567,8.576796972192824e-05,0.0,5.820000171661377,119.97083282470703,-123.56195300873334,48.13987076398793
1166,1.739028903102735e-07,0.9858444929122925,0.0,4.669510841369629,17.8885440826416,-123.56155300873334,48.13987076398793
1167,1.739028903102735e-07,0.9858444929122925,0.0,4.669510841369629,17.8885440826416,-123.56155300873334,48.13987076398793
1168,1.739028903102735e-07,0.9858444929122925,0.0,4.669510841369629,17.8885440826416,-123.56155300873334,48.13987076398793
1169,1.739028903102735e-07,0.9858444929122925,0.0,4.669510841369629,17.8885440826416,-123.56155300873334,48.13987076398793
1170,1.739028903102735e-07,0.9858444929122925,0.0,4.669510841369629,17.8885440826416,-123.56155300873334,48.13987076398793
1171,1.739028903102735e-07,0.9858444929122925,0.0,4.669510841369629,17.8885440826416,-123.56155300873334,48.13987076398793
1172,1.739028903102735e-07,0.9858444929122925,0.0,4.669510841369629,17.8885440826416,-123.56155300873334,48.13987076398793
1173,1.739028903102735e-07,0.9858444929122925,0.0,4.669510841369629,17.8885440826416,-123.56155300873334,48.13987076398793
1174,1.739028903102735e-07,0.9858444929122925,0.0,4.669510841369629,17.8885440826416,-123.56155300873334,48.13987076398793
1175,1.739028903102735e-07,0.9858444929122925,0.0,4.669510841369629,17.8885440826416,-123.56155300873334,48.13987076398793
1176,0.0,0.0,0.0,0.0,93.74433135986328,-123.56115300873334,48.13987076398793
1177,0.0,0.0,0.0,0.0,93.74433135986328,-123.56115300873334,48.13987076398793
1178,0.0,0.0,0.0,0.0,93.74433135986328,-123.56115300873334,48.13987076398793
1179,0.0,0.0,0.0,0.0,93.74433135986328,-123.56115300873334,48.13987076398793
1180,0.0,0.0,0.0,0.0,117.51595306396484,-123.56075300873334,48.13987076398793
1181,0.0,0.0,0.0,0.0,117.51595306396484,-123.56075300873334,48.13987076398793
1182,0.0,0.0,0.0,0.0,117.51595306396484,-123.56075300873334,48.13987076398793
1183,0.0,0.0,0.0,0.0,117.51595306396484,-123.56075300873334,48.13987076398793
1184,0.0,0.0,0.0,0.0,99.40824890136719,-123.56035300873334,48.13987076398793
1185,0.0,0.0,0.0,0.0,99.40824890136719,-123.56035300873334,48.13987076398793
1186,0.0,0.0,0.0,0.0,99.40824890136719,-123.56035300873334,48.13987076398793
1187,0.0,0.0,0.0,0.0,99.40824890136719,-123.56035300873334,48.13987076398793
1188,0.0,0.0,0.0,0.0,140.40655517578125,-123.55995300873334,48.13987076398793
1189,0.0,0.0,0.0,0.0,140.40655517578125,-123.55995300873334,48.13987076398793
1190,0.0,0.0,0.0,0.0,140.40655517578125,-123.55995300873334,48.13987076398793
1191,0.0,0.0,0.0,0.0,140.40655517578125,-123.55995300873334,48.13987076398793
1192,0.0,0.0,0.0,0.0,140.40655517578125,-123.55995300873334,48.13987076398793
1193,0.0,0.0,0.0,0.0,242.0,-123.55955300873335,48.13987076398793
1194,0.0,0.0,0.0,0.0,124.8238754272461,-123.56435300873333,48.13947076398793
1195,0.0,0.0,0.0,0.0,124.8238754272461,-123.56435300873333,48.13947076398793
1196,0.0,0.0,0.0,0.0,124.8238754272461,-123.56435300873333,48.13947076398793
1197,0.0,0.0,0.0,0.0,124.8238754272461,-123.56435300873333,48.13947076398793
1198,0.0,0.0,0.0,0.0,124.8238754272461,-123.56435300873333,48.13947076398793
1199,0.0,0.0,0.0,0.0,124.8238754272461,-123.56435300873333,48.13947076398793
1200,0.005811418406665325,0.028298228979110718,0.0,4.2398905754089355,1.0,-123.56395300873334,48.13947076398793
1201,0.005811418406665325,0.028298228979110718,0.0,4.2398905754089355,1.0,-123.56395300873334,48.13947076398793
1202,0.005811418406665325,0.028298228979110718,0.0,4.2398905754089355,1.0,-123.56395300873334,48.13947076398793
1203,0.005811418406665325,0.028298228979110718,0.0,4.2398905754089355,1.0,-123.56395300873334,48.13947076398793
1204,0.005811418406665325,0.028298228979110718,0.0,4.2398905754089355,1.0,-123.56395300873334,48.13947076398793
1205,0.005811418406665325,0.028298228979110718,0.0,4.2398905754089355,1.0,-123.56395300873334,48.13947076398793
1206,0.005811418406665325,0.028298228979110718,0.0,4.2398905754089355,1.0,-123.56395300873334,48.13947076398793
1207,0.005811418406665325,0.028298228979110718,0.0,4.2398905754089355,1.0,-123.56395300873334,48.13947076398793
1208,0.005811418406665325,0.028298228979110718,0.0,4.2398905754089355,1.0,-123.56395300873334,48.13947076398793
1209,0.005811418406665325,0.028298228979110718,0.0,4.2398905754089355,1.0,-123.56395300873334,48.13947076398793
1210,4.96860684506828e-06,0.0005587389459833503,0.0,5.009868621826172,78.74642944335938,-123.56355300873334,48.13947076398793
1211,4.96860684506828e-06,0.0005587389459833503,0.0,5.009868621826172,78.74642944335938,-123.56355300873334,48.13947076398793
1212,4.96860684506828e-06,0.0005587389459833503,0.0,5.009868621826172,78.74642944335938,-123.56355300873334,48.13947076398793
1213,4.96860684506828e-06,0.0005587389459833503,0.0,5.009868621826172,78.74642944335938,-123.56355300873334,48.13947076398793
1214,4.96860684506828e-06,0.0005587389459833503,0.0,5.009868621826172,78.74642944335938,-123.56355300873334,48.13947076398793
1215,4.96860684506828e-06,0.0005587389459833503,0.0,5.009868621826172,78.74642944335938,-123.56355300873334,48.13947076398793
1216,4.96860684506828e-06,0.0005587389459833503,0.0,5.009868621826172,78.74642944335938,-123.56355300873334,48.13947076398793
1217,4.96860684506828e-06,0.0005587389459833503,0.0,5.009868621826172,78.74642944335938,-123.56355300873334,48.13947076398793
1218,4.96860684506828e-06,0.0005587389459833503,0.0,5.009868621826172,78.74642944335938,-123.56355300873334,48.13947076398793
1219,4.96860684506828e-06,0.0005587389459833503,0.0,5.009868621826172,78.74642944335938,-123.56355300873334,48.13947076398793
1220,2.0472709820751334e-06,0.0005577845731750131,0.0,5.125163555145264,116.43023681640625,-123.56315300873334,48.13947076398793
1221,2.0472709820751334e-06,0.0005577845731750131,0.0,5.125163555145264,116.43023681640625,-123.56315300873334,48.13947076398793
1222,2.0472709820751334e-06,0.0005577845731750131,0.0,5.125163555145264,116.43023681640625,-123.56315300873334,48.13947076398793
1223,2.0472709820751334e-06,0.0005577845731750131,0.0,5.125163555145264,116.43023681640625,-123.56315300873334,48.13947076398793
1224,2.0472709820751334e-06,0.0005577845731750131,0.0,5.125163555145264,116.43023681640625,-123.56315300873334,48.13947076398793
1225,2.0472709820751334e-06,0.0005577845731750131,0.0,5.125163555145264,116.43023681640625,-123.56315300873334,48.13947076398793
1226,2.0472709820751334e-06,0.0005577845731750131,0.0,5.125163555145264,116.43023681640625,-123.56315300873334,48.13947076398793
1227,2.0472709820751334e-06,0.0005577845731750131,0.0,5.125163555145264,116.43023681640625,-123.56315300873334,48.13947076398793
1228,2.0472709820751334e-06,0.0005577845731750131,0.0,5.125163555145264,116.43023681640625,-123.56315300873334,48.13947076398793
1229,2.0472709820751334e-06,0.0005577845731750131,0.0,5.125163555145264,116.43023681640625,-123.56315300873334,48.13947076398793
1230,3.0846545087115373e-06,0.3935142159461975,0.0,4.702221870422363,81.25269317626953,-123.56275300873334,48.13947076398793
1231,3.0846545087115373e-06,0.3935142159461975,0.0,4.702221870422363,81.25269317626953,-123.56275300873334,48.13947076398793
1232,3.0846545087115373e-06,0.3935142159461975,0.0,4.702221870422363,81.25269317626953,-123.56275300873334,48.13947076398793
1233,3.0846545087115373e-06,0.3935142159461975,0.0,4.702221870422363,81.25269317626953,-123.56275300873334,48.13947076398793
1234,3.0846545087115373e-06,0.3935142159461975,0.0,4.702221870422363,81.25269317626953,-123.56275300873334,48.13947076398793
1235,3.0846545087115373e-06,0.3935142159461975,0.0,4.702221870422363,81.25269317626953,-123.56275300873334,48.13947076398793
1236,3.0846545087115373e-06,0.3935142159461975,0.0,4.702221870422363,81.25269317626953,-123.56275300873334,48.13947076398793
1237,3.0846545087115373e-06,0.3935142159461975,0.0,4.702221870422363,81.25269317626953,-123.56275300873334,48.13947076398793
1238,3.0846545087115373e-06,0.3935142159461975,0.0,4.702221870422363,81.25269317626953,-123.56275300873334,48.13947076398793
1239,3.0846545087115373e-06,0.3935142159461975,0.0,4.702221870422363,81.25269317626953,-123.56275300873334,48.13947076398793
1240,2.0979539385734824e-06,0.8244487047195435,0.0,4.706813335418701,1.0,-123.56235300873334,48.13947076398793
1241,2.0979539385734824e-06,0.8244487047195435,0.0,4.706813335418701,1.0,-123.56235300873334,48.13947076398793
1242,2.0979539385734824e-06,0.8244487047195435,0.0,4.706813335418701,1.0,-123.56235300873334,48.13947076398793
1243,2.0979539385734824e-06,0.8244487047195435,0.0,4.706813335418701,1.0,-123.56235300873334,48.13947076398793
1244,2.0979539385734824e-06,0.8244487047195435,0.0,4.706813335418701,1.0,-123.56235300873334,48.13947076398793
1245,2.0979539385734824e-06,0.8244487047195435,0.0,4.706813335418701,1.0,-123.56235300873334,48.13947076398793
1246,2.0979539385734824e-06,0.8244487047195435,0.0,4.706813335418701,1.0,-123.56235300873334,48.13947076398793
1247,2.0979539385734824e-06,0.8244487047195435,0.0,4.706813335418701,1.0,-123.56235300873334,48.13947076398793
1248,2.0979539385734824e-06,0.8244487047195435,0.0,4.706813335418701,1.0,-123.56235300873334,48.13947076398793
1249,2.0979539385734824e-06,0.8244487047195435,0.0,4.706813335418701,1.0,-123.56235300873334,48.13947076398793
1250,1.1998818081337959e-05,0.9132869243621826,0.0,4.685001373291016,74.32361602783203,-123.56195300873334,48.13947076398793
1251,1.1998818081337959e-05,0.9132869243621826,0.0,4.685001373291016,74.32361602783203,-123.56195300873334,48.13947076398793
1252,1.1998818081337959e-05,0.9132869243621826,0.0,4.685001373291016,74.32361602783203,-123.56195300873334,48.13947076398793
1253,1.1998818081337959e-05,0.9132869243621826,0.0,4.685001373291016,74.32361602783203,-123.56195300873334,48.13947076398793
1254,1.1998818081337959e-05,0.9132869243621826,0.0,4.685001373291016,74.32361602783203,-123.56195300873334,48.13947076398793
1255,1.1998818081337959e-05,0.9132869243621826,0.0,4.685001373291016,74.32361602783203,-123.56195300873334,48.13947076398793
1256,1.1998818081337959e-05,0.9132869243621826,0.0,4.685001373291016,74.32361602783203,-123.56195300873334,48.13947076398793
1257,1.1998818081337959e-05,0.9132869243621826,0.0,4.685001373291016,74.32361602783203,-123.56195300873334,48.13947076398793
1258,1.1998818081337959e-05,0.9132869243621826,0.0,4.685001373291016,74.32361602783203,-123.56195300873334,48.13947076398793
1259,1.1998818081337959e-05,0.9132869243621826,0.0,4.685001373291016,74.32361602783203,-123.56195300873334,48.13947076398793
1260,1.0,8.412460374529473e-06,0.0,5.610000133514404,178.6197052001953,-123.56155300873334,48.13947076398793
1261,1.0,8.412460374529473e-06,0.0,5.610000133514404,178.6197052001953,-123.56155300873334,48.13947076398793
1262,1.0,8.412460374529473e-06,0.0,5.610000133514404,178.6197052001953,-123.56155300873334,48.13947076398793
1263,1.0,8.412460374529473e-06,0.0,5.610000133514404,178.6197052001953,-123.56155300873334,48.13947076398793
1264,1.0,8.412460374529473e-06,0.0,5.610000133514404,178.6197052001953,-123.56155300873334,48.13947076398793
1265,1.0,8.412460374529473e-06,0.0,5.610000133514404,178.6197052001953,-123.56155300873334,48.13947076398793
1266,1.0,8.412460374529473e-06,0.0,5.610000133514404,178.6197052001953,-123.56155300873334,48.13947076398793
1267,1.0,8.412460374529473e-06,0.0,5.610000133514404,178.6197052001953,-123.56155300873334,48.13947076398793
1268,1.0,8.412460374529473e-06,0.0,5.610000133514404,178.6197052001953,-123.56155300873334,48.13947076398793
1269,1.0,8.412460374529473e-06,0.0,5.610000133514404,178.6197052001953,-123.56155300873334,48.13947076398793
1270,1.0,1.0511754226172343e-05,0.0,6.349999904632568,156.34896850585938,-123.56115300873334,48.13947076398793
1271,1.0,1.0511754226172343e-05,0.0,6.349999904632568,156.34896850585938,-123.56115300873334,48.13947076398793
1272,1.0,1.0511754226172343e-05,0.0,6.349999904632568,156.34896850585938,-123.56115300873334,48.13947076398793
1273,1.0,1.0511754226172343e-05,0.0,6.349999904632568,156.34896850585938,-123.56115300873334,48.13947076398793
1274,1.0,1.0511754226172343e-05,0.0,6.349999904632568,156.34896850585938,-123.56115300873334,48.13947076398793
1275,1.0,1.0511754226172343e-05,0.0,6.349999904632568,156.34896850585938,-123.56115300873334,48.13947076398793
1276,1.0,1.0511754226172343e-05,0.0,6.349999904632568,156.34896850585938,-123.56115300873334,48.13947076398793
1277,1.0,1.0511754226172343e-05,0.0,6.349999904632568,156.34896850585938,-123.56115300873334,48.13947076398793
1278,1.0,1.0511754226172343e-05,0.0,6.349999904632568,156.34896850585938,-123.56115300873334,48.13947076398793
1279,1.0,1.0511754226172343e-05,0.0,6.349999904632568,156.34896850585938,-123.56115300873334,48.13947076398793
1280,0.9994117021560669,0.0003153590369038284,0.0,6.150000095367432,134.72935485839844,-123.56075300873334,48.13947076398793
1281,0.9994117021560669,0.0003153590369038284,0.0,6.150000095367432,134.72935485839844,-123.56075300873334,48.13947076398793
1282,0.9994117021560669,0.0003153590369038284,0.0,6.150000095367432,134.72935485839844,-123.56075300873334,48.13947076398793
1283,0.9994117021560669,0.0003153590369038284,0.0,6.150000095367432,134.72935485839844,-123.56075300873334,48.13947076398793
1284,0.9994117021560669,0.0003153590369038284,0.0,6.150000095367432,134.72935485839844,-123.56075300873334,48.13947076398793
1285,0.9994117021560669,0.0003153590369038284,0.0,6.150000095367432,134.72935485839844,-123.56075300873334,48.13947076398793
1286,0.9994117021560669,0.0003153590369038284,0.0,6.150000095367432,134.72935485839844,-123.56075300873334,48.13947076398793
1287,0.9994117021560669,0.0003153590369038284,0.0,6.150000095367432,134.72935485839844,-123.56075300873334,48.13947076398793
1288,0.9994117021560669,0.0003153590369038284,0.0,6.150000095367432,134.72935485839844,-123.56075300873334,48.13947076398793
1289,0.9994117021560669,0.0003153590369038284,0.0,6.150000095367432,134.72935485839844,-123.56075300873334,48.13947076398793
1290,0.998304009437561,0.00023826508549973369,0.0,5.71999979019165,153.83432006835938,-123.56035300873334,48.13947076398793
1291,0.998304009437561,0.00023826508549973369,0.0,5.71999979019165,153.83432006835938,-123.56035300873334,48.13947076398793
1292,0.998304009437561,0.00023826508549973369,0.0,5.71999979019165,153.83432006835938,-123.56035300873334,48.13947076398793
1293,0.998304009437561,0.00023826508549973369,0.0,5.71999979019165,153.83432006835938,-123.56035300873334,48.13947076398793
1294,0.998304009437561,0.00023826508549973369,0.0,5.71999979019165,153.83432006835938,-123.56035300873334,48.13947076398793
1295,0.998304009437561,0.00023826508549973369,0.0,5.71999979019165,153.83432006835938,-123.56035300873334,48.13947076398793
1296,0.998304009437561,0.00023826508549973369,0.0,5.71999979019165,153.83432006835938,-123.56035300873334,48.13947076398793
1297,0.998304009437561,0.00023826508549973369,0.0,5.71999979019165,153.83432006835938,-123.56035300873334,48.13947076398793
1298,0.998304009437561,0.00023826508549973369,0.0,5.71999979019165,153.83432006835938,-123.56035300873334,48.13947076398793
1299,0.998304009437561,0.00023826508549973369,0.0,5.71999979019165,153.83432006835938,-123.56035300873334,48.13947076398793
1300,8.163995630638965e-07,0.9997441172599792,0.0,4.969527721405029,69.81404113769531,-123.55995300873334,48.13947076398793
1301,8.163995630638965e-07,0.9997441172599792,0.0,4.969527721405029,69.81404113769531,-123.55995300873334,48.13947076398793
1302,8.163995630638965e-07,0.9997441172599792,0.0,4.969527721405029,69.81404113769531,-123.55995300873334,48.13947076398793
1303,8.163995630638965e-07,0.9997441172599792,0.0,4.969527721405029,69.81404113769531,-123.55995300873334,48.13947076398793
1304,8.163995630638965e-07,0.9997441172599792,0.0,4.969527721405029,69.81404113769531,-123.55995300873334,48.13947076398793
1305,8.163995630638965e-07,0.9997441172599792,0.0,4.969527721405029,69.81404113769531,-123.55995300873334,48.13947076398793
1306,8.163995630638965e-07,0.9997441172599792,0.0,4.969527721405029,69.81404113769531,-123.55995300873334,48.13947076398793
1307,8.163995630638965e-07,0.9997441172599792,0.0,4.969527721405029,69.81404113769531,-123.55995300873334,48.13947076398793
1308,8.163995630638965e-07,0.9997441172599792,0.0,4.969527721405029,69.81404113769531,-123.55995300873334,48.13947076398793
1309,8.163995630638965e-07,0.9997441172599792,0.0,4.969527721405029,69.81404113769531,-123.55995300873334,48.13947076398793
1310,0.06327024847269058,0.0006546492222696543,0.0,5.949999809265137,13.0,-123.55955300873335,48.13947076398793
1311,0.06327024847269058,0.0006546492222696543,0.0,5.949999809265137,13.0,-123.55955300873335,48.13947076398793
1312,0.06327024847269058,0.0006546492222696543,0.0,5.949999809265137,13.0,-123.55955300873335,48.13947076398793
1313,0.06327024847269058,0.0006546492222696543,0.0,5.949999809265137,13.0,-123.55955300873335,48.13947076398793
1314,0.06327024847269058,0.0006546492222696543,0.0,5.949999809265137,13.0,-123.55955300873335,48.13947076398793
1315,0.06327024847269058,0.0006546492222696543,0.0,5.949999809265137,13.0,-123.55955300873335,48.13947076398793
1316,0.06327024847269058,0.0006546492222696543,0.0,5.949999809265137,13.0,-123.55955300873335,48.13947076398793
1317,0.0,0.0,0.0,0.0,94.04785919189453,-123.55915300873335,48.13947076398793
1318,0.0,0.0,0.0,0.0,348.281494140625,-123.55875300873335,48.13947076398793
1319,0.0,0.0,0.0,0.0,603.1624755859375,-123.55835300873335,48.13947076398793
1320,0.0,0.0,0.0,0.0,347.24774169921875,-123.56435300873333,48.13907076398793
1321,0.0,0.0,0.0,0.0,242.5634002685547,-123.56395300873334,48.13907076398793
1322,0.0,0.0,0.0,0.0,157.8480224609375,-123.56355300873334,48.13907076398793
1323,0.0,0.0,0.0,0.0,64.41273498535156,-123.56315300873334,48.13907076398793
1324,0.0,0.0,0.0,0.0,64.41273498535156,-123.56315300873334,48.13907076398793
1325,0.9944261312484741,6.954644777579233e-05,0.0,5.319829940795898,64.07027435302734,-123.56275300873334,48.13907076398793
1326,0.9944261312484741,6.954644777579233e-05,0.0,5.319829940795898,64.07027435302734,-123.56275300873334,48.13907076398793
1327,0.9944261312484741,6.954644777579233e-05,0.0,5.319829940795898,64.07027435302734,-123.56275300873334,48.13907076398793
1328,0.9944261312484741,6.954644777579233e-05,0.0,5.319829940795898,64.07027435302734,-123.56275300873334,48.13907076398793
1329,0.9944261312484741,6.954644777579233e-05,0.0,5.319829940795898,64.07027435302734,-123.56275300873334,48.13907076398793
1330,0.9944261312484741,6.954644777579233e-05,0.0,5.319829940795898,64.07027435302734,-123.56275300873334,48.13907076398793
1331,0.9944261312484741,6.954644777579233e-05,0.0,5.319829940795898,64.07027435302734,-123.56275300873334,48.13907076398793
1332,0.9944261312484741,6.954644777579233e-05,0.0,5.319829940795898,64.07027435302734,-123.56275300873334,48.13907076398793
1333,0.9944261312484741,6.954644777579233e-05,0.0,5.319829940795898,64.07027435302734,-123.56275300873334,48.13907076398793
1334,0.9944261312484741,6.954644777579233e-05,0.0,5.319829940795898,64.07027435302734,-123.56275300873334,48.13907076398793
1335,4.755504414788447e-05,0.00011697634181473404,0.0,5.2804179191589355,200.48191833496094,-123.56235300873334,48.13907076398793
1336,4.755504414788447e-05,0.00011697634181473404,0.0,5.2804179191589355,200.48191833496094,-123.56235300873334,48.13907076398793
1337,4.755504414788447e-05,0.00011697634181473404,0.0,5.2804179191589355,200.48191833496094,-123.56235300873334,48.13907076398793
1338,4.755504414788447e-05,0.00011697634181473404,0.0,5.2804179191589355,200.48191833496094,-123.56235300873334,48.13907076398793
1339,4.755504414788447e-05,0.00011697634181473404,0.0,5.2804179191589355,200.48191833496094,-123.56235300873334,48.13907076398793
1340,4.755504414788447e-05,0.00011697634181473404,0.0,5.2804179191589355,200.48191833496094,-123.56235300873334,48.13907076398793
1341,4.755504414788447e-05,0.00011697634181473404,0.0,5.2804179191589355,200.48191833496094,-123.56235300873334,48.13907076398793
1342,4.755504414788447e-05,0.00011697634181473404,0.0,5.2804179191589355,200.48191833496094,-123.56235300873334,48.13907076398793
1343,4.755504414788447e-05,0.00011697634181473404,0.0,5.2804179191589355,200.48191833496094,-123.56235300873334,48.13907076398793
1344,4.755504414788447e-05,0.00011697634181473404,0.0,5.2804179191589355,200.48191833496094,-123.56235300873334,48.13907076398793
1345,3.159090192639269e-05,0.0001766718487488106,0.0,5.565780162811279,158.90248107910156,-123.56195300873334,48.13907076398793
1346,3.159090192639269e-05,0.0001766718487488106,0.0,5.565780162811279,158.90248107910156,-123.56195300873334,48.13907076398793
1347,3.159090192639269e-05,0.0001766718487488106,0.0,5.565780162811279,158.90248107910156,-123.56195300873334,48.13907076398793
1348,3.159090192639269e-05,0.0001766718487488106,0.0,5.565780162811279,158.90248107910156,-123.56195300873334,48.13907076398793
1349,3.159090192639269e-05,0.0001766718487488106,0.0,5.565780162811279,158.90248107910156,-123.56195300873334,48.13907076398793
1350,3.159090192639269e-05,0.0001766718487488106,0.0,5.565780162811279,158.90248107910156,-123.56195300873334,48.13907076398793
1351,3.159090192639269e-05,0.0001766718487488106,0.0,5.565780162811279,158.90248107910156,-123.56195300873334,48.13907076398793
1352,3.159090192639269e-05,0.0001766718487488106,0.0,5.565780162811279,158.90248107910156,-123.56195300873334,48.13907076398793
1353,3.159090192639269e-05,0.0001766718487488106,0.0,5.565780162811279,158.90248107910156,-123.56195300873334,48.13907076398793
1354,3.159090192639269e-05,0.0001766718487488106,0.0,5.565780162811279,158.90248107910156,-123.56195300873334,48.13907076398793
1355,2.2495832752156275e-08,0.8646454811096191,0.0,5.413769721984863,35.510562896728516,-123.56155300873334,48.13907076398793
1356,2.2495832752156275e-08,0.8646454811096191,0.0,5.413769721984863,35.510562896728516,-123.56155300873334,48.13907076398793
1357,2.2495832752156275e-08,0.8646454811096191,0.0,5.413769721984863,35.510562896728516,-123.56155300873334,48.13907076398793
1358,2.2495832752156275e-08,0.8646454811096191,0.0,5.413769721984863,35.510562896728516,-123.56155300873334,48.13907076398793
1359,2.2495832752156275e-08,0.8646454811096191,0.0,5.413769721984863,35.510562896728516,-123.56155300873334,48.13907076398793
1360,2.2495832752156275e-08,0.8646454811096191,0.0,5.413769721984863,35.510562896728516,-123.56155300873334,48.13907076398793
1361,2.2495832752156275e-08,0.8646454811096191,0.0,5.413769721984863,35.510562896728516,-123.56155300873334,48.13907076398793
1362,2.2495832752156275e-08,0.8646454811096191,0.0,5.413769721984863,35.510562896728516,-123.56155300873334,48.13907076398793
1363,2.2495832752156275e-08,0.8646454811096191,0.0,5.413769721984863,35.510562896728516,-123.56155300873334,48.13907076398793
1364,2.2495832752156275e-08,0.8646454811096191,0.0,5.413769721984863,35.510562896728516,-123.56155300873334,48.13907076398793
1365,0.007971552200615406,0.008718976750969887,0.0,4.969442844390869,108.16654205322266,-123.56115300873334,48.13907076398793
1366,0.007971552200615406,0.008718976750969887,0.0,4.969442844390869,108.16654205322266,-123.56115300873334,48.13907076398793
1367,0.007971552200615406,0.008718976750969887,0.0,4.969442844390869,108.16654205322266,-123.56115300873334,48.13907076398793
1368,0.007971552200615406,0.008718976750969887,0.0,4.969442844390869,108.16654205322266,-123.56115300873334,48.13907076398793
1369,0.007971552200615406,0.008718976750969887,0.0,4.969442844390869,108.16654205322266,-123.56115300873334,48.13907076398793
1370,0.007971552200615406,0.008718976750969887,0.0,4.969442844390869,108.16654205322266,-123.56115300873334,48.13907076398793
1371,0.007971552200615406,0.008718976750969887,0.0,4.969442844390869,108.16654205322266,-123.56115300873334,48.13907076398793
1372,0.007971552200615406,0.008718976750969887,0.0,4.969442844390869,108.16654205322266,-123.56115300873334,48.13907076398793
1373,0.007971552200615406,0.008718976750969887,0.0,4.969442844390869,108.16654205322266,-123.56115300873334,48.13907076398793
1374,0.007971552200615406,0.008718976750969887,0.0,4.969442844390869,108.16654205322266,-123.56115300873334,48.13907076398793
1375,0.8477177619934082,0.0004574181803036481,0.0,6.519999980926514,207.95431518554688,-123.56075300873334,48.13907076398793
1376,0.8477177619934082,0.0004574181803036481,0.0,6.519999980926514,207.95431518554688,-123.56075300873334,48.13907076398793
1377,0.8477177619934082,0.0004574181803036481,0.0,6.519999980926514,207.95431518554688,-123.56075300873334,48.13907076398793
1378,0.8477177619934082,0.0004574181803036481,0.0,6.519999980926514,207.95431518554688,-123.56075300873334,48.13907076398793
1379,0.8477177619934082,0.0004574181803036481,0.0,6.519999980926514,207.95431518554688,-123.56075300873334,48.13907076398793
1380,0.8477177619934082,0.0004574181803036481,0.0,6.519999980926514,207.95431518554688,-123.56075300873334,48.13907076398793
1381,0.8477177619934082,0.0004574181803036481,0.0,6.519999980926514,207.95431518554688,-123.56075300873334,48.13907076398793
1382,0.8477177619934082,0.0004574181803036481,0.0,6.519999980926514,207.95431518554688,-123.56075300873334,48.13907076398793
1383,0.8477177619934082,0.0004574181803036481,0.0,6.519999980926514,207.95431518554688,-123.56075300873334,48.13907076398793
1384,0.8477177619934082,0.0004574181803036481,0.0,6.519999980926514,207.95431518554688,-123.56075300873334,48.13907076398793
1385,0.9998948574066162,2.263234455313068e-05,0.0,6.75,349.4452819824219,-123.56035300873334,48.13907076398793
1386,0.9998948574066162,2.263234455313068e-05,0.0,6.75,349.4452819824219,-123.56035300873334,48.13907076398793
1387,0.9998948574066162,2.263234455313068e-05,0.0,6.75,349.4452819824219,-123.56035300873334,48.13907076398793
1388,0.9998948574066162,2.263234455313068e-05,0.0,6.75,349.4452819824219,-123.56035300873334,48.13907076398793
1389,0.9998948574066162,2.263234455313068e-05,0.0,6.75,349.4452819824219,-123.56035300873334,48.13907076398793
1390,0.9998948574066162,2.263234455313068e-05,0.0,6.75,349.4452819824219,-123.56035300873334,48.13907076398793
1391,0.9998948574066162,2.263234455313068e-05,0.0,6.75,349.4452819824219,-123.56035300873334,48.13907076398793
1392,0.9998948574066162,2.263234455313068e-05,0.0,6.75,349.4452819824219,-123.56035300873334,48.13907076398793
1393,0.9998948574066162,2.263234455313068e-05,0.0,6.75,349.4452819824219,-123.56035300873334,48.13907076398793
1394,0.9998948574066162,2.263234455313068e-05,0.0,6.75,349.4452819824219,-123.56035300873334,48.13907076398793
1395,1.0,5.060524017608259e-06,0.0,6.389999866485596,188.87562561035156,-123.55995300873334,48.13907076398793
1396,1.0,5.060524017608259e-06,0.0,6.389999866485596,188.87562561035156,-123.55995300873334,48.13907076398793
1397,1.0,5.060524017608259e-06,0.0,6.389999866485596,188.87562561035156,-123.55995300873334,48.13907076398793
1398,1.0,5.060524017608259e-06,0.0,6.389999866485596,188.87562561035156,-123.55995300873334,48.13907076398793
1399,1.0,5.060524017608259e-06,0.0,6.389999866485596,188.87562561035156,-123.55995300873334,48.13907076398793
1400,1.0,5.060524017608259e-06,0.0,6.389999866485596,188.87562561035156,-123.55995300873334,48.13907076398793
1401,1.0,5.060524017608259e-06,0.0,6.389999866485596,188.87562561035156,-123.55995300873334,48.13907076398793
1402,1.0,5.060524017608259e-06,0.0,6.389999866485596,188.87562561035156,-123.55995300873334,48.13907076398793
1403,1.0,5.060524017608259e-06,0.0,6.389999866485596,188.87562561035156,-123.55995300873334,48.13907076398793
1404,1.0,5.060524017608259e-06,0.0,6.389999866485596,188.87562561035156,-123.55995300873334,48.13907076398793
1405,3.0257368166530796e-08,0.9998898506164551,0.0,5.036573886871338,4.242640495300293,-123.55955300873335,48.13907076398793
1406,3.0257368166530796e-08,0.9998898506164551,0.0,5.036573886871338,4.242640495300293,-123.55955300873335,48.13907076398793
1407,3.0257368166530796e-08,0.9998898506164551,0.0,5.036573886871338,4.242640495300293,-123.55955300873335,48.13907076398793
1408,3.0257368166530796e-08,0.9998898506164551,0.0,5.036573886871338,4.242640495300293,-123.55955300873335,48.13907076398793
1409,3.0257368166530796e-08,0.9998898506164551,0.0,5.036573886871338,4.242640495300293,-123.55955300873335,48.13907076398793
1410,3.0257368166530796e-08,0.9998898506164551,0.0,5.036573886871338,4.242640495300293,-123.55955300873335,48.13907076398793
1411,3.0257368166530796e-08,0.9998898506164551,0.0,5.036573886871338,4.242640495300293,-123.55955300873335,48.13907076398793
1412,3.0257368166530796e-08,0.9998898506164551,0.0,5.036573886871338,4.242640495300293,-123.55955300873335,48.13907076398793
1413,3.0257368166530796e-08,0.9998898506164551,0.0,5.036573886871338,4.242640495300293,-123.55955300873335,48.13907076398793
1414,3.0257368166530796e-08,0.9998898506164551,0.0,5.036573886871338,4.242640495300293,-123.55955300873335,48.13907076398793
1415,0.0,0.0,0.0,0.0,187.10958862304688,-123.55915300873335,48.13907076398793
1416,0.0,0.0,0.0,0.0,377.59503173828125,-123.55875300873335,48.13907076398793
1417,0.0,0.0,0.0,0.0,561.2815551757812,-123.55835300873335,48.13907076398793
1418,0.0,0.0,0.0,0.0,753.4055786132812,-123.55795300873335,48.13907076398793
1419,0.0,0.0,0.0,0.0,950.5556030273438,-123.55755300873335,48.13907076398793
1420,0.0,0.0,0.0,0.0,485.4122009277344,-123.56395300873334,48.13867076398793
1421,0.0,0.0,0.0,0.0,397.3977966308594,-123.56355300873334,48.13867076398793
1422,0.0,0.0,0.0,0.0,285.2455139160156,-123.56315300873334,48.13867076398793
1423,0.0,0.0,0.0,0.0,151.16217041015625,-123.56275300873334,48.13867076398793
1424,0.0,0.0,0.0,0.0,14.764822959899902,-123.56235300873334,48.13867076398793
1425,0.0,0.0,0.0,0.0,14.764822959899902,-123.56235300873334,48.13867076398793
1426,0.0,0.0,0.0,0.0,14.764822959899902,-123.56235300873334,48.13867076398793
1427,0.0,0.0,0.0,0.0,14.764822959899902,-123.56235300873334,48.13867076398793
1428,0.0,0.0,0.0,0.0,14.764822959899902,-123.56235300873334,48.13867076398793
1429,0.0,0.0,0.0,0.0,14.764822959899902,-123.56235300873334,48.13867076398793
1430,0.0,0.0,0.0,0.0,14.764822959899902,-123.56235300873334,48.13867076398793
1431,0.008077208884060383,0.001858243835158646,0.0,5.710771083831787,79.69943237304688,-123.56195300873334,48.13867076398793
1432,0.008077208884060383,0.001858243835158646,0.0,5.710771083831787,79.69943237304688,-123.56195300873334,48.13867076398793
1433,0.008077208884060383,0.001858243835158646,0.0,5.710771083831787,79.69943237304688,-123.56195300873334,48.13867076398793
1434,0.008077208884060383,0.001858243835158646,0.0,5.710771083831787,79.69943237304688,-123.56195300873334,48.13867076398793
1435,0.008077208884060383,0.001858243835158646,0.0,5.710771083831787,79.69943237304688,-123.56195300873334,48.13867076398793
1436,0.008077208884060383,0.001858243835158646,0.0,5.710771083831787,79.69943237304688,-123.56195300873334,48.13867076398793
1437,0.008077208884060383,0.001858243835158646,0.0,5.710771083831787,79.69943237304688,-123.56195300873334,48.13867076398793
1438,0.008077208884060383,0.001858243835158646,0.0,5.710771083831787,79.69943237304688,-123.56195300873334,48.13867076398793
1439,0.008077208884060383,0.001858243835158646,0.0,5.710771083831787,79.69943237304688,-123.56195300873334,48.13867076398793
1440,0.008077208884060383,0.001858243835158646,0.0,5.710771083831787,79.69943237304688,-123.56195300873334,48.13867076398793
1441,0.8534031510353088,0.0001746425696182996,1.0,5.760000228881836,112.36102294921875,-123.56155300873334,48.13867076398793
1442,0.8534031510353088,0.0001746425696182996,1.0,5.760000228881836,112.36102294921875,-123.56155300873334,48.13867076398793
1443,0.8534031510353088,0.0001746425696182996,1.0,5.760000228881836,112.36102294921875,-123.56155300873334,48.13867076398793
1444,0.8534031510353088,0.0001746425696182996,1.0,5.760000228881836,112.36102294921875,-123.56155300873334,48.13867076398793
1445,0.8534031510353088,0.0001746425696182996,1.0,5.760000228881836,112.36102294921875,-123.56155300873334,48.13867076398793
1446,0.8534031510353088,0.0001746425696182996,1.0,5.760000228881836,112.36102294921875,-123.56155300873334,48.13867076398793
1447,0.8534031510353088,0.0001746425696182996,1.0,5.760000228881836,112.36102294921875,-123.56155300873334,48.13867076398793
1448,0.8534031510353088,0.0001746425696182996,1.0,5.760000228881836,112.36102294921875,-123.56155300873334,48.13867076398793
1449,0.8534031510353088,0.0001746425696182996,1.0,5.760000228881836,112.36102294921875,-123.56155300873334,48.13867076398793
1450,0.8534031510353088,0.0001746425696182996,1.0,5.760000228881836,112.36102294921875,-123.56155300873334,48.13867076398793
1451,1.3252415556053165e-05,0.2979555130004883,0.0,4.989495277404785,20.2237491607666,-123.56115300873334,48.13867076398793
1452,1.3252415556053165e-05,0.2979555130004883,0.0,4.989495277404785,20.2237491607666,-123.56115300873334,48.13867076398793
1453,1.3252415556053165e-05,0.2979555130004883,0.0,4.989495277404785,20.2237491607666,-123.56115300873334,48.13867076398793
1454,1.3252415556053165e-05,0.2979555130004883,0.0,4.989495277404785,20.2237491607666,-123.56115300873334,48.13867076398793
1455,1.3252415556053165e-05,0.2979555130004883,0.0,4.989495277404785,20.2237491607666,-123.56115300873334,48.13867076398793
1456,1.3252415556053165e-05,0.2979555130004883,0.0,4.989495277404785,20.2237491607666,-123.56115300873334,48.13867076398793
1457,1.3252415556053165e-05,0.2979555130004883,0.0,4.989495277404785,20.2237491607666,-123.56115300873334,48.13867076398793
1458,1.3252415556053165e-05,0.2979555130004883,0.0,4.989495277404785,20.2237491607666,-123.56115300873334,48.13867076398793
1459,1.3252415556053165e-05,0.2979555130004883,0.0,4.989495277404785,20.2237491607666,-123.56115300873334,48.13867076398793
1460,1.3252415556053165e-05,0.2979555130004883,0.0,4.989495277404785,20.2237491607666,-123.56115300873334,48.13867076398793
1461,2.162003056582762e-07,0.9975764155387878,0.0,5.910315036773682,4.4721360206604,-123.56075300873334,48.13867076398793
1462,2.162003056582762e-07,0.9975764155387878,0.0,5.910315036773682,4.4721360206604,-123.56075300873334,48.13867076398793
1463,2.162003056582762e-07,0.9975764155387878,0.0,5.910315036773682,4.4721360206604,-123.56075300873334,48.13867076398793
1464,2.162003056582762e-07,0.9975764155387878,0.0,5.910315036773682,4.4721360206604,-123.56075300873334,48.13867076398793
1465,2.162003056582762e-07,0.9975764155387878,0.0,5.910315036773682,4.4721360206604,-123.56075300873334,48.13867076398793
1466,2.162003056582762e-07,0.9975764155387878,0.0,5.910315036773682,4.4721360206604,-123.56075300873334,48.13867076398793
1467,2.162003056582762e-07,0.9975764155387878,0.0,5.910315036773682,4.4721360206604,-123.56075300873334,48.13867076398793
1468,2.162003056582762e-07,0.9975764155387878,0.0,5.910315036773682,4.4721360206604,-123.56075300873334,48.13867076398793
1469,2.162003056582762e-07,0.9975764155387878,0.0,5.910315036773682,4.4721360206604,-123.56075300873334,48.13867076398793
1470,2.162003056582762e-07,0.9975764155387878,0.0,5.910315036773682,4.4721360206604,-123.56075300873334,48.13867076398793
1471,0.9992808699607849,2.8045158614986576e-05,0.0,6.199999809265137,102.83968353271484,-123.56035300873334,48.13867076398793
1472,0.9992808699607849,2.8045158614986576e-05,0.0,6.199999809265137,102.83968353271484,-123.56035300873334,48.13867076398793
1473,0.9992808699607849,2.8045158614986576e-05,0.0,6.199999809265137,102.83968353271484,-123.56035300873334,48.13867076398793
1474,0.9992808699607849,2.8045158614986576e-05,0.0,6.199999809265137,102.83968353271484,-123.56035300873334,48.13867076398793
1475,0.9992808699607849,2.8045158614986576e-05,0.0,6.199999809265137,102.83968353271484,-123.56035300873334,48.13867076398793
1476,0.9992808699607849,2.8045158614986576e-05,0.0,6.199999809265137,102.83968353271484,-123.56035300873334,48.13867076398793
1477,0.9992808699607849,2.8045158614986576e-05,0.0,6.199999809265137,102.83968353271484,-123.56035300873334,48.13867076398793
1478,0.9992808699607849,2.8045158614986576e-05,0.0,6.199999809265137,102.83968353271484,-123.56035300873334,48.13867076398793
1479,0.9992808699607849,2.8045158614986576e-05,0.0,6.199999809265137,102.83968353271484,-123.56035300873334,48.13867076398793
1480,0.9992808699607849,2.8045158614986576e-05,0.0,6.199999809265137,102.83968353271484,-123.56035300873334,48.13867076398793
1481,0.9999996423721313,1.3887318345950916e-05,0.0,6.239999771118164,156.92355346679688,-123.55995300873334,48.13867076398793
1482,0.9999996423721313,1.3887318345950916e-05,0.0,6.239999771118164,156.92355346679688,-123.55995300873334,48.13867076398793
1483,0.9999996423721313,1.3887318345950916e-05,0.0,6.239999771118164,156.92355346679688,-123.55995300873334,48.13867076398793
1484,0.9999996423721313,1.3887318345950916e-05,0.0,6.239999771118164,156.92355346679688,-123.55995300873334,48.13867076398793
1485,0.9999996423721313,1.3887318345950916e-05,0.0,6.239999771118164,156.92355346679688,-123.55995300873334,48.13867076398793
1486,0.9999996423721313,1.3887318345950916e-05,0.0,6.239999771118164,156.92355346679688,-123.55995300873334,48.13867076398793
1487,0.9999996423721313,1.3887318345950916e-05,0.0,6.239999771118164,156.92355346679688,-123.55995300873334,48.13867076398793
1488,0.9999996423721313,1.3887318345950916e-05,0.0,6.239999771118164,156.92355346679688,-123.55995300873334,48.13867076398793
1489,0.9999996423721313,1.3887318345950916e-05,0.0,6.239999771118164,156.92355346679688,-123.55995300873334,48.13867076398793
1490,0.9999996423721313,1.3887318345950916e-05,0.0,6.239999771118164,156.92355346679688,-123.55995300873334,48.13867076398793
1491,0.999995231628418,3.838656630250625e-05,0.0,7.320000171661377,54.58937454223633,-123.55955300873335,48.13867076398793
1492,0.999995231628418,3.838656630250625e-05,0.0,7.320000171661377,54.58937454223633,-123.55955300873335,48.13867076398793
1493,0.999995231628418,3.838656630250625e-05,0.0,7.320000171661377,54.58937454223633,-123.55955300873335,48.13867076398793
1494,0.999995231628418,3.838656630250625e-05,0.0,7.320000171661377,54.58937454223633,-123.55955300873335,48.13867076398793
1495,0.999995231628418,3.838656630250625e-05,0.0,7.320000171661377,54.58937454223633,-123.55955300873335,48.13867076398793
1496,0.999995231628418,3.838656630250625e-05,0.0,7.320000171661377,54.58937454223633,-123.55955300873335,48.13867076398793
1497,0.999995231628418,3.838656630250625e-05,0.0,7.320000171661377,54.58937454223633,-123.55955300873335,48.13867076398793
1498,0.999995231628418,3.838656630250625e-05,0.0,7.320000171661377,54.58937454223633,-123.55955300873335,48.13867076398793
1499,0.999995231628418,3.838656630250625e-05,0.0,7.320000171661377,54.58937454223633,-123.55955300873335,48.13867076398793
1500,0.999995231628418,3.838656630250625e-05,0.0,7.320000171661377,54.58937454223633,-123.55955300873335,48.13867076398793
1501,9.549210033821254e-11,0.9999672174453735,0.0,5.231022357940674,16.970561981201172,-123.55915300873335,48.13867076398793
1502,9.549210033821254e-11,0.9999672174453735,0.0,5.231022357940674,16.970561981201172,-123.55915300873335,48.13867076398793
1503,9.549210033821254e-11,0.9999672174453735,0.0,5.231022357940674,16.970561981201172,-123.55915300873335,48.13867076398793
1504,9.549210033821254e-11,0.9999672174453735,0.0,5.231022357940674,16.970561981201172,-123.55915300873335,48.13867076398793
1505,9.549210033821254e-11,0.9999672174453735,0.0,5.231022357940674,16.970561981201172,-123.55915300873335,48.13867076398793
1506,9.549210033821254e-11,0.9999672174453735,0.0,5.231022357940674,16.970561981201172,-123.55915300873335,48.13867076398793
1507,9.549210033821254e-11,0.9999672174453735,0.0,5.231022357940674,16.970561981201172,-123.55915300873335,48.13867076398793
1508,9.549210033821254e-11,0.9999672174453735,0.0,5.231022357940674,16.970561981201172,-123.55915300873335,48.13867076398793
1509,9.549210033821254e-11,0.9999672174453735,0.0,5.231022357940674,16.970561981201172,-123.55915300873335,48.13867076398793
1510,9.549210033821254e-11,0.9999672174453735,0.0,5.231022357940674,16.970561981201172,-123.55915300873335,48.13867076398793
1511,0.0,0.0,0.0,0.0,633.4705810546875,-123.56355300873334,48.13827076398793
1512,0.0,0.0,0.0,0.0,501.37908935546875,-123.56315300873334,48.13827076398793
1513,0.0,0.0,0.0,0.0,364.7711486816406,-123.56275300873334,48.13827076398793
1514,0.0,0.0,0.0,0.0,238.0777130126953,-123.56235300873334,48.13827076398793
1515,0.0,0.0,0.0,0.0,169.6732177734375,-123.56195300873334,48.13827076398793
1516,0.0,0.0,0.0,0.0,140.356689453125,-123.56155300873334,48.13827076398793
1517,3.3414569315937115e-06,0.9989981055259705,0.0,5.119640350341797,1.0,-123.56115300873334,48.13827076398793
1518,3.3414569315937115e-06,0.9989981055259705,0.0,5.119640350341797,1.0,-123.56115300873334,48.13827076398793
1519,3.3414569315937115e-06,0.9989981055259705,0.0,5.119640350341797,1.0,-123.56115300873334,48.13827076398793
1520,3.3414569315937115e-06,0.9989981055259705,0.0,5.119640350341797,1.0,-123.56115300873334,48.13827076398793
1521,3.3414569315937115e-06,0.9989981055259705,0.0,5.119640350341797,1.0,-123.56115300873334,48.13827076398793
1522,3.3414569315937115e-06,0.9989981055259705,0.0,5.119640350341797,1.0,-123.56115300873334,48.13827076398793
1523,3.3414569315937115e-06,0.9989981055259705,0.0,5.119640350341797,1.0,-123.56115300873334,48.13827076398793
1524,3.3414569315937115e-06,0.9989981055259705,0.0,5.119640350341797,1.0,-123.56115300873334,48.13827076398793
1525,3.3414569315937115e-06,0.9989981055259705,0.0,5.119640350341797,1.0,-123.56115300873334,48.13827076398793
1526,3.3414569315937115e-06,0.9989981055259705,0.0,5.119640350341797,1.0,-123.56115300873334,48.13827076398793
1527,8.428494879808568e-08,0.9985878467559814,0.0,6.052323818206787,34.36568069458008,-123.56075300873334,48.13827076398793
1528,8.428494879808568e-08,0.9985878467559814,0.0,6.052323818206787,34.36568069458008,-123.56075300873334,48.13827076398793
1529,8.428494879808568e-08,0.9985878467559814,0.0,6.052323818206787,34.36568069458008,-123.56075300873334,48.13827076398793
1530,8.428494879808568e-08,0.9985878467559814,0.0,6.052323818206787,34.36568069458008,-123.56075300873334,48.13827076398793
1531,8.428494879808568e-08,0.9985878467559814,0.0,6.052323818206787,34.36568069458008,-123.56075300873334,48.13827076398793
1532,8.428494879808568e-08,0.9985878467559814,0.0,6.052323818206787,34.36568069458008,-123.56075300873334,48.13827076398793
1533,8.428494879808568e-08,0.9985878467559814,0.0,6.052323818206787,34.36568069458008,-123.56075300873334,48.13827076398793
1534,8.428494879808568e-08,0.9985878467559814,0.0,6.052323818206787,34.36568069458008,-123.56075300873334,48.13827076398793
1535,8.428494879808568e-08,0.9985878467559814,0.0,6.052323818206787,34.36568069458008,-123.56075300873334,48.13827076398793
1536,8.428494879808568e-08,0.9985878467559814,0.0,6.052323818206787,34.36568069458008,-123.56075300873334,48.13827076398793
1537,0.00041187246097251773,0.8711658716201782,0.0,6.11638879776001,1.4142135381698608,-123.56035300873334,48.13827076398793
1538,0.00041187246097251773,0.8711658716201782,0.0,6.11638879776001,1.4142135381698608,-123.56035300873334,48.13827076398793
1539,0.00041187246097251773,0.8711658716201782,0.0,6.11638879776001,1.4142135381698608,-123.56035300873334,48.13827076398793
1540,0.00041187246097251773,0.8711658716201782,0.0,6.11638879776001,1.4142135381698608,-123.56035300873334,48.13827076398793
1541,0.00041187246097251773,0.8711658716201782,0.0,6.11638879776001,1.4142135381698608,-123.56035300873334,48.13827076398793
1542,0.00041187246097251773,0.8711658716201782,0.0,6.11638879776001,1.4142135381698608,-123.56035300873334,48.13827076398793
1543,0.00041187246097251773,0.8711658716201782,0.0,6.11638879776001,1.4142135381698608,-123.56035300873334,48.13827076398793
1544,0.00041187246097251773,0.8711658716201782,0.0,6.11638879776001,1.4142135381698608,-123.56035300873334,48.13827076398793
1545,0.00041187246097251773,0.8711658716201782,0.0,6.11638879776001,1.4142135381698608,-123.56035300873334,48.13827076398793
1546,0.00041187246097251773,0.8711658716201782,0.0,6.11638879776001,1.4142135381698608,-123.56035300873334,48.13827076398793
1547,0.9997087121009827,5.495956429513171e-05,0.0,6.519999980926514,94.04785919189453,-123.55995300873334,48.13827076398793
1548,0.9997087121009827,5.495956429513171e-05,0.0,6.519999980926514,94.04785919189453,-123.55995300873334,48.13827076398793
1549,0.9997087121009827,5.495956429513171e-05,0.0,6.519999980926514,94.04785919189453,-123.55995300873334,48.13827076398793
1550,0.9997087121009827,5.495956429513171e-05,0.0,6.519999980926514,94.04785919189453,-123.55995300873334,48.13827076398793
1551,0.9997087121009827,5.495956429513171e-05,0.0,6.519999980926514,94.04785919189453,-123.55995300873334,48.13827076398793
1552,0.9997087121009827,5.495956429513171e-05,0.0,6.519999980926514,94.04785919189453,-123.55995300873334,48.13827076398793
1553,0.9997087121009827,5.495956429513171e-05,0.0,6.519999980926514,94.04785919189453,-123.55995300873334,48.13827076398793
1554,0.9997087121009827,5.495956429513171e-05,0.0,6.519999980926514,94.04785919189453,-123.55995300873334,48.13827076398793
1555,0.9997087121009827,5.495956429513171e-05,0.0,6.519999980926514,94.04785919189453,-123.55995300873334,48.13827076398793
1556,0.9997087121009827,5.495956429513171e-05,0.0,6.519999980926514,94.04785919189453,-123.55995300873334,48.13827076398793
1557,0.9994462132453918,5.214037446421571e-05,0.0,6.510000228881836,131.0152587890625,-123.55955300873335,48.13827076398793
1558,0.9994462132453918,5.214037446421571e-05,0.0,6.510000228881836,131.0152587890625,-123.55955300873335,48.13827076398793
1559,0.9994462132453918,5.214037446421571e-05,0.0,6.510000228881836,131.0152587890625,-123.55955300873335,48.13827076398793
1560,0.9994462132453918,5.214037446421571e-05,0.0,6.510000228881836,131.0152587890625,-123.55955300873335,48.13827076398793
1561,0.9994462132453918,5.214037446421571e-05,0.0,6.510000228881836,131.0152587890625,-123.55955300873335,48.13827076398793
1562,0.9994462132453918,5.214037446421571e-05,0.0,6.510000228881836,131.0152587890625,-123.55955300873335,48.13827076398793
1563,0.9994462132453918,5.214037446421571e-05,0.0,6.510000228881836,131.0152587890625,-123.55955300873335,48.13827076398793
1564,0.9994462132453918,5.214037446421571e-05,0.0,6.510000228881836,131.0152587890625,-123.55955300873335,48.13827076398793
1565,0.9994462132453918,5.214037446421571e-05,0.0,6.510000228881836,131.0152587890625,-123.55955300873335,48.13827076398793
1566,0.9994462132453918,5.214037446421571e-05,0.0,6.510000228881836,131.0152587890625,-123.55955300873335,48.13827076398793
1567,0.9985765218734741,0.00032619127887301147,0.0,6.420000076293945,157.8765411376953,-123.55915300873335,48.13827076398793
1568,0.9985765218734741,0.00032619127887301147,0.0,6.420000076293945,157.8765411376953,-123.55915300873335,48.13827076398793
1569,0.9985765218734741,0.00032619127887301147,0.0,6.420000076293945,157.8765411376953,-123.55915300873335,48.13827076398793
1570,0.9985765218734741,0.00032619127887301147,0.0,6.420000076293945,157.8765411376953,-123.55915300873335,48.13827076398793
1571,0.9985765218734741,0.00032619127887301147,0.0,6.420000076293945,157.8765411376953,-123.55915300873335,48.13827076398793
1572,0.9985765218734741,0.00032619127887301147,0.0,6.420000076293945,157.8765411376953,-123.55915300873335,48.13827076398793
1573,0.9985765218734741,0.00032619127887301147,0.0,6.420000076293945,157.8765411376953,-123.55915300873335,48.13827076398793
1574,0.9985765218734741,0.00032619127887301147,0.0,6.420000076293945,157.8765411376953,-123.55915300873335,48.13827076398793
1575,0.9985765218734741,0.00032619127887301147,0.0,6.420000076293945,157.8765411376953,-123.55915300873335,48.13827076398793
1576,0.9985765218734741,0.00032619127887301147,0.0,6.420000076293945,157.8765411376953,-123.55915300873335,48.13827076398793
1577,1.0160709962292458e-06,0.9974067807197571,0.0,5.926968574523926,36.06937789916992,-123.55875300873335,48.13827076398793
1578,1.0160709962292458e-06,0.9974067807197571,0.0,5.926968574523926,36.06937789916992,-123.55875300873335,48.13827076398793
1579,1.0160709962292458e-06,0.9974067807197571,0.0,5.926968574523926,36.06937789916992,-123.55875300873335,48.13827076398793
1580,1.0160709962292458e-06,0.9974067807197571,0.0,5.926968574523926,36.06937789916992,-123.55875300873335,48.13827076398793
1581,1.0160709962292458e-06,0.9974067807197571,0.0,5.926968574523926,36.06937789916992,-123.55875300873335,48.13827076398793
1582,1.0160709962292458e-06,0.9974067807197571,0.0,5.926968574523926,36.06937789916992,-123.55875300873335,48.13827076398793
1583,1.0160709962292458e-06,0.9974067807197571,0.0,5.926968574523926,36.06937789916992,-123.55875300873335,48.13827076398793
1584,1.0160709962292458e-06,0.9974067807197571,0.0,5.926968574523926,36.06937789916992,-123.55875300873335,48.13827076398793
1585,1.0160709962292458e-06,0.9974067807197571,0.0,5.926968574523926,36.06937789916992,-123.55875300873335,48.13827076398793
1586,1.0160709962292458e-06,0.9974067807197571,0.0,5.926968574523926,36.06937789916992,-123.55875300873335,48.13827076398793
1587,0.0,0.0,0.0,0.0,583.16552734375,-123.56275300873334,48.137870763987934
1588,0.0,0.0,0.0,0.0,480.75982666015625,-123.56235300873334,48.137870763987934
1589,0.0,0.0,0.0,0.0,420.8622131347656,-123.56195300873334,48.137870763987934
1590,0.0,0.0,0.0,0.0,263.0456237792969,-123.56155300873334,48.137870763987934
1591,1.0308343689757749e-06,0.997154712677002,0.0,5.409387588500977,25.495098114013672,-123.56115300873334,48.137870763987934
1592,1.0308343689757749e-06,0.997154712677002,0.0,5.409387588500977,25.495098114013672,-123.56115300873334,48.137870763987934
1593,1.0308343689757749e-06,0.997154712677002,0.0,5.409387588500977,25.495098114013672,-123.56115300873334,48.137870763987934
1594,1.0308343689757749e-06,0.997154712677002,0.0,5.409387588500977,25.495098114013672,-123.56115300873334,48.137870763987934
1595,1.0308343689757749e-06,0.997154712677002,0.0,5.409387588500977,25.495098114013672,-123.56115300873334,48.137870763987934
1596,1.0308343689757749e-06,0.997154712677002,0.0,5.409387588500977,25.495098114013672,-123.56115300873334,48.137870763987934
1597,1.0308343689757749e-06,0.997154712677002,0.0,5.409387588500977,25.495098114013672,-123.56115300873334,48.137870763987934
1598,1.0308343689757749e-06,0.997154712677002,0.0,5.409387588500977,25.495098114013672,-123.56115300873334,48.137870763987934
1599,1.0308343689757749e-06,0.997154712677002,0.0,5.409387588500977,25.495098114013672,-123.56115300873334,48.137870763987934
1600,1.0308343689757749e-06,0.997154712677002,0.0,5.409387588500977,25.495098114013672,-123.56115300873334,48.137870763987934
1601,0.00010551275045145303,0.4532574415206909,0.0,6.793835163116455,103.7545166015625,-123.56075300873334,48.137870763987934
1602,0.00010551275045145303,0.4532574415206909,0.0,6.793835163116455,103.7545166015625,-123.56075300873334,48.137870763987934
1603,0.00010551275045145303,0.4532574415206909,0.0,6.793835163116455,103.7545166015625,-123.56075300873334,48.137870763987934
1604,0.00010551275045145303,0.4532574415206909,0.0,6.793835163116455,103.7545166015625,-123.56075300873334,48.137870763987934
1605,0.00010551275045145303,0.4532574415206909,0.0,6.793835163116455,103.7545166015625,-123.56075300873334,48.137870763987934
1606,0.00010551275045145303,0.4532574415206909,0.0,6.793835163116455,103.7545166015625,-123.56075300873334,48.137870763987934
1607,0.00010551275045145303,0.4532574415206909,0.0,6.793835163116455,103.7545166015625,-123.56075300873334,48.137870763987934
1608,0.00010551275045145303,0.4532574415206909,0.0,6.793835163116455,103.7545166015625,-123.56075300873334,48.137870763987934
1609,0.00010551275045145303,0.4532574415206909,0.0,6.793835163116455,103.7545166015625,-123.56075300873334,48.137870763987934
1610,0.00010551275045145303,0.4532574415206909,0.0,6.793835163116455,103.7545166015625,-123.56075300873334,48.137870763987934
1611,8.474713467876427e-06,0.6576703786849976,0.0,6.416535377502441,72.83543395996094,-123.56035300873334,48.137870763987934
1612,8.474713467876427e-06,0.6576703786849976,0.0,6.416535377502441,72.83543395996094,-123.56035300873334,48.137870763987934
1613,8.474713467876427e-06,0.6576703786849976,0.0,6.416535377502441,72.83543395996094,-123.56035300873334,48.137870763987934
1614,8.474713467876427e-06,0.6576703786849976,0.0,6.416535377502441,72.83543395996094,-123.56035300873334,48.137870763987934
1615,8.474713467876427e-06,0.6576703786849976,0.0,6.416535377502441,72.83543395996094,-123.56035300873334,48.137870763987934
1616,8.474713467876427e-06,0.6576703786849976,0.0,6.416535377502441,72.83543395996094,-123.56035300873334,48.137870763987934
1617,8.474713467876427e-06,0.6576703786849976,0.0,6.416535377502441,72.83543395996094,-123.56035300873334,48.137870763987934
1618,8.474713467876427e-06,0.6576703786849976,0.0,6.416535377502441,72.83543395996094,-123.56035300873334,48.137870763987934
1619,8.474713467876427e-06,0.6576703786849976,0.0,6.416535377502441,72.83543395996094,-123.56035300873334,48.137870763987934
1620,8.474713467876427e-06,0.6576703786849976,0.0,6.416535377502441,72.83543395996094,-123.56035300873334,48.137870763987934
1621,0.9935159683227539,0.0020800610072910786,0.0,6.329999923706055,312.03204345703125,-123.55995300873334,48.137870763987934
1622,0.9935159683227539,0.0020800610072910786,0.0,6.329999923706055,312.03204345703125,-123.55995300873334,48.137870763987934
1623,0.9935159683227539,0.0020800610072910786,0.0,6.329999923706055,312.03204345703125,-123.55995300873334,48.137870763987934
1624,0.9935159683227539,0.0020800610072910786,0.0,6.329999923706055,312.03204345703125,-123.55995300873334,48.137870763987934
1625,0.9935159683227539,0.0020800610072910786,0.0,6.329999923706055,312.03204345703125,-123.55995300873334,48.137870763987934
1626,0.9935159683227539,0.0020800610072910786,0.0,6.329999923706055,312.03204345703125,-123.55995300873334,48.137870763987934
1627,0.9935159683227539,0.0020800610072910786,0.0,6.329999923706055,312.03204345703125,-123.55995300873334,48.137870763987934
1628,0.9935159683227539,0.0020800610072910786,0.0,6.329999923706055,312.03204345703125,-123.55995300873334,48.137870763987934
1629,0.9935159683227539,0.0020800610072910786,0.0,6.329999923706055,312.03204345703125,-123.55995300873334,48.137870763987934
1630,0.9935159683227539,0.0020800610072910786,0.0,6.329999923706055,312.03204345703125,-123.55995300873334,48.137870763987934
1631,0.9999890327453613,3.951743201469071e-05,0.0,6.519999980926514,361.1786193847656,-123.55955300873335,48.137870763987934
1632,0.9999890327453613,3.951743201469071e-05,0.0,6.519999980926514,361.1786193847656,-123.55955300873335,48.137870763987934
1633,0.9999890327453613,3.951743201469071e-05,0.0,6.519999980926514,361.1786193847656,-123.55955300873335,48.137870763987934
1634,0.9999890327453613,3.951743201469071e-05,0.0,6.519999980926514,361.1786193847656,-123.55955300873335,48.137870763987934
1635,0.9999890327453613,3.951743201469071e-05,0.0,6.519999980926514,361.1786193847656,-123.55955300873335,48.137870763987934
1636,0.9999890327453613,3.951743201469071e-05,0.0,6.519999980926514,361.1786193847656,-123.55955300873335,48.137870763987934
1637,0.9999890327453613,3.951743201469071e-05,0.0,6.519999980926514,361.1786193847656,-123.55955300873335,48.137870763987934
1638,0.9999890327453613,3.951743201469071e-05,0.0,6.519999980926514,361.1786193847656,-123.55955300873335,48.137870763987934
1639,0.9999890327453613,3.951743201469071e-05,0.0,6.519999980926514,361.1786193847656,-123.55955300873335,48.137870763987934
1640,0.9999890327453613,3.951743201469071e-05,0.0,6.519999980926514,361.1786193847656,-123.55955300873335,48.137870763987934
1641,0.9999992847442627,2.9520837415475398e-05,0.0,7.260000228881836,322.23284912109375,-123.55915300873335,48.137870763987934
1642,0.9999992847442627,2.9520837415475398e-05,0.0,7.260000228881836,322.23284912109375,-123.55915300873335,48.137870763987934
1643,0.9999992847442627,2.9520837415475398e-05,0.0,7.260000228881836,322.23284912109375,-123.55915300873335,48.137870763987934
1644,0.9999992847442627,2.9520837415475398e-05,0.0,7.260000228881836,322.23284912109375,-123.55915300873335,48.137870763987934
1645,0.9999992847442627,2.9520837415475398e-05,0.0,7.260000228881836,322.23284912109375,-123.55915300873335,48.137870763987934
1646,0.9999992847442627,2.9520837415475398e-05,0.0,7.260000228881836,322.23284912109375,-123.55915300873335,48.137870763987934
1647,0.9999992847442627,2.9520837415475398e-05,0.0,7.260000228881836,322.23284912109375,-123.55915300873335,48.137870763987934
1648,0.9999992847442627,2.9520837415475398e-05,0.0,7.260000228881836,322.23284912109375,-123.55915300873335,48.137870763987934
1649,0.9999992847442627,2.9520837415475398e-05,0.0,7.260000228881836,322.23284912109375,-123.55915300873335,48.137870763987934
1650,0.9999992847442627,2.9520837415475398e-05,0.0,7.260000228881836,322.23284912109375,-123.55915300873335,48.137870763987934
1651,0.9934340715408325,0.00463909050449729,0.0,6.320000171661377,121.62236785888672,-123.55875300873335,48.137870763987934
1652,0.9934340715408325,0.00463909050449729,0.0,6.320000171661377,121.62236785888672,-123.55875300873335,48.137870763987934
1653,0.9934340715408325,0.00463909050449729,0.0,6.320000171661377,121.62236785888672,-123.55875300873335,48.137870763987934
1654,0.9934340715408325,0.00463909050449729,0.0,6.320000171661377,121.62236785888672,-123.55875300873335,48.137870763987934
1655,0.9934340715408325,0.00463909050449729,0.0,6.320000171661377,121.62236785888672,-123.55875300873335,48.137870763987934
1656,0.9934340715408325,0.00463909050449729,0.0,6.320000171661377,121.62236785888672,-123.55875300873335,48.137870763987934
1657,0.9934340715408325,0.00463909050449729,0.0,6.320000171661377,121.62236785888672,-123.55875300873335,48.137870763987934
1658,0.9934340715408325,0.00463909050449729,0.0,6.320000171661377,121.62236785888672,-123.55875300873335,48.137870763987934
1659,0.9934340715408325,0.00463909050449729,0.0,6.320000171661377,121.62236785888672,-123.55875300873335,48.137870763987934
1660,0.9934340715408325,0.00463909050449729,0.0,6.320000171661377,121.62236785888672,-123.55875300873335,48.137870763987934
1661,0.969916820526123,0.009737906977534294,0.0,5.900688171386719,69.81404113769531,-123.55835300873335,48.137870763987934
1662,0.969916820526123,0.009737906977534294,0.0,5.900688171386719,69.81404113769531,-123.55835300873335,48.137870763987934
1663,0.969916820526123,0.009737906977534294,0.0,5.900688171386719,69.81404113769531,-123.55835300873335,48.137870763987934
1664,0.969916820526123,0.009737906977534294,0.0,5.900688171386719,69.81404113769531,-123.55835300873335,48.137870763987934
1665,0.969916820526123,0.009737906977534294,0.0,5.900688171386719,69.81404113769531,-123.55835300873335,48.137870763987934
1666,0.969916820526123,0.009737906977534294,0.0,5.900688171386719,69.81404113769531,-123.55835300873335,48.137870763987934
1667,0.969916820526123,0.009737906977534294,0.0,5.900688171386719,69.81404113769531,-123.55835300873335,48.137870763987934
1668,0.969916820526123,0.009737906977534294,0.0,5.900688171386719,69.81404113769531,-123.55835300873335,48.137870763987934
1669,0.969916820526123,0.009737906977534294,0.0,5.900688171386719,69.81404113769531,-123.55835300873335,48.137870763987934
1670,0.0,0.0,0.0,0.0,807.8464965820312,-123.56275300873334,48.137470763987935
1671,0.0,0.0,0.0,0.0,724.6033325195312,-123.56235300873334,48.137470763987935
1672,0.0,0.0,0.0,0.0,506.6754455566406,-123.56195300873334,48.137470763987935
1673,0.0,0.0,0.0,0.0,253.14027404785156,-123.56155300873334,48.137470763987935
1674,0.00010646185546647757,0.018191007897257805,0.0,5.809999942779541,0.0,-123.56115300873334,48.137470763987935
1675,0.00010646185546647757,0.018191007897257805,0.0,5.809999942779541,0.0,-123.56115300873334,48.137470763987935
1676,0.00010646185546647757,0.018191007897257805,0.0,5.809999942779541,0.0,-123.56115300873334,48.137470763987935
1677,0.00010646185546647757,0.018191007897257805,0.0,5.809999942779541,0.0,-123.56115300873334,48.137470763987935
1678,0.00010646185546647757,0.018191007897257805,0.0,5.809999942779541,0.0,-123.56115300873334,48.137470763987935
1679,0.00010646185546647757,0.018191007897257805,0.0,5.809999942779541,0.0,-123.56115300873334,48.137470763987935
1680,0.00010646185546647757,0.018191007897257805,0.0,5.809999942779541,0.0,-123.56115300873334,48.137470763987935
1681,0.00010646185546647757,0.018191007897257805,0.0,5.809999942779541,0.0,-123.56115300873334,48.137470763987935
1682,0.00010646185546647757,0.018191007897257805,0.0,5.809999942779541,0.0,-123.56115300873334,48.137470763987935
1683,0.00010646185546647757,0.018191007897257805,0.0,5.809999942779541,0.0,-123.56115300873334,48.137470763987935
1684,7.1183258114615455e-06,0.998264729976654,0.0,6.420000076293945,95.4620361328125,-123.56075300873334,48.137470763987935
1685,7.1183258114615455e-06,0.998264729976654,0.0,6.420000076293945,95.4620361328125,-123.56075300873334,48.137470763987935
1686,7.1183258114615455e-06,0.998264729976654,0.0,6.420000076293945,95.4620361328125,-123.56075300873334,48.137470763987935
1687,7.1183258114615455e-06,0.998264729976654,0.0,6.420000076293945,95.4620361328125,-123.56075300873334,48.137470763987935
1688,7.1183258114615455e-06,0.998264729976654,0.0,6.420000076293945,95.4620361328125,-123.56075300873334,48.137470763987935
1689,7.1183258114615455e-06,0.998264729976654,0.0,6.420000076293945,95.4620361328125,-123.56075300873334,48.137470763987935
1690,7.1183258114615455e-06,0.998264729976654,0.0,6.420000076293945,95.4620361328125,-123.56075300873334,48.137470763987935
1691,7.1183258114615455e-06,0.998264729976654,0.0,6.420000076293945,95.4620361328125,-123.56075300873334,48.137470763987935
1692,7.1183258114615455e-06,0.998264729976654,0.0,6.420000076293945,95.4620361328125,-123.56075300873334,48.137470763987935
1693,7.1183258114615455e-06,0.998264729976654,0.0,6.420000076293945,95.4620361328125,-123.56075300873334,48.137470763987935
1694,0.4042929410934448,0.012573613785207272,0.0,6.4706830978393555,135.5654754638672,-123.56035300873334,48.137470763987935
1695,0.4042929410934448,0.012573613785207272,0.0,6.4706830978393555,135.5654754638672,-123.56035300873334,48.137470763987935
1696,0.4042929410934448,0.012573613785207272,0.0,6.4706830978393555,135.5654754638672,-123.56035300873334,48.137470763987935
1697,0.4042929410934448,0.012573613785207272,0.0,6.4706830978393555,135.5654754638672,-123.56035300873334,48.137470763987935
1698,0.4042929410934448,0.012573613785207272,0.0,6.4706830978393555,135.5654754638672,-123.56035300873334,48.137470763987935
1699,0.4042929410934448,0.012573613785207272,0.0,6.4706830978393555,135.5654754638672,-123.56035300873334,48.137470763987935
1700,0.4042929410934448,0.012573613785207272,0.0,6.4706830978393555,135.5654754638672,-123.56035300873334,48.137470763987935
1701,0.4042929410934448,0.012573613785207272,0.0,6.4706830978393555,135.5654754638672,-123.56035300873334,48.137470763987935
1702,0.4042929410934448,0.012573613785207272,0.0,6.4706830978393555,135.5654754638672,-123.56035300873334,48.137470763987935
1703,0.4042929410934448,0.012573613785207272,0.0,6.4706830978393555,135.5654754638672,-123.56035300873334,48.137470763987935
1704,0.9999886751174927,0.00011900157551281154,0.0,6.610000133514404,370.309326171875,-123.55995300873334,48.137470763987935
1705,0.9999886751174927,0.00011900157551281154,0.0,6.610000133514404,370.309326171875,-123.55995300873334,48.137470763987935
1706,0.9999886751174927,0.00011900157551281154,0.0,6.610000133514404,370.309326171875,-123.55995300873334,48.137470763987935
1707,0.9999886751174927,0.00011900157551281154,0.0,6.610000133514404,370.309326171875,-123.55995300873334,48.137470763987935
1708,0.9999886751174927,0.00011900157551281154,0.0,6.610000133514404,370.309326171875,-123.55995300873334,48.137470763987935
1709,0.9999886751174927,0.00011900157551281154,0.0,6.610000133514404,370.309326171875,-123.55995300873334,48.137470763987935
1710,0.9999886751174927,0.00011900157551281154,0.0,6.610000133514404,370.309326171875,-123.55995300873334,48.137470763987935
1711,0.9999886751174927,0.00011900157551281154,0.0,6.610000133514404,370.309326171875,-123.55995300873334,48.137470763987935
1712,0.9999886751174927,0.00011900157551281154,0.0,6.610000133514404,370.309326171875,-123.55995300873334,48.137470763987935
1713,0.9999886751174927,0.00011900157551281154,0.0,6.610000133514404,370.309326171875,-123.55995300873334,48.137470763987935
1714,0.9999995231628418,1.259440068679396e-05,0.0,7.110000133514404,611.0728149414062,-123.55955300873335,48.137470763987935
1715,0.9999995231628418,1.259440068679396e-05,0.0,7.110000133514404,611.0728149414062,-123.55955300873335,48.137470763987935
1716,0.9999995231628418,1.259440068679396e-05,0.0,7.110000133514404,611.0728149414062,-123.55955300873335,48.137470763987935
1717,0.9999995231628418,1.259440068679396e-05,0.0,7.110000133514404,611.0728149414062,-123.55955300873335,48.137470763987935
1718,0.9999995231628418,1.259440068679396e-05,0.0,7.110000133514404,611.0728149414062,-123.55955300873335,48.137470763987935
1719,0.9999995231628418,1.259440068679396e-05,0.0,7.110000133514404,611.0728149414062,-123.55955300873335,48.137470763987935
1720,0.9999995231628418,1.259440068679396e-05,0.0,7.110000133514404,611.0728149414062,-123.55955300873335,48.137470763987935
1721,0.9999995231628418,1.259440068679396e-05,0.0,7.110000133514404,611.0728149414062,-123.55955300873335,48.137470763987935
1722,0.9999995231628418,1.259440068679396e-05,0.0,7.110000133514404,611.0728149414062,-123.55955300873335,48.137470763987935
1723,0.9999995231628418,1.259440068679396e-05,0.0,7.110000133514404,611.0728149414062,-123.55955300873335,48.137470763987935
1724,0.9999996423721313,3.6049957998329774e-05,0.0,7.110000133514404,482.246826171875,-123.55915300873335,48.137470763987935
1725,0.9999996423721313,3.6049957998329774e-05,0.0,7.110000133514404,482.246826171875,-123.55915300873335,48.137470763987935
1726,0.9999996423721313,3.6049957998329774e-05,0.0,7.110000133514404,482.246826171875,-123.55915300873335,48.137470763987935
1727,0.9999996423721313,3.6049957998329774e-05,0.0,7.110000133514404,482.246826171875,-123.55915300873335,48.137470763987935
1728,0.9999996423721313,3.6049957998329774e-05,0.0,7.110000133514404,482.246826171875,-123.55915300873335,48.137470763987935
1729,0.9999996423721313,3.6049957998329774e-05,0.0,7.110000133514404,482.246826171875,-123.55915300873335,48.137470763987935
1730,0.9999996423721313,3.6049957998329774e-05,0.0,7.110000133514404,482.246826171875,-123.55915300873335,48.137470763987935
1731,0.9999996423721313,3.6049957998329774e-05,0.0,7.110000133514404,482.246826171875,-123.55915300873335,48.137470763987935
1732,0.9999996423721313,3.6049957998329774e-05,0.0,7.110000133514404,482.246826171875,-123.55915300873335,48.137470763987935
1733,0.9999996423721313,3.6049957998329774e-05,0.0,7.110000133514404,482.246826171875,-123.55915300873335,48.137470763987935
1734,0.1443292796611786,0.8790286183357239,0.0,6.570000171661377,286.2760925292969,-123.55875300873335,48.137470763987935
1735,0.1443292796611786,0.8790286183357239,0.0,6.570000171661377,286.2760925292969,-123.55875300873335,48.137470763987935
1736,0.1443292796611786,0.8790286183357239,0.0,6.570000171661377,286.2760925292969,-123.55875300873335,48.137470763987935
1737,0.1443292796611786,0.8790286183357239,0.0,6.570000171661377,286.2760925292969,-123.55875300873335,48.137470763987935
1738,0.1443292796611786,0.8790286183357239,0.0,6.570000171661377,286.2760925292969,-123.55875300873335,48.137470763987935
1739,0.1443292796611786,0.8790286183357239,0.0,6.570000171661377,286.2760925292969,-123.55875300873335,48.137470763987935
1740,0.1443292796611786,0.8790286183357239,0.0,6.570000171661377,286.2760925292969,-123.55875300873335,48.137470763987935
1741,0.1443292796611786,0.8790286183357239,0.0,6.570000171661377,286.2760925292969,-123.55875300873335,48.137470763987935
1742,0.1443292796611786,0.8790286183357239,0.0,6.570000171661377,286.2760925292969,-123.55875300873335,48.137470763987935
1743,0.1443292796611786,0.8790286183357239,0.0,6.570000171661377,286.2760925292969,-123.55875300873335,48.137470763987935
1744,0.0002598715655039996,0.022750120609998703,0.0,6.528316974639893,87.45856475830078,-123.55835300873335,48.137470763987935
1745,0.0002598715655039996,0.022750120609998703,0.0,6.528316974639893,87.45856475830078,-123.55835300873335,48.137470763987935
1746,0.0002598715655039996,0.022750120609998703,0.0,6.528316974639893,87.45856475830078,-123.55835300873335,48.137470763987935
1747,0.0002598715655039996,0.022750120609998703,0.0,6.528316974639893,87.45856475830078,-123.55835300873335,48.137470763987935
1748,0.0002598715655039996,0.022750120609998703,0.0,6.528316974639893,87.45856475830078,-123.55835300873335,48.137470763987935
1749,0.0002598715655039996,0.022750120609998703,0.0,6.528316974639893,87.45856475830078,-123.55835300873335,48.137470763987935
1750,0.0002598715655039996,0.022750120609998703,0.0,6.528316974639893,87.45856475830078,-123.55835300873335,48.137470763987935
1751,0.0002598715655039996,0.022750120609998703,0.0,6.528316974639893,87.45856475830078,-123.55835300873335,48.137470763987935
1752,0.0002598715655039996,0.022750120609998703,0.0,6.528316974639893,87.45856475830078,-123.55835300873335,48.137470763987935
1753,0.0002598715655039996,0.022750120609998703,0.0,6.528316974639893,87.45856475830078,-123.55835300873335,48.137470763987935
1754,0.0,0.0,0.0,0.0,110.53506469726562,-123.55795300873335,48.137470763987935
1755,0.0,0.0,0.0,0.0,110.53506469726562,-123.55795300873335,48.137470763987935
1756,0.0,0.0,0.0,0.0,802.4867553710938,-123.56235300873334,48.137070763987936
1757,0.0,0.0,0.0,0.0,563.7730102539062,-123.56195300873334,48.137070763987936
1758,0.0,0.0,0.0,0.0,348.0057373046875,-123.56155300873334,48.137070763987936
1759,0.0,0.0,0.0,0.0,168.15469360351562,-123.56115300873334,48.137070763987936
1760,0.0,0.0,0.0,0.0,168.15469360351562,-123.56115300873334,48.137070763987936
1761,0.0,0.0,0.0,0.0,168.15469360351562,-123.56115300873334,48.137070763987936
1762,0.0,0.0,0.0,0.0,168.15469360351562,-123.56115300873334,48.137070763987936
1763,0.0,0.0,0.0,0.0,168.15469360351562,-123.56115300873334,48.137070763987936
1764,0.0,0.0,0.0,0.0,168.15469360351562,-123.56115300873334,48.137070763987936
1765,5.063214416622941e-07,0.9999786615371704,0.0,6.2931623458862305,59.03388977050781,-123.56075300873334,48.137070763987936
1766,5.063214416622941e-07,0.9999786615371704,0.0,6.2931623458862305,59.03388977050781,-123.56075300873334,48.137070763987936
1767,5.063214416622941e-07,0.9999786615371704,0.0,6.2931623458862305,59.03388977050781,-123.56075300873334,48.137070763987936
1768,5.063214416622941e-07,0.9999786615371704,0.0,6.2931623458862305,59.03388977050781,-123.56075300873334,48.137070763987936
1769,5.063214416622941e-07,0.9999786615371704,0.0,6.2931623458862305,59.03388977050781,-123.56075300873334,48.137070763987936
1770,5.063214416622941e-07,0.9999786615371704,0.0,6.2931623458862305,59.03388977050781,-123.56075300873334,48.137070763987936
1771,5.063214416622941e-07,0.9999786615371704,0.0,6.2931623458862305,59.03388977050781,-123.56075300873334,48.137070763987936
1772,5.063214416622941e-07,0.9999786615371704,0.0,6.2931623458862305,59.03388977050781,-123.56075300873334,48.137070763987936
1773,5.063214416622941e-07,0.9999786615371704,0.0,6.2931623458862305,59.03388977050781,-123.56075300873334,48.137070763987936
1774,5.063214416622941e-07,0.9999786615371704,0.0,6.2931623458862305,59.03388977050781,-123.56075300873334,48.137070763987936
1775,0.9992330074310303,0.00023264801711775362,0.0,7.550000190734863,159.00314331054688,-123.56035300873334,48.137070763987936
1776,0.9992330074310303,0.00023264801711775362,0.0,7.550000190734863,159.00314331054688,-123.56035300873334,48.137070763987936
1777,0.9992330074310303,0.00023264801711775362,0.0,7.550000190734863,159.00314331054688,-123.56035300873334,48.137070763987936
1778,0.9992330074310303,0.00023264801711775362,0.0,7.550000190734863,159.00314331054688,-123.56035300873334,48.137070763987936
1779,0.9992330074310303,0.00023264801711775362,0.0,7.550000190734863,159.00314331054688,-123.56035300873334,48.137070763987936
1780,0.9992330074310303,0.00023264801711775362,0.0,7.550000190734863,159.00314331054688,-123.56035300873334,48.137070763987936
1781,0.9992330074310303,0.00023264801711775362,0.0,7.550000190734863,159.00314331054688,-123.56035300873334,48.137070763987936
1782,0.9992330074310303,0.00023264801711775362,0.0,7.550000190734863,159.00314331054688,-123.56035300873334,48.137070763987936
1783,0.9992330074310303,0.00023264801711775362,0.0,7.550000190734863,159.00314331054688,-123.56035300873334,48.137070763987936
1784,0.9992330074310303,0.00023264801711775362,0.0,7.550000190734863,159.00314331054688,-123.56035300873334,48.137070763987936
1785,0.9999984502792358,3.255074261687696e-05,0.0,7.679999828338623,414.001220703125,-123.55995300873334,48.137070763987936
1786,0.9999984502792358,3.255074261687696e-05,0.0,7.679999828338623,414.001220703125,-123.55995300873334,48.137070763987936
1787,0.9999984502792358,3.255074261687696e-05,0.0,7.679999828338623,414.001220703125,-123.55995300873334,48.137070763987936
1788,0.9999984502792358,3.255074261687696e-05,0.0,7.679999828338623,414.001220703125,-123.55995300873334,48.137070763987936
1789,0.9999984502792358,3.255074261687696e-05,0.0,7.679999828338623,414.001220703125,-123.55995300873334,48.137070763987936
1790,0.9999984502792358,3.255074261687696e-05,0.0,7.679999828338623,414.001220703125,-123.55995300873334,48.137070763987936
1791,0.9999984502792358,3.255074261687696e-05,0.0,7.679999828338623,414.001220703125,-123.55995300873334,48.137070763987936
1792,0.9999984502792358,3.255074261687696e-05,0.0,7.679999828338623,414.001220703125,-123.55995300873334,48.137070763987936
1793,0.9999984502792358,3.255074261687696e-05,0.0,7.679999828338623,414.001220703125,-123.55995300873334,48.137070763987936
1794,0.9999984502792358,3.255074261687696e-05,0.0,7.679999828338623,414.001220703125,-123.55995300873334,48.137070763987936
1795,0.9999994039535522,3.6932815419277176e-05,0.0,6.142038345336914,669.000732421875,-123.55955300873335,48.137070763987936
1796,0.9999994039535522,3.6932815419277176e-05,0.0,6.142038345336914,669.000732421875,-123.55955300873335,48.137070763987936
1797,0.9999994039535522,3.6932815419277176e-05,0.0,6.142038345336914,669.000732421875,-123.55955300873335,48.137070763987936
1798,0.9999994039535522,3.6932815419277176e-05,0.0,6.142038345336914,669.000732421875,-123.55955300873335,48.137070763987936
1799,0.9999994039535522,3.6932815419277176e-05,0.0,6.142038345336914,669.000732421875,-123.55955300873335,48.137070763987936
1800,0.9999994039535522,3.6932815419277176e-05,0.0,6.142038345336914,669.000732421875,-123.55955300873335,48.137070763987936
1801,0.9999994039535522,3.6932815419277176e-05,0.0,6.142038345336914,669.000732421875,-123.55955300873335,48.137070763987936
1802,0.9999994039535522,3.6932815419277176e-05,0.0,6.142038345336914,669.000732421875,-123.55955300873335,48.137070763987936
1803,0.9999994039535522,3.6932815419277176e-05,0.0,6.142038345336914,669.000732421875,-123.55955300873335,48.137070763987936
1804,0.9999994039535522,3.6932815419277176e-05,0.0,6.142038345336914,669.000732421875,-123.55955300873335,48.137070763987936
1805,0.9999974966049194,4.303739478928037e-05,0.0,7.28000020980835,644.845703125,-123.55915300873335,48.137070763987936
1806,0.9999974966049194,4.303739478928037e-05,0.0,7.28000020980835,644.845703125,-123.55915300873335,48.137070763987936
1807,0.9999974966049194,4.303739478928037e-05,0.0,7.28000020980835,644.845703125,-123.55915300873335,48.137070763987936
1808,0.9999974966049194,4.303739478928037e-05,0.0,7.28000020980835,644.845703125,-123.55915300873335,48.137070763987936
1809,0.9999974966049194,4.303739478928037e-05,0.0,7.28000020980835,644.845703125,-123.55915300873335,48.137070763987936
1810,0.9999974966049194,4.303739478928037e-05,0.0,7.28000020980835,644.845703125,-123.55915300873335,48.137070763987936
1811,0.9999974966049194,4.303739478928037e-05,0.0,7.28000020980835,644.845703125,-123.55915300873335,48.137070763987936
1812,0.9999974966049194,4.303739478928037e-05,0.0,7.28000020980835,644.845703125,-123.55915300873335,48.137070763987936
1813,0.9999974966049194,4.303739478928037e-05,0.0,7.28000020980835,644.845703125,-123.55915300873335,48.137070763987936
1814,0.9999974966049194,4.303739478928037e-05,0.0,7.28000020980835,644.845703125,-123.55915300873335,48.137070763987936
1815,0.9999996423721313,5.1654282287927344e-05,0.0,7.539999961853027,445.45819091796875,-123.55875300873335,48.137070763987936
1816,0.9999996423721313,5.1654282287927344e-05,0.0,7.539999961853027,445.45819091796875,-123.55875300873335,48.137070763987936
1817,0.9999996423721313,5.1654282287927344e-05,0.0,7.539999961853027,445.45819091796875,-123.55875300873335,48.137070763987936
1818,0.9999996423721313,5.1654282287927344e-05,0.0,7.539999961853027,445.45819091796875,-123.55875300873335,48.137070763987936
1819,0.9999996423721313,5.1654282287927344e-05,0.0,7.539999961853027,445.45819091796875,-123.55875300873335,48.137070763987936
1820,0.9999996423721313,5.1654282287927344e-05,0.0,7.539999961853027,445.45819091796875,-123.55875300873335,48.137070763987936
1821,0.9999996423721313,5.1654282287927344e-05,0.0,7.539999961853027,445.45819091796875,-123.55875300873335,48.137070763987936
1822,0.9999996423721313,5.1654282287927344e-05,0.0,7.539999961853027,445.45819091796875,-123.55875300873335,48.137070763987936
1823,0.9999996423721313,5.1654282287927344e-05,0.0,7.539999961853027,445.45819091796875,-123.55875300873335,48.137070763987936
1824,0.9999996423721313,5.1654282287927344e-05,0.0,7.539999961853027,445.45819091796875,-123.55875300873335,48.137070763987936
1825,0.9852713346481323,4.8408757720608264e-05,0.0,7.789999961853027,223.14120483398438,-123.55835300873335,48.137070763987936
1826,0.9852713346481323,4.8408757720608264e-05,0.0,7.789999961853027,223.14120483398438,-123.55835300873335,48.137070763987936
1827,0.9852713346481323,4.8408757720608264e-05,0.0,7.789999961853027,223.14120483398438,-123.55835300873335,48.137070763987936
1828,0.9852713346481323,4.8408757720608264e-05,0.0,7.789999961853027,223.14120483398438,-123.55835300873335,48.137070763987936
1829,0.9852713346481323,4.8408757720608264e-05,0.0,7.789999961853027,223.14120483398438,-123.55835300873335,48.137070763987936
1830,0.9852713346481323,4.8408757720608264e-05,0.0,7.789999961853027,223.14120483398438,-123.55835300873335,48.137070763987936
1831,0.9852713346481323,4.8408757720608264e-05,0.0,7.789999961853027,223.14120483398438,-123.55835300873335,48.137070763987936
1832,0.9852713346481323,4.8408757720608264e-05,0.0,7.789999961853027,223.14120483398438,-123.55835300873335,48.137070763987936
1833,0.9852713346481323,4.8408757720608264e-05,0.0,7.789999961853027,223.14120483398438,-123.55835300873335,48.137070763987936
1834,0.9852713346481323,4.8408757720608264e-05,0.0,7.789999961853027,223.14120483398438,-123.55835300873335,48.137070763987936
1835,1.7213054093190294e-08,0.9993534684181213,0.0,6.463826656341553,24.73863410949707,-123.55795300873335,48.137070763987936
1836,1.7213054093190294e-08,0.9993534684181213,0.0,6.463826656341553,24.73863410949707,-123.55795300873335,48.137070763987936
1837,1.7213054093190294e-08,0.9993534684181213,0.0,6.463826656341553,24.73863410949707,-123.55795300873335,48.137070763987936
1838,1.7213054093190294e-08,0.9993534684181213,0.0,6.463826656341553,24.73863410949707,-123.55795300873335,48.137070763987936
1839,1.7213054093190294e-08,0.9993534684181213,0.0,6.463826656341553,24.73863410949707,-123.55795300873335,48.137070763987936
1840,1.7213054093190294e-08,0.9993534684181213,0.0,6.463826656341553,24.73863410949707,-123.55795300873335,48.137070763987936
1841,1.7213054093190294e-08,0.9993534684181213,0.0,6.463826656341553,24.73863410949707,-123.55795300873335,48.137070763987936
1842,1.7213054093190294e-08,0.9993534684181213,0.0,6.463826656341553,24.73863410949707,-123.55795300873335,48.137070763987936
1843,1.7213054093190294e-08,0.9993534684181213,0.0,6.463826656341553,24.73863410949707,-123.55795300873335,48.137070763987936
1844,1.7213054093190294e-08,0.9993534684181213,0.0,6.463826656341553,24.73863410949707,-123.55795300873335,48.137070763987936
1845,0.0,0.0,0.0,0.0,596.125,-123.56195300873334,48.13667076398794
1846,0.0,0.0,0.0,0.0,496.1007995605469,-123.56155300873334,48.13667076398794
1847,0.6160430908203125,0.002170946216210723,0.0,7.320000171661377,260.44000244140625,-123.56115300873334,48.13667076398794
1848,0.6160430908203125,0.002170946216210723,0.0,7.320000171661377,260.44000244140625,-123.56115300873334,48.13667076398794
1849,0.6160430908203125,0.002170946216210723,0.0,7.320000171661377,260.44000244140625,-123.56115300873334,48.13667076398794
1850,0.6160430908203125,0.002170946216210723,0.0,7.320000171661377,260.44000244140625,-123.56115300873334,48.13667076398794
1851,0.6160430908203125,0.002170946216210723,0.0,7.320000171661377,260.44000244140625,-123.56115300873334,48.13667076398794
1852,0.6160430908203125,0.002170946216210723,0.0,7.320000171661377,260.44000244140625,-123.56115300873334,48.13667076398794
1853,0.6160430908203125,0.002170946216210723,0.0,7.320000171661377,260.44000244140625,-123.56115300873334,48.13667076398794
1854,8.460995459813603e-09,0.9999793767929077,0.0,6.037999629974365,14.866068840026855,-123.56075300873334,48.13667076398794
1855,8.460995459813603e-09,0.9999793767929077,0.0,6.037999629974365,14.866068840026855,-123.56075300873334,48.13667076398794
1856,8.460995459813603e-09,0.9999793767929077,0.0,6.037999629974365,14.866068840026855,-123.56075300873334,48.13667076398794
1857,8.460995459813603e-09,0.9999793767929077,0.0,6.037999629974365,14.866068840026855,-123.56075300873334,48.13667076398794
1858,8.460995459813603e-09,0.9999793767929077,0.0,6.037999629974365,14.866068840026855,-123.56075300873334,48.13667076398794
1859,8.460995459813603e-09,0.9999793767929077,0.0,6.037999629974365,14.866068840026855,-123.56075300873334,48.13667076398794
1860,8.460995459813603e-09,0.9999793767929077,0.0,6.037999629974365,14.866068840026855,-123.56075300873334,48.13667076398794
1861,8.460995459813603e-09,0.9999793767929077,0.0,6.037999629974365,14.866068840026855,-123.56075300873334,48.13667076398794
1862,8.460995459813603e-09,0.9999793767929077,0.0,6.037999629974365,14.866068840026855,-123.56075300873334,48.13667076398794
1863,8.460995459813603e-09,0.9999793767929077,0.0,6.037999629974365,14.866068840026855,-123.56075300873334,48.13667076398794
1864,0.9998716115951538,0.00018103000184055418,0.0,7.96999979019165,208.03125,-123.56035300873334,48.13667076398794
1865,0.9998716115951538,0.00018103000184055418,0.0,7.96999979019165,208.03125,-123.56035300873334,48.13667076398794
1866,0.9998716115951538,0.00018103000184055418,0.0,7.96999979019165,208.03125,-123.56035300873334,48.13667076398794
1867,0.9998716115951538,0.00018103000184055418,0.0,7.96999979019165,208.03125,-123.56035300873334,48.13667076398794
1868,0.9998716115951538,0.00018103000184055418,0.0,7.96999979019165,208.03125,-123.56035300873334,48.13667076398794
1869,0.9998716115951538,0.00018103000184055418,0.0,7.96999979019165,208.03125,-123.56035300873334,48.13667076398794
1870,0.9998716115951538,0.00018103000184055418,0.0,7.96999979019165,208.03125,-123.56035300873334,48.13667076398794
1871,0.9998716115951538,0.00018103000184055418,0.0,7.96999979019165,208.03125,-123.56035300873334,48.13667076398794
1872,0.9998716115951538,0.00018103000184055418,0.0,7.96999979019165,208.03125,-123.56035300873334,48.13667076398794
1873,0.9998716115951538,0.00018103000184055418,0.0,7.96999979019165,208.03125,-123.56035300873334,48.13667076398794
1874,0.9999983310699463,0.00010634720820235088,0.0,7.409999847412109,442.57879638671875,-123.55995300873334,48.13667076398794
1875,0.9999983310699463,0.00010634720820235088,0.0,7.409999847412109,442.57879638671875,-123.55995300873334,48.13667076398794
1876,0.9999983310699463,0.00010634720820235088,0.0,7.409999847412109,442.57879638671875,-123.55995300873334,48.13667076398794
1877,0.9999983310699463,0.00010634720820235088,0.0,7.409999847412109,442.57879638671875,-123.55995300873334,48.13667076398794
1878,0.9999983310699463,0.00010634720820235088,0.0,7.409999847412109,442.57879638671875,-123.55995300873334,48.13667076398794
1879,0.9999983310699463,0.00010634720820235088,0.0,7.409999847412109,442.57879638671875,-123.55995300873334,48.13667076398794
1880,0.9999983310699463,0.00010634720820235088,0.0,7.409999847412109,442.57879638671875,-123.55995300873334,48.13667076398794
1881,0.9999983310699463,0.00010634720820235088,0.0,7.409999847412109,442.57879638671875,-123.55995300873334,48.13667076398794
1882,0.9999983310699463,0.00010634720820235088,0.0,7.409999847412109,442.57879638671875,-123.55995300873334,48.13667076398794
1883,0.9999983310699463,0.00010634720820235088,0.0,7.409999847412109,442.57879638671875,-123.55995300873334,48.13667076398794
1884,0.9999973773956299,0.00016049652185756713,0.0,7.489999771118164,691.4918823242188,-123.55955300873335,48.13667076398794
1885,0.9999973773956299,0.00016049652185756713,0.0,7.489999771118164,691.4918823242188,-123.55955300873335,48.13667076398794
1886,0.9999973773956299,0.00016049652185756713,0.0,7.489999771118164,691.4918823242188,-123.55955300873335,48.13667076398794
1887,0.9999973773956299,0.00016049652185756713,0.0,7.489999771118164,691.4918823242188,-123.55955300873335,48.13667076398794
1888,0.9999973773956299,0.00016049652185756713,0.0,7.489999771118164,691.4918823242188,-123.55955300873335,48.13667076398794
1889,0.9999973773956299,0.00016049652185756713,0.0,7.489999771118164,691.4918823242188,-123.55955300873335,48.13667076398794
1890,0.9999973773956299,0.00016049652185756713,0.0,7.489999771118164,691.4918823242188,-123.55955300873335,48.13667076398794
1891,0.9999973773956299,0.00016049652185756713,0.0,7.489999771118164,691.4918823242188,-123.55955300873335,48.13667076398794
1892,0.9999973773956299,0.00016049652185756713,0.0,7.489999771118164,691.4918823242188,-123.55955300873335,48.13667076398794
1893,0.9999973773956299,0.00016049652185756713,0.0,7.489999771118164,691.4918823242188,-123.55955300873335,48.13667076398794
1894,0.999995231628418,0.00010050265700556338,0.0,6.479379653930664,721.6737670898438,-123.55915300873335,48.13667076398794
1895,0.999995231628418,0.00010050265700556338,0.0,6.479379653930664,721.6737670898438,-123.55915300873335,48.13667076398794
1896,0.999995231628418,0.00010050265700556338,0.0,6.479379653930664,721.6737670898438,-123.55915300873335,48.13667076398794
1897,0.999995231628418,0.00010050265700556338,0.0,6.479379653930664,721.6737670898438,-123.55915300873335,48.13667076398794
1898,0.999995231628418,0.00010050265700556338,0.0,6.479379653930664,721.6737670898438,-123.55915300873335,48.13667076398794
1899,0.999995231628418,0.00010050265700556338,0.0,6.479379653930664,721.6737670898438,-123.55915300873335,48.13667076398794
1900,0.999995231628418,0.00010050265700556338,0.0,6.479379653930664,721.6737670898438,-123.55915300873335,48.13667076398794
1901,0.999995231628418,0.00010050265700556338,0.0,6.479379653930664,721.6737670898438,-123.55915300873335,48.13667076398794
1902,0.999995231628418,0.00010050265700556338,0.0,6.479379653930664,721.6737670898438,-123.55915300873335,48.13667076398794
1903,0.999995231628418,0.00010050265700556338,0.0,6.479379653930664,721.6737670898438,-123.55915300873335,48.13667076398794
1904,0.9999991655349731,6.422834758268436e-06,0.0,7.860000133514404,469.22064208984375,-123.55875300873335,48.13667076398794
1905,0.9999991655349731,6.422834758268436e-06,0.0,7.860000133514404,469.22064208984375,-123.55875300873335,48.13667076398794
1906,0.9999991655349731,6.422834758268436e-06,0.0,7.860000133514404,469.22064208984375,-123.55875300873335,48.13667076398794
1907,0.9999991655349731,6.422834758268436e-06,0.0,7.860000133514404,469.22064208984375,-123.55875300873335,48.13667076398794
1908,0.9999991655349731,6.422834758268436e-06,0.0,7.860000133514404,469.22064208984375,-123.55875300873335,48.13667076398794
1909,0.9999991655349731,6.422834758268436e-06,0.0,7.860000133514404,469.22064208984375,-123.55875300873335,48.13667076398794
1910,0.9999991655349731,6.422834758268436e-06,0.0,7.860000133514404,469.22064208984375,-123.55875300873335,48.13667076398794
1911,0.9999991655349731,6.422834758268436e-06,0.0,7.860000133514404,469.22064208984375,-123.55875300873335,48.13667076398794
1912,0.9999991655349731,6.422834758268436e-06,0.0,7.860000133514404,469.22064208984375,-123.55875300873335,48.13667076398794
1913,0.9999991655349731,6.422834758268436e-06,0.0,7.860000133514404,469.22064208984375,-123.55875300873335,48.13667076398794
1914,1.0,8.346039066964295e-06,0.0,7.889999866485596,219.53814697265625,-123.55835300873335,48.13667076398794
1915,1.0,8.346039066964295e-06,0.0,7.889999866485596,219.53814697265625,-123.55835300873335,48.13667076398794
1916,1.0,8.346039066964295e-06,0.0,7.889999866485596,219.53814697265625,-123.55835300873335,48.13667076398794
1917,1.0,8.346039066964295e-06,0.0,7.889999866485596,219.53814697265625,-123.55835300873335,48.13667076398794
1918,1.0,8.346039066964295e-06,0.0,7.889999866485596,219.53814697265625,-123.55835300873335,48.13667076398794
1919,1.0,8.346039066964295e-06,0.0,7.889999866485596,219.53814697265625,-123.55835300873335,48.13667076398794
1920,1.0,8.346039066964295e-06,0.0,7.889999866485596,219.53814697265625,-123.55835300873335,48.13667076398794
1921,1.0,8.346039066964295e-06,0.0,7.889999866485596,219.53814697265625,-123.55835300873335,48.13667076398794
1922,1.0,8.346039066964295e-06,0.0,7.889999866485596,219.53814697265625,-123.55835300873335,48.13667076398794
1923,1.0,8.346039066964295e-06,0.0,7.889999866485596,219.53814697265625,-123.55835300873335,48.13667076398794
1924,1.627935262149549e-07,0.9991952776908875,0.0,6.626227855682373,28.160255432128906,-123.55795300873335,48.13667076398794
1925,1.627935262149549e-07,0.9991952776908875,0.0,6.626227855682373,28.160255432128906,-123.55795300873335,48.13667076398794
1926,1.627935262149549e-07,0.9991952776908875,0.0,6.626227855682373,28.160255432128906,-123.55795300873335,48.13667076398794
1927,1.627935262149549e-07,0.9991952776908875,0.0,6.626227855682373,28.160255432128906,-123.55795300873335,48.13667076398794
1928,1.627935262149549e-07,0.9991952776908875,0.0,6.626227855682373,28.160255432128906,-123.55795300873335,48.13667076398794
1929,1.627935262149549e-07,0.9991952776908875,0.0,6.626227855682373,28.160255432128906,-123.55795300873335,48.13667076398794
1930,1.627935262149549e-07,0.9991952776908875,0.0,6.626227855682373,28.160255432128906,-123.55795300873335,48.13667076398794
1931,1.627935262149549e-07,0.9991952776908875,0.0,6.626227855682373,28.160255432128906,-123.55795300873335,48.13667076398794
1932,1.627935262149549e-07,0.9991952776908875,0.0,6.626227855682373,28.160255432128906,-123.55795300873335,48.13667076398794
1933,1.627935262149549e-07,0.9991952776908875,0.0,6.626227855682373,28.160255432128906,-123.55795300873335,48.13667076398794
1934,0.2769275903701782,0.00381894176825881,0.0,6.656911849975586,260.11151123046875,-123.55755300873335,48.13667076398794
1935,0.2769275903701782,0.00381894176825881,0.0,6.656911849975586,260.11151123046875,-123.55755300873335,48.13667076398794
1936,0.2769275903701782,0.00381894176825881,0.0,6.656911849975586,260.11151123046875,-123.55755300873335,48.13667076398794
1937,0.2769275903701782,0.00381894176825881,0.0,6.656911849975586,260.11151123046875,-123.55755300873335,48.13667076398794
1938,0.2769275903701782,0.00381894176825881,0.0,6.656911849975586,260.11151123046875,-123.55755300873335,48.13667076398794
1939,0.2769275903701782,0.00381894176825881,0.0,6.656911849975586,260.11151123046875,-123.55755300873335,48.13667076398794
1940,0.2769275903701782,0.00381894176825881,0.0,6.656911849975586,260.11151123046875,-123.55755300873335,48.13667076398794
1941,0.2769275903701782,0.00381894176825881,0.0,6.656911849975586,260.11151123046875,-123.55755300873335,48.13667076398794
1942,0.2769275903701782,0.00381894176825881,0.0,6.656911849975586,260.11151123046875,-123.55755300873335,48.13667076398794
1943,0.2769275903701782,0.00381894176825881,0.0,6.656911849975586,260.11151123046875,-123.55755300873335,48.13667076398794
1944,0.0,0.0,0.0,0.0,293.9812927246094,-123.56155300873334,48.13627076398794
1945,3.135499355266802e-05,0.00025725600426085293,0.0,6.943953514099121,166.67633056640625,-123.56115300873334,48.13627076398794
1946,3.135499355266802e-05,0.00025725600426085293,0.0,6.943953514099121,166.67633056640625,-123.56115300873334,48.13627076398794
1947,3.135499355266802e-05,0.00025725600426085293,0.0,6.943953514099121,166.67633056640625,-123.56115300873334,48.13627076398794
1948,3.135499355266802e-05,0.00025725600426085293,0.0,6.943953514099121,166.67633056640625,-123.56115300873334,48.13627076398794
1949,3.135499355266802e-05,0.00025725600426085293,0.0,6.943953514099121,166.67633056640625,-123.56115300873334,48.13627076398794
1950,3.135499355266802e-05,0.00025725600426085293,0.0,6.943953514099121,166.67633056640625,-123.56115300873334,48.13627076398794
1951,3.135499355266802e-05,0.00025725600426085293,0.0,6.943953514099121,166.67633056640625,-123.56115300873334,48.13627076398794
1952,3.135499355266802e-05,0.00025725600426085293,0.0,6.943953514099121,166.67633056640625,-123.56115300873334,48.13627076398794
1953,3.135499355266802e-05,0.00025725600426085293,0.0,6.943953514099121,166.67633056640625,-123.56115300873334,48.13627076398794
1954,3.135499355266802e-05,0.00025725600426085293,0.0,6.943953514099121,166.67633056640625,-123.56115300873334,48.13627076398794
1955,1.0659019240161216e-12,0.9999998807907104,0.0,6.219448566436768,71.86793518066406,-123.56075300873334,48.13627076398794
1956,1.0659019240161216e-12,0.9999998807907104,0.0,6.219448566436768,71.86793518066406,-123.56075300873334,48.13627076398794
1957,1.0659019240161216e-12,0.9999998807907104,0.0,6.219448566436768,71.86793518066406,-123.56075300873334,48.13627076398794
1958,1.0659019240161216e-12,0.9999998807907104,0.0,6.219448566436768,71.86793518066406,-123.56075300873334,48.13627076398794
1959,1.0659019240161216e-12,0.9999998807907104,0.0,6.219448566436768,71.86793518066406,-123.56075300873334,48.13627076398794
1960,1.0659019240161216e-12,0.9999998807907104,0.0,6.219448566436768,71.86793518066406,-123.56075300873334,48.13627076398794
1961,1.0659019240161216e-12,0.9999998807907104,0.0,6.219448566436768,71.86793518066406,-123.56075300873334,48.13627076398794
1962,1.0659019240161216e-12,0.9999998807907104,0.0,6.219448566436768,71.86793518066406,-123.56075300873334,48.13627076398794
1963,1.0659019240161216e-12,0.9999998807907104,0.0,6.219448566436768,71.86793518066406,-123.56075300873334,48.13627076398794
1964,1.0659019240161216e-12,0.9999998807907104,0.0,6.219448566436768,71.86793518066406,-123.56075300873334,48.13627076398794
1965,0.9999241828918457,0.00019726647587958723,0.0,8.069999694824219,305.1589660644531,-123.56035300873334,48.13627076398794
1966,0.9999241828918457,0.00019726647587958723,0.0,8.069999694824219,305.1589660644531,-123.56035300873334,48.13627076398794
1967,0.9999241828918457,0.00019726647587958723,0.0,8.069999694824219,305.1589660644531,-123.56035300873334,48.13627076398794
1968,0.9999241828918457,0.00019726647587958723,0.0,8.069999694824219,305.1589660644531,-123.56035300873334,48.13627076398794
1969,0.9999241828918457,0.00019726647587958723,0.0,8.069999694824219,305.1589660644531,-123.56035300873334,48.13627076398794
1970,0.9999241828918457,0.00019726647587958723,0.0,8.069999694824219,305.1589660644531,-123.56035300873334,48.13627076398794
1971,0.9999241828918457,0.00019726647587958723,0.0,8.069999694824219,305.1589660644531,-123.56035300873334,48.13627076398794
1972,0.9999241828918457,0.00019726647587958723,0.0,8.069999694824219,305.1589660644531,-123.56035300873334,48.13627076398794
1973,0.9999241828918457,0.00019726647587958723,0.0,8.069999694824219,305.1589660644531,-123.56035300873334,48.13627076398794
1974,0.9999241828918457,0.00019726647587958723,0.0,8.069999694824219,305.1589660644531,-123.56035300873334,48.13627076398794
1975,0.9999955892562866,0.0001556160132167861,0.0,7.210000038146973,543.2835083007812,-123.55995300873334,48.13627076398794
1976,0.9999955892562866,0.0001556160132167861,0.0,7.210000038146973,543.2835083007812,-123.55995300873334,48.13627076398794
1977,0.9999955892562866,0.0001556160132167861,0.0,7.210000038146973,543.2835083007812,-123.55995300873334,48.13627076398794
1978,0.9999955892562866,0.0001556160132167861,0.0,7.210000038146973,543.2835083007812,-123.55995300873334,48.13627076398794
1979,0.9999955892562866,0.0001556160132167861,0.0,7.210000038146973,543.2835083007812,-123.55995300873334,48.13627076398794
1980,0.9999955892562866,0.0001556160132167861,0.0,7.210000038146973,543.2835083007812,-123.55995300873334,48.13627076398794
1981,0.9999955892562866,0.0001556160132167861,0.0,7.210000038146973,543.2835083007812,-123.55995300873334,48.13627076398794
1982,0.9999955892562866,0.0001556160132167861,0.0,7.210000038146973,543.2835083007812,-123.55995300873334,48.13627076398794
1983,0.9999955892562866,0.0001556160132167861,0.0,7.210000038146973,543.2835083007812,-123.55995300873334,48.13627076398794
1984,0.9999955892562866,0.0001556160132167861,0.0,7.210000038146973,543.2835083007812,-123.55995300873334,48.13627076398794
1985,0.9999977350234985,7.65629592933692e-05,0.0,7.869999885559082,777.2579956054688,-123.55955300873335,48.13627076398794
1986,0.9999977350234985,7.65629592933692e-05,0.0,7.869999885559082,777.2579956054688,-123.55955300873335,48.13627076398794
1987,0.9999977350234985,7.65629592933692e-05,0.0,7.869999885559082,777.2579956054688,-123.55955300873335,48.13627076398794
1988,0.9999977350234985,7.65629592933692e-05,0.0,7.869999885559082,777.2579956054688,-123.55955300873335,48.13627076398794
1989,0.9999977350234985,7.65629592933692e-05,0.0,7.869999885559082,777.2579956054688,-123.55955300873335,48.13627076398794
1990,0.9999977350234985,7.65629592933692e-05,0.0,7.869999885559082,777.2579956054688,-123.55955300873335,48.13627076398794
1991,0.9999977350234985,7.65629592933692e-05,0.0,7.869999885559082,777.2579956054688,-123.55955300873335,48.13627076398794
1992,0.9999977350234985,7.65629592933692e-05,0.0,7.869999885559082,777.2579956054688,-123.55955300873335,48.13627076398794
1993,0.9999977350234985,7.65629592933692e-05,0.0,7.869999885559082,777.2579956054688,-123.55955300873335,48.13627076398794
1994,0.9999977350234985,7.65629592933692e-05,0.0,7.869999885559082,777.2579956054688,-123.55955300873335,48.13627076398794
1995,0.9999995231628418,8.331454591825604e-05,0.0,7.210000038146973,773.3414306640625,-123.55915300873335,48.13627076398794
1996,0.9999995231628418,8.331454591825604e-05,0.0,7.210000038146973,773.3414306640625,-123.55915300873335,48.13627076398794
1997,0.9999995231628418,8.331454591825604e-05,0.0,7.210000038146973,773.3414306640625,-123.55915300873335,48.13627076398794
1998,0.9999995231628418,8.331454591825604e-05,0.0,7.210000038146973,773.3414306640625,-123.55915300873335,48.13627076398794
1999,0.9999995231628418,8.331454591825604e-05,0.0,7.210000038146973,773.3414306640625,-123.55915300873335,48.13627076398794
2000,0.9999995231628418,8.331454591825604e-05,0.0,7.210000038146973,773.3414306640625,-123.55915300873335,48.13627076398794
2001,0.9999995231628418,8.331454591825604e-05,0.0,7.210000038146973,773.3414306640625,-123.55915300873335,48.13627076398794
2002,0.9999995231628418,8.331454591825604e-05,0.0,7.210000038146973,773.3414306640625,-123.55915300873335,48.13627076398794
2003,0.9999995231628418,8.331454591825604e-05,0.0,7.210000038146973,773.3414306640625,-123.55915300873335,48.13627076398794
2004,0.9999995231628418,8.331454591825604e-05,0.0,7.210000038146973,773.3414306640625,-123.55915300873335,48.13627076398794
2005,0.9999970197677612,4.0758972318144515e-05,0.0,7.389999866485596,532.3194580078125,-123.55875300873335,48.13627076398794
2006,0.9999970197677612,4.0758972318144515e-05,0.0,7.389999866485596,532.3194580078125,-123.55875300873335,48.13627076398794
2007,0.9999970197677612,4.0758972318144515e-05,0.0,7.389999866485596,532.3194580078125,-123.55875300873335,48.13627076398794
2008,0.9999970197677612,4.0758972318144515e-05,0.0,7.389999866485596,532.3194580078125,-123.55875300873335,48.13627076398794
2009,0.9999970197677612,4.0758972318144515e-05,0.0,7.389999866485596,532.3194580078125,-123.55875300873335,48.13627076398794
2010,0.9999970197677612,4.0758972318144515e-05,0.0,7.389999866485596,532.3194580078125,-123.55875300873335,48.13627076398794
2011,0.9999970197677612,4.0758972318144515e-05,0.0,7.389999866485596,532.3194580078125,-123.55875300873335,48.13627076398794
2012,0.9999970197677612,4.0758972318144515e-05,0.0,7.389999866485596,532.3194580078125,-123.55875300873335,48.13627076398794
2013,0.9999970197677612,4.0758972318144515e-05,0.0,7.389999866485596,532.3194580078125,-123.55875300873335,48.13627076398794
2014,0.9999970197677612,4.0758972318144515e-05,0.0,7.389999866485596,532.3194580078125,-123.55875300873335,48.13627076398794
2015,0.9999905824661255,8.733410504646599e-05,0.0,7.75,307.3271789550781,-123.55835300873335,48.13627076398794
2016,0.9999905824661255,8.733410504646599e-05,0.0,7.75,307.3271789550781,-123.55835300873335,48.13627076398794
2017,0.9999905824661255,8.733410504646599e-05,0.0,7.75,307.3271789550781,-123.55835300873335,48.13627076398794
2018,0.9999905824661255,8.733410504646599e-05,0.0,7.75,307.3271789550781,-123.55835300873335,48.13627076398794
2019,0.9999905824661255,8.733410504646599e-05,0.0,7.75,307.3271789550781,-123.55835300873335,48.13627076398794
2020,0.9999905824661255,8.733410504646599e-05,0.0,7.75,307.3271789550781,-123.55835300873335,48.13627076398794
2021,0.9999905824661255,8.733410504646599e-05,0.0,7.75,307.3271789550781,-123.55835300873335,48.13627076398794
2022,0.9999905824661255,8.733410504646599e-05,0.0,7.75,307.3271789550781,-123.55835300873335,48.13627076398794
2023,0.9999905824661255,8.733410504646599e-05,0.0,7.75,307.3271789550781,-123.55835300873335,48.13627076398794
2024,0.9999905824661255,8.733410504646599e-05,0.0,7.75,307.3271789550781,-123.55835300873335,48.13627076398794
2025,6.416770759187784e-08,0.9996188879013062,0.0,7.178002834320068,84.75848388671875,-123.55795300873335,48.13627076398794
2026,6.416770759187784e-08,0.9996188879013062,0.0,7.178002834320068,84.75848388671875,-123.55795300873335,48.13627076398794
2027,6.416770759187784e-08,0.9996188879013062,0.0,7.178002834320068,84.75848388671875,-123.55795300873335,48.13627076398794
2028,6.416770759187784e-08,0.9996188879013062,0.0,7.178002834320068,84.75848388671875,-123.55795300873335,48.13627076398794
2029,6.416770759187784e-08,0.9996188879013062,0.0,7.178002834320068,84.75848388671875,-123.55795300873335,48.13627076398794
2030,6.416770759187784e-08,0.9996188879013062,0.0,7.178002834320068,84.75848388671875,-123.55795300873335,48.13627076398794
2031,6.416770759187784e-08,0.9996188879013062,0.0,7.178002834320068,84.75848388671875,-123.55795300873335,48.13627076398794
2032,6.416770759187784e-08,0.9996188879013062,0.0,7.178002834320068,84.75848388671875,-123.55795300873335,48.13627076398794
2033,6.416770759187784e-08,0.9996188879013062,0.0,7.178002834320068,84.75848388671875,-123.55795300873335,48.13627076398794
2034,6.416770759187784e-08,0.9996188879013062,0.0,7.178002834320068,84.75848388671875,-123.55795300873335,48.13627076398794
2035,0.00018675228056963533,0.4862508773803711,0.0,6.97294282913208,157.16551208496094,-123.55755300873335,48.13627076398794
2036,0.00018675228056963533,0.4862508773803711,0.0,6.97294282913208,157.16551208496094,-123.55755300873335,48.13627076398794
2037,0.00018675228056963533,0.4862508773803711,0.0,6.97294282913208,157.16551208496094,-123.55755300873335,48.13627076398794
2038,0.00018675228056963533,0.4862508773803711,0.0,6.97294282913208,157.16551208496094,-123.55755300873335,48.13627076398794
2039,0.00018675228056963533,0.4862508773803711,0.0,6.97294282913208,157.16551208496094,-123.55755300873335,48.13627076398794
2040,0.00018675228056963533,0.4862508773803711,0.0,6.97294282913208,157.16551208496094,-123.55755300873335,48.13627076398794
2041,0.00018675228056963533,0.4862508773803711,0.0,6.97294282913208,157.16551208496094,-123.55755300873335,48.13627076398794
2042,0.00018675228056963533,0.4862508773803711,0.0,6.97294282913208,157.16551208496094,-123.55755300873335,48.13627076398794
2043,0.00018675228056963533,0.4862508773803711,0.0,6.97294282913208,157.16551208496094,-123.55755300873335,48.13627076398794
2044,0.00018675228056963533,0.4862508773803711,0.0,6.97294282913208,157.16551208496094,-123.55755300873335,48.13627076398794
2045,0.0,0.0,0.0,0.0,112.05802154541016,-123.56195300873334,48.13587076398794
2046,0.0,0.0,0.0,0.0,112.05802154541016,-123.56195300873334,48.13587076398794
2047,0.0,0.0,0.0,0.0,112.05802154541016,-123.56195300873334,48.13587076398794
2048,0.0,0.0,0.0,0.0,112.05802154541016,-123.56195300873334,48.13587076398794
2049,6.569255219801562e-06,0.04546661302447319,0.0,6.435606002807617,44.9110221862793,-123.56155300873334,48.13587076398794
2050,6.569255219801562e-06,0.04546661302447319,0.0,6.435606002807617,44.9110221862793,-123.56155300873334,48.13587076398794
2051,6.569255219801562e-06,0.04546661302447319,0.0,6.435606002807617,44.9110221862793,-123.56155300873334,48.13587076398794
2052,6.569255219801562e-06,0.04546661302447319,0.0,6.435606002807617,44.9110221862793,-123.56155300873334,48.13587076398794
2053,6.569255219801562e-06,0.04546661302447319,0.0,6.435606002807617,44.9110221862793,-123.56155300873334,48.13587076398794
2054,6.569255219801562e-06,0.04546661302447319,0.0,6.435606002807617,44.9110221862793,-123.56155300873334,48.13587076398794
2055,6.569255219801562e-06,0.04546661302447319,0.0,6.435606002807617,44.9110221862793,-123.56155300873334,48.13587076398794
2056,6.569255219801562e-06,0.04546661302447319,0.0,6.435606002807617,44.9110221862793,-123.56155300873334,48.13587076398794
2057,6.569255219801562e-06,0.04546661302447319,0.0,6.435606002807617,44.9110221862793,-123.56155300873334,48.13587076398794
2058,6.569255219801562e-06,0.04546661302447319,0.0,6.435606002807617,44.9110221862793,-123.56155300873334,48.13587076398794
2059,0.0005522467545233667,0.025720423087477684,0.0,6.446536064147949,18.681541442871094,-123.56115300873334,48.13587076398794
2060,0.0005522467545233667,0.025720423087477684,0.0,6.446536064147949,18.681541442871094,-123.56115300873334,48.13587076398794
2061,0.0005522467545233667,0.025720423087477684,0.0,6.446536064147949,18.681541442871094,-123.56115300873334,48.13587076398794
2062,0.0005522467545233667,0.025720423087477684,0.0,6.446536064147949,18.681541442871094,-123.56115300873334,48.13587076398794
2063,0.0005522467545233667,0.025720423087477684,0.0,6.446536064147949,18.681541442871094,-123.56115300873334,48.13587076398794
2064,0.0005522467545233667,0.025720423087477684,0.0,6.446536064147949,18.681541442871094,-123.56115300873334,48.13587076398794
2065,0.0005522467545233667,0.025720423087477684,0.0,6.446536064147949,18.681541442871094,-123.56115300873334,48.13587076398794
2066,0.0005522467545233667,0.025720423087477684,0.0,6.446536064147949,18.681541442871094,-123.56115300873334,48.13587076398794
2067,0.0005522467545233667,0.025720423087477684,0.0,6.446536064147949,18.681541442871094,-123.56115300873334,48.13587076398794
2068,0.0005522467545233667,0.025720423087477684,0.0,6.446536064147949,18.681541442871094,-123.56115300873334,48.13587076398794
2069,0.21353676915168762,0.11692462861537933,0.0,6.455007076263428,57.0,-123.56075300873334,48.13587076398794
2070,0.21353676915168762,0.11692462861537933,0.0,6.455007076263428,57.0,-123.56075300873334,48.13587076398794
2071,0.21353676915168762,0.11692462861537933,0.0,6.455007076263428,57.0,-123.56075300873334,48.13587076398794
2072,0.21353676915168762,0.11692462861537933,0.0,6.455007076263428,57.0,-123.56075300873334,48.13587076398794
2073,0.21353676915168762,0.11692462861537933,0.0,6.455007076263428,57.0,-123.56075300873334,48.13587076398794
2074,0.21353676915168762,0.11692462861537933,0.0,6.455007076263428,57.0,-123.56075300873334,48.13587076398794
2075,0.21353676915168762,0.11692462861537933,0.0,6.455007076263428,57.0,-123.56075300873334,48.13587076398794
2076,0.21353676915168762,0.11692462861537933,0.0,6.455007076263428,57.0,-123.56075300873334,48.13587076398794
2077,0.21353676915168762,0.11692462861537933,0.0,6.455007076263428,57.0,-123.56075300873334,48.13587076398794
2078,0.21353676915168762,0.11692462861537933,0.0,6.455007076263428,57.0,-123.56075300873334,48.13587076398794
2079,0.9998849630355835,0.0001507333217887208,0.0,8.829999923706055,268.1734619140625,-123.56035300873334,48.13587076398794
2080,0.9998849630355835,0.0001507333217887208,0.0,8.829999923706055,268.1734619140625,-123.56035300873334,48.13587076398794
2081,0.9998849630355835,0.0001507333217887208,0.0,8.829999923706055,268.1734619140625,-123.56035300873334,48.13587076398794
2082,0.9998849630355835,0.0001507333217887208,0.0,8.829999923706055,268.1734619140625,-123.56035300873334,48.13587076398794
2083,0.9998849630355835,0.0001507333217887208,0.0,8.829999923706055,268.1734619140625,-123.56035300873334,48.13587076398794
2084,0.9998849630355835,0.0001507333217887208,0.0,8.829999923706055,268.1734619140625,-123.56035300873334,48.13587076398794
2085,0.9998849630355835,0.0001507333217887208,0.0,8.829999923706055,268.1734619140625,-123.56035300873334,48.13587076398794
2086,0.9998849630355835,0.0001507333217887208,0.0,8.829999923706055,268.1734619140625,-123.56035300873334,48.13587076398794
2087,0.9998849630355835,0.0001507333217887208,0.0,8.829999923706055,268.1734619140625,-123.56035300873334,48.13587076398794
2088,0.9998849630355835,0.0001507333217887208,0.0,8.829999923706055,268.1734619140625,-123.56035300873334,48.13587076398794
2089,0.9999977350234985,7.382716285064816e-05,0.0,8.039999961853027,499.9729919433594,-123.55995300873334,48.13587076398794
2090,0.9999977350234985,7.382716285064816e-05,0.0,8.039999961853027,499.9729919433594,-123.55995300873334,48.13587076398794
2091,0.9999977350234985,7.382716285064816e-05,0.0,8.039999961853027,499.9729919433594,-123.55995300873334,48.13587076398794
2092,0.9999977350234985,7.382716285064816e-05,0.0,8.039999961853027,499.9729919433594,-123.55995300873334,48.13587076398794
2093,0.9999977350234985,7.382716285064816e-05,0.0,8.039999961853027,499.9729919433594,-123.55995300873334,48.13587076398794
2094,0.9999977350234985,7.382716285064816e-05,0.0,8.039999961853027,499.9729919433594,-123.55995300873334,48.13587076398794
2095,0.9999977350234985,7.382716285064816e-05,0.0,8.039999961853027,499.9729919433594,-123.55995300873334,48.13587076398794
2096,0.9999977350234985,7.382716285064816e-05,0.0,8.039999961853027,499.9729919433594,-123.55995300873334,48.13587076398794
2097,0.9999977350234985,7.382716285064816e-05,0.0,8.039999961853027,499.9729919433594,-123.55995300873334,48.13587076398794
2098,0.9999977350234985,7.382716285064816e-05,0.0,8.039999961853027,499.9729919433594,-123.55995300873334,48.13587076398794
2099,0.9999986886978149,7.775764970574528e-05,0.0,7.840000152587891,745.8069458007812,-123.55955300873335,48.13587076398794
2100,0.9999986886978149,7.775764970574528e-05,0.0,7.840000152587891,745.8069458007812,-123.55955300873335,48.13587076398794
2101,0.9999986886978149,7.775764970574528e-05,0.0,7.840000152587891,745.8069458007812,-123.55955300873335,48.13587076398794
2102,0.9999986886978149,7.775764970574528e-05,0.0,7.840000152587891,745.8069458007812,-123.55955300873335,48.13587076398794
2103,0.9999986886978149,7.775764970574528e-05,0.0,7.840000152587891,745.8069458007812,-123.55955300873335,48.13587076398794
2104,0.9999986886978149,7.775764970574528e-05,0.0,7.840000152587891,745.8069458007812,-123.55955300873335,48.13587076398794
2105,0.9999986886978149,7.775764970574528e-05,0.0,7.840000152587891,745.8069458007812,-123.55955300873335,48.13587076398794
2106,0.9999986886978149,7.775764970574528e-05,0.0,7.840000152587891,745.8069458007812,-123.55955300873335,48.13587076398794
2107,0.9999986886978149,7.775764970574528e-05,0.0,7.840000152587891,745.8069458007812,-123.55955300873335,48.13587076398794
2108,0.9999986886978149,7.775764970574528e-05,0.0,7.840000152587891,745.8069458007812,-123.55955300873335,48.13587076398794
2109,0.9999982118606567,0.00014479456876870245,0.0,8.4399995803833,875.8772583007812,-123.55915300873335,48.13587076398794
2110,0.9999982118606567,0.00014479456876870245,0.0,8.4399995803833,875.8772583007812,-123.55915300873335,48.13587076398794
2111,0.9999982118606567,0.00014479456876870245,0.0,8.4399995803833,875.8772583007812,-123.55915300873335,48.13587076398794
2112,0.9999982118606567,0.00014479456876870245,0.0,8.4399995803833,875.8772583007812,-123.55915300873335,48.13587076398794
2113,0.9999982118606567,0.00014479456876870245,0.0,8.4399995803833,875.8772583007812,-123.55915300873335,48.13587076398794
2114,0.9999982118606567,0.00014479456876870245,0.0,8.4399995803833,875.8772583007812,-123.55915300873335,48.13587076398794
2115,0.9999982118606567,0.00014479456876870245,0.0,8.4399995803833,875.8772583007812,-123.55915300873335,48.13587076398794
2116,0.9999982118606567,0.00014479456876870245,0.0,8.4399995803833,875.8772583007812,-123.55915300873335,48.13587076398794
2117,0.9999982118606567,0.00014479456876870245,0.0,8.4399995803833,875.8772583007812,-123.55915300873335,48.13587076398794
2118,0.9999982118606567,0.00014479456876870245,0.0,8.4399995803833,875.8772583007812,-123.55915300873335,48.13587076398794
2119,0.999995231628418,4.655397788155824e-05,0.0,8.029999732971191,647.2990112304688,-123.55875300873335,48.13587076398794
2120,0.999995231628418,4.655397788155824e-05,0.0,8.029999732971191,647.2990112304688,-123.55875300873335,48.13587076398794
2121,0.999995231628418,4.655397788155824e-05,0.0,8.029999732971191,647.2990112304688,-123.55875300873335,48.13587076398794
2122,0.999995231628418,4.655397788155824e-05,0.0,8.029999732971191,647.2990112304688,-123.55875300873335,48.13587076398794
2123,0.999995231628418,4.655397788155824e-05,0.0,8.029999732971191,647.2990112304688,-123.55875300873335,48.13587076398794
2124,0.999995231628418,4.655397788155824e-05,0.0,8.029999732971191,647.2990112304688,-123.55875300873335,48.13587076398794
2125,0.999995231628418,4.655397788155824e-05,0.0,8.029999732971191,647.2990112304688,-123.55875300873335,48.13587076398794
2126,0.999995231628418,4.655397788155824e-05,0.0,8.029999732971191,647.2990112304688,-123.55875300873335,48.13587076398794
2127,0.999995231628418,4.655397788155824e-05,0.0,8.029999732971191,647.2990112304688,-123.55875300873335,48.13587076398794
2128,0.999995231628418,4.655397788155824e-05,0.0,8.029999732971191,647.2990112304688,-123.55875300873335,48.13587076398794
2129,0.9999992847442627,5.365983088267967e-05,0.0,7.083737850189209,407.9669189453125,-123.55835300873335,48.13587076398794
2130,0.9999992847442627,5.365983088267967e-05,0.0,7.083737850189209,407.9669189453125,-123.55835300873335,48.13587076398794
2131,0.9999992847442627,5.365983088267967e-05,0.0,7.083737850189209,407.9669189453125,-123.55835300873335,48.13587076398794
2132,0.9999992847442627,5.365983088267967e-05,0.0,7.083737850189209,407.9669189453125,-123.55835300873335,48.13587076398794
2133,0.9999992847442627,5.365983088267967e-05,0.0,7.083737850189209,407.9669189453125,-123.55835300873335,48.13587076398794
2134,0.9999992847442627,5.365983088267967e-05,0.0,7.083737850189209,407.9669189453125,-123.55835300873335,48.13587076398794
2135,0.9999992847442627,5.365983088267967e-05,0.0,7.083737850189209,407.9669189453125,-123.55835300873335,48.13587076398794
2136,0.9999992847442627,5.365983088267967e-05,0.0,7.083737850189209,407.9669189453125,-123.55835300873335,48.13587076398794
2137,0.9999992847442627,5.365983088267967e-05,0.0,7.083737850189209,407.9669189453125,-123.55835300873335,48.13587076398794
2138,0.9999992847442627,5.365983088267967e-05,0.0,7.083737850189209,407.9669189453125,-123.55835300873335,48.13587076398794
2139,0.9999998807907104,3.2643503800500184e-05,0.0,8.680000305175781,195.41238403320312,-123.55795300873335,48.13587076398794
2140,0.9999998807907104,3.2643503800500184e-05,0.0,8.680000305175781,195.41238403320312,-123.55795300873335,48.13587076398794
2141,0.9999998807907104,3.2643503800500184e-05,0.0,8.680000305175781,195.41238403320312,-123.55795300873335,48.13587076398794
2142,0.9999998807907104,3.2643503800500184e-05,0.0,8.680000305175781,195.41238403320312,-123.55795300873335,48.13587076398794
2143,0.9999998807907104,3.2643503800500184e-05,0.0,8.680000305175781,195.41238403320312,-123.55795300873335,48.13587076398794
2144,0.9999998807907104,3.2643503800500184e-05,0.0,8.680000305175781,195.41238403320312,-123.55795300873335,48.13587076398794
2145,0.9999998807907104,3.2643503800500184e-05,0.0,8.680000305175781,195.41238403320312,-123.55795300873335,48.13587076398794
2146,0.9999998807907104,3.2643503800500184e-05,0.0,8.680000305175781,195.41238403320312,-123.55795300873335,48.13587076398794
2147,0.9999998807907104,3.2643503800500184e-05,0.0,8.680000305175781,195.41238403320312,-123.55795300873335,48.13587076398794
2148,0.9999998807907104,3.2643503800500184e-05,0.0,8.680000305175781,195.41238403320312,-123.55795300873335,48.13587076398794
2149,1.7216838443800953e-07,0.9998666048049927,0.0,7.560527324676514,17.20465087890625,-123.55755300873335,48.13587076398794
2150,1.7216838443800953e-07,0.9998666048049927,0.0,7.560527324676514,17.20465087890625,-123.55755300873335,48.13587076398794
2151,1.7216838443800953e-07,0.9998666048049927,0.0,7.560527324676514,17.20465087890625,-123.55755300873335,48.13587076398794
2152,1.7216838443800953e-07,0.9998666048049927,0.0,7.560527324676514,17.20465087890625,-123.55755300873335,48.13587076398794
2153,1.7216838443800953e-07,0.9998666048049927,0.0,7.560527324676514,17.20465087890625,-123.55755300873335,48.13587076398794
2154,1.7216838443800953e-07,0.9998666048049927,0.0,7.560527324676514,17.20465087890625,-123.55755300873335,48.13587076398794
2155,1.7216838443800953e-07,0.9998666048049927,0.0,7.560527324676514,17.20465087890625,-123.55755300873335,48.13587076398794
2156,1.7216838443800953e-07,0.9998666048049927,0.0,7.560527324676514,17.20465087890625,-123.55755300873335,48.13587076398794
2157,1.7216838443800953e-07,0.9998666048049927,0.0,7.560527324676514,17.20465087890625,-123.55755300873335,48.13587076398794
2158,1.7216838443800953e-07,0.9998666048049927,0.0,7.560527324676514,17.20465087890625,-123.55755300873335,48.13587076398794
2159,0.6989854574203491,0.0003376235836185515,0.0,7.394842624664307,105.0951919555664,-123.55715300873335,48.13587076398794
2160,0.6989854574203491,0.0003376235836185515,0.0,7.394842624664307,105.0951919555664,-123.55715300873335,48.13587076398794
2161,0.6989854574203491,0.0003376235836185515,0.0,7.394842624664307,105.0951919555664,-123.55715300873335,48.13587076398794
2162,0.6989854574203491,0.0003376235836185515,0.0,7.394842624664307,105.0951919555664,-123.55715300873335,48.13587076398794
2163,0.6989854574203491,0.0003376235836185515,0.0,7.394842624664307,105.0951919555664,-123.55715300873335,48.13587076398794
2164,0.6989854574203491,0.0003376235836185515,0.0,7.394842624664307,105.0951919555664,-123.55715300873335,48.13587076398794
2165,0.6989854574203491,0.0003376235836185515,0.0,7.394842624664307,105.0951919555664,-123.55715300873335,48.13587076398794
2166,0.6989854574203491,0.0003376235836185515,0.0,7.394842624664307,105.0951919555664,-123.55715300873335,48.13587076398794
2167,0.6989854574203491,0.0003376235836185515,0.0,7.394842624664307,105.0951919555664,-123.55715300873335,48.13587076398794
2168,0.0,0.0,0.0,0.0,234.08758544921875,-123.55675300873335,48.13587076398794
2169,0.0,0.0,0.0,0.0,234.08758544921875,-123.55675300873335,48.13587076398794
2170,0.0,0.0,0.0,0.0,234.08758544921875,-123.55675300873335,48.13587076398794
2171,0.0,0.0,0.0,0.0,234.08758544921875,-123.55675300873335,48.13587076398794
2172,0.0,0.0,0.0,0.0,234.08758544921875,-123.55675300873335,48.13587076398794
2173,0.0,0.0,0.0,0.0,422.9952697753906,-123.55635300873335,48.13587076398794
2174,0.0,0.0,0.0,0.0,243.10079956054688,-123.56235300873334,48.13547076398794
2175,0.0,0.0,0.0,0.0,243.10079956054688,-123.56235300873334,48.13547076398794
2176,2.367938805036829e-06,0.8793381452560425,0.0,6.9456658363342285,10.198039054870605,-123.56195300873334,48.13547076398794
2177,2.367938805036829e-06,0.8793381452560425,0.0,6.9456658363342285,10.198039054870605,-123.56195300873334,48.13547076398794
2178,2.367938805036829e-06,0.8793381452560425,0.0,6.9456658363342285,10.198039054870605,-123.56195300873334,48.13547076398794
2179,2.367938805036829e-06,0.8793381452560425,0.0,6.9456658363342285,10.198039054870605,-123.56195300873334,48.13547076398794
2180,2.367938805036829e-06,0.8793381452560425,0.0,6.9456658363342285,10.198039054870605,-123.56195300873334,48.13547076398794
2181,2.367938805036829e-06,0.8793381452560425,0.0,6.9456658363342285,10.198039054870605,-123.56195300873334,48.13547076398794
2182,2.367938805036829e-06,0.8793381452560425,0.0,6.9456658363342285,10.198039054870605,-123.56195300873334,48.13547076398794
2183,2.367938805036829e-06,0.8793381452560425,0.0,6.9456658363342285,10.198039054870605,-123.56195300873334,48.13547076398794
2184,2.367938805036829e-06,0.8793381452560425,0.0,6.9456658363342285,10.198039054870605,-123.56195300873334,48.13547076398794
2185,2.367938805036829e-06,0.8793381452560425,0.0,6.9456658363342285,10.198039054870605,-123.56195300873334,48.13547076398794
2186,1.9560551663744263e-05,0.6130184531211853,0.0,7.946365833282471,94.9210205078125,-123.56155300873334,48.13547076398794
2187,1.9560551663744263e-05,0.6130184531211853,0.0,7.946365833282471,94.9210205078125,-123.56155300873334,48.13547076398794
2188,1.9560551663744263e-05,0.6130184531211853,0.0,7.946365833282471,94.9210205078125,-123.56155300873334,48.13547076398794
2189,1.9560551663744263e-05,0.6130184531211853,0.0,7.946365833282471,94.9210205078125,-123.56155300873334,48.13547076398794
2190,1.9560551663744263e-05,0.6130184531211853,0.0,7.946365833282471,94.9210205078125,-123.56155300873334,48.13547076398794
2191,1.9560551663744263e-05,0.6130184531211853,0.0,7.946365833282471,94.9210205078125,-123.56155300873334,48.13547076398794
2192,1.9560551663744263e-05,0.6130184531211853,0.0,7.946365833282471,94.9210205078125,-123.56155300873334,48.13547076398794
2193,1.9560551663744263e-05,0.6130184531211853,0.0,7.946365833282471,94.9210205078125,-123.56155300873334,48.13547076398794
2194,1.9560551663744263e-05,0.6130184531211853,0.0,7.946365833282471,94.9210205078125,-123.56155300873334,48.13547076398794
2195,1.9560551663744263e-05,0.6130184531211853,0.0,7.946365833282471,94.9210205078125,-123.56155300873334,48.13547076398794
2196,0.0004962018574588001,0.00035940311499871314,0.0,8.036601066589355,132.23086547851562,-123.56115300873334,48.13547076398794
2197,0.0004962018574588001,0.00035940311499871314,0.0,8.036601066589355,132.23086547851562,-123.56115300873334,48.13547076398794
2198,0.0004962018574588001,0.00035940311499871314,0.0,8.036601066589355,132.23086547851562,-123.56115300873334,48.13547076398794
2199,0.0004962018574588001,0.00035940311499871314,0.0,8.036601066589355,132.23086547851562,-123.56115300873334,48.13547076398794
2200,0.0004962018574588001,0.00035940311499871314,0.0,8.036601066589355,132.23086547851562,-123.56115300873334,48.13547076398794
2201,0.0004962018574588001,0.00035940311499871314,0.0,8.036601066589355,132.23086547851562,-123.56115300873334,48.13547076398794
2202,0.0004962018574588001,0.00035940311499871314,0.0,8.036601066589355,132.23086547851562,-123.56115300873334,48.13547076398794
2203,0.0004962018574588001,0.00035940311499871314,0.0,8.036601066589355,132.23086547851562,-123.56115300873334,48.13547076398794
2204,0.0004962018574588001,0.00035940311499871314,0.0,8.036601066589355,132.23086547851562,-123.56115300873334,48.13547076398794
2205,0.0004962018574588001,0.00035940311499871314,0.0,8.036601066589355,132.23086547851562,-123.56115300873334,48.13547076398794
2206,0.9946095943450928,0.0005635756533592939,0.0,7.022556781768799,38.832977294921875,-123.56075300873334,48.13547076398794
2207,0.9946095943450928,0.0005635756533592939,0.0,7.022556781768799,38.832977294921875,-123.56075300873334,48.13547076398794
2208,0.9946095943450928,0.0005635756533592939,0.0,7.022556781768799,38.832977294921875,-123.56075300873334,48.13547076398794
2209,0.9946095943450928,0.0005635756533592939,0.0,7.022556781768799,38.832977294921875,-123.56075300873334,48.13547076398794
2210,0.9946095943450928,0.0005635756533592939,0.0,7.022556781768799,38.832977294921875,-123.56075300873334,48.13547076398794
2211,0.9946095943450928,0.0005635756533592939,0.0,7.022556781768799,38.832977294921875,-123.56075300873334,48.13547076398794
2212,0.9946095943450928,0.0005635756533592939,0.0,7.022556781768799,38.832977294921875,-123.56075300873334,48.13547076398794
2213,0.9946095943450928,0.0005635756533592939,0.0,7.022556781768799,38.832977294921875,-123.56075300873334,48.13547076398794
2214,0.9946095943450928,0.0005635756533592939,0.0,7.022556781768799,38.832977294921875,-123.56075300873334,48.13547076398794
2215,0.9946095943450928,0.0005635756533592939,0.0,7.022556781768799,38.832977294921875,-123.56075300873334,48.13547076398794
2216,0.9995906949043274,0.00013318155833985656,0.0,7.340000152587891,237.00843811035156,-123.56035300873334,48.13547076398794
2217,0.9995906949043274,0.00013318155833985656,0.0,7.340000152587891,237.00843811035156,-123.56035300873334,48.13547076398794
2218,0.9995906949043274,0.00013318155833985656,0.0,7.340000152587891,237.00843811035156,-123.56035300873334,48.13547076398794
2219,0.9995906949043274,0.00013318155833985656,0.0,7.340000152587891,237.00843811035156,-123.56035300873334,48.13547076398794
2220,0.9995906949043274,0.00013318155833985656,0.0,7.340000152587891,237.00843811035156,-123.56035300873334,48.13547076398794
2221,0.9995906949043274,0.00013318155833985656,0.0,7.340000152587891,237.00843811035156,-123.56035300873334,48.13547076398794
2222,0.9995906949043274,0.00013318155833985656,0.0,7.340000152587891,237.00843811035156,-123.56035300873334,48.13547076398794
2223,0.9995906949043274,0.00013318155833985656,0.0,7.340000152587891,237.00843811035156,-123.56035300873334,48.13547076398794
2224,0.9995906949043274,0.00013318155833985656,0.0,7.340000152587891,237.00843811035156,-123.56035300873334,48.13547076398794
2225,0.9995906949043274,0.00013318155833985656,0.0,7.340000152587891,237.00843811035156,-123.56035300873334,48.13547076398794
2226,0.999998927116394,3.0675771995447576e-05,0.0,8.779999732971191,482.0559997558594,-123.55995300873334,48.13547076398794
2227,0.999998927116394,3.0675771995447576e-05,0.0,8.779999732971191,482.0559997558594,-123.55995300873334,48.13547076398794
2228,0.999998927116394,3.0675771995447576e-05,0.0,8.779999732971191,482.0559997558594,-123.55995300873334,48.13547076398794
2229,0.999998927116394,3.0675771995447576e-05,0.0,8.779999732971191,482.0559997558594,-123.55995300873334,48.13547076398794
2230,0.999998927116394,3.0675771995447576e-05,0.0,8.779999732971191,482.0559997558594,-123.55995300873334,48.13547076398794
2231,0.999998927116394,3.0675771995447576e-05,0.0,8.779999732971191,482.0559997558594,-123.55995300873334,48.13547076398794
2232,0.999998927116394,3.0675771995447576e-05,0.0,8.779999732971191,482.0559997558594,-123.55995300873334,48.13547076398794
2233,0.999998927116394,3.0675771995447576e-05,0.0,8.779999732971191,482.0559997558594,-123.55995300873334,48.13547076398794
2234,0.999998927116394,3.0675771995447576e-05,0.0,8.779999732971191,482.0559997558594,-123.55995300873334,48.13547076398794
2235,0.999998927116394,3.0675771995447576e-05,0.0,8.779999732971191,482.0559997558594,-123.55995300873334,48.13547076398794
2236,0.9999977350234985,3.379482950549573e-05,0.0,7.989999771118164,733.9161987304688,-123.55955300873335,48.13547076398794
2237,0.9999977350234985,3.379482950549573e-05,0.0,7.989999771118164,733.9161987304688,-123.55955300873335,48.13547076398794
2238,0.9999977350234985,3.379482950549573e-05,0.0,7.989999771118164,733.9161987304688,-123.55955300873335,48.13547076398794
2239,0.9999977350234985,3.379482950549573e-05,0.0,7.989999771118164,733.9161987304688,-123.55955300873335,48.13547076398794
2240,0.9999977350234985,3.379482950549573e-05,0.0,7.989999771118164,733.9161987304688,-123.55955300873335,48.13547076398794
2241,0.9999977350234985,3.379482950549573e-05,0.0,7.989999771118164,733.9161987304688,-123.55955300873335,48.13547076398794
2242,0.9999977350234985,3.379482950549573e-05,0.0,7.989999771118164,733.9161987304688,-123.55955300873335,48.13547076398794
2243,0.9999977350234985,3.379482950549573e-05,0.0,7.989999771118164,733.9161987304688,-123.55955300873335,48.13547076398794
2244,0.9999977350234985,3.379482950549573e-05,0.0,7.989999771118164,733.9161987304688,-123.55955300873335,48.13547076398794
2245,0.9999977350234985,3.379482950549573e-05,0.0,7.989999771118164,733.9161987304688,-123.55955300873335,48.13547076398794
2246,0.9999967813491821,5.015840724809095e-05,0.0,8.40999984741211,978.1011962890625,-123.55915300873335,48.13547076398794
2247,0.9999967813491821,5.015840724809095e-05,0.0,8.40999984741211,978.1011962890625,-123.55915300873335,48.13547076398794
2248,0.9999967813491821,5.015840724809095e-05,0.0,8.40999984741211,978.1011962890625,-123.55915300873335,48.13547076398794
2249,0.9999967813491821,5.015840724809095e-05,0.0,8.40999984741211,978.1011962890625,-123.55915300873335,48.13547076398794
2250,0.9999967813491821,5.015840724809095e-05,0.0,8.40999984741211,978.1011962890625,-123.55915300873335,48.13547076398794
2251,0.9999967813491821,5.015840724809095e-05,0.0,8.40999984741211,978.1011962890625,-123.55915300873335,48.13547076398794
2252,0.9999967813491821,5.015840724809095e-05,0.0,8.40999984741211,978.1011962890625,-123.55915300873335,48.13547076398794
2253,0.9999967813491821,5.015840724809095e-05,0.0,8.40999984741211,978.1011962890625,-123.55915300873335,48.13547076398794
2254,0.9999967813491821,5.015840724809095e-05,0.0,8.40999984741211,978.1011962890625,-123.55915300873335,48.13547076398794
2255,0.9999967813491821,5.015840724809095e-05,0.0,8.40999984741211,978.1011962890625,-123.55915300873335,48.13547076398794
2256,0.9999985694885254,8.020050154300407e-05,0.0,8.100000381469727,756.637939453125,-123.55875300873335,48.13547076398794
2257,0.9999985694885254,8.020050154300407e-05,0.0,8.100000381469727,756.637939453125,-123.55875300873335,48.13547076398794
2258,0.9999985694885254,8.020050154300407e-05,0.0,8.100000381469727,756.637939453125,-123.55875300873335,48.13547076398794
2259,0.9999985694885254,8.020050154300407e-05,0.0,8.100000381469727,756.637939453125,-123.55875300873335,48.13547076398794
2260,0.9999985694885254,8.020050154300407e-05,0.0,8.100000381469727,756.637939453125,-123.55875300873335,48.13547076398794
2261,0.9999985694885254,8.020050154300407e-05,0.0,8.100000381469727,756.637939453125,-123.55875300873335,48.13547076398794
2262,0.9999985694885254,8.020050154300407e-05,0.0,8.100000381469727,756.637939453125,-123.55875300873335,48.13547076398794
2263,0.9999985694885254,8.020050154300407e-05,0.0,8.100000381469727,756.637939453125,-123.55875300873335,48.13547076398794
2264,0.9999985694885254,8.020050154300407e-05,0.0,8.100000381469727,756.637939453125,-123.55875300873335,48.13547076398794
2265,0.9999985694885254,8.020050154300407e-05,0.0,8.100000381469727,756.637939453125,-123.55875300873335,48.13547076398794
2266,0.9999994039535522,3.859928619931452e-05,0.0,8.34000015258789,551.2023315429688,-123.55835300873335,48.13547076398794
2267,0.9999994039535522,3.859928619931452e-05,0.0,8.34000015258789,551.2023315429688,-123.55835300873335,48.13547076398794
2268,0.9999994039535522,3.859928619931452e-05,0.0,8.34000015258789,551.2023315429688,-123.55835300873335,48.13547076398794
2269,0.9999994039535522,3.859928619931452e-05,0.0,8.34000015258789,551.2023315429688,-123.55835300873335,48.13547076398794
2270,0.9999994039535522,3.859928619931452e-05,0.0,8.34000015258789,551.2023315429688,-123.55835300873335,48.13547076398794
2271,0.9999994039535522,3.859928619931452e-05,0.0,8.34000015258789,551.2023315429688,-123.55835300873335,48.13547076398794
2272,0.9999994039535522,3.859928619931452e-05,0.0,8.34000015258789,551.2023315429688,-123.55835300873335,48.13547076398794
2273,0.9999994039535522,3.859928619931452e-05,0.0,8.34000015258789,551.2023315429688,-123.55835300873335,48.13547076398794
2274,0.9999994039535522,3.859928619931452e-05,0.0,8.34000015258789,551.2023315429688,-123.55835300873335,48.13547076398794
2275,0.9999994039535522,3.859928619931452e-05,0.0,8.34000015258789,551.2023315429688,-123.55835300873335,48.13547076398794
2276,0.9999951124191284,5.1674873247975484e-05,0.0,7.619999885559082,367.2669372558594,-123.55795300873335,48.13547076398794
2277,0.9999951124191284,5.1674873247975484e-05,0.0,7.619999885559082,367.2669372558594,-123.55795300873335,48.13547076398794
2278,0.9999951124191284,5.1674873247975484e-05,0.0,7.619999885559082,367.2669372558594,-123.55795300873335,48.13547076398794
2279,0.9999951124191284,5.1674873247975484e-05,0.0,7.619999885559082,367.2669372558594,-123.55795300873335,48.13547076398794
2280,0.9999951124191284,5.1674873247975484e-05,0.0,7.619999885559082,367.2669372558594,-123.55795300873335,48.13547076398794
2281,0.9999951124191284,5.1674873247975484e-05,0.0,7.619999885559082,367.2669372558594,-123.55795300873335,48.13547076398794
2282,0.9999951124191284,5.1674873247975484e-05,0.0,7.619999885559082,367.2669372558594,-123.55795300873335,48.13547076398794
2283,0.9999951124191284,5.1674873247975484e-05,0.0,7.619999885559082,367.2669372558594,-123.55795300873335,48.13547076398794
2284,0.9999951124191284,5.1674873247975484e-05,0.0,7.619999885559082,367.2669372558594,-123.55795300873335,48.13547076398794
2285,0.9999951124191284,5.1674873247975484e-05,0.0,7.619999885559082,367.2669372558594,-123.55795300873335,48.13547076398794
2286,1.0,1.3732493243878707e-05,0.0,9.210000038146973,236.677001953125,-123.55755300873335,48.13547076398794
2287,1.0,1.3732493243878707e-05,0.0,9.210000038146973,236.677001953125,-123.55755300873335,48.13547076398794
2288,1.0,1.3732493243878707e-05,0.0,9.210000038146973,236.677001953125,-123.55755300873335,48.13547076398794
2289,1.0,1.3732493243878707e-05,0.0,9.210000038146973,236.677001953125,-123.55755300873335,48.13547076398794
2290,1.0,1.3732493243878707e-05,0.0,9.210000038146973,236.677001953125,-123.55755300873335,48.13547076398794
2291,1.0,1.3732493243878707e-05,0.0,9.210000038146973,236.677001953125,-123.55755300873335,48.13547076398794
2292,1.0,1.3732493243878707e-05,0.0,9.210000038146973,236.677001953125,-123.55755300873335,48.13547076398794
2293,1.0,1.3732493243878707e-05,0.0,9.210000038146973,236.677001953125,-123.55755300873335,48.13547076398794
2294,1.0,1.3732493243878707e-05,0.0,9.210000038146973,236.677001953125,-123.55755300873335,48.13547076398794
2295,1.0,1.3732493243878707e-05,0.0,9.210000038146973,236.677001953125,-123.55755300873335,48.13547076398794
2296,1.236387788594584e-06,0.7080304026603699,0.0,8.069999694824219,119.26860809326172,-123.55715300873335,48.13547076398794
2297,1.236387788594584e-06,0.7080304026603699,0.0,8.069999694824219,119.26860809326172,-123.55715300873335,48.13547076398794
2298,1.236387788594584e-06,0.7080304026603699,0.0,8.069999694824219,119.26860809326172,-123.55715300873335,48.13547076398794
2299,1.236387788594584e-06,0.7080304026603699,0.0,8.069999694824219,119.26860809326172,-123.55715300873335,48.13547076398794
2300,1.236387788594584e-06,0.7080304026603699,0.0,8.069999694824219,119.26860809326172,-123.55715300873335,48.13547076398794
2301,1.236387788594584e-06,0.7080304026603699,0.0,8.069999694824219,119.26860809326172,-123.55715300873335,48.13547076398794
2302,1.236387788594584e-06,0.7080304026603699,0.0,8.069999694824219,119.26860809326172,-123.55715300873335,48.13547076398794
2303,1.236387788594584e-06,0.7080304026603699,0.0,8.069999694824219,119.26860809326172,-123.55715300873335,48.13547076398794
2304,1.236387788594584e-06,0.7080304026603699,0.0,8.069999694824219,119.26860809326172,-123.55715300873335,48.13547076398794
2305,1.236387788594584e-06,0.7080304026603699,0.0,8.069999694824219,119.26860809326172,-123.55715300873335,48.13547076398794
2306,4.893353889201535e-06,0.0031168791465461254,0.0,7.276618003845215,92.02716827392578,-123.55675300873335,48.13547076398794
2307,4.893353889201535e-06,0.0031168791465461254,0.0,7.276618003845215,92.02716827392578,-123.55675300873335,48.13547076398794
2308,4.893353889201535e-06,0.0031168791465461254,0.0,7.276618003845215,92.02716827392578,-123.55675300873335,48.13547076398794
2309,4.893353889201535e-06,0.0031168791465461254,0.0,7.276618003845215,92.02716827392578,-123.55675300873335,48.13547076398794
2310,4.893353889201535e-06,0.0031168791465461254,0.0,7.276618003845215,92.02716827392578,-123.55675300873335,48.13547076398794
2311,4.893353889201535e-06,0.0031168791465461254,0.0,7.276618003845215,92.02716827392578,-123.55675300873335,48.13547076398794
2312,4.893353889201535e-06,0.0031168791465461254,0.0,7.276618003845215,92.02716827392578,-123.55675300873335,48.13547076398794
2313,4.893353889201535e-06,0.0031168791465461254,0.0,7.276618003845215,92.02716827392578,-123.55675300873335,48.13547076398794
2314,4.893353889201535e-06,0.0031168791465461254,0.0,7.276618003845215,92.02716827392578,-123.55675300873335,48.13547076398794
2315,4.893353889201535e-06,0.0031168791465461254,0.0,7.276618003845215,92.02716827392578,-123.55675300873335,48.13547076398794
2316,0.0,0.0,0.0,0.0,306.0,-123.55635300873335,48.13547076398794
2317,0.0,0.0,0.0,0.0,392.4754638671875,-123.55595300873335,48.13547076398794
2318,1.9201586837880313e-05,0.9908287525177002,0.0,7.167657852172852,35.902645111083984,-123.56195300873334,48.13507076398794
2319,1.9201586837880313e-05,0.9908287525177002,0.0,7.167657852172852,35.902645111083984,-123.56195300873334,48.13507076398794
2320,1.9201586837880313e-05,0.9908287525177002,0.0,7.167657852172852,35.902645111083984,-123.56195300873334,48.13507076398794
2321,1.9201586837880313e-05,0.9908287525177002,0.0,7.167657852172852,35.902645111083984,-123.56195300873334,48.13507076398794
2322,1.9201586837880313e-05,0.9908287525177002,0.0,7.167657852172852,35.902645111083984,-123.56195300873334,48.13507076398794
2323,1.9201586837880313e-05,0.9908287525177002,0.0,7.167657852172852,35.902645111083984,-123.56195300873334,48.13507076398794
2324,1.9201586837880313e-05,0.9908287525177002,0.0,7.167657852172852,35.902645111083984,-123.56195300873334,48.13507076398794
2325,1.9201586837880313e-05,0.9908287525177002,0.0,7.167657852172852,35.902645111083984,-123.56195300873334,48.13507076398794
2326,1.9201586837880313e-05,0.9908287525177002,0.0,7.167657852172852,35.902645111083984,-123.56195300873334,48.13507076398794
2327,1.9201586837880313e-05,0.9908287525177002,0.0,7.167657852172852,35.902645111083984,-123.56195300873334,48.13507076398794
2328,0.0005018562078475952,0.010031615383923054,0.0,8.34537124633789,156.98406982421875,-123.56155300873334,48.13507076398794
2329,0.0005018562078475952,0.010031615383923054,0.0,8.34537124633789,156.98406982421875,-123.56155300873334,48.13507076398794
2330,0.0005018562078475952,0.010031615383923054,0.0,8.34537124633789,156.98406982421875,-123.56155300873334,48.13507076398794
2331,0.0005018562078475952,0.010031615383923054,0.0,8.34537124633789,156.98406982421875,-123.56155300873334,48.13507076398794
2332,0.0005018562078475952,0.010031615383923054,0.0,8.34537124633789,156.98406982421875,-123.56155300873334,48.13507076398794
2333,0.0005018562078475952,0.010031615383923054,0.0,8.34537124633789,156.98406982421875,-123.56155300873334,48.13507076398794
2334,0.0005018562078475952,0.010031615383923054,0.0,8.34537124633789,156.98406982421875,-123.56155300873334,48.13507076398794
2335,0.0005018562078475952,0.010031615383923054,0.0,8.34537124633789,156.98406982421875,-123.56155300873334,48.13507076398794
2336,0.0005018562078475952,0.010031615383923054,0.0,8.34537124633789,156.98406982421875,-123.56155300873334,48.13507076398794
2337,0.0005018562078475952,0.010031615383923054,0.0,8.34537124633789,156.98406982421875,-123.56155300873334,48.13507076398794
2338,0.0032117576338350773,0.14522004127502441,0.0,7.633599281311035,35.35533905029297,-123.56115300873334,48.13507076398794
2339,0.0032117576338350773,0.14522004127502441,0.0,7.633599281311035,35.35533905029297,-123.56115300873334,48.13507076398794
2340,0.0032117576338350773,0.14522004127502441,0.0,7.633599281311035,35.35533905029297,-123.56115300873334,48.13507076398794
2341,0.0032117576338350773,0.14522004127502441,0.0,7.633599281311035,35.35533905029297,-123.56115300873334,48.13507076398794
2342,0.0032117576338350773,0.14522004127502441,0.0,7.633599281311035,35.35533905029297,-123.56115300873334,48.13507076398794
2343,0.0032117576338350773,0.14522004127502441,0.0,7.633599281311035,35.35533905029297,-123.56115300873334,48.13507076398794
2344,0.0032117576338350773,0.14522004127502441,0.0,7.633599281311035,35.35533905029297,-123.56115300873334,48.13507076398794
2345,0.0032117576338350773,0.14522004127502441,0.0,7.633599281311035,35.35533905029297,-123.56115300873334,48.13507076398794
2346,0.0032117576338350773,0.14522004127502441,0.0,7.633599281311035,35.35533905029297,-123.56115300873334,48.13507076398794
2347,0.0032117576338350773,0.14522004127502441,0.0,7.633599281311035,35.35533905029297,-123.56115300873334,48.13507076398794
2348,0.9998528957366943,2.7758611395256594e-05,0.0,8.789999961853027,219.12782287597656,-123.56075300873334,48.13507076398794
2349,0.9998528957366943,2.7758611395256594e-05,0.0,8.789999961853027,219.12782287597656,-123.56075300873334,48.13507076398794
2350,0.9998528957366943,2.7758611395256594e-05,0.0,8.789999961853027,219.12782287597656,-123.56075300873334,48.13507076398794
2351,0.9998528957366943,2.7758611395256594e-05,0.0,8.789999961853027,219.12782287597656,-123.56075300873334,48.13507076398794
2352,0.9998528957366943,2.7758611395256594e-05,0.0,8.789999961853027,219.12782287597656,-123.56075300873334,48.13507076398794
2353,0.9998528957366943,2.7758611395256594e-05,0.0,8.789999961853027,219.12782287597656,-123.56075300873334,48.13507076398794
2354,0.9998528957366943,2.7758611395256594e-05,0.0,8.789999961853027,219.12782287597656,-123.56075300873334,48.13507076398794
2355,0.9998528957366943,2.7758611395256594e-05,0.0,8.789999961853027,219.12782287597656,-123.56075300873334,48.13507076398794
2356,0.9998528957366943,2.7758611395256594e-05,0.0,8.789999961853027,219.12782287597656,-123.56075300873334,48.13507076398794
2357,0.9998528957366943,2.7758611395256594e-05,0.0,8.789999961853027,219.12782287597656,-123.56075300873334,48.13507076398794
2358,0.9747360944747925,0.01774740032851696,0.0,8.220000267028809,389.9358825683594,-123.56035300873334,48.13507076398794
2359,0.9747360944747925,0.01774740032851696,0.0,8.220000267028809,389.9358825683594,-123.56035300873334,48.13507076398794
2360,0.9747360944747925,0.01774740032851696,0.0,8.220000267028809,389.9358825683594,-123.56035300873334,48.13507076398794
2361,0.9747360944747925,0.01774740032851696,0.0,8.220000267028809,389.9358825683594,-123.56035300873334,48.13507076398794
2362,0.9747360944747925,0.01774740032851696,0.0,8.220000267028809,389.9358825683594,-123.56035300873334,48.13507076398794
2363,0.9747360944747925,0.01774740032851696,0.0,8.220000267028809,389.9358825683594,-123.56035300873334,48.13507076398794
2364,0.9747360944747925,0.01774740032851696,0.0,8.220000267028809,389.9358825683594,-123.56035300873334,48.13507076398794
2365,0.9747360944747925,0.01774740032851696,0.0,8.220000267028809,389.9358825683594,-123.56035300873334,48.13507076398794
2366,0.9747360944747925,0.01774740032851696,0.0,8.220000267028809,389.9358825683594,-123.56035300873334,48.13507076398794
2367,0.9747360944747925,0.01774740032851696,0.0,8.220000267028809,389.9358825683594,-123.56035300873334,48.13507076398794
2368,0.9999585151672363,0.00020155671518296003,0.0,9.390000343322754,586.6668701171875,-123.55995300873334,48.13507076398794
2369,0.9999585151672363,0.00020155671518296003,0.0,9.390000343322754,586.6668701171875,-123.55995300873334,48.13507076398794
2370,0.9999585151672363,0.00020155671518296003,0.0,9.390000343322754,586.6668701171875,-123.55995300873334,48.13507076398794
2371,0.9999585151672363,0.00020155671518296003,0.0,9.390000343322754,586.6668701171875,-123.55995300873334,48.13507076398794
2372,0.9999585151672363,0.00020155671518296003,0.0,9.390000343322754,586.6668701171875,-123.55995300873334,48.13507076398794
2373,0.9999585151672363,0.00020155671518296003,0.0,9.390000343322754,586.6668701171875,-123.55995300873334,48.13507076398794
2374,0.9999585151672363,0.00020155671518296003,0.0,9.390000343322754,586.6668701171875,-123.55995300873334,48.13507076398794
2375,0.9999585151672363,0.00020155671518296003,0.0,9.390000343322754,586.6668701171875,-123.55995300873334,48.13507076398794
2376,0.9999585151672363,0.00020155671518296003,0.0,9.390000343322754,586.6668701171875,-123.55995300873334,48.13507076398794
2377,0.9999585151672363,0.00020155671518296003,0.0,9.390000343322754,586.6668701171875,-123.55995300873334,48.13507076398794
2378,0.9999321699142456,0.00035776072763837874,0.0,8.4399995803833,806.9002685546875,-123.55955300873335,48.13507076398794
2379,0.9999321699142456,0.00035776072763837874,0.0,8.4399995803833,806.9002685546875,-123.55955300873335,48.13507076398794
2380,0.9999321699142456,0.00035776072763837874,0.0,8.4399995803833,806.9002685546875,-123.55955300873335,48.13507076398794
2381,0.9999321699142456,0.00035776072763837874,0.0,8.4399995803833,806.9002685546875,-123.55955300873335,48.13507076398794
2382,0.9999321699142456,0.00035776072763837874,0.0,8.4399995803833,806.9002685546875,-123.55955300873335,48.13507076398794
2383,0.9999321699142456,0.00035776072763837874,0.0,8.4399995803833,806.9002685546875,-123.55955300873335,48.13507076398794
2384,0.9999321699142456,0.00035776072763837874,0.0,8.4399995803833,806.9002685546875,-123.55955300873335,48.13507076398794
2385,0.9999321699142456,0.00035776072763837874,0.0,8.4399995803833,806.9002685546875,-123.55955300873335,48.13507076398794
2386,0.9999321699142456,0.00035776072763837874,0.0,8.4399995803833,806.9002685546875,-123.55955300873335,48.13507076398794
2387,0.9999321699142456,0.00035776072763837874,0.0,8.4399995803833,806.9002685546875,-123.55955300873335,48.13507076398794
2388,0.9999125003814697,0.00011379833449609578,0.0,8.859999656677246,1037.9229736328125,-123.55915300873335,48.13507076398794
2389,0.9999125003814697,0.00011379833449609578,0.0,8.859999656677246,1037.9229736328125,-123.55915300873335,48.13507076398794
2390,0.9999125003814697,0.00011379833449609578,0.0,8.859999656677246,1037.9229736328125,-123.55915300873335,48.13507076398794
2391,0.9999125003814697,0.00011379833449609578,0.0,8.859999656677246,1037.9229736328125,-123.55915300873335,48.13507076398794
2392,0.9999125003814697,0.00011379833449609578,0.0,8.859999656677246,1037.9229736328125,-123.55915300873335,48.13507076398794
2393,0.9999125003814697,0.00011379833449609578,0.0,8.859999656677246,1037.9229736328125,-123.55915300873335,48.13507076398794
2394,0.9999125003814697,0.00011379833449609578,0.0,8.859999656677246,1037.9229736328125,-123.55915300873335,48.13507076398794
2395,0.9999125003814697,0.00011379833449609578,0.0,8.859999656677246,1037.9229736328125,-123.55915300873335,48.13507076398794
2396,0.9999125003814697,0.00011379833449609578,0.0,8.859999656677246,1037.9229736328125,-123.55915300873335,48.13507076398794
2397,0.9999125003814697,0.00011379833449609578,0.0,8.859999656677246,1037.9229736328125,-123.55915300873335,48.13507076398794
2398,0.9998706579208374,6.518568261526525e-05,0.0,8.8100004196167,908.3705444335938,-123.55875300873335,48.13507076398794
2399,0.9998706579208374,6.518568261526525e-05,0.0,8.8100004196167,908.3705444335938,-123.55875300873335,48.13507076398794
2400,0.9998706579208374,6.518568261526525e-05,0.0,8.8100004196167,908.3705444335938,-123.55875300873335,48.13507076398794
2401,0.9998706579208374,6.518568261526525e-05,0.0,8.8100004196167,908.3705444335938,-123.55875300873335,48.13507076398794
2402,0.9998706579208374,6.518568261526525e-05,0.0,8.8100004196167,908.3705444335938,-123.55875300873335,48.13507076398794
2403,0.9998706579208374,6.518568261526525e-05,0.0,8.8100004196167,908.3705444335938,-123.55875300873335,48.13507076398794
2404,0.9998706579208374,6.518568261526525e-05,0.0,8.8100004196167,908.3705444335938,-123.55875300873335,48.13507076398794
2405,0.9998706579208374,6.518568261526525e-05,0.0,8.8100004196167,908.3705444335938,-123.55875300873335,48.13507076398794
2406,0.9998706579208374,6.518568261526525e-05,0.0,8.8100004196167,908.3705444335938,-123.55875300873335,48.13507076398794
2407,0.9998706579208374,6.518568261526525e-05,0.0,8.8100004196167,908.3705444335938,-123.55875300873335,48.13507076398794
2408,0.9999423027038574,8.105060260277241e-05,0.0,8.4399995803833,724.30517578125,-123.55835300873335,48.13507076398794
2409,0.9999423027038574,8.105060260277241e-05,0.0,8.4399995803833,724.30517578125,-123.55835300873335,48.13507076398794
2410,0.9999423027038574,8.105060260277241e-05,0.0,8.4399995803833,724.30517578125,-123.55835300873335,48.13507076398794
2411,0.9999423027038574,8.105060260277241e-05,0.0,8.4399995803833,724.30517578125,-123.55835300873335,48.13507076398794
2412,0.9999423027038574,8.105060260277241e-05,0.0,8.4399995803833,724.30517578125,-123.55835300873335,48.13507076398794
2413,0.9999423027038574,8.105060260277241e-05,0.0,8.4399995803833,724.30517578125,-123.55835300873335,48.13507076398794
2414,0.9999423027038574,8.105060260277241e-05,0.0,8.4399995803833,724.30517578125,-123.55835300873335,48.13507076398794
2415,0.9999423027038574,8.105060260277241e-05,0.0,8.4399995803833,724.30517578125,-123.55835300873335,48.13507076398794
2416,0.9999423027038574,8.105060260277241e-05,0.0,8.4399995803833,724.30517578125,-123.55835300873335,48.13507076398794
2417,0.9999423027038574,8.105060260277241e-05,0.0,8.4399995803833,724.30517578125,-123.55835300873335,48.13507076398794
2418,0.9999732971191406,0.0010710081551223993,0.0,7.849999904632568,585.8617553710938,-123.55795300873335,48.13507076398794
2419,0.9999732971191406,0.0010710081551223993,0.0,7.849999904632568,585.8617553710938,-123.55795300873335,48.13507076398794
2420,0.9999732971191406,0.0010710081551223993,0.0,7.849999904632568,585.8617553710938,-123.55795300873335,48.13507076398794
2421,0.9999732971191406,0.0010710081551223993,0.0,7.849999904632568,585.8617553710938,-123.55795300873335,48.13507076398794
2422,0.9999732971191406,0.0010710081551223993,0.0,7.849999904632568,585.8617553710938,-123.55795300873335,48.13507076398794
2423,0.9999732971191406,0.0010710081551223993,0.0,7.849999904632568,585.8617553710938,-123.55795300873335,48.13507076398794
2424,0.9999732971191406,0.0010710081551223993,0.0,7.849999904632568,585.8617553710938,-123.55795300873335,48.13507076398794
2425,0.9999732971191406,0.0010710081551223993,0.0,7.849999904632568,585.8617553710938,-123.55795300873335,48.13507076398794
2426,0.9999732971191406,0.0010710081551223993,0.0,7.849999904632568,585.8617553710938,-123.55795300873335,48.13507076398794
2427,0.9999732971191406,0.0010710081551223993,0.0,7.849999904632568,585.8617553710938,-123.55795300873335,48.13507076398794
2428,0.9999631643295288,0.0005934521905146539,0.0,9.1899995803833,461.0910949707031,-123.55755300873335,48.13507076398794
2429,0.9999631643295288,0.0005934521905146539,0.0,9.1899995803833,461.0910949707031,-123.55755300873335,48.13507076398794
2430,0.9999631643295288,0.0005934521905146539,0.0,9.1899995803833,461.0910949707031,-123.55755300873335,48.13507076398794
2431,0.9999631643295288,0.0005934521905146539,0.0,9.1899995803833,461.0910949707031,-123.55755300873335,48.13507076398794
2432,0.9999631643295288,0.0005934521905146539,0.0,9.1899995803833,461.0910949707031,-123.55755300873335,48.13507076398794
2433,0.9999631643295288,0.0005934521905146539,0.0,9.1899995803833,461.0910949707031,-123.55755300873335,48.13507076398794
2434,0.9999631643295288,0.0005934521905146539,0.0,9.1899995803833,461.0910949707031,-123.55755300873335,48.13507076398794
2435,0.9999631643295288,0.0005934521905146539,0.0,9.1899995803833,461.0910949707031,-123.55755300873335,48.13507076398794
2436,0.9999631643295288,0.0005934521905146539,0.0,9.1899995803833,461.0910949707031,-123.55755300873335,48.13507076398794
2437,0.9999631643295288,0.0005934521905146539,0.0,9.1899995803833,461.0910949707031,-123.55755300873335,48.13507076398794
2438,0.9992947578430176,0.001467738184146583,0.0,8.930000305175781,223.2935333251953,-123.55715300873335,48.13507076398794
2439,0.9992947578430176,0.001467738184146583,0.0,8.930000305175781,223.2935333251953,-123.55715300873335,48.13507076398794
2440,0.9992947578430176,0.001467738184146583,0.0,8.930000305175781,223.2935333251953,-123.55715300873335,48.13507076398794
2441,0.9992947578430176,0.001467738184146583,0.0,8.930000305175781,223.2935333251953,-123.55715300873335,48.13507076398794
2442,0.9992947578430176,0.001467738184146583,0.0,8.930000305175781,223.2935333251953,-123.55715300873335,48.13507076398794
2443,0.9992947578430176,0.001467738184146583,0.0,8.930000305175781,223.2935333251953,-123.55715300873335,48.13507076398794
2444,0.9992947578430176,0.001467738184146583,0.0,8.930000305175781,223.2935333251953,-123.55715300873335,48.13507076398794
2445,0.9992947578430176,0.001467738184146583,0.0,8.930000305175781,223.2935333251953,-123.55715300873335,48.13507076398794
2446,0.9992947578430176,0.001467738184146583,0.0,8.930000305175781,223.2935333251953,-123.55715300873335,48.13507076398794
2447,0.9992947578430176,0.001467738184146583,0.0,8.930000305175781,223.2935333251953,-123.55715300873335,48.13507076398794
2448,2.3048769923900148e-12,0.9999982118606567,0.0,8.069634437561035,42.42640686035156,-123.55675300873335,48.13507076398794
2449,2.3048769923900148e-12,0.9999982118606567,0.0,8.069634437561035,42.42640686035156,-123.55675300873335,48.13507076398794
2450,2.3048769923900148e-12,0.9999982118606567,0.0,8.069634437561035,42.42640686035156,-123.55675300873335,48.13507076398794
2451,2.3048769923900148e-12,0.9999982118606567,0.0,8.069634437561035,42.42640686035156,-123.55675300873335,48.13507076398794
2452,2.3048769923900148e-12,0.9999982118606567,0.0,8.069634437561035,42.42640686035156,-123.55675300873335,48.13507076398794
2453,2.3048769923900148e-12,0.9999982118606567,0.0,8.069634437561035,42.42640686035156,-123.55675300873335,48.13507076398794
2454,2.3048769923900148e-12,0.9999982118606567,0.0,8.069634437561035,42.42640686035156,-123.55675300873335,48.13507076398794
2455,2.3048769923900148e-12,0.9999982118606567,0.0,8.069634437561035,42.42640686035156,-123.55675300873335,48.13507076398794
2456,2.3048769923900148e-12,0.9999982118606567,0.0,8.069634437561035,42.42640686035156,-123.55675300873335,48.13507076398794
2457,2.3048769923900148e-12,0.9999982118606567,0.0,8.069634437561035,42.42640686035156,-123.55675300873335,48.13507076398794
2458,0.017720354720950127,0.006706185173243284,0.0,7.033195972442627,51.0,-123.55635300873335,48.13507076398794
2459,0.017720354720950127,0.006706185173243284,0.0,7.033195972442627,51.0,-123.55635300873335,48.13507076398794
2460,0.017720354720950127,0.006706185173243284,0.0,7.033195972442627,51.0,-123.55635300873335,48.13507076398794
2461,0.017720354720950127,0.006706185173243284,0.0,7.033195972442627,51.0,-123.55635300873335,48.13507076398794
2462,0.017720354720950127,0.006706185173243284,0.0,7.033195972442627,51.0,-123.55635300873335,48.13507076398794
2463,0.017720354720950127,0.006706185173243284,0.0,7.033195972442627,51.0,-123.55635300873335,48.13507076398794
2464,0.017720354720950127,0.006706185173243284,0.0,7.033195972442627,51.0,-123.55635300873335,48.13507076398794
2465,0.017720354720950127,0.006706185173243284,0.0,7.033195972442627,51.0,-123.55635300873335,48.13507076398794
2466,0.017720354720950127,0.006706185173243284,0.0,7.033195972442627,51.0,-123.55635300873335,48.13507076398794
2467,0.017720354720950127,0.006706185173243284,0.0,7.033195972442627,51.0,-123.55635300873335,48.13507076398794
2468,0.0,0.0,0.0,0.0,177.11578369140625,-123.55595300873335,48.13507076398794
2469,0.0,0.0,0.0,0.0,177.11578369140625,-123.55595300873335,48.13507076398794
2470,0.0,0.0,0.0,0.0,197.34234619140625,-123.55555300873336,48.13507076398794
2471,0.0025943838991224766,0.9810885190963745,0.0,7.161619663238525,55.44366455078125,-123.56155300873334,48.13467076398794
2472,0.0025943838991224766,0.9810885190963745,0.0,7.161619663238525,55.44366455078125,-123.56155300873334,48.13467076398794
2473,0.0025943838991224766,0.9810885190963745,0.0,7.161619663238525,55.44366455078125,-123.56155300873334,48.13467076398794
2474,0.0025943838991224766,0.9810885190963745,0.0,7.161619663238525,55.44366455078125,-123.56155300873334,48.13467076398794
2475,0.0025943838991224766,0.9810885190963745,0.0,7.161619663238525,55.44366455078125,-123.56155300873334,48.13467076398794
2476,0.0025943838991224766,0.9810885190963745,0.0,7.161619663238525,55.44366455078125,-123.56155300873334,48.13467076398794
2477,0.0025943838991224766,0.9810885190963745,0.0,7.161619663238525,55.44366455078125,-123.56155300873334,48.13467076398794
2478,0.0025943838991224766,0.9810885190963745,0.0,7.161619663238525,55.44366455078125,-123.56155300873334,48.13467076398794
2479,0.0025943838991224766,0.9810885190963745,0.0,7.161619663238525,55.44366455078125,-123.56155300873334,48.13467076398794
2480,0.0025943838991224766,0.9810885190963745,0.0,7.161619663238525,55.44366455078125,-123.56155300873334,48.13467076398794
2481,0.9999998807907104,9.088029401027597e-06,0.0,8.890000343322754,138.51353454589844,-123.56115300873334,48.13467076398794
2482,0.9999998807907104,9.088029401027597e-06,0.0,8.890000343322754,138.51353454589844,-123.56115300873334,48.13467076398794
2483,0.9999998807907104,9.088029401027597e-06,0.0,8.890000343322754,138.51353454589844,-123.56115300873334,48.13467076398794
2484,0.9999998807907104,9.088029401027597e-06,0.0,8.890000343322754,138.51353454589844,-123.56115300873334,48.13467076398794
2485,0.9999998807907104,9.088029401027597e-06,0.0,8.890000343322754,138.51353454589844,-123.56115300873334,48.13467076398794
2486,0.9999998807907104,9.088029401027597e-06,0.0,8.890000343322754,138.51353454589844,-123.56115300873334,48.13467076398794
2487,0.9999998807907104,9.088029401027597e-06,0.0,8.890000343322754,138.51353454589844,-123.56115300873334,48.13467076398794
2488,0.9999998807907104,9.088029401027597e-06,0.0,8.890000343322754,138.51353454589844,-123.56115300873334,48.13467076398794
2489,0.9999998807907104,9.088029401027597e-06,0.0,8.890000343322754,138.51353454589844,-123.56115300873334,48.13467076398794
2490,0.9999998807907104,9.088029401027597e-06,0.0,8.890000343322754,138.51353454589844,-123.56115300873334,48.13467076398794
2491,0.9999963045120239,5.092284482088871e-05,0.0,9.039999961853027,379.15826416015625,-123.56075300873334,48.13467076398794
2492,0.9999963045120239,5.092284482088871e-05,0.0,9.039999961853027,379.15826416015625,-123.56075300873334,48.13467076398794
2493,0.9999963045120239,5.092284482088871e-05,0.0,9.039999961853027,379.15826416015625,-123.56075300873334,48.13467076398794
2494,0.9999963045120239,5.092284482088871e-05,0.0,9.039999961853027,379.15826416015625,-123.56075300873334,48.13467076398794
2495,0.9999963045120239,5.092284482088871e-05,0.0,9.039999961853027,379.15826416015625,-123.56075300873334,48.13467076398794
2496,0.9999963045120239,5.092284482088871e-05,0.0,9.039999961853027,379.15826416015625,-123.56075300873334,48.13467076398794
2497,0.9999963045120239,5.092284482088871e-05,0.0,9.039999961853027,379.15826416015625,-123.56075300873334,48.13467076398794
2498,0.9999963045120239,5.092284482088871e-05,0.0,9.039999961853027,379.15826416015625,-123.56075300873334,48.13467076398794
2499,0.9999963045120239,5.092284482088871e-05,0.0,9.039999961853027,379.15826416015625,-123.56075300873334,48.13467076398794
2500,0.9999963045120239,5.092284482088871e-05,0.0,9.039999961853027,379.15826416015625,-123.56075300873334,48.13467076398794
2501,0.9998704195022583,6.292981561273336e-05,0.0,8.979999542236328,573.941650390625,-123.56035300873334,48.13467076398794
2502,0.9998704195022583,6.292981561273336e-05,0.0,8.979999542236328,573.941650390625,-123.56035300873334,48.13467076398794
2503,0.9998704195022583,6.292981561273336e-05,0.0,8.979999542236328,573.941650390625,-123.56035300873334,48.13467076398794
2504,0.9998704195022583,6.292981561273336e-05,0.0,8.979999542236328,573.941650390625,-123.56035300873334,48.13467076398794
2505,0.9998704195022583,6.292981561273336e-05,0.0,8.979999542236328,573.941650390625,-123.56035300873334,48.13467076398794
2506,0.9998704195022583,6.292981561273336e-05,0.0,8.979999542236328,573.941650390625,-123.56035300873334,48.13467076398794
2507,0.9998704195022583,6.292981561273336e-05,0.0,8.979999542236328,573.941650390625,-123.56035300873334,48.13467076398794
2508,0.9998704195022583,6.292981561273336e-05,0.0,8.979999542236328,573.941650390625,-123.56035300873334,48.13467076398794
2509,0.9998704195022583,6.292981561273336e-05,0.0,8.979999542236328,573.941650390625,-123.56035300873334,48.13467076398794
2510,0.9998704195022583,6.292981561273336e-05,0.0,8.979999542236328,573.941650390625,-123.56035300873334,48.13467076398794
2511,0.9999597072601318,0.000690384884364903,0.0,9.350000381469727,750.066650390625,-123.55995300873334,48.13467076398794
2512,0.9999597072601318,0.000690384884364903,0.0,9.350000381469727,750.066650390625,-123.55995300873334,48.13467076398794
2513,0.9999597072601318,0.000690384884364903,0.0,9.350000381469727,750.066650390625,-123.55995300873334,48.13467076398794
2514,0.9999597072601318,0.000690384884364903,0.0,9.350000381469727,750.066650390625,-123.55995300873334,48.13467076398794
2515,0.9999597072601318,0.000690384884364903,0.0,9.350000381469727,750.066650390625,-123.55995300873334,48.13467076398794
2516,0.9999597072601318,0.000690384884364903,0.0,9.350000381469727,750.066650390625,-123.55995300873334,48.13467076398794
2517,0.9999597072601318,0.000690384884364903,0.0,9.350000381469727,750.066650390625,-123.55995300873334,48.13467076398794
2518,0.9999597072601318,0.000690384884364903,0.0,9.350000381469727,750.066650390625,-123.55995300873334,48.13467076398794
2519,0.9999597072601318,0.000690384884364903,0.0,9.350000381469727,750.066650390625,-123.55995300873334,48.13467076398794
2520,0.9999597072601318,0.000690384884364903,0.0,9.350000381469727,750.066650390625,-123.55995300873334,48.13467076398794
2521,0.127760648727417,0.6650988459587097,0.0,8.170000076293945,762.0059204101562,-123.55955300873335,48.13467076398794
2522,0.127760648727417,0.6650988459587097,0.0,8.170000076293945,762.0059204101562,-123.55955300873335,48.13467076398794
2523,0.127760648727417,0.6650988459587097,0.0,8.170000076293945,762.0059204101562,-123.55955300873335,48.13467076398794
2524,0.127760648727417,0.6650988459587097,0.0,8.170000076293945,762.0059204101562,-123.55955300873335,48.13467076398794
2525,0.127760648727417,0.6650988459587097,0.0,8.170000076293945,762.0059204101562,-123.55955300873335,48.13467076398794
2526,0.127760648727417,0.6650988459587097,0.0,8.170000076293945,762.0059204101562,-123.55955300873335,48.13467076398794
2527,0.127760648727417,0.6650988459587097,0.0,8.170000076293945,762.0059204101562,-123.55955300873335,48.13467076398794
2528,0.127760648727417,0.6650988459587097,0.0,8.170000076293945,762.0059204101562,-123.55955300873335,48.13467076398794
2529,0.127760648727417,0.6650988459587097,0.0,8.170000076293945,762.0059204101562,-123.55955300873335,48.13467076398794
2530,0.127760648727417,0.6650988459587097,0.0,8.170000076293945,762.0059204101562,-123.55955300873335,48.13467076398794
2531,0.9999899864196777,0.0002874744823202491,0.0,8.350000381469727,785.2235107421875,-123.55915300873335,48.13467076398794
2532,0.9999899864196777,0.0002874744823202491,0.0,8.350000381469727,785.2235107421875,-123.55915300873335,48.13467076398794
2533,0.9999899864196777,0.0002874744823202491,0.0,8.350000381469727,785.2235107421875,-123.55915300873335,48.13467076398794
2534,0.9999899864196777,0.0002874744823202491,0.0,8.350000381469727,785.2235107421875,-123.55915300873335,48.13467076398794
2535,0.9999899864196777,0.0002874744823202491,0.0,8.350000381469727,785.2235107421875,-123.55915300873335,48.13467076398794
2536,0.9999899864196777,0.0002874744823202491,0.0,8.350000381469727,785.2235107421875,-123.55915300873335,48.13467076398794
2537,0.9999899864196777,0.0002874744823202491,0.0,8.350000381469727,785.2235107421875,-123.55915300873335,48.13467076398794
2538,0.9999899864196777,0.0002874744823202491,0.0,8.350000381469727,785.2235107421875,-123.55915300873335,48.13467076398794
2539,0.9999899864196777,0.0002874744823202491,0.0,8.350000381469727,785.2235107421875,-123.55915300873335,48.13467076398794
2540,0.9999899864196777,0.0002874744823202491,0.0,8.350000381469727,785.2235107421875,-123.55915300873335,48.13467076398794
2541,0.9999953508377075,6.20487189735286e-05,0.0,8.960000038146973,848.2529296875,-123.55875300873335,48.13467076398794
2542,0.9999953508377075,6.20487189735286e-05,0.0,8.960000038146973,848.2529296875,-123.55875300873335,48.13467076398794
2543,0.9999953508377075,6.20487189735286e-05,0.0,8.960000038146973,848.2529296875,-123.55875300873335,48.13467076398794
2544,0.9999953508377075,6.20487189735286e-05,0.0,8.960000038146973,848.2529296875,-123.55875300873335,48.13467076398794
2545,0.9999953508377075,6.20487189735286e-05,0.0,8.960000038146973,848.2529296875,-123.55875300873335,48.13467076398794
2546,0.9999953508377075,6.20487189735286e-05,0.0,8.960000038146973,848.2529296875,-123.55875300873335,48.13467076398794
2547,0.9999953508377075,6.20487189735286e-05,0.0,8.960000038146973,848.2529296875,-123.55875300873335,48.13467076398794
2548,0.9999953508377075,6.20487189735286e-05,0.0,8.960000038146973,848.2529296875,-123.55875300873335,48.13467076398794
2549,0.9999953508377075,6.20487189735286e-05,0.0,8.960000038146973,848.2529296875,-123.55875300873335,48.13467076398794
2550,0.9999953508377075,6.20487189735286e-05,0.0,8.960000038146973,848.2529296875,-123.55875300873335,48.13467076398794
2551,0.9999998807907104,3.9971419028006494e-05,0.0,9.239999771118164,934.6148681640625,-123.55835300873335,48.13467076398794
2552,0.9999998807907104,3.9971419028006494e-05,0.0,9.239999771118164,934.6148681640625,-123.55835300873335,48.13467076398794
2553,0.9999998807907104,3.9971419028006494e-05,0.0,9.239999771118164,934.6148681640625,-123.55835300873335,48.13467076398794
2554,0.9999998807907104,3.9971419028006494e-05,0.0,9.239999771118164,934.6148681640625,-123.55835300873335,48.13467076398794
2555,0.9999998807907104,3.9971419028006494e-05,0.0,9.239999771118164,934.6148681640625,-123.55835300873335,48.13467076398794
2556,0.9999998807907104,3.9971419028006494e-05,0.0,9.239999771118164,934.6148681640625,-123.55835300873335,48.13467076398794
2557,0.9999998807907104,3.9971419028006494e-05,0.0,9.239999771118164,934.6148681640625,-123.55835300873335,48.13467076398794
2558,0.9999998807907104,3.9971419028006494e-05,0.0,9.239999771118164,934.6148681640625,-123.55835300873335,48.13467076398794
2559,0.9999998807907104,3.9971419028006494e-05,0.0,9.239999771118164,934.6148681640625,-123.55835300873335,48.13467076398794
2560,0.9999998807907104,3.9971419028006494e-05,0.0,9.239999771118164,934.6148681640625,-123.55835300873335,48.13467076398794
2561,0.999997615814209,6.369616312440485e-05,0.0,8.569999694824219,793.0731201171875,-123.55795300873335,48.13467076398794
2562,0.999997615814209,6.369616312440485e-05,0.0,8.569999694824219,793.0731201171875,-123.55795300873335,48.13467076398794
2563,0.999997615814209,6.369616312440485e-05,0.0,8.569999694824219,793.0731201171875,-123.55795300873335,48.13467076398794
2564,0.999997615814209,6.369616312440485e-05,0.0,8.569999694824219,793.0731201171875,-123.55795300873335,48.13467076398794
2565,0.999997615814209,6.369616312440485e-05,0.0,8.569999694824219,793.0731201171875,-123.55795300873335,48.13467076398794
2566,0.999997615814209,6.369616312440485e-05,0.0,8.569999694824219,793.0731201171875,-123.55795300873335,48.13467076398794
2567,0.999997615814209,6.369616312440485e-05,0.0,8.569999694824219,793.0731201171875,-123.55795300873335,48.13467076398794
2568,0.999997615814209,6.369616312440485e-05,0.0,8.569999694824219,793.0731201171875,-123.55795300873335,48.13467076398794
2569,0.999997615814209,6.369616312440485e-05,0.0,8.569999694824219,793.0731201171875,-123.55795300873335,48.13467076398794
2570,0.999997615814209,6.369616312440485e-05,0.0,8.569999694824219,793.0731201171875,-123.55795300873335,48.13467076398794
2571,0.9999980926513672,7.867655949667096e-05,0.0,8.3100004196167,579.6292114257812,-123.55755300873335,48.13467076398794
2572,0.9999980926513672,7.867655949667096e-05,0.0,8.3100004196167,579.6292114257812,-123.55755300873335,48.13467076398794
2573,0.9999980926513672,7.867655949667096e-05,0.0,8.3100004196167,579.6292114257812,-123.55755300873335,48.13467076398794
2574,0.9999980926513672,7.867655949667096e-05,0.0,8.3100004196167,579.6292114257812,-123.55755300873335,48.13467076398794
2575,0.9999980926513672,7.867655949667096e-05,0.0,8.3100004196167,579.6292114257812,-123.55755300873335,48.13467076398794
2576,0.9999980926513672,7.867655949667096e-05,0.0,8.3100004196167,579.6292114257812,-123.55755300873335,48.13467076398794
2577,0.9999980926513672,7.867655949667096e-05,0.0,8.3100004196167,579.6292114257812,-123.55755300873335,48.13467076398794
2578,0.9999980926513672,7.867655949667096e-05,0.0,8.3100004196167,579.6292114257812,-123.55755300873335,48.13467076398794
2579,0.9999980926513672,7.867655949667096e-05,0.0,8.3100004196167,579.6292114257812,-123.55755300873335,48.13467076398794
2580,0.9999980926513672,7.867655949667096e-05,0.0,8.3100004196167,579.6292114257812,-123.55755300873335,48.13467076398794
2581,0.9991206526756287,0.00029880646616220474,0.0,8.84000015258789,402.3555603027344,-123.55715300873335,48.13467076398794
2582,0.9991206526756287,0.00029880646616220474,0.0,8.84000015258789,402.3555603027344,-123.55715300873335,48.13467076398794
2583,0.9991206526756287,0.00029880646616220474,0.0,8.84000015258789,402.3555603027344,-123.55715300873335,48.13467076398794
2584,0.9991206526756287,0.00029880646616220474,0.0,8.84000015258789,402.3555603027344,-123.55715300873335,48.13467076398794
2585,0.9991206526756287,0.00029880646616220474,0.0,8.84000015258789,402.3555603027344,-123.55715300873335,48.13467076398794
2586,0.9991206526756287,0.00029880646616220474,0.0,8.84000015258789,402.3555603027344,-123.55715300873335,48.13467076398794
2587,0.9991206526756287,0.00029880646616220474,0.0,8.84000015258789,402.3555603027344,-123.55715300873335,48.13467076398794
2588,0.9991206526756287,0.00029880646616220474,0.0,8.84000015258789,402.3555603027344,-123.55715300873335,48.13467076398794
2589,0.9991206526756287,0.00029880646616220474,0.0,8.84000015258789,402.3555603027344,-123.55715300873335,48.13467076398794
2590,0.9991206526756287,0.00029880646616220474,0.0,8.84000015258789,402.3555603027344,-123.55715300873335,48.13467076398794
2591,0.9999997615814209,3.0150731618050486e-05,0.0,8.880000114440918,242.5386505126953,-123.55675300873335,48.13467076398794
2592,0.9999997615814209,3.0150731618050486e-05,0.0,8.880000114440918,242.5386505126953,-123.55675300873335,48.13467076398794
2593,0.9999997615814209,3.0150731618050486e-05,0.0,8.880000114440918,242.5386505126953,-123.55675300873335,48.13467076398794
2594,0.9999997615814209,3.0150731618050486e-05,0.0,8.880000114440918,242.5386505126953,-123.55675300873335,48.13467076398794
2595,0.9999997615814209,3.0150731618050486e-05,0.0,8.880000114440918,242.5386505126953,-123.55675300873335,48.13467076398794
2596,0.9999997615814209,3.0150731618050486e-05,0.0,8.880000114440918,242.5386505126953,-123.55675300873335,48.13467076398794
2597,0.9999997615814209,3.0150731618050486e-05,0.0,8.880000114440918,242.5386505126953,-123.55675300873335,48.13467076398794
2598,0.9999997615814209,3.0150731618050486e-05,0.0,8.880000114440918,242.5386505126953,-123.55675300873335,48.13467076398794
2599,0.9999997615814209,3.0150731618050486e-05,0.0,8.880000114440918,242.5386505126953,-123.55675300873335,48.13467076398794
2600,0.9999997615814209,3.0150731618050486e-05,0.0,8.880000114440918,242.5386505126953,-123.55675300873335,48.13467076398794
2601,0.998175859451294,0.014228169806301594,0.0,8.451162338256836,97.75479888916016,-123.55635300873335,48.13467076398794
2602,0.998175859451294,0.014228169806301594,0.0,8.451162338256836,97.75479888916016,-123.55635300873335,48.13467076398794
2603,0.998175859451294,0.014228169806301594,0.0,8.451162338256836,97.75479888916016,-123.55635300873335,48.13467076398794
2604,0.998175859451294,0.014228169806301594,0.0,8.451162338256836,97.75479888916016,-123.55635300873335,48.13467076398794
2605,0.998175859451294,0.014228169806301594,0.0,8.451162338256836,97.75479888916016,-123.55635300873335,48.13467076398794
2606,0.998175859451294,0.014228169806301594,0.0,8.451162338256836,97.75479888916016,-123.55635300873335,48.13467076398794
2607,0.998175859451294,0.014228169806301594,0.0,8.451162338256836,97.75479888916016,-123.55635300873335,48.13467076398794
2608,0.998175859451294,0.014228169806301594,0.0,8.451162338256836,97.75479888916016,-123.55635300873335,48.13467076398794
2609,0.998175859451294,0.014228169806301594,0.0,8.451162338256836,97.75479888916016,-123.55635300873335,48.13467076398794
2610,0.998175859451294,0.014228169806301594,0.0,8.451162338256836,97.75479888916016,-123.55635300873335,48.13467076398794
2611,2.5788389201863993e-09,0.9999223947525024,0.0,7.711308479309082,14.03566837310791,-123.55595300873335,48.13467076398794
2612,2.5788389201863993e-09,0.9999223947525024,0.0,7.711308479309082,14.03566837310791,-123.55595300873335,48.13467076398794
2613,2.5788389201863993e-09,0.9999223947525024,0.0,7.711308479309082,14.03566837310791,-123.55595300873335,48.13467076398794
2614,2.5788389201863993e-09,0.9999223947525024,0.0,7.711308479309082,14.03566837310791,-123.55595300873335,48.13467076398794
2615,2.5788389201863993e-09,0.9999223947525024,0.0,7.711308479309082,14.03566837310791,-123.55595300873335,48.13467076398794
2616,2.5788389201863993e-09,0.9999223947525024,0.0,7.711308479309082,14.03566837310791,-123.55595300873335,48.13467076398794
2617,2.5788389201863993e-09,0.9999223947525024,0.0,7.711308479309082,14.03566837310791,-123.55595300873335,48.13467076398794
2618,2.5788389201863993e-09,0.9999223947525024,0.0,7.711308479309082,14.03566837310791,-123.55595300873335,48.13467076398794
2619,2.5788389201863993e-09,0.9999223947525024,0.0,7.711308479309082,14.03566837310791,-123.55595300873335,48.13467076398794
2620,2.5788389201863993e-09,0.9999223947525024,0.0,7.711308479309082,14.03566837310791,-123.55595300873335,48.13467076398794
2621,0.00019418317242525518,0.12548905611038208,0.0,8.778912544250488,4.242640495300293,-123.55555300873336,48.13467076398794
2622,0.00019418317242525518,0.12548905611038208,0.0,8.778912544250488,4.242640495300293,-123.55555300873336,48.13467076398794
2623,0.00019418317242525518,0.12548905611038208,0.0,8.778912544250488,4.242640495300293,-123.55555300873336,48.13467076398794
2624,0.00019418317242525518,0.12548905611038208,0.0,8.778912544250488,4.242640495300293,-123.55555300873336,48.13467076398794
2625,0.00019418317242525518,0.12548905611038208,0.0,8.778912544250488,4.242640495300293,-123.55555300873336,48.13467076398794
2626,0.00019418317242525518,0.12548905611038208,0.0,8.778912544250488,4.242640495300293,-123.55555300873336,48.13467076398794
2627,0.00019418317242525518,0.12548905611038208,0.0,8.778912544250488,4.242640495300293,-123.55555300873336,48.13467076398794
2628,0.00019418317242525518,0.12548905611038208,0.0,8.778912544250488,4.242640495300293,-123.55555300873336,48.13467076398794
2629,0.00019418317242525518,0.12548905611038208,0.0,8.778912544250488,4.242640495300293,-123.55555300873336,48.13467076398794
2630,0.00019418317242525518,0.12548905611038208,0.0,8.778912544250488,4.242640495300293,-123.55555300873336,48.13467076398794
2631,0.0,0.0,0.0,0.0,194.4864959716797,-123.55515300873336,48.13467076398794
2632,0.0,0.0,0.0,0.0,324.29925537109375,-123.55475300873336,48.13467076398794
2633,0.0,0.0,0.0,0.0,339.51141357421875,-123.55435300873336,48.13467076398794
2634,1.3331624866552705e-11,0.9985795021057129,0.0,7.631948947906494,110.86027526855469,-123.56155300873334,48.13427076398794
2635,1.3331624866552705e-11,0.9985795021057129,0.0,7.631948947906494,110.86027526855469,-123.56155300873334,48.13427076398794
2636,1.3331624866552705e-11,0.9985795021057129,0.0,7.631948947906494,110.86027526855469,-123.56155300873334,48.13427076398794
2637,1.3331624866552705e-11,0.9985795021057129,0.0,7.631948947906494,110.86027526855469,-123.56155300873334,48.13427076398794
2638,1.3331624866552705e-11,0.9985795021057129,0.0,7.631948947906494,110.86027526855469,-123.56155300873334,48.13427076398794
2639,1.3331624866552705e-11,0.9985795021057129,0.0,7.631948947906494,110.86027526855469,-123.56155300873334,48.13427076398794
2640,1.3331624866552705e-11,0.9985795021057129,0.0,7.631948947906494,110.86027526855469,-123.56155300873334,48.13427076398794
2641,1.3331624866552705e-11,0.9985795021057129,0.0,7.631948947906494,110.86027526855469,-123.56155300873334,48.13427076398794
2642,1.3331624866552705e-11,0.9985795021057129,0.0,7.631948947906494,110.86027526855469,-123.56155300873334,48.13427076398794
2643,1.3331624866552705e-11,0.9985795021057129,0.0,7.631948947906494,110.86027526855469,-123.56155300873334,48.13427076398794
2644,5.189615990275342e-07,0.9875818490982056,0.0,8.050000190734863,120.54045104980469,-123.56115300873334,48.13427076398794
2645,5.189615990275342e-07,0.9875818490982056,0.0,8.050000190734863,120.54045104980469,-123.56115300873334,48.13427076398794
2646,5.189615990275342e-07,0.9875818490982056,0.0,8.050000190734863,120.54045104980469,-123.56115300873334,48.13427076398794
2647,5.189615990275342e-07,0.9875818490982056,0.0,8.050000190734863,120.54045104980469,-123.56115300873334,48.13427076398794
2648,5.189615990275342e-07,0.9875818490982056,0.0,8.050000190734863,120.54045104980469,-123.56115300873334,48.13427076398794
2649,5.189615990275342e-07,0.9875818490982056,0.0,8.050000190734863,120.54045104980469,-123.56115300873334,48.13427076398794
2650,5.189615990275342e-07,0.9875818490982056,0.0,8.050000190734863,120.54045104980469,-123.56115300873334,48.13427076398794
2651,5.189615990275342e-07,0.9875818490982056,0.0,8.050000190734863,120.54045104980469,-123.56115300873334,48.13427076398794
2652,5.189615990275342e-07,0.9875818490982056,0.0,8.050000190734863,120.54045104980469,-123.56115300873334,48.13427076398794
2653,5.189615990275342e-07,0.9875818490982056,0.0,8.050000190734863,120.54045104980469,-123.56115300873334,48.13427076398794
2654,0.9999995231628418,1.1291048394923564e-05,0.0,9.59000015258789,349.70416259765625,-123.56075300873334,48.13427076398794
2655,0.9999995231628418,1.1291048394923564e-05,0.0,9.59000015258789,349.70416259765625,-123.56075300873334,48.13427076398794
2656,0.9999995231628418,1.1291048394923564e-05,0.0,9.59000015258789,349.70416259765625,-123.56075300873334,48.13427076398794
2657,0.9999995231628418,1.1291048394923564e-05,0.0,9.59000015258789,349.70416259765625,-123.56075300873334,48.13427076398794
2658,0.9999995231628418,1.1291048394923564e-05,0.0,9.59000015258789,349.70416259765625,-123.56075300873334,48.13427076398794
2659,0.9999995231628418,1.1291048394923564e-05,0.0,9.59000015258789,349.70416259765625,-123.56075300873334,48.13427076398794
2660,0.9999995231628418,1.1291048394923564e-05,0.0,9.59000015258789,349.70416259765625,-123.56075300873334,48.13427076398794
2661,0.9999995231628418,1.1291048394923564e-05,0.0,9.59000015258789,349.70416259765625,-123.56075300873334,48.13427076398794
2662,0.9999995231628418,1.1291048394923564e-05,0.0,9.59000015258789,349.70416259765625,-123.56075300873334,48.13427076398794
2663,0.9999995231628418,1.1291048394923564e-05,0.0,9.59000015258789,349.70416259765625,-123.56075300873334,48.13427076398794
2664,0.9990876913070679,0.0003579108160920441,0.0,9.75,485.0041198730469,-123.56035300873334,48.13427076398794
2665,0.9990876913070679,0.0003579108160920441,0.0,9.75,485.0041198730469,-123.56035300873334,48.13427076398794
2666,0.9990876913070679,0.0003579108160920441,0.0,9.75,485.0041198730469,-123.56035300873334,48.13427076398794
2667,0.9990876913070679,0.0003579108160920441,0.0,9.75,485.0041198730469,-123.56035300873334,48.13427076398794
2668,0.9990876913070679,0.0003579108160920441,0.0,9.75,485.0041198730469,-123.56035300873334,48.13427076398794
2669,0.9990876913070679,0.0003579108160920441,0.0,9.75,485.0041198730469,-123.56035300873334,48.13427076398794
2670,0.9990876913070679,0.0003579108160920441,0.0,9.75,485.0041198730469,-123.56035300873334,48.13427076398794
2671,0.9990876913070679,0.0003579108160920441,0.0,9.75,485.0041198730469,-123.56035300873334,48.13427076398794
2672,0.9990876913070679,0.0003579108160920441,0.0,9.75,485.0041198730469,-123.56035300873334,48.13427076398794
2673,0.9990876913070679,0.0003579108160920441,0.0,9.75,485.0041198730469,-123.56035300873334,48.13427076398794
2674,0.9999994039535522,6.695737829431891e-05,0.0,9.09000015258789,503.7479553222656,-123.55995300873334,48.13427076398794
2675,0.9999994039535522,6.695737829431891e-05,0.0,9.09000015258789,503.7479553222656,-123.55995300873334,48.13427076398794
2676,0.9999994039535522,6.695737829431891e-05,0.0,9.09000015258789,503.7479553222656,-123.55995300873334,48.13427076398794
2677,0.9999994039535522,6.695737829431891e-05,0.0,9.09000015258789,503.7479553222656,-123.55995300873334,48.13427076398794
2678,0.9999994039535522,6.695737829431891e-05,0.0,9.09000015258789,503.7479553222656,-123.55995300873334,48.13427076398794
2679,0.9999994039535522,6.695737829431891e-05,0.0,9.09000015258789,503.7479553222656,-123.55995300873334,48.13427076398794
2680,0.9999994039535522,6.695737829431891e-05,0.0,9.09000015258789,503.7479553222656,-123.55995300873334,48.13427076398794
2681,0.9999994039535522,6.695737829431891e-05,0.0,9.09000015258789,503.7479553222656,-123.55995300873334,48.13427076398794
2682,0.9999994039535522,6.695737829431891e-05,0.0,9.09000015258789,503.7479553222656,-123.55995300873334,48.13427076398794
2683,0.9999994039535522,6.695737829431891e-05,0.0,9.09000015258789,503.7479553222656,-123.55995300873334,48.13427076398794
2684,1.0,0.0002463427372276783,0.0,9.739999771118164,507.0088806152344,-123.55955300873335,48.13427076398794
2685,1.0,0.0002463427372276783,0.0,9.739999771118164,507.0088806152344,-123.55955300873335,48.13427076398794
2686,1.0,0.0002463427372276783,0.0,9.739999771118164,507.0088806152344,-123.55955300873335,48.13427076398794
2687,1.0,0.0002463427372276783,0.0,9.739999771118164,507.0088806152344,-123.55955300873335,48.13427076398794
2688,1.0,0.0002463427372276783,0.0,9.739999771118164,507.0088806152344,-123.55955300873335,48.13427076398794
2689,1.0,0.0002463427372276783,0.0,9.739999771118164,507.0088806152344,-123.55955300873335,48.13427076398794
2690,1.0,0.0002463427372276783,0.0,9.739999771118164,507.0088806152344,-123.55955300873335,48.13427076398794
2691,1.0,0.0002463427372276783,0.0,9.739999771118164,507.0088806152344,-123.55955300873335,48.13427076398794
2692,1.0,0.0002463427372276783,0.0,9.739999771118164,507.0088806152344,-123.55955300873335,48.13427076398794
2693,1.0,0.0002463427372276783,0.0,9.739999771118164,507.0088806152344,-123.55955300873335,48.13427076398794
2694,0.00010921284410869703,0.9960741996765137,0.0,8.229999542236328,534.5175170898438,-123.55915300873335,48.13427076398794
2695,0.00010921284410869703,0.9960741996765137,0.0,8.229999542236328,534.5175170898438,-123.55915300873335,48.13427076398794
2696,0.00010921284410869703,0.9960741996765137,0.0,8.229999542236328,534.5175170898438,-123.55915300873335,48.13427076398794
2697,0.00010921284410869703,0.9960741996765137,0.0,8.229999542236328,534.5175170898438,-123.55915300873335,48.13427076398794
2698,0.00010921284410869703,0.9960741996765137,0.0,8.229999542236328,534.5175170898438,-123.55915300873335,48.13427076398794
2699,0.00010921284410869703,0.9960741996765137,0.0,8.229999542236328,534.5175170898438,-123.55915300873335,48.13427076398794
2700,0.00010921284410869703,0.9960741996765137,0.0,8.229999542236328,534.5175170898438,-123.55915300873335,48.13427076398794
2701,0.00010921284410869703,0.9960741996765137,0.0,8.229999542236328,534.5175170898438,-123.55915300873335,48.13427076398794
2702,0.00010921284410869703,0.9960741996765137,0.0,8.229999542236328,534.5175170898438,-123.55915300873335,48.13427076398794
2703,0.00010921284410869703,0.9960741996765137,0.0,8.229999542236328,534.5175170898438,-123.55915300873335,48.13427076398794
2704,0.9999507665634155,0.00012265212717466056,0.0,8.930000305175781,608.217041015625,-123.55875300873335,48.13427076398794
2705,0.9999507665634155,0.00012265212717466056,0.0,8.930000305175781,608.217041015625,-123.55875300873335,48.13427076398794
2706,0.9999507665634155,0.00012265212717466056,0.0,8.930000305175781,608.217041015625,-123.55875300873335,48.13427076398794
2707,0.9999507665634155,0.00012265212717466056,0.0,8.930000305175781,608.217041015625,-123.55875300873335,48.13427076398794
2708,0.9999507665634155,0.00012265212717466056,0.0,8.930000305175781,608.217041015625,-123.55875300873335,48.13427076398794
2709,0.9999507665634155,0.00012265212717466056,0.0,8.930000305175781,608.217041015625,-123.55875300873335,48.13427076398794
2710,0.9999507665634155,0.00012265212717466056,0.0,8.930000305175781,608.217041015625,-123.55875300873335,48.13427076398794
2711,0.9999507665634155,0.00012265212717466056,0.0,8.930000305175781,608.217041015625,-123.55875300873335,48.13427076398794
2712,0.9999507665634155,0.00012265212717466056,0.0,8.930000305175781,608.217041015625,-123.55875300873335,48.13427076398794
2713,0.9999507665634155,0.00012265212717466056,0.0,8.930000305175781,608.217041015625,-123.55875300873335,48.13427076398794
2714,0.9592494964599609,0.00012138009333284572,0.0,8.770000457763672,746.6632690429688,-123.55835300873335,48.13427076398794
2715,0.9592494964599609,0.00012138009333284572,0.0,8.770000457763672,746.6632690429688,-123.55835300873335,48.13427076398794
2716,0.9592494964599609,0.00012138009333284572,0.0,8.770000457763672,746.6632690429688,-123.55835300873335,48.13427076398794
2717,0.9592494964599609,0.00012138009333284572,0.0,8.770000457763672,746.6632690429688,-123.55835300873335,48.13427076398794
2718,0.9592494964599609,0.00012138009333284572,0.0,8.770000457763672,746.6632690429688,-123.55835300873335,48.13427076398794
2719,0.9592494964599609,0.00012138009333284572,0.0,8.770000457763672,746.6632690429688,-123.55835300873335,48.13427076398794
2720,0.9592494964599609,0.00012138009333284572,0.0,8.770000457763672,746.6632690429688,-123.55835300873335,48.13427076398794
2721,0.9592494964599609,0.00012138009333284572,0.0,8.770000457763672,746.6632690429688,-123.55835300873335,48.13427076398794
2722,0.9592494964599609,0.00012138009333284572,0.0,8.770000457763672,746.6632690429688,-123.55835300873335,48.13427076398794
2723,0.9592494964599609,0.00012138009333284572,0.0,8.770000457763672,746.6632690429688,-123.55835300873335,48.13427076398794
2724,0.9990274906158447,0.0005678461166098714,0.0,8.65999984741211,869.7867431640625,-123.55795300873335,48.13427076398794
2725,0.9990274906158447,0.0005678461166098714,0.0,8.65999984741211,869.7867431640625,-123.55795300873335,48.13427076398794
2726,0.9990274906158447,0.0005678461166098714,0.0,8.65999984741211,869.7867431640625,-123.55795300873335,48.13427076398794
2727,0.9990274906158447,0.0005678461166098714,0.0,8.65999984741211,869.7867431640625,-123.55795300873335,48.13427076398794
2728,0.9990274906158447,0.0005678461166098714,0.0,8.65999984741211,869.7867431640625,-123.55795300873335,48.13427076398794
2729,0.9990274906158447,0.0005678461166098714,0.0,8.65999984741211,869.7867431640625,-123.55795300873335,48.13427076398794
2730,0.9990274906158447,0.0005678461166098714,0.0,8.65999984741211,869.7867431640625,-123.55795300873335,48.13427076398794
2731,0.9990274906158447,0.0005678461166098714,0.0,8.65999984741211,869.7867431640625,-123.55795300873335,48.13427076398794
2732,0.9990274906158447,0.0005678461166098714,0.0,8.65999984741211,869.7867431640625,-123.55795300873335,48.13427076398794
2733,0.9990274906158447,0.0005678461166098714,0.0,8.65999984741211,869.7867431640625,-123.55795300873335,48.13427076398794
2734,0.9994989633560181,2.9220722353784367e-05,0.0,8.819999694824219,762.4755859375,-123.55755300873335,48.13427076398794
2735,0.9994989633560181,2.9220722353784367e-05,0.0,8.819999694824219,762.4755859375,-123.55755300873335,48.13427076398794
2736,0.9994989633560181,2.9220722353784367e-05,0.0,8.819999694824219,762.4755859375,-123.55755300873335,48.13427076398794
2737,0.9994989633560181,2.9220722353784367e-05,0.0,8.819999694824219,762.4755859375,-123.55755300873335,48.13427076398794
2738,0.9994989633560181,2.9220722353784367e-05,0.0,8.819999694824219,762.4755859375,-123.55755300873335,48.13427076398794
2739,0.9994989633560181,2.9220722353784367e-05,0.0,8.819999694824219,762.4755859375,-123.55755300873335,48.13427076398794
2740,0.9994989633560181,2.9220722353784367e-05,0.0,8.819999694824219,762.4755859375,-123.55755300873335,48.13427076398794
2741,0.9994989633560181,2.9220722353784367e-05,0.0,8.819999694824219,762.4755859375,-123.55755300873335,48.13427076398794
2742,0.9994989633560181,2.9220722353784367e-05,0.0,8.819999694824219,762.4755859375,-123.55755300873335,48.13427076398794
2743,0.9994989633560181,2.9220722353784367e-05,0.0,8.819999694824219,762.4755859375,-123.55755300873335,48.13427076398794
2744,0.9997724890708923,6.147330714156851e-05,0.0,9.289999961853027,600.0208129882812,-123.55715300873335,48.13427076398794
2745,0.9997724890708923,6.147330714156851e-05,0.0,9.289999961853027,600.0208129882812,-123.55715300873335,48.13427076398794
2746,0.9997724890708923,6.147330714156851e-05,0.0,9.289999961853027,600.0208129882812,-123.55715300873335,48.13427076398794
2747,0.9997724890708923,6.147330714156851e-05,0.0,9.289999961853027,600.0208129882812,-123.55715300873335,48.13427076398794
2748,0.9997724890708923,6.147330714156851e-05,0.0,9.289999961853027,600.0208129882812,-123.55715300873335,48.13427076398794
2749,0.9997724890708923,6.147330714156851e-05,0.0,9.289999961853027,600.0208129882812,-123.55715300873335,48.13427076398794
2750,0.9997724890708923,6.147330714156851e-05,0.0,9.289999961853027,600.0208129882812,-123.55715300873335,48.13427076398794
2751,0.9997724890708923,6.147330714156851e-05,0.0,9.289999961853027,600.0208129882812,-123.55715300873335,48.13427076398794
2752,0.9997724890708923,6.147330714156851e-05,0.0,9.289999961853027,600.0208129882812,-123.55715300873335,48.13427076398794
2753,0.9997724890708923,6.147330714156851e-05,0.0,9.289999961853027,600.0208129882812,-123.55715300873335,48.13427076398794
2754,0.9999935626983643,5.097167013445869e-05,0.0,9.600000381469727,450.8236999511719,-123.55675300873335,48.13427076398794
2755,0.9999935626983643,5.097167013445869e-05,0.0,9.600000381469727,450.8236999511719,-123.55675300873335,48.13427076398794
2756,0.9999935626983643,5.097167013445869e-05,0.0,9.600000381469727,450.8236999511719,-123.55675300873335,48.13427076398794
2757,0.9999935626983643,5.097167013445869e-05,0.0,9.600000381469727,450.8236999511719,-123.55675300873335,48.13427076398794
2758,0.9999935626983643,5.097167013445869e-05,0.0,9.600000381469727,450.8236999511719,-123.55675300873335,48.13427076398794
2759,0.9999935626983643,5.097167013445869e-05,0.0,9.600000381469727,450.8236999511719,-123.55675300873335,48.13427076398794
2760,0.9999935626983643,5.097167013445869e-05,0.0,9.600000381469727,450.8236999511719,-123.55675300873335,48.13427076398794
2761,0.9999935626983643,5.097167013445869e-05,0.0,9.600000381469727,450.8236999511719,-123.55675300873335,48.13427076398794
2762,0.9999935626983643,5.097167013445869e-05,0.0,9.600000381469727,450.8236999511719,-123.55675300873335,48.13427076398794
2763,0.9999935626983643,5.097167013445869e-05,0.0,9.600000381469727,450.8236999511719,-123.55675300873335,48.13427076398794
2764,0.9999892711639404,7.745082984911278e-05,0.0,9.5,306.80938720703125,-123.55635300873335,48.13427076398794
2765,0.9999892711639404,7.745082984911278e-05,0.0,9.5,306.80938720703125,-123.55635300873335,48.13427076398794
2766,0.9999892711639404,7.745082984911278e-05,0.0,9.5,306.80938720703125,-123.55635300873335,48.13427076398794
2767,0.9999892711639404,7.745082984911278e-05,0.0,9.5,306.80938720703125,-123.55635300873335,48.13427076398794
2768,0.9999892711639404,7.745082984911278e-05,0.0,9.5,306.80938720703125,-123.55635300873335,48.13427076398794
2769,0.9999892711639404,7.745082984911278e-05,0.0,9.5,306.80938720703125,-123.55635300873335,48.13427076398794
2770,0.9999892711639404,7.745082984911278e-05,0.0,9.5,306.80938720703125,-123.55635300873335,48.13427076398794
2771,0.9999892711639404,7.745082984911278e-05,0.0,9.5,306.80938720703125,-123.55635300873335,48.13427076398794
2772,0.9999892711639404,7.745082984911278e-05,0.0,9.5,306.80938720703125,-123.55635300873335,48.13427076398794
2773,0.9999892711639404,7.745082984911278e-05,0.0,9.5,306.80938720703125,-123.55635300873335,48.13427076398794
2774,0.9999983310699463,0.00014580583956558257,0.0,10.050000190734863,162.41305541992188,-123.55595300873335,48.13427076398794
2775,0.9999983310699463,0.00014580583956558257,0.0,10.050000190734863,162.41305541992188,-123.55595300873335,48.13427076398794
2776,0.9999983310699463,0.00014580583956558257,0.0,10.050000190734863,162.41305541992188,-123.55595300873335,48.13427076398794
2777,0.9999983310699463,0.00014580583956558257,0.0,10.050000190734863,162.41305541992188,-123.55595300873335,48.13427076398794
2778,0.9999983310699463,0.00014580583956558257,0.0,10.050000190734863,162.41305541992188,-123.55595300873335,48.13427076398794
2779,0.9999983310699463,0.00014580583956558257,0.0,10.050000190734863,162.41305541992188,-123.55595300873335,48.13427076398794
2780,0.9999983310699463,0.00014580583956558257,0.0,10.050000190734863,162.41305541992188,-123.55595300873335,48.13427076398794
2781,0.9999983310699463,0.00014580583956558257,0.0,10.050000190734863,162.41305541992188,-123.55595300873335,48.13427076398794
2782,0.9999983310699463,0.00014580583956558257,0.0,10.050000190734863,162.41305541992188,-123.55595300873335,48.13427076398794
2783,0.9999983310699463,0.00014580583956558257,0.0,10.050000190734863,162.41305541992188,-123.55595300873335,48.13427076398794
2784,0.9996204376220703,0.0009659105562604964,0.0,8.91688060760498,69.85699462890625,-123.55555300873336,48.13427076398794
2785,0.9996204376220703,0.0009659105562604964,0.0,8.91688060760498,69.85699462890625,-123.55555300873336,48.13427076398794
2786,0.9996204376220703,0.0009659105562604964,0.0,8.91688060760498,69.85699462890625,-123.55555300873336,48.13427076398794
2787,0.9996204376220703,0.0009659105562604964,0.0,8.91688060760498,69.85699462890625,-123.55555300873336,48.13427076398794
2788,0.9996204376220703,0.0009659105562604964,0.0,8.91688060760498,69.85699462890625,-123.55555300873336,48.13427076398794
2789,0.9996204376220703,0.0009659105562604964,0.0,8.91688060760498,69.85699462890625,-123.55555300873336,48.13427076398794
2790,0.9996204376220703,0.0009659105562604964,0.0,8.91688060760498,69.85699462890625,-123.55555300873336,48.13427076398794
2791,0.9996204376220703,0.0009659105562604964,0.0,8.91688060760498,69.85699462890625,-123.55555300873336,48.13427076398794
2792,0.9996204376220703,0.0009659105562604964,0.0,8.91688060760498,69.85699462890625,-123.55555300873336,48.13427076398794
2793,0.9996204376220703,0.0009659105562604964,0.0,8.91688060760498,69.85699462890625,-123.55555300873336,48.13427076398794
2794,9.334404776906169e-12,0.9995642304420471,0.0,7.54170036315918,2.0,-123.55515300873336,48.13427076398794
2795,9.334404776906169e-12,0.9995642304420471,0.0,7.54170036315918,2.0,-123.55515300873336,48.13427076398794
2796,9.334404776906169e-12,0.9995642304420471,0.0,7.54170036315918,2.0,-123.55515300873336,48.13427076398794
2797,9.334404776906169e-12,0.9995642304420471,0.0,7.54170036315918,2.0,-123.55515300873336,48.13427076398794
2798,9.334404776906169e-12,0.9995642304420471,0.0,7.54170036315918,2.0,-123.55515300873336,48.13427076398794
2799,9.334404776906169e-12,0.9995642304420471,0.0,7.54170036315918,2.0,-123.55515300873336,48.13427076398794
2800,9.334404776906169e-12,0.9995642304420471,0.0,7.54170036315918,2.0,-123.55515300873336,48.13427076398794
2801,9.334404776906169e-12,0.9995642304420471,0.0,7.54170036315918,2.0,-123.55515300873336,48.13427076398794
2802,9.334404776906169e-12,0.9995642304420471,0.0,7.54170036315918,2.0,-123.55515300873336,48.13427076398794
2803,9.334404776906169e-12,0.9995642304420471,0.0,7.54170036315918,2.0,-123.55515300873336,48.13427076398794
2804,1.8643116564409645e-12,0.9998132586479187,0.0,8.01439094543457,94.3663101196289,-123.55475300873336,48.13427076398794
2805,1.8643116564409645e-12,0.9998132586479187,0.0,8.01439094543457,94.3663101196289,-123.55475300873336,48.13427076398794
2806,1.8643116564409645e-12,0.9998132586479187,0.0,8.01439094543457,94.3663101196289,-123.55475300873336,48.13427076398794
2807,1.8643116564409645e-12,0.9998132586479187,0.0,8.01439094543457,94.3663101196289,-123.55475300873336,48.13427076398794
2808,1.8643116564409645e-12,0.9998132586479187,0.0,8.01439094543457,94.3663101196289,-123.55475300873336,48.13427076398794
2809,1.8643116564409645e-12,0.9998132586479187,0.0,8.01439094543457,94.3663101196289,-123.55475300873336,48.13427076398794
2810,1.8643116564409645e-12,0.9998132586479187,0.0,8.01439094543457,94.3663101196289,-123.55475300873336,48.13427076398794
2811,1.8643116564409645e-12,0.9998132586479187,0.0,8.01439094543457,94.3663101196289,-123.55475300873336,48.13427076398794
2812,1.8643116564409645e-12,0.9998132586479187,0.0,8.01439094543457,94.3663101196289,-123.55475300873336,48.13427076398794
2813,1.8643116564409645e-12,0.9998132586479187,0.0,8.01439094543457,94.3663101196289,-123.55475300873336,48.13427076398794
2814,0.0,0.0,0.0,0.0,85.70880889892578,-123.55435300873336,48.13427076398794
2815,0.0,0.0,0.0,0.0,85.70880889892578,-123.55435300873336,48.13427076398794
2816,0.0,0.0,0.0,0.0,85.70880889892578,-123.55435300873336,48.13427076398794
2817,0.0,0.0,0.0,0.0,85.70880889892578,-123.55435300873336,48.13427076398794
2818,0.0,0.0,0.0,0.0,85.70880889892578,-123.55435300873336,48.13427076398794
2819,0.0,0.0,0.0,0.0,151.822265625,-123.55395300873336,48.13427076398794
2820,0.0,0.0,0.0,0.0,219.13465881347656,-123.56155300873334,48.13387076398794
2821,0.0,0.0,0.0,0.0,219.13465881347656,-123.56155300873334,48.13387076398794
2822,3.6689012716806246e-08,0.9984334111213684,0.0,7.465340614318848,1.0,-123.56115300873334,48.13387076398794
2823,3.6689012716806246e-08,0.9984334111213684,0.0,7.465340614318848,1.0,-123.56115300873334,48.13387076398794
2824,3.6689012716806246e-08,0.9984334111213684,0.0,7.465340614318848,1.0,-123.56115300873334,48.13387076398794
2825,3.6689012716806246e-08,0.9984334111213684,0.0,7.465340614318848,1.0,-123.56115300873334,48.13387076398794
2826,3.6689012716806246e-08,0.9984334111213684,0.0,7.465340614318848,1.0,-123.56115300873334,48.13387076398794
2827,3.6689012716806246e-08,0.9984334111213684,0.0,7.465340614318848,1.0,-123.56115300873334,48.13387076398794
2828,3.6689012716806246e-08,0.9984334111213684,0.0,7.465340614318848,1.0,-123.56115300873334,48.13387076398794
2829,3.6689012716806246e-08,0.9984334111213684,0.0,7.465340614318848,1.0,-123.56115300873334,48.13387076398794
2830,3.6689012716806246e-08,0.9984334111213684,0.0,7.465340614318848,1.0,-123.56115300873334,48.13387076398794
2831,3.6689012716806246e-08,0.9984334111213684,0.0,7.465340614318848,1.0,-123.56115300873334,48.13387076398794
2832,1.0,7.0066175794636365e-06,0.0,9.119999885559082,173.8505096435547,-123.56075300873334,48.13387076398794
2833,1.0,7.0066175794636365e-06,0.0,9.119999885559082,173.8505096435547,-123.56075300873334,48.13387076398794
2834,1.0,7.0066175794636365e-06,0.0,9.119999885559082,173.8505096435547,-123.56075300873334,48.13387076398794
2835,1.0,7.0066175794636365e-06,0.0,9.119999885559082,173.8505096435547,-123.56075300873334,48.13387076398794
2836,1.0,7.0066175794636365e-06,0.0,9.119999885559082,173.8505096435547,-123.56075300873334,48.13387076398794
2837,1.0,7.0066175794636365e-06,0.0,9.119999885559082,173.8505096435547,-123.56075300873334,48.13387076398794
2838,1.0,7.0066175794636365e-06,0.0,9.119999885559082,173.8505096435547,-123.56075300873334,48.13387076398794
2839,1.0,7.0066175794636365e-06,0.0,9.119999885559082,173.8505096435547,-123.56075300873334,48.13387076398794
2840,1.0,7.0066175794636365e-06,0.0,9.119999885559082,173.8505096435547,-123.56075300873334,48.13387076398794
2841,1.0,7.0066175794636365e-06,0.0,9.119999885559082,173.8505096435547,-123.56075300873334,48.13387076398794
2842,0.9979604482650757,0.000269921962171793,0.0,9.770000457763672,230.00869750976562,-123.56035300873334,48.13387076398794
2843,0.9979604482650757,0.000269921962171793,0.0,9.770000457763672,230.00869750976562,-123.56035300873334,48.13387076398794
2844,0.9979604482650757,0.000269921962171793,0.0,9.770000457763672,230.00869750976562,-123.56035300873334,48.13387076398794
2845,0.9979604482650757,0.000269921962171793,0.0,9.770000457763672,230.00869750976562,-123.56035300873334,48.13387076398794
2846,0.9979604482650757,0.000269921962171793,0.0,9.770000457763672,230.00869750976562,-123.56035300873334,48.13387076398794
2847,0.9979604482650757,0.000269921962171793,0.0,9.770000457763672,230.00869750976562,-123.56035300873334,48.13387076398794
2848,0.9979604482650757,0.000269921962171793,0.0,9.770000457763672,230.00869750976562,-123.56035300873334,48.13387076398794
2849,0.9979604482650757,0.000269921962171793,0.0,9.770000457763672,230.00869750976562,-123.56035300873334,48.13387076398794
2850,0.9979604482650757,0.000269921962171793,0.0,9.770000457763672,230.00869750976562,-123.56035300873334,48.13387076398794
2851,0.9979604482650757,0.000269921962171793,0.0,9.770000457763672,230.00869750976562,-123.56035300873334,48.13387076398794
2852,0.9999997615814209,5.4659234592691064e-05,0.0,9.8100004196167,251.53131103515625,-123.55995300873334,48.13387076398794
2853,0.9999997615814209,5.4659234592691064e-05,0.0,9.8100004196167,251.53131103515625,-123.55995300873334,48.13387076398794
2854,0.9999997615814209,5.4659234592691064e-05,0.0,9.8100004196167,251.53131103515625,-123.55995300873334,48.13387076398794
2855,0.9999997615814209,5.4659234592691064e-05,0.0,9.8100004196167,251.53131103515625,-123.55995300873334,48.13387076398794
2856,0.9999997615814209,5.4659234592691064e-05,0.0,9.8100004196167,251.53131103515625,-123.55995300873334,48.13387076398794
2857,0.9999997615814209,5.4659234592691064e-05,0.0,9.8100004196167,251.53131103515625,-123.55995300873334,48.13387076398794
2858,0.9999997615814209,5.4659234592691064e-05,0.0,9.8100004196167,251.53131103515625,-123.55995300873334,48.13387076398794
2859,0.9999997615814209,5.4659234592691064e-05,0.0,9.8100004196167,251.53131103515625,-123.55995300873334,48.13387076398794
2860,0.9999997615814209,5.4659234592691064e-05,0.0,9.8100004196167,251.53131103515625,-123.55995300873334,48.13387076398794
2861,0.9999997615814209,5.4659234592691064e-05,0.0,9.8100004196167,251.53131103515625,-123.55995300873334,48.13387076398794
2862,0.9999997615814209,5.9446556406328455e-05,0.0,9.619999885559082,252.01785278320312,-123.55955300873335,48.13387076398794
2863,0.9999997615814209,5.9446556406328455e-05,0.0,9.619999885559082,252.01785278320312,-123.55955300873335,48.13387076398794
2864,0.9999997615814209,5.9446556406328455e-05,0.0,9.619999885559082,252.01785278320312,-123.55955300873335,48.13387076398794
2865,0.9999997615814209,5.9446556406328455e-05,0.0,9.619999885559082,252.01785278320312,-123.55955300873335,48.13387076398794
2866,0.9999997615814209,5.9446556406328455e-05,0.0,9.619999885559082,252.01785278320312,-123.55955300873335,48.13387076398794
2867,0.9999997615814209,5.9446556406328455e-05,0.0,9.619999885559082,252.01785278320312,-123.55955300873335,48.13387076398794
2868,0.9999997615814209,5.9446556406328455e-05,0.0,9.619999885559082,252.01785278320312,-123.55955300873335,48.13387076398794
2869,0.9999997615814209,5.9446556406328455e-05,0.0,9.619999885559082,252.01785278320312,-123.55955300873335,48.13387076398794
2870,0.9999997615814209,5.9446556406328455e-05,0.0,9.619999885559082,252.01785278320312,-123.55955300873335,48.13387076398794
2871,0.9999997615814209,5.9446556406328455e-05,0.0,9.619999885559082,252.01785278320312,-123.55955300873335,48.13387076398794
2872,1.0,8.190792141249403e-05,0.0,9.84000015258789,288.0451354980469,-123.55915300873335,48.13387076398794
2873,1.0,8.190792141249403e-05,0.0,9.84000015258789,288.0451354980469,-123.55915300873335,48.13387076398794
2874,1.0,8.190792141249403e-05,0.0,9.84000015258789,288.0451354980469,-123.55915300873335,48.13387076398794
2875,1.0,8.190792141249403e-05,0.0,9.84000015258789,288.0451354980469,-123.55915300873335,48.13387076398794
2876,1.0,8.190792141249403e-05,0.0,9.84000015258789,288.0451354980469,-123.55915300873335,48.13387076398794
2877,1.0,8.190792141249403e-05,0.0,9.84000015258789,288.0451354980469,-123.55915300873335,48.13387076398794
2878,1.0,8.190792141249403e-05,0.0,9.84000015258789,288.0451354980469,-123.55915300873335,48.13387076398794
2879,1.0,8.190792141249403e-05,0.0,9.84000015258789,288.0451354980469,-123.55915300873335,48.13387076398794
2880,1.0,8.190792141249403e-05,0.0,9.84000015258789,288.0451354980469,-123.55915300873335,48.13387076398794
2881,1.0,8.190792141249403e-05,0.0,9.84000015258789,288.0451354980469,-123.55915300873335,48.13387076398794
2882,0.9995355606079102,0.020469291135668755,0.0,8.470000267028809,387.3190002441406,-123.55875300873335,48.13387076398794
2883,0.9995355606079102,0.020469291135668755,0.0,8.470000267028809,387.3190002441406,-123.55875300873335,48.13387076398794
2884,0.9995355606079102,0.020469291135668755,0.0,8.470000267028809,387.3190002441406,-123.55875300873335,48.13387076398794
2885,0.9995355606079102,0.020469291135668755,0.0,8.470000267028809,387.3190002441406,-123.55875300873335,48.13387076398794
2886,0.9995355606079102,0.020469291135668755,0.0,8.470000267028809,387.3190002441406,-123.55875300873335,48.13387076398794
2887,0.9995355606079102,0.020469291135668755,0.0,8.470000267028809,387.3190002441406,-123.55875300873335,48.13387076398794
2888,0.9995355606079102,0.020469291135668755,0.0,8.470000267028809,387.3190002441406,-123.55875300873335,48.13387076398794
2889,0.9995355606079102,0.020469291135668755,0.0,8.470000267028809,387.3190002441406,-123.55875300873335,48.13387076398794
2890,0.9995355606079102,0.020469291135668755,0.0,8.470000267028809,387.3190002441406,-123.55875300873335,48.13387076398794
2891,0.9995355606079102,0.020469291135668755,0.0,8.470000267028809,387.3190002441406,-123.55875300873335,48.13387076398794
2892,0.9999997615814209,9.420867718290538e-05,0.0,9.470000267028809,529.9669799804688,-123.55835300873335,48.13387076398794
2893,0.9999997615814209,9.420867718290538e-05,0.0,9.470000267028809,529.9669799804688,-123.55835300873335,48.13387076398794
2894,0.9999997615814209,9.420867718290538e-05,0.0,9.470000267028809,529.9669799804688,-123.55835300873335,48.13387076398794
2895,0.9999997615814209,9.420867718290538e-05,0.0,9.470000267028809,529.9669799804688,-123.55835300873335,48.13387076398794
2896,0.9999997615814209,9.420867718290538e-05,0.0,9.470000267028809,529.9669799804688,-123.55835300873335,48.13387076398794
2897,0.9999997615814209,9.420867718290538e-05,0.0,9.470000267028809,529.9669799804688,-123.55835300873335,48.13387076398794
2898,0.9999997615814209,9.420867718290538e-05,0.0,9.470000267028809,529.9669799804688,-123.55835300873335,48.13387076398794
2899,0.9999997615814209,9.420867718290538e-05,0.0,9.470000267028809,529.9669799804688,-123.55835300873335,48.13387076398794
2900,0.9999997615814209,9.420867718290538e-05,0.0,9.470000267028809,529.9669799804688,-123.55835300873335,48.13387076398794
2901,0.9999997615814209,9.420867718290538e-05,0.0,9.470000267028809,529.9669799804688,-123.55835300873335,48.13387076398794
2902,0.9999996423721313,0.00010404502972960472,0.0,8.949999809265137,647.5870361328125,-123.55795300873335,48.13387076398794
2903,0.9999996423721313,0.00010404502972960472,0.0,8.949999809265137,647.5870361328125,-123.55795300873335,48.13387076398794
2904,0.9999996423721313,0.00010404502972960472,0.0,8.949999809265137,647.5870361328125,-123.55795300873335,48.13387076398794
2905,0.9999996423721313,0.00010404502972960472,0.0,8.949999809265137,647.5870361328125,-123.55795300873335,48.13387076398794
2906,0.9999996423721313,0.00010404502972960472,0.0,8.949999809265137,647.5870361328125,-123.55795300873335,48.13387076398794
2907,0.9999996423721313,0.00010404502972960472,0.0,8.949999809265137,647.5870361328125,-123.55795300873335,48.13387076398794
2908,0.9999996423721313,0.00010404502972960472,0.0,8.949999809265137,647.5870361328125,-123.55795300873335,48.13387076398794
2909,0.9999996423721313,0.00010404502972960472,0.0,8.949999809265137,647.5870361328125,-123.55795300873335,48.13387076398794
2910,0.9999996423721313,0.00010404502972960472,0.0,8.949999809265137,647.5870361328125,-123.55795300873335,48.13387076398794
2911,0.9999996423721313,0.00010404502972960472,0.0,8.949999809265137,647.5870361328125,-123.55795300873335,48.13387076398794
2912,0.11910033226013184,0.0005172820528969169,0.0,8.479999542236328,780.5850219726562,-123.55755300873335,48.13387076398794
2913,0.11910033226013184,0.0005172820528969169,0.0,8.479999542236328,780.5850219726562,-123.55755300873335,48.13387076398794
2914,0.11910033226013184,0.0005172820528969169,0.0,8.479999542236328,780.5850219726562,-123.55755300873335,48.13387076398794
2915,0.11910033226013184,0.0005172820528969169,0.0,8.479999542236328,780.5850219726562,-123.55755300873335,48.13387076398794
2916,0.11910033226013184,0.0005172820528969169,0.0,8.479999542236328,780.5850219726562,-123.55755300873335,48.13387076398794
2917,0.11910033226013184,0.0005172820528969169,0.0,8.479999542236328,780.5850219726562,-123.55755300873335,48.13387076398794
2918,0.11910033226013184,0.0005172820528969169,0.0,8.479999542236328,780.5850219726562,-123.55755300873335,48.13387076398794
2919,0.11910033226013184,0.0005172820528969169,0.0,8.479999542236328,780.5850219726562,-123.55755300873335,48.13387076398794
2920,0.11910033226013184,0.0005172820528969169,0.0,8.479999542236328,780.5850219726562,-123.55755300873335,48.13387076398794
2921,0.11910033226013184,0.0005172820528969169,0.0,8.479999542236328,780.5850219726562,-123.55755300873335,48.13387076398794
2922,0.996006190776825,0.0008842195384204388,0.0,8.680000305175781,804.0460205078125,-123.55715300873335,48.13387076398794
2923,0.996006190776825,0.0008842195384204388,0.0,8.680000305175781,804.0460205078125,-123.55715300873335,48.13387076398794
2924,0.996006190776825,0.0008842195384204388,0.0,8.680000305175781,804.0460205078125,-123.55715300873335,48.13387076398794
2925,0.996006190776825,0.0008842195384204388,0.0,8.680000305175781,804.0460205078125,-123.55715300873335,48.13387076398794
2926,0.996006190776825,0.0008842195384204388,0.0,8.680000305175781,804.0460205078125,-123.55715300873335,48.13387076398794
2927,0.996006190776825,0.0008842195384204388,0.0,8.680000305175781,804.0460205078125,-123.55715300873335,48.13387076398794
2928,0.996006190776825,0.0008842195384204388,0.0,8.680000305175781,804.0460205078125,-123.55715300873335,48.13387076398794
2929,0.996006190776825,0.0008842195384204388,0.0,8.680000305175781,804.0460205078125,-123.55715300873335,48.13387076398794
2930,0.996006190776825,0.0008842195384204388,0.0,8.680000305175781,804.0460205078125,-123.55715300873335,48.13387076398794
2931,0.996006190776825,0.0008842195384204388,0.0,8.680000305175781,804.0460205078125,-123.55715300873335,48.13387076398794
2932,0.9999828338623047,5.338197297533043e-05,0.0,9.199999809265137,663.9766845703125,-123.55675300873335,48.13387076398794
2933,0.9999828338623047,5.338197297533043e-05,0.0,9.199999809265137,663.9766845703125,-123.55675300873335,48.13387076398794
2934,0.9999828338623047,5.338197297533043e-05,0.0,9.199999809265137,663.9766845703125,-123.55675300873335,48.13387076398794
2935,0.9999828338623047,5.338197297533043e-05,0.0,9.199999809265137,663.9766845703125,-123.55675300873335,48.13387076398794
2936,0.9999828338623047,5.338197297533043e-05,0.0,9.199999809265137,663.9766845703125,-123.55675300873335,48.13387076398794
2937,0.9999828338623047,5.338197297533043e-05,0.0,9.199999809265137,663.9766845703125,-123.55675300873335,48.13387076398794
2938,0.9999828338623047,5.338197297533043e-05,0.0,9.199999809265137,663.9766845703125,-123.55675300873335,48.13387076398794
2939,0.9999828338623047,5.338197297533043e-05,0.0,9.199999809265137,663.9766845703125,-123.55675300873335,48.13387076398794
2940,0.9999828338623047,5.338197297533043e-05,0.0,9.199999809265137,663.9766845703125,-123.55675300873335,48.13387076398794
2941,0.9999828338623047,5.338197297533043e-05,0.0,9.199999809265137,663.9766845703125,-123.55675300873335,48.13387076398794
2942,0.9999918937683105,0.0001285555918002501,0.0,9.359999656677246,510.61236572265625,-123.55635300873335,48.13387076398794
2943,0.9999918937683105,0.0001285555918002501,0.0,9.359999656677246,510.61236572265625,-123.55635300873335,48.13387076398794
2944,0.9999918937683105,0.0001285555918002501,0.0,9.359999656677246,510.61236572265625,-123.55635300873335,48.13387076398794
2945,0.9999918937683105,0.0001285555918002501,0.0,9.359999656677246,510.61236572265625,-123.55635300873335,48.13387076398794
2946,0.9999918937683105,0.0001285555918002501,0.0,9.359999656677246,510.61236572265625,-123.55635300873335,48.13387076398794
2947,0.9999918937683105,0.0001285555918002501,0.0,9.359999656677246,510.61236572265625,-123.55635300873335,48.13387076398794
2948,0.9999918937683105,0.0001285555918002501,0.0,9.359999656677246,510.61236572265625,-123.55635300873335,48.13387076398794
2949,0.9999918937683105,0.0001285555918002501,0.0,9.359999656677246,510.61236572265625,-123.55635300873335,48.13387076398794
2950,0.9999918937683105,0.0001285555918002501,0.0,9.359999656677246,510.61236572265625,-123.55635300873335,48.13387076398794
2951,0.9999918937683105,0.0001285555918002501,0.0,9.359999656677246,510.61236572265625,-123.55635300873335,48.13387076398794
2952,0.9999966621398926,7.280238787643611e-05,0.0,10.100000381469727,390.8004455566406,-123.55595300873335,48.13387076398794
2953,0.9999966621398926,7.280238787643611e-05,0.0,10.100000381469727,390.8004455566406,-123.55595300873335,48.13387076398794
2954,0.9999966621398926,7.280238787643611e-05,0.0,10.100000381469727,390.8004455566406,-123.55595300873335,48.13387076398794
2955,0.9999966621398926,7.280238787643611e-05,0.0,10.100000381469727,390.8004455566406,-123.55595300873335,48.13387076398794
2956,0.9999966621398926,7.280238787643611e-05,0.0,10.100000381469727,390.8004455566406,-123.55595300873335,48.13387076398794
2957,0.9999966621398926,7.280238787643611e-05,0.0,10.100000381469727,390.8004455566406,-123.55595300873335,48.13387076398794
2958,0.9999966621398926,7.280238787643611e-05,0.0,10.100000381469727,390.8004455566406,-123.55595300873335,48.13387076398794
2959,0.9999966621398926,7.280238787643611e-05,0.0,10.100000381469727,390.8004455566406,-123.55595300873335,48.13387076398794
2960,0.9999966621398926,7.280238787643611e-05,0.0,10.100000381469727,390.8004455566406,-123.55595300873335,48.13387076398794
2961,0.9999966621398926,7.280238787643611e-05,0.0,10.100000381469727,390.8004455566406,-123.55595300873335,48.13387076398794
2962,0.9999992847442627,6.237644265638664e-05,0.0,9.640000343322754,312.54119873046875,-123.55555300873336,48.13387076398794
2963,0.9999992847442627,6.237644265638664e-05,0.0,9.640000343322754,312.54119873046875,-123.55555300873336,48.13387076398794
2964,0.9999992847442627,6.237644265638664e-05,0.0,9.640000343322754,312.54119873046875,-123.55555300873336,48.13387076398794
2965,0.9999992847442627,6.237644265638664e-05,0.0,9.640000343322754,312.54119873046875,-123.55555300873336,48.13387076398794
2966,0.9999992847442627,6.237644265638664e-05,0.0,9.640000343322754,312.54119873046875,-123.55555300873336,48.13387076398794
2967,0.9999992847442627,6.237644265638664e-05,0.0,9.640000343322754,312.54119873046875,-123.55555300873336,48.13387076398794
2968,0.9999992847442627,6.237644265638664e-05,0.0,9.640000343322754,312.54119873046875,-123.55555300873336,48.13387076398794
2969,0.9999992847442627,6.237644265638664e-05,0.0,9.640000343322754,312.54119873046875,-123.55555300873336,48.13387076398794
2970,0.9999992847442627,6.237644265638664e-05,0.0,9.640000343322754,312.54119873046875,-123.55555300873336,48.13387076398794
2971,0.9999992847442627,6.237644265638664e-05,0.0,9.640000343322754,312.54119873046875,-123.55555300873336,48.13387076398794
2972,0.9999998807907104,3.593638029997237e-05,0.0,9.779999732971191,243.4029541015625,-123.55515300873336,48.13387076398794
2973,0.9999998807907104,3.593638029997237e-05,0.0,9.779999732971191,243.4029541015625,-123.55515300873336,48.13387076398794
2974,0.9999998807907104,3.593638029997237e-05,0.0,9.779999732971191,243.4029541015625,-123.55515300873336,48.13387076398794
2975,0.9999998807907104,3.593638029997237e-05,0.0,9.779999732971191,243.4029541015625,-123.55515300873336,48.13387076398794
2976,0.9999998807907104,3.593638029997237e-05,0.0,9.779999732971191,243.4029541015625,-123.55515300873336,48.13387076398794
2977,0.9999998807907104,3.593638029997237e-05,0.0,9.779999732971191,243.4029541015625,-123.55515300873336,48.13387076398794
2978,0.9999998807907104,3.593638029997237e-05,0.0,9.779999732971191,243.4029541015625,-123.55515300873336,48.13387076398794
2979,0.9999998807907104,3.593638029997237e-05,0.0,9.779999732971191,243.4029541015625,-123.55515300873336,48.13387076398794
2980,0.9999998807907104,3.593638029997237e-05,0.0,9.779999732971191,243.4029541015625,-123.55515300873336,48.13387076398794
2981,0.9999998807907104,3.593638029997237e-05,0.0,9.779999732971191,243.4029541015625,-123.55515300873336,48.13387076398794
2982,0.9520457983016968,0.0010223337449133396,0.0,8.920223236083984,135.3846435546875,-123.55475300873336,48.13387076398794
2983,0.9520457983016968,0.0010223337449133396,0.0,8.920223236083984,135.3846435546875,-123.55475300873336,48.13387076398794
2984,0.9520457983016968,0.0010223337449133396,0.0,8.920223236083984,135.3846435546875,-123.55475300873336,48.13387076398794
2985,0.9520457983016968,0.0010223337449133396,0.0,8.920223236083984,135.3846435546875,-123.55475300873336,48.13387076398794
2986,0.9520457983016968,0.0010223337449133396,0.0,8.920223236083984,135.3846435546875,-123.55475300873336,48.13387076398794
2987,0.9520457983016968,0.0010223337449133396,0.0,8.920223236083984,135.3846435546875,-123.55475300873336,48.13387076398794
2988,0.9520457983016968,0.0010223337449133396,0.0,8.920223236083984,135.3846435546875,-123.55475300873336,48.13387076398794
2989,0.9520457983016968,0.0010223337449133396,0.0,8.920223236083984,135.3846435546875,-123.55475300873336,48.13387076398794
2990,0.9520457983016968,0.0010223337449133396,0.0,8.920223236083984,135.3846435546875,-123.55475300873336,48.13387076398794
2991,0.9520457983016968,0.0010223337449133396,0.0,8.920223236083984,135.3846435546875,-123.55475300873336,48.13387076398794
2992,1.2762221501816384e-07,0.9952536821365356,0.0,8.84677791595459,46.81879806518555,-123.55435300873336,48.13387076398794
2993,1.2762221501816384e-07,0.9952536821365356,0.0,8.84677791595459,46.81879806518555,-123.55435300873336,48.13387076398794
2994,1.2762221501816384e-07,0.9952536821365356,0.0,8.84677791595459,46.81879806518555,-123.55435300873336,48.13387076398794
2995,1.2762221501816384e-07,0.9952536821365356,0.0,8.84677791595459,46.81879806518555,-123.55435300873336,48.13387076398794
2996,1.2762221501816384e-07,0.9952536821365356,0.0,8.84677791595459,46.81879806518555,-123.55435300873336,48.13387076398794
2997,1.2762221501816384e-07,0.9952536821365356,0.0,8.84677791595459,46.81879806518555,-123.55435300873336,48.13387076398794
2998,1.2762221501816384e-07,0.9952536821365356,0.0,8.84677791595459,46.81879806518555,-123.55435300873336,48.13387076398794
2999,1.2762221501816384e-07,0.9952536821365356,0.0,8.84677791595459,46.81879806518555,-123.55435300873336,48.13387076398794
3000,1.2762221501816384e-07,0.9952536821365356,0.0,8.84677791595459,46.81879806518555,-123.55435300873336,48.13387076398794
3001,1.2762221501816384e-07,0.9952536821365356,0.0,8.84677791595459,46.81879806518555,-123.55435300873336,48.13387076398794
3002,2.401398004059363e-11,0.9912681579589844,0.0,7.5545806884765625,9.0,-123.55395300873336,48.13387076398794
3003,2.401398004059363e-11,0.9912681579589844,0.0,7.5545806884765625,9.0,-123.55395300873336,48.13387076398794
3004,2.401398004059363e-11,0.9912681579589844,0.0,7.5545806884765625,9.0,-123.55395300873336,48.13387076398794
3005,2.401398004059363e-11,0.9912681579589844,0.0,7.5545806884765625,9.0,-123.55395300873336,48.13387076398794
3006,2.401398004059363e-11,0.9912681579589844,0.0,7.5545806884765625,9.0,-123.55395300873336,48.13387076398794
3007,2.401398004059363e-11,0.9912681579589844,0.0,7.5545806884765625,9.0,-123.55395300873336,48.13387076398794
3008,2.401398004059363e-11,0.9912681579589844,0.0,7.5545806884765625,9.0,-123.55395300873336,48.13387076398794
3009,2.401398004059363e-11,0.9912681579589844,0.0,7.5545806884765625,9.0,-123.55395300873336,48.13387076398794
3010,2.401398004059363e-11,0.9912681579589844,0.0,7.5545806884765625,9.0,-123.55395300873336,48.13387076398794
3011,2.401398004059363e-11,0.9912681579589844,0.0,7.5545806884765625,9.0,-123.55395300873336,48.13387076398794
3012,6.381806433135295e-14,0.9944900274276733,0.0,7.747324466705322,45.0,-123.55355300873336,48.13387076398794
3013,6.381806433135295e-14,0.9944900274276733,0.0,7.747324466705322,45.0,-123.55355300873336,48.13387076398794
3014,6.381806433135295e-14,0.9944900274276733,0.0,7.747324466705322,45.0,-123.55355300873336,48.13387076398794
3015,6.381806433135295e-14,0.9944900274276733,0.0,7.747324466705322,45.0,-123.55355300873336,48.13387076398794
3016,6.381806433135295e-14,0.9944900274276733,0.0,7.747324466705322,45.0,-123.55355300873336,48.13387076398794
3017,6.381806433135295e-14,0.9944900274276733,0.0,7.747324466705322,45.0,-123.55355300873336,48.13387076398794
3018,6.381806433135295e-14,0.9944900274276733,0.0,7.747324466705322,45.0,-123.55355300873336,48.13387076398794
3019,6.381806433135295e-14,0.9944900274276733,0.0,7.747324466705322,45.0,-123.55355300873336,48.13387076398794
3020,6.381806433135295e-14,0.9944900274276733,0.0,7.747324466705322,45.0,-123.55355300873336,48.13387076398794
3021,6.381806433135295e-14,0.9944900274276733,0.0,7.747324466705322,45.0,-123.55355300873336,48.13387076398794
3022,1.7282534514606596e-08,0.9996658563613892,0.0,8.079976081848145,47.85394287109375,-123.55315300873336,48.13387076398794
3023,1.7282534514606596e-08,0.9996658563613892,0.0,8.079976081848145,47.85394287109375,-123.55315300873336,48.13387076398794
3024,1.7282534514606596e-08,0.9996658563613892,0.0,8.079976081848145,47.85394287109375,-123.55315300873336,48.13387076398794
3025,1.7282534514606596e-08,0.9996658563613892,0.0,8.079976081848145,47.85394287109375,-123.55315300873336,48.13387076398794
3026,1.7282534514606596e-08,0.9996658563613892,0.0,8.079976081848145,47.85394287109375,-123.55315300873336,48.13387076398794
3027,1.7282534514606596e-08,0.9996658563613892,0.0,8.079976081848145,47.85394287109375,-123.55315300873336,48.13387076398794
3028,1.7282534514606596e-08,0.9996658563613892,0.0,8.079976081848145,47.85394287109375,-123.55315300873336,48.13387076398794
3029,1.7282534514606596e-08,0.9996658563613892,0.0,8.079976081848145,47.85394287109375,-123.55315300873336,48.13387076398794
3030,1.7282534514606596e-08,0.9996658563613892,0.0,8.079976081848145,47.85394287109375,-123.55315300873336,48.13387076398794
3031,1.7282534514606596e-08,0.9996658563613892,0.0,8.079976081848145,47.85394287109375,-123.55315300873336,48.13387076398794
3032,2.7644656341863083e-08,0.94615238904953,0.0,9.021224021911621,49.0,-123.55275300873336,48.13387076398794
3033,2.7644656341863083e-08,0.94615238904953,0.0,9.021224021911621,49.0,-123.55275300873336,48.13387076398794
3034,2.7644656341863083e-08,0.94615238904953,0.0,9.021224021911621,49.0,-123.55275300873336,48.13387076398794
3035,2.7644656341863083e-08,0.94615238904953,0.0,9.021224021911621,49.0,-123.55275300873336,48.13387076398794
3036,2.7644656341863083e-08,0.94615238904953,0.0,9.021224021911621,49.0,-123.55275300873336,48.13387076398794
3037,2.7644656341863083e-08,0.94615238904953,0.0,9.021224021911621,49.0,-123.55275300873336,48.13387076398794
3038,2.7644656341863083e-08,0.94615238904953,0.0,9.021224021911621,49.0,-123.55275300873336,48.13387076398794
3039,2.7644656341863083e-08,0.94615238904953,0.0,9.021224021911621,49.0,-123.55275300873336,48.13387076398794
3040,2.7644656341863083e-08,0.94615238904953,0.0,9.021224021911621,49.0,-123.55275300873336,48.13387076398794
3041,2.7644656341863083e-08,0.94615238904953,0.0,9.021224021911621,49.0,-123.55275300873336,48.13387076398794
3042,8.836994425109879e-07,0.9978733062744141,0.0,9.227286338806152,50.0,-123.55235300873336,48.13387076398794
3043,8.836994425109879e-07,0.9978733062744141,0.0,9.227286338806152,50.0,-123.55235300873336,48.13387076398794
3044,8.836994425109879e-07,0.9978733062744141,0.0,9.227286338806152,50.0,-123.55235300873336,48.13387076398794
3045,8.836994425109879e-07,0.9978733062744141,0.0,9.227286338806152,50.0,-123.55235300873336,48.13387076398794
3046,8.836994425109879e-07,0.9978733062744141,0.0,9.227286338806152,50.0,-123.55235300873336,48.13387076398794
3047,8.836994425109879e-07,0.9978733062744141,0.0,9.227286338806152,50.0,-123.55235300873336,48.13387076398794
3048,8.836994425109879e-07,0.9978733062744141,0.0,9.227286338806152,50.0,-123.55235300873336,48.13387076398794
3049,8.836994425109879e-07,0.9978733062744141,0.0,9.227286338806152,50.0,-123.55235300873336,48.13387076398794
3050,8.836994425109879e-07,0.9978733062744141,0.0,9.227286338806152,50.0,-123.55235300873336,48.13387076398794
3051,8.836994425109879e-07,0.9978733062744141,0.0,9.227286338806152,50.0,-123.55235300873336,48.13387076398794
3052,0.12974496185779572,0.0017442012904211879,0.0,9.269734382629395,59.41380310058594,-123.55195300873336,48.13387076398794
3053,0.12974496185779572,0.0017442012904211879,0.0,9.269734382629395,59.41380310058594,-123.55195300873336,48.13387076398794
3054,0.12974496185779572,0.0017442012904211879,0.0,9.269734382629395,59.41380310058594,-123.55195300873336,48.13387076398794
3055,0.12974496185779572,0.0017442012904211879,0.0,9.269734382629395,59.41380310058594,-123.55195300873336,48.13387076398794
3056,0.12974496185779572,0.0017442012904211879,0.0,9.269734382629395,59.41380310058594,-123.55195300873336,48.13387076398794
3057,0.12974496185779572,0.0017442012904211879,0.0,9.269734382629395,59.41380310058594,-123.55195300873336,48.13387076398794
3058,0.12974496185779572,0.0017442012904211879,0.0,9.269734382629395,59.41380310058594,-123.55195300873336,48.13387076398794
3059,0.12974496185779572,0.0017442012904211879,0.0,9.269734382629395,59.41380310058594,-123.55195300873336,48.13387076398794
3060,0.12974496185779572,0.0017442012904211879,0.0,9.269734382629395,59.41380310058594,-123.55195300873336,48.13387076398794
3061,0.12974496185779572,0.0017442012904211879,0.0,9.269734382629395,59.41380310058594,-123.55195300873336,48.13387076398794
3062,0.001650339225307107,0.19700205326080322,0.0,8.970000267028809,16.6433162689209,-123.56115300873334,48.133470763987944
3063,0.001650339225307107,0.19700205326080322,0.0,8.970000267028809,16.6433162689209,-123.56115300873334,48.133470763987944
3064,0.001650339225307107,0.19700205326080322,0.0,8.970000267028809,16.6433162689209,-123.56115300873334,48.133470763987944
3065,0.001650339225307107,0.19700205326080322,0.0,8.970000267028809,16.6433162689209,-123.56115300873334,48.133470763987944
3066,0.001650339225307107,0.19700205326080322,0.0,8.970000267028809,16.6433162689209,-123.56115300873334,48.133470763987944
3067,0.001650339225307107,0.19700205326080322,0.0,8.970000267028809,16.6433162689209,-123.56115300873334,48.133470763987944
3068,0.001650339225307107,0.19700205326080322,0.0,8.970000267028809,16.6433162689209,-123.56115300873334,48.133470763987944
3069,0.001650339225307107,0.19700205326080322,0.0,8.970000267028809,16.6433162689209,-123.56115300873334,48.133470763987944
3070,0.001650339225307107,0.19700205326080322,0.0,8.970000267028809,16.6433162689209,-123.56115300873334,48.133470763987944
3071,1.4416147678275593e-05,0.0656738206744194,0.0,7.512341499328613,56.35601043701172,-123.56075300873334,48.133470763987944
3072,1.4416147678275593e-05,0.0656738206744194,0.0,7.512341499328613,56.35601043701172,-123.56075300873334,48.133470763987944
3073,1.4416147678275593e-05,0.0656738206744194,0.0,7.512341499328613,56.35601043701172,-123.56075300873334,48.133470763987944
3074,1.4416147678275593e-05,0.0656738206744194,0.0,7.512341499328613,56.35601043701172,-123.56075300873334,48.133470763987944
3075,1.4416147678275593e-05,0.0656738206744194,0.0,7.512341499328613,56.35601043701172,-123.56075300873334,48.133470763987944
3076,1.4416147678275593e-05,0.0656738206744194,0.0,7.512341499328613,56.35601043701172,-123.56075300873334,48.133470763987944
3077,1.4416147678275593e-05,0.0656738206744194,0.0,7.512341499328613,56.35601043701172,-123.56075300873334,48.133470763987944
3078,1.4416147678275593e-05,0.0656738206744194,0.0,7.512341499328613,56.35601043701172,-123.56075300873334,48.133470763987944
3079,1.4416147678275593e-05,0.0656738206744194,0.0,7.512341499328613,56.35601043701172,-123.56075300873334,48.133470763987944
3080,1.4416147678275593e-05,0.0656738206744194,0.0,7.512341499328613,56.35601043701172,-123.56075300873334,48.133470763987944
3081,3.5090192085363014e-08,0.9906820058822632,0.0,9.11552619934082,24.0,-123.56035300873334,48.133470763987944
3082,3.5090192085363014e-08,0.9906820058822632,0.0,9.11552619934082,24.0,-123.56035300873334,48.133470763987944
3083,3.5090192085363014e-08,0.9906820058822632,0.0,9.11552619934082,24.0,-123.56035300873334,48.133470763987944
3084,3.5090192085363014e-08,0.9906820058822632,0.0,9.11552619934082,24.0,-123.56035300873334,48.133470763987944
3085,3.5090192085363014e-08,0.9906820058822632,0.0,9.11552619934082,24.0,-123.56035300873334,48.133470763987944
3086,3.5090192085363014e-08,0.9906820058822632,0.0,9.11552619934082,24.0,-123.56035300873334,48.133470763987944
3087,3.5090192085363014e-08,0.9906820058822632,0.0,9.11552619934082,24.0,-123.56035300873334,48.133470763987944
3088,3.5090192085363014e-08,0.9906820058822632,0.0,9.11552619934082,24.0,-123.56035300873334,48.133470763987944
3089,3.5090192085363014e-08,0.9906820058822632,0.0,9.11552619934082,24.0,-123.56035300873334,48.133470763987944
3090,3.5090192085363014e-08,0.9906820058822632,0.0,9.11552619934082,24.0,-123.56035300873334,48.133470763987944
3091,7.749394370648588e-08,0.041247978806495667,0.0,8.908982276916504,0.0,-123.55995300873334,48.133470763987944
3092,7.749394370648588e-08,0.041247978806495667,0.0,8.908982276916504,0.0,-123.55995300873334,48.133470763987944
3093,7.749394370648588e-08,0.041247978806495667,0.0,8.908982276916504,0.0,-123.55995300873334,48.133470763987944
3094,7.749394370648588e-08,0.041247978806495667,0.0,8.908982276916504,0.0,-123.55995300873334,48.133470763987944
3095,7.749394370648588e-08,0.041247978806495667,0.0,8.908982276916504,0.0,-123.55995300873334,48.133470763987944
3096,7.749394370648588e-08,0.041247978806495667,0.0,8.908982276916504,0.0,-123.55995300873334,48.133470763987944
3097,7.749394370648588e-08,0.041247978806495667,0.0,8.908982276916504,0.0,-123.55995300873334,48.133470763987944
3098,7.749394370648588e-08,0.041247978806495667,0.0,8.908982276916504,0.0,-123.55995300873334,48.133470763987944
3099,7.749394370648588e-08,0.041247978806495667,0.0,8.908982276916504,0.0,-123.55995300873334,48.133470763987944
3100,7.749394370648588e-08,0.041247978806495667,0.0,8.908982276916504,0.0,-123.55995300873334,48.133470763987944
3101,0.0006594440201297402,0.8151687383651733,0.0,8.380000114440918,2.0,-123.55955300873335,48.133470763987944
3102,0.0006594440201297402,0.8151687383651733,0.0,8.380000114440918,2.0,-123.55955300873335,48.133470763987944
3103,0.0006594440201297402,0.8151687383651733,0.0,8.380000114440918,2.0,-123.55955300873335,48.133470763987944
3104,0.0006594440201297402,0.8151687383651733,0.0,8.380000114440918,2.0,-123.55955300873335,48.133470763987944
3105,0.0006594440201297402,0.8151687383651733,0.0,8.380000114440918,2.0,-123.55955300873335,48.133470763987944
3106,0.0006594440201297402,0.8151687383651733,0.0,8.380000114440918,2.0,-123.55955300873335,48.133470763987944
3107,0.0006594440201297402,0.8151687383651733,0.0,8.380000114440918,2.0,-123.55955300873335,48.133470763987944
3108,0.0006594440201297402,0.8151687383651733,0.0,8.380000114440918,2.0,-123.55955300873335,48.133470763987944
3109,0.0006594440201297402,0.8151687383651733,0.0,8.380000114440918,2.0,-123.55955300873335,48.133470763987944
3110,0.0006594440201297402,0.8151687383651733,0.0,8.380000114440918,2.0,-123.55955300873335,48.133470763987944
3111,0.8378548622131348,0.0012266208650544286,0.0,8.699999809265137,42.72002029418945,-123.55915300873335,48.133470763987944
3112,0.8378548622131348,0.0012266208650544286,0.0,8.699999809265137,42.72002029418945,-123.55915300873335,48.133470763987944
3113,0.8378548622131348,0.0012266208650544286,0.0,8.699999809265137,42.72002029418945,-123.55915300873335,48.133470763987944
3114,0.8378548622131348,0.0012266208650544286,0.0,8.699999809265137,42.72002029418945,-123.55915300873335,48.133470763987944
3115,0.8378548622131348,0.0012266208650544286,0.0,8.699999809265137,42.72002029418945,-123.55915300873335,48.133470763987944
3116,0.8378548622131348,0.0012266208650544286,0.0,8.699999809265137,42.72002029418945,-123.55915300873335,48.133470763987944
3117,0.8378548622131348,0.0012266208650544286,0.0,8.699999809265137,42.72002029418945,-123.55915300873335,48.133470763987944
3118,0.8378548622131348,0.0012266208650544286,0.0,8.699999809265137,42.72002029418945,-123.55915300873335,48.133470763987944
3119,0.8378548622131348,0.0012266208650544286,0.0,8.699999809265137,42.72002029418945,-123.55915300873335,48.133470763987944
3120,0.8378548622131348,0.0012266208650544286,0.0,8.699999809265137,42.72002029418945,-123.55915300873335,48.133470763987944
3121,1.0,1.4673542864329647e-05,0.0,10.220000267028809,207.18348693847656,-123.55875300873335,48.133470763987944
3122,1.0,1.4673542864329647e-05,0.0,10.220000267028809,207.18348693847656,-123.55875300873335,48.133470763987944
3123,1.0,1.4673542864329647e-05,0.0,10.220000267028809,207.18348693847656,-123.55875300873335,48.133470763987944
3124,1.0,1.4673542864329647e-05,0.0,10.220000267028809,207.18348693847656,-123.55875300873335,48.133470763987944
3125,1.0,1.4673542864329647e-05,0.0,10.220000267028809,207.18348693847656,-123.55875300873335,48.133470763987944
3126,1.0,1.4673542864329647e-05,0.0,10.220000267028809,207.18348693847656,-123.55875300873335,48.133470763987944
3127,1.0,1.4673542864329647e-05,0.0,10.220000267028809,207.18348693847656,-123.55875300873335,48.133470763987944
3128,1.0,1.4673542864329647e-05,0.0,10.220000267028809,207.18348693847656,-123.55875300873335,48.133470763987944
3129,1.0,1.4673542864329647e-05,0.0,10.220000267028809,207.18348693847656,-123.55875300873335,48.133470763987944
3130,1.0,1.4673542864329647e-05,0.0,10.220000267028809,207.18348693847656,-123.55875300873335,48.133470763987944
3131,0.9914022088050842,5.7015091442735866e-05,0.0,8.760000228881836,300.8072509765625,-123.55835300873335,48.133470763987944
3132,0.9914022088050842,5.7015091442735866e-05,0.0,8.760000228881836,300.8072509765625,-123.55835300873335,48.133470763987944
3133,0.9914022088050842,5.7015091442735866e-05,0.0,8.760000228881836,300.8072509765625,-123.55835300873335,48.133470763987944
3134,0.9914022088050842,5.7015091442735866e-05,0.0,8.760000228881836,300.8072509765625,-123.55835300873335,48.133470763987944
3135,0.9914022088050842,5.7015091442735866e-05,0.0,8.760000228881836,300.8072509765625,-123.55835300873335,48.133470763987944
3136,0.9914022088050842,5.7015091442735866e-05,0.0,8.760000228881836,300.8072509765625,-123.55835300873335,48.133470763987944
3137,0.9914022088050842,5.7015091442735866e-05,0.0,8.760000228881836,300.8072509765625,-123.55835300873335,48.133470763987944
3138,0.9914022088050842,5.7015091442735866e-05,0.0,8.760000228881836,300.8072509765625,-123.55835300873335,48.133470763987944
3139,0.9914022088050842,5.7015091442735866e-05,0.0,8.760000228881836,300.8072509765625,-123.55835300873335,48.133470763987944
3140,0.9914022088050842,5.7015091442735866e-05,0.0,8.760000228881836,300.8072509765625,-123.55835300873335,48.133470763987944
3141,0.9999974966049194,0.00012005506141576916,0.0,9.25,429.7313232421875,-123.55795300873335,48.133470763987944
3142,0.9999974966049194,0.00012005506141576916,0.0,9.25,429.7313232421875,-123.55795300873335,48.133470763987944
3143,0.9999974966049194,0.00012005506141576916,0.0,9.25,429.7313232421875,-123.55795300873335,48.133470763987944
3144,0.9999974966049194,0.00012005506141576916,0.0,9.25,429.7313232421875,-123.55795300873335,48.133470763987944
3145,0.9999974966049194,0.00012005506141576916,0.0,9.25,429.7313232421875,-123.55795300873335,48.133470763987944
3146,0.9999974966049194,0.00012005506141576916,0.0,9.25,429.7313232421875,-123.55795300873335,48.133470763987944
3147,0.9999974966049194,0.00012005506141576916,0.0,9.25,429.7313232421875,-123.55795300873335,48.133470763987944
3148,0.9999974966049194,0.00012005506141576916,0.0,9.25,429.7313232421875,-123.55795300873335,48.133470763987944
3149,0.9999974966049194,0.00012005506141576916,0.0,9.25,429.7313232421875,-123.55795300873335,48.133470763987944
3150,0.9999974966049194,0.00012005506141576916,0.0,9.25,429.7313232421875,-123.55795300873335,48.133470763987944
3151,0.9988995790481567,2.6052610337501392e-05,0.0,9.970000267028809,567.4583740234375,-123.55755300873335,48.133470763987944
3152,0.9988995790481567,2.6052610337501392e-05,0.0,9.970000267028809,567.4583740234375,-123.55755300873335,48.133470763987944
3153,0.9988995790481567,2.6052610337501392e-05,0.0,9.970000267028809,567.4583740234375,-123.55755300873335,48.133470763987944
3154,0.9988995790481567,2.6052610337501392e-05,0.0,9.970000267028809,567.4583740234375,-123.55755300873335,48.133470763987944
3155,0.9988995790481567,2.6052610337501392e-05,0.0,9.970000267028809,567.4583740234375,-123.55755300873335,48.133470763987944
3156,0.9988995790481567,2.6052610337501392e-05,0.0,9.970000267028809,567.4583740234375,-123.55755300873335,48.133470763987944
3157,0.9988995790481567,2.6052610337501392e-05,0.0,9.970000267028809,567.4583740234375,-123.55755300873335,48.133470763987944
3158,0.9988995790481567,2.6052610337501392e-05,0.0,9.970000267028809,567.4583740234375,-123.55755300873335,48.133470763987944
3159,0.9988995790481567,2.6052610337501392e-05,0.0,9.970000267028809,567.4583740234375,-123.55755300873335,48.133470763987944
3160,0.9988995790481567,2.6052610337501392e-05,0.0,9.970000267028809,567.4583740234375,-123.55755300873335,48.133470763987944
3161,0.3722544014453888,0.00039658317109569907,0.0,9.399999618530273,729.3319091796875,-123.55715300873335,48.133470763987944
3162,0.3722544014453888,0.00039658317109569907,0.0,9.399999618530273,729.3319091796875,-123.55715300873335,48.133470763987944
3163,0.3722544014453888,0.00039658317109569907,0.0,9.399999618530273,729.3319091796875,-123.55715300873335,48.133470763987944
3164,0.3722544014453888,0.00039658317109569907,0.0,9.399999618530273,729.3319091796875,-123.55715300873335,48.133470763987944
3165,0.3722544014453888,0.00039658317109569907,0.0,9.399999618530273,729.3319091796875,-123.55715300873335,48.133470763987944
3166,0.3722544014453888,0.00039658317109569907,0.0,9.399999618530273,729.3319091796875,-123.55715300873335,48.133470763987944
3167,0.3722544014453888,0.00039658317109569907,0.0,9.399999618530273,729.3319091796875,-123.55715300873335,48.133470763987944
3168,0.3722544014453888,0.00039658317109569907,0.0,9.399999618530273,729.3319091796875,-123.55715300873335,48.133470763987944
3169,0.3722544014453888,0.00039658317109569907,0.0,9.399999618530273,729.3319091796875,-123.55715300873335,48.133470763987944
3170,0.3722544014453888,0.00039658317109569907,0.0,9.399999618530273,729.3319091796875,-123.55715300873335,48.133470763987944
3171,1.0,2.328338086954318e-05,0.0,9.199999809265137,867.0005493164062,-123.55675300873335,48.133470763987944
3172,1.0,2.328338086954318e-05,0.0,9.199999809265137,867.0005493164062,-123.55675300873335,48.133470763987944
3173,1.0,2.328338086954318e-05,0.0,9.199999809265137,867.0005493164062,-123.55675300873335,48.133470763987944
3174,1.0,2.328338086954318e-05,0.0,9.199999809265137,867.0005493164062,-123.55675300873335,48.133470763987944
3175,1.0,2.328338086954318e-05,0.0,9.199999809265137,867.0005493164062,-123.55675300873335,48.133470763987944
3176,1.0,2.328338086954318e-05,0.0,9.199999809265137,867.0005493164062,-123.55675300873335,48.133470763987944
3177,1.0,2.328338086954318e-05,0.0,9.199999809265137,867.0005493164062,-123.55675300873335,48.133470763987944
3178,1.0,2.328338086954318e-05,0.0,9.199999809265137,867.0005493164062,-123.55675300873335,48.133470763987944
3179,1.0,2.328338086954318e-05,0.0,9.199999809265137,867.0005493164062,-123.55675300873335,48.133470763987944
3180,1.0,2.328338086954318e-05,0.0,9.199999809265137,867.0005493164062,-123.55675300873335,48.133470763987944
3181,0.9787346124649048,0.0003071949176955968,0.0,9.020000457763672,732.3496704101562,-123.55635300873335,48.133470763987944
3182,0.9787346124649048,0.0003071949176955968,0.0,9.020000457763672,732.3496704101562,-123.55635300873335,48.133470763987944
3183,0.9787346124649048,0.0003071949176955968,0.0,9.020000457763672,732.3496704101562,-123.55635300873335,48.133470763987944
3184,0.9787346124649048,0.0003071949176955968,0.0,9.020000457763672,732.3496704101562,-123.55635300873335,48.133470763987944
3185,0.9787346124649048,0.0003071949176955968,0.0,9.020000457763672,732.3496704101562,-123.55635300873335,48.133470763987944
3186,0.9787346124649048,0.0003071949176955968,0.0,9.020000457763672,732.3496704101562,-123.55635300873335,48.133470763987944
3187,0.9787346124649048,0.0003071949176955968,0.0,9.020000457763672,732.3496704101562,-123.55635300873335,48.133470763987944
3188,0.9787346124649048,0.0003071949176955968,0.0,9.020000457763672,732.3496704101562,-123.55635300873335,48.133470763987944
3189,0.9787346124649048,0.0003071949176955968,0.0,9.020000457763672,732.3496704101562,-123.55635300873335,48.133470763987944
3190,0.9787346124649048,0.0003071949176955968,0.0,9.020000457763672,732.3496704101562,-123.55635300873335,48.133470763987944
3191,0.9999897480010986,8.865601557772607e-05,0.0,9.5600004196167,633.1034545898438,-123.55595300873335,48.133470763987944
3192,0.9999897480010986,8.865601557772607e-05,0.0,9.5600004196167,633.1034545898438,-123.55595300873335,48.133470763987944
3193,0.9999897480010986,8.865601557772607e-05,0.0,9.5600004196167,633.1034545898438,-123.55595300873335,48.133470763987944
3194,0.9999897480010986,8.865601557772607e-05,0.0,9.5600004196167,633.1034545898438,-123.55595300873335,48.133470763987944
3195,0.9999897480010986,8.865601557772607e-05,0.0,9.5600004196167,633.1034545898438,-123.55595300873335,48.133470763987944
3196,0.9999897480010986,8.865601557772607e-05,0.0,9.5600004196167,633.1034545898438,-123.55595300873335,48.133470763987944
3197,0.9999897480010986,8.865601557772607e-05,0.0,9.5600004196167,633.1034545898438,-123.55595300873335,48.133470763987944
3198,0.9999897480010986,8.865601557772607e-05,0.0,9.5600004196167,633.1034545898438,-123.55595300873335,48.133470763987944
3199,0.9999897480010986,8.865601557772607e-05,0.0,9.5600004196167,633.1034545898438,-123.55595300873335,48.133470763987944
3200,0.9999897480010986,8.865601557772607e-05,0.0,9.5600004196167,633.1034545898438,-123.55595300873335,48.133470763987944
3201,0.9999980926513672,0.0001244210870936513,0.0,9.470000267028809,556.5932006835938,-123.55555300873336,48.133470763987944
3202,0.9999980926513672,0.0001244210870936513,0.0,9.470000267028809,556.5932006835938,-123.55555300873336,48.133470763987944
3203,0.9999980926513672,0.0001244210870936513,0.0,9.470000267028809,556.5932006835938,-123.55555300873336,48.133470763987944
3204,0.9999980926513672,0.0001244210870936513,0.0,9.470000267028809,556.5932006835938,-123.55555300873336,48.133470763987944
3205,0.9999980926513672,0.0001244210870936513,0.0,9.470000267028809,556.5932006835938,-123.55555300873336,48.133470763987944
3206,0.9999980926513672,0.0001244210870936513,0.0,9.470000267028809,556.5932006835938,-123.55555300873336,48.133470763987944
3207,0.9999980926513672,0.0001244210870936513,0.0,9.470000267028809,556.5932006835938,-123.55555300873336,48.133470763987944
3208,0.9999980926513672,0.0001244210870936513,0.0,9.470000267028809,556.5932006835938,-123.55555300873336,48.133470763987944
3209,0.9999980926513672,0.0001244210870936513,0.0,9.470000267028809,556.5932006835938,-123.55555300873336,48.133470763987944
3210,0.9999980926513672,0.0001244210870936513,0.0,9.470000267028809,556.5932006835938,-123.55555300873336,48.133470763987944
3211,0.9999969005584717,2.993159978359472e-05,0.0,9.180000305175781,475.14312744140625,-123.55515300873336,48.133470763987944
3212,0.9999969005584717,2.993159978359472e-05,0.0,9.180000305175781,475.14312744140625,-123.55515300873336,48.133470763987944
3213,0.9999969005584717,2.993159978359472e-05,0.0,9.180000305175781,475.14312744140625,-123.55515300873336,48.133470763987944
3214,0.9999969005584717,2.993159978359472e-05,0.0,9.180000305175781,475.14312744140625,-123.55515300873336,48.133470763987944
3215,0.9999969005584717,2.993159978359472e-05,0.0,9.180000305175781,475.14312744140625,-123.55515300873336,48.133470763987944
3216,0.9999969005584717,2.993159978359472e-05,0.0,9.180000305175781,475.14312744140625,-123.55515300873336,48.133470763987944
3217,0.9999969005584717,2.993159978359472e-05,0.0,9.180000305175781,475.14312744140625,-123.55515300873336,48.133470763987944
3218,0.9999969005584717,2.993159978359472e-05,0.0,9.180000305175781,475.14312744140625,-123.55515300873336,48.133470763987944
3219,0.9999969005584717,2.993159978359472e-05,0.0,9.180000305175781,475.14312744140625,-123.55515300873336,48.133470763987944
3220,0.9999969005584717,2.993159978359472e-05,0.0,9.180000305175781,475.14312744140625,-123.55515300873336,48.133470763987944
3221,0.9999992847442627,4.965829066350125e-05,0.0,8.860386848449707,374.418212890625,-123.55475300873336,48.133470763987944
3222,0.9999992847442627,4.965829066350125e-05,0.0,8.860386848449707,374.418212890625,-123.55475300873336,48.133470763987944
3223,0.9999992847442627,4.965829066350125e-05,0.0,8.860386848449707,374.418212890625,-123.55475300873336,48.133470763987944
3224,0.9999992847442627,4.965829066350125e-05,0.0,8.860386848449707,374.418212890625,-123.55475300873336,48.133470763987944
3225,0.9999992847442627,4.965829066350125e-05,0.0,8.860386848449707,374.418212890625,-123.55475300873336,48.133470763987944
3226,0.9999992847442627,4.965829066350125e-05,0.0,8.860386848449707,374.418212890625,-123.55475300873336,48.133470763987944
3227,0.9999992847442627,4.965829066350125e-05,0.0,8.860386848449707,374.418212890625,-123.55475300873336,48.133470763987944
3228,0.9999992847442627,4.965829066350125e-05,0.0,8.860386848449707,374.418212890625,-123.55475300873336,48.133470763987944
3229,0.9999992847442627,4.965829066350125e-05,0.0,8.860386848449707,374.418212890625,-123.55475300873336,48.133470763987944
3230,0.9999992847442627,4.965829066350125e-05,0.0,8.860386848449707,374.418212890625,-123.55475300873336,48.133470763987944
3231,0.9999918937683105,0.00019515208259690553,0.0,10.220000267028809,295.0254211425781,-123.55435300873336,48.133470763987944
3232,0.9999918937683105,0.00019515208259690553,0.0,10.220000267028809,295.0254211425781,-123.55435300873336,48.133470763987944
3233,0.9999918937683105,0.00019515208259690553,0.0,10.220000267028809,295.0254211425781,-123.55435300873336,48.133470763987944
3234,0.9999918937683105,0.00019515208259690553,0.0,10.220000267028809,295.0254211425781,-123.55435300873336,48.133470763987944
3235,0.9999918937683105,0.00019515208259690553,0.0,10.220000267028809,295.0254211425781,-123.55435300873336,48.133470763987944
3236,0.9999918937683105,0.00019515208259690553,0.0,10.220000267028809,295.0254211425781,-123.55435300873336,48.133470763987944
3237,0.9999918937683105,0.00019515208259690553,0.0,10.220000267028809,295.0254211425781,-123.55435300873336,48.133470763987944
3238,0.9999918937683105,0.00019515208259690553,0.0,10.220000267028809,295.0254211425781,-123.55435300873336,48.133470763987944
3239,0.9999918937683105,0.00019515208259690553,0.0,10.220000267028809,295.0254211425781,-123.55435300873336,48.133470763987944
3240,0.9999918937683105,0.00019515208259690553,0.0,10.220000267028809,295.0254211425781,-123.55435300873336,48.133470763987944
3241,0.9996209144592285,5.2399969717953354e-05,0.0,8.814926147460938,242.83534240722656,-123.55395300873336,48.133470763987944
3242,0.9996209144592285,5.2399969717953354e-05,0.0,8.814926147460938,242.83534240722656,-123.55395300873336,48.133470763987944
3243,0.9996209144592285,5.2399969717953354e-05,0.0,8.814926147460938,242.83534240722656,-123.55395300873336,48.133470763987944
3244,0.9996209144592285,5.2399969717953354e-05,0.0,8.814926147460938,242.83534240722656,-123.55395300873336,48.133470763987944
3245,0.9996209144592285,5.2399969717953354e-05,0.0,8.814926147460938,242.83534240722656,-123.55395300873336,48.133470763987944
3246,0.9996209144592285,5.2399969717953354e-05,0.0,8.814926147460938,242.83534240722656,-123.55395300873336,48.133470763987944
3247,0.9996209144592285,5.2399969717953354e-05,0.0,8.814926147460938,242.83534240722656,-123.55395300873336,48.133470763987944
3248,0.9996209144592285,5.2399969717953354e-05,0.0,8.814926147460938,242.83534240722656,-123.55395300873336,48.133470763987944
3249,0.9996209144592285,5.2399969717953354e-05,0.0,8.814926147460938,242.83534240722656,-123.55395300873336,48.133470763987944
3250,0.9996209144592285,5.2399969717953354e-05,0.0,8.814926147460938,242.83534240722656,-123.55395300873336,48.133470763987944
3251,0.9995129108428955,8.000205707503483e-05,0.0,8.862787246704102,210.0,-123.55355300873336,48.133470763987944
3252,0.9995129108428955,8.000205707503483e-05,0.0,8.862787246704102,210.0,-123.55355300873336,48.133470763987944
3253,0.9995129108428955,8.000205707503483e-05,0.0,8.862787246704102,210.0,-123.55355300873336,48.133470763987944
3254,0.9995129108428955,8.000205707503483e-05,0.0,8.862787246704102,210.0,-123.55355300873336,48.133470763987944
3255,0.9995129108428955,8.000205707503483e-05,0.0,8.862787246704102,210.0,-123.55355300873336,48.133470763987944
3256,0.9995129108428955,8.000205707503483e-05,0.0,8.862787246704102,210.0,-123.55355300873336,48.133470763987944
3257,0.9995129108428955,8.000205707503483e-05,0.0,8.862787246704102,210.0,-123.55355300873336,48.133470763987944
3258,0.9995129108428955,8.000205707503483e-05,0.0,8.862787246704102,210.0,-123.55355300873336,48.133470763987944
3259,0.9995129108428955,8.000205707503483e-05,0.0,8.862787246704102,210.0,-123.55355300873336,48.133470763987944
3260,0.9995129108428955,8.000205707503483e-05,0.0,8.862787246704102,210.0,-123.55355300873336,48.133470763987944
3261,0.004891325253993273,0.0015181589405983686,0.0,9.140000343322754,207.0,-123.55315300873336,48.133470763987944
3262,0.004891325253993273,0.0015181589405983686,0.0,9.140000343322754,207.0,-123.55315300873336,48.133470763987944
3263,0.004891325253993273,0.0015181589405983686,0.0,9.140000343322754,207.0,-123.55315300873336,48.133470763987944
3264,0.004891325253993273,0.0015181589405983686,0.0,9.140000343322754,207.0,-123.55315300873336,48.133470763987944
3265,0.004891325253993273,0.0015181589405983686,0.0,9.140000343322754,207.0,-123.55315300873336,48.133470763987944
3266,0.004891325253993273,0.0015181589405983686,0.0,9.140000343322754,207.0,-123.55315300873336,48.133470763987944
3267,0.004891325253993273,0.0015181589405983686,0.0,9.140000343322754,207.0,-123.55315300873336,48.133470763987944
3268,0.004891325253993273,0.0015181589405983686,0.0,9.140000343322754,207.0,-123.55315300873336,48.133470763987944
3269,0.004891325253993273,0.0015181589405983686,0.0,9.140000343322754,207.0,-123.55315300873336,48.133470763987944
3270,0.004891325253993273,0.0015181589405983686,0.0,9.140000343322754,207.0,-123.55315300873336,48.133470763987944
3271,0.9058682322502136,0.00037168277776800096,0.0,9.08961296081543,206.0,-123.55275300873336,48.133470763987944
3272,0.9058682322502136,0.00037168277776800096,0.0,9.08961296081543,206.0,-123.55275300873336,48.133470763987944
3273,0.9058682322502136,0.00037168277776800096,0.0,9.08961296081543,206.0,-123.55275300873336,48.133470763987944
3274,0.9058682322502136,0.00037168277776800096,0.0,9.08961296081543,206.0,-123.55275300873336,48.133470763987944
3275,0.9058682322502136,0.00037168277776800096,0.0,9.08961296081543,206.0,-123.55275300873336,48.133470763987944
3276,0.9058682322502136,0.00037168277776800096,0.0,9.08961296081543,206.0,-123.55275300873336,48.133470763987944
3277,0.9058682322502136,0.00037168277776800096,0.0,9.08961296081543,206.0,-123.55275300873336,48.133470763987944
3278,0.9058682322502136,0.00037168277776800096,0.0,9.08961296081543,206.0,-123.55275300873336,48.133470763987944
3279,0.9058682322502136,0.00037168277776800096,0.0,9.08961296081543,206.0,-123.55275300873336,48.133470763987944
3280,0.9058682322502136,0.00037168277776800096,0.0,9.08961296081543,206.0,-123.55275300873336,48.133470763987944
3281,0.7576675415039062,0.00025679823011159897,0.0,9.539999961853027,204.35263061523438,-123.55235300873336,48.133470763987944
3282,0.7576675415039062,0.00025679823011159897,0.0,9.539999961853027,204.35263061523438,-123.55235300873336,48.133470763987944
3283,0.7576675415039062,0.00025679823011159897,0.0,9.539999961853027,204.35263061523438,-123.55235300873336,48.133470763987944
3284,0.7576675415039062,0.00025679823011159897,0.0,9.539999961853027,204.35263061523438,-123.55235300873336,48.133470763987944
3285,0.7576675415039062,0.00025679823011159897,0.0,9.539999961853027,204.35263061523438,-123.55235300873336,48.133470763987944
3286,0.7576675415039062,0.00025679823011159897,0.0,9.539999961853027,204.35263061523438,-123.55235300873336,48.133470763987944
3287,0.7576675415039062,0.00025679823011159897,0.0,9.539999961853027,204.35263061523438,-123.55235300873336,48.133470763987944
3288,0.7576675415039062,0.00025679823011159897,0.0,9.539999961853027,204.35263061523438,-123.55235300873336,48.133470763987944
3289,0.7576675415039062,0.00025679823011159897,0.0,9.539999961853027,204.35263061523438,-123.55235300873336,48.133470763987944
3290,0.7576675415039062,0.00025679823011159897,0.0,9.539999961853027,204.35263061523438,-123.55235300873336,48.133470763987944
3291,0.6780652403831482,0.0015952051617205143,0.0,9.291102409362793,192.03384399414062,-123.55195300873336,48.133470763987944
3292,0.6780652403831482,0.0015952051617205143,0.0,9.291102409362793,192.03384399414062,-123.55195300873336,48.133470763987944
3293,0.6780652403831482,0.0015952051617205143,0.0,9.291102409362793,192.03384399414062,-123.55195300873336,48.133470763987944
3294,0.6780652403831482,0.0015952051617205143,0.0,9.291102409362793,192.03384399414062,-123.55195300873336,48.133470763987944
3295,0.6780652403831482,0.0015952051617205143,0.0,9.291102409362793,192.03384399414062,-123.55195300873336,48.133470763987944
3296,0.6780652403831482,0.0015952051617205143,0.0,9.291102409362793,192.03384399414062,-123.55195300873336,48.133470763987944
3297,0.6780652403831482,0.0015952051617205143,0.0,9.291102409362793,192.03384399414062,-123.55195300873336,48.133470763987944
3298,0.6780652403831482,0.0015952051617205143,0.0,9.291102409362793,192.03384399414062,-123.55195300873336,48.133470763987944
3299,0.6780652403831482,0.0015952051617205143,0.0,9.291102409362793,192.03384399414062,-123.55195300873336,48.133470763987944
3300,0.6780652403831482,0.0015952051617205143,0.0,9.291102409362793,192.03384399414062,-123.55195300873336,48.133470763987944
3301,0.9022054672241211,0.0002478992100805044,0.0,9.268396377563477,105.99056243896484,-123.55155300873336,48.133470763987944
3302,0.9022054672241211,0.0002478992100805044,0.0,9.268396377563477,105.99056243896484,-123.55155300873336,48.133470763987944
3303,0.9022054672241211,0.0002478992100805044,0.0,9.268396377563477,105.99056243896484,-123.55155300873336,48.133470763987944
3304,0.9022054672241211,0.0002478992100805044,0.0,9.268396377563477,105.99056243896484,-123.55155300873336,48.133470763987944
3305,0.9022054672241211,0.0002478992100805044,0.0,9.268396377563477,105.99056243896484,-123.55155300873336,48.133470763987944
3306,0.9022054672241211,0.0002478992100805044,0.0,9.268396377563477,105.99056243896484,-123.55155300873336,48.133470763987944
3307,0.9022054672241211,0.0002478992100805044,0.0,9.268396377563477,105.99056243896484,-123.55155300873336,48.133470763987944
3308,0.9022054672241211,0.0002478992100805044,0.0,9.268396377563477,105.99056243896484,-123.55155300873336,48.133470763987944
3309,0.9022054672241211,0.0002478992100805044,0.0,9.268396377563477,105.99056243896484,-123.55155300873336,48.133470763987944
3310,0.9022054672241211,0.0002478992100805044,0.0,9.268396377563477,105.99056243896484,-123.55155300873336,48.133470763987944
3311,0.001179852639324963,0.5057650208473206,0.0,9.24267292022705,54.451812744140625,-123.55115300873337,48.133470763987944
3312,0.001179852639324963,0.5057650208473206,0.0,9.24267292022705,54.451812744140625,-123.55115300873337,48.133470763987944
3313,0.001179852639324963,0.5057650208473206,0.0,9.24267292022705,54.451812744140625,-123.55115300873337,48.133470763987944
3314,0.001179852639324963,0.5057650208473206,0.0,9.24267292022705,54.451812744140625,-123.55115300873337,48.133470763987944
3315,0.001179852639324963,0.5057650208473206,0.0,9.24267292022705,54.451812744140625,-123.55115300873337,48.133470763987944
3316,0.001179852639324963,0.5057650208473206,0.0,9.24267292022705,54.451812744140625,-123.55115300873337,48.133470763987944
3317,0.001179852639324963,0.5057650208473206,0.0,9.24267292022705,54.451812744140625,-123.55115300873337,48.133470763987944
3318,0.001179852639324963,0.5057650208473206,0.0,9.24267292022705,54.451812744140625,-123.55115300873337,48.133470763987944
3319,0.001179852639324963,0.5057650208473206,0.0,9.24267292022705,54.451812744140625,-123.55115300873337,48.133470763987944
3320,0.001179852639324963,0.5057650208473206,0.0,9.24267292022705,54.451812744140625,-123.55115300873337,48.133470763987944
3321,0.0,0.0,0.0,0.0,124.5351333618164,-123.56075300873334,48.133070763987945
3322,0.0,0.0,0.0,0.0,124.5351333618164,-123.56075300873334,48.133070763987945
3323,0.0,0.0,0.0,0.0,124.5351333618164,-123.56075300873334,48.133070763987945
3324,2.1094787427955453e-07,0.8680371046066284,0.0,7.809786319732666,24.166091918945312,-123.56035300873334,48.133070763987945
3325,2.1094787427955453e-07,0.8680371046066284,0.0,7.809786319732666,24.166091918945312,-123.56035300873334,48.133070763987945
3326,2.1094787427955453e-07,0.8680371046066284,0.0,7.809786319732666,24.166091918945312,-123.56035300873334,48.133070763987945
3327,2.1094787427955453e-07,0.8680371046066284,0.0,7.809786319732666,24.166091918945312,-123.56035300873334,48.133070763987945
3328,2.1094787427955453e-07,0.8680371046066284,0.0,7.809786319732666,24.166091918945312,-123.56035300873334,48.133070763987945
3329,2.1094787427955453e-07,0.8680371046066284,0.0,7.809786319732666,24.166091918945312,-123.56035300873334,48.133070763987945
3330,2.1094787427955453e-07,0.8680371046066284,0.0,7.809786319732666,24.166091918945312,-123.56035300873334,48.133070763987945
3331,2.1094787427955453e-07,0.8680371046066284,0.0,7.809786319732666,24.166091918945312,-123.56035300873334,48.133070763987945
3332,2.1094787427955453e-07,0.8680371046066284,0.0,7.809786319732666,24.166091918945312,-123.56035300873334,48.133070763987945
3333,2.1094787427955453e-07,0.8680371046066284,0.0,7.809786319732666,24.166091918945312,-123.56035300873334,48.133070763987945
3334,9.411755854671355e-06,0.0525742806494236,0.0,8.878886222839355,37.013511657714844,-123.55995300873334,48.133070763987945
3335,9.411755854671355e-06,0.0525742806494236,0.0,8.878886222839355,37.013511657714844,-123.55995300873334,48.133070763987945
3336,9.411755854671355e-06,0.0525742806494236,0.0,8.878886222839355,37.013511657714844,-123.55995300873334,48.133070763987945
3337,9.411755854671355e-06,0.0525742806494236,0.0,8.878886222839355,37.013511657714844,-123.55995300873334,48.133070763987945
3338,9.411755854671355e-06,0.0525742806494236,0.0,8.878886222839355,37.013511657714844,-123.55995300873334,48.133070763987945
3339,9.411755854671355e-06,0.0525742806494236,0.0,8.878886222839355,37.013511657714844,-123.55995300873334,48.133070763987945
3340,9.411755854671355e-06,0.0525742806494236,0.0,8.878886222839355,37.013511657714844,-123.55995300873334,48.133070763987945
3341,9.411755854671355e-06,0.0525742806494236,0.0,8.878886222839355,37.013511657714844,-123.55995300873334,48.133070763987945
3342,9.411755854671355e-06,0.0525742806494236,0.0,8.878886222839355,37.013511657714844,-123.55995300873334,48.133070763987945
3343,9.411755854671355e-06,0.0525742806494236,0.0,8.878886222839355,37.013511657714844,-123.55995300873334,48.133070763987945
3344,2.058114212388773e-08,0.999975323677063,0.0,8.092507362365723,20.248456954956055,-123.55955300873335,48.133070763987945
3345,2.058114212388773e-08,0.999975323677063,0.0,8.092507362365723,20.248456954956055,-123.55955300873335,48.133070763987945
3346,2.058114212388773e-08,0.999975323677063,0.0,8.092507362365723,20.248456954956055,-123.55955300873335,48.133070763987945
3347,2.058114212388773e-08,0.999975323677063,0.0,8.092507362365723,20.248456954956055,-123.55955300873335,48.133070763987945
3348,2.058114212388773e-08,0.999975323677063,0.0,8.092507362365723,20.248456954956055,-123.55955300873335,48.133070763987945
3349,2.058114212388773e-08,0.999975323677063,0.0,8.092507362365723,20.248456954956055,-123.55955300873335,48.133070763987945
3350,2.058114212388773e-08,0.999975323677063,0.0,8.092507362365723,20.248456954956055,-123.55955300873335,48.133070763987945
3351,2.058114212388773e-08,0.999975323677063,0.0,8.092507362365723,20.248456954956055,-123.55955300873335,48.133070763987945
3352,2.058114212388773e-08,0.999975323677063,0.0,8.092507362365723,20.248456954956055,-123.55955300873335,48.133070763987945
3353,2.058114212388773e-08,0.999975323677063,0.0,8.092507362365723,20.248456954956055,-123.55955300873335,48.133070763987945
3354,2.4504377194034532e-08,0.9999964237213135,0.0,8.256292343139648,19.92485809326172,-123.55915300873335,48.133070763987945
3355,2.4504377194034532e-08,0.9999964237213135,0.0,8.256292343139648,19.92485809326172,-123.55915300873335,48.133070763987945
3356,2.4504377194034532e-08,0.9999964237213135,0.0,8.256292343139648,19.92485809326172,-123.55915300873335,48.133070763987945
3357,2.4504377194034532e-08,0.9999964237213135,0.0,8.256292343139648,19.92485809326172,-123.55915300873335,48.133070763987945
3358,2.4504377194034532e-08,0.9999964237213135,0.0,8.256292343139648,19.92485809326172,-123.55915300873335,48.133070763987945
3359,2.4504377194034532e-08,0.9999964237213135,0.0,8.256292343139648,19.92485809326172,-123.55915300873335,48.133070763987945
3360,2.4504377194034532e-08,0.9999964237213135,0.0,8.256292343139648,19.92485809326172,-123.55915300873335,48.133070763987945
3361,2.4504377194034532e-08,0.9999964237213135,0.0,8.256292343139648,19.92485809326172,-123.55915300873335,48.133070763987945
3362,2.4504377194034532e-08,0.9999964237213135,0.0,8.256292343139648,19.92485809326172,-123.55915300873335,48.133070763987945
3363,2.4504377194034532e-08,0.9999964237213135,0.0,8.256292343139648,19.92485809326172,-123.55915300873335,48.133070763987945
3364,2.3745582439005375e-05,0.9967522621154785,0.0,8.401108741760254,26.248809814453125,-123.55875300873335,48.133070763987945
3365,2.3745582439005375e-05,0.9967522621154785,0.0,8.401108741760254,26.248809814453125,-123.55875300873335,48.133070763987945
3366,2.3745582439005375e-05,0.9967522621154785,0.0,8.401108741760254,26.248809814453125,-123.55875300873335,48.133070763987945
3367,2.3745582439005375e-05,0.9967522621154785,0.0,8.401108741760254,26.248809814453125,-123.55875300873335,48.133070763987945
3368,2.3745582439005375e-05,0.9967522621154785,0.0,8.401108741760254,26.248809814453125,-123.55875300873335,48.133070763987945
3369,2.3745582439005375e-05,0.9967522621154785,0.0,8.401108741760254,26.248809814453125,-123.55875300873335,48.133070763987945
3370,2.3745582439005375e-05,0.9967522621154785,0.0,8.401108741760254,26.248809814453125,-123.55875300873335,48.133070763987945
3371,2.3745582439005375e-05,0.9967522621154785,0.0,8.401108741760254,26.248809814453125,-123.55875300873335,48.133070763987945
3372,2.3745582439005375e-05,0.9967522621154785,0.0,8.401108741760254,26.248809814453125,-123.55875300873335,48.133070763987945
3373,2.3745582439005375e-05,0.9967522621154785,0.0,8.401108741760254,26.248809814453125,-123.55875300873335,48.133070763987945
3374,0.005192126147449017,0.3309573233127594,0.0,8.527475357055664,80.26206970214844,-123.55835300873335,48.133070763987945
3375,0.005192126147449017,0.3309573233127594,0.0,8.527475357055664,80.26206970214844,-123.55835300873335,48.133070763987945
3376,0.005192126147449017,0.3309573233127594,0.0,8.527475357055664,80.26206970214844,-123.55835300873335,48.133070763987945
3377,0.005192126147449017,0.3309573233127594,0.0,8.527475357055664,80.26206970214844,-123.55835300873335,48.133070763987945
3378,0.005192126147449017,0.3309573233127594,0.0,8.527475357055664,80.26206970214844,-123.55835300873335,48.133070763987945
3379,0.005192126147449017,0.3309573233127594,0.0,8.527475357055664,80.26206970214844,-123.55835300873335,48.133070763987945
3380,0.005192126147449017,0.3309573233127594,0.0,8.527475357055664,80.26206970214844,-123.55835300873335,48.133070763987945
3381,0.005192126147449017,0.3309573233127594,0.0,8.527475357055664,80.26206970214844,-123.55835300873335,48.133070763987945
3382,0.005192126147449017,0.3309573233127594,0.0,8.527475357055664,80.26206970214844,-123.55835300873335,48.133070763987945
3383,0.005192126147449017,0.3309573233127594,0.0,8.527475357055664,80.26206970214844,-123.55835300873335,48.133070763987945
3384,0.9999850988388062,1.3302405022841413e-05,0.0,10.510000228881836,214.39450073242188,-123.55795300873335,48.133070763987945
3385,0.9999850988388062,1.3302405022841413e-05,0.0,10.510000228881836,214.39450073242188,-123.55795300873335,48.133070763987945
3386,0.9999850988388062,1.3302405022841413e-05,0.0,10.510000228881836,214.39450073242188,-123.55795300873335,48.133070763987945
3387,0.9999850988388062,1.3302405022841413e-05,0.0,10.510000228881836,214.39450073242188,-123.55795300873335,48.133070763987945
3388,0.9999850988388062,1.3302405022841413e-05,0.0,10.510000228881836,214.39450073242188,-123.55795300873335,48.133070763987945
3389,0.9999850988388062,1.3302405022841413e-05,0.0,10.510000228881836,214.39450073242188,-123.55795300873335,48.133070763987945
3390,0.9999850988388062,1.3302405022841413e-05,0.0,10.510000228881836,214.39450073242188,-123.55795300873335,48.133070763987945
3391,0.9999850988388062,1.3302405022841413e-05,0.0,10.510000228881836,214.39450073242188,-123.55795300873335,48.133070763987945
3392,0.9999850988388062,1.3302405022841413e-05,0.0,10.510000228881836,214.39450073242188,-123.55795300873335,48.133070763987945
3393,0.9999850988388062,1.3302405022841413e-05,0.0,10.510000228881836,214.39450073242188,-123.55795300873335,48.133070763987945
3394,0.9935674071311951,7.118566281860694e-05,0.0,9.510000228881836,371.7041931152344,-123.55755300873335,48.133070763987945
3395,0.9935674071311951,7.118566281860694e-05,0.0,9.510000228881836,371.7041931152344,-123.55755300873335,48.133070763987945
3396,0.9935674071311951,7.118566281860694e-05,0.0,9.510000228881836,371.7041931152344,-123.55755300873335,48.133070763987945
3397,0.9935674071311951,7.118566281860694e-05,0.0,9.510000228881836,371.7041931152344,-123.55755300873335,48.133070763987945
3398,0.9935674071311951,7.118566281860694e-05,0.0,9.510000228881836,371.7041931152344,-123.55755300873335,48.133070763987945
3399,0.9935674071311951,7.118566281860694e-05,0.0,9.510000228881836,371.7041931152344,-123.55755300873335,48.133070763987945
3400,0.9935674071311951,7.118566281860694e-05,0.0,9.510000228881836,371.7041931152344,-123.55755300873335,48.133070763987945
3401,0.9935674071311951,7.118566281860694e-05,0.0,9.510000228881836,371.7041931152344,-123.55755300873335,48.133070763987945
3402,0.9935674071311951,7.118566281860694e-05,0.0,9.510000228881836,371.7041931152344,-123.55755300873335,48.133070763987945
3403,0.9935674071311951,7.118566281860694e-05,0.0,9.510000228881836,371.7041931152344,-123.55755300873335,48.133070763987945
3404,0.007316545583307743,0.002666074549779296,0.0,9.380000114440918,536.88916015625,-123.55715300873335,48.133070763987945
3405,0.007316545583307743,0.002666074549779296,0.0,9.380000114440918,536.88916015625,-123.55715300873335,48.133070763987945
3406,0.007316545583307743,0.002666074549779296,0.0,9.380000114440918,536.88916015625,-123.55715300873335,48.133070763987945
3407,0.007316545583307743,0.002666074549779296,0.0,9.380000114440918,536.88916015625,-123.55715300873335,48.133070763987945
3408,0.007316545583307743,0.002666074549779296,0.0,9.380000114440918,536.88916015625,-123.55715300873335,48.133070763987945
3409,0.007316545583307743,0.002666074549779296,0.0,9.380000114440918,536.88916015625,-123.55715300873335,48.133070763987945
3410,0.007316545583307743,0.002666074549779296,0.0,9.380000114440918,536.88916015625,-123.55715300873335,48.133070763987945
3411,0.007316545583307743,0.002666074549779296,0.0,9.380000114440918,536.88916015625,-123.55715300873335,48.133070763987945
3412,0.007316545583307743,0.002666074549779296,0.0,9.380000114440918,536.88916015625,-123.55715300873335,48.133070763987945
3413,0.007316545583307743,0.002666074549779296,0.0,9.380000114440918,536.88916015625,-123.55715300873335,48.133070763987945
3414,0.9822944402694702,3.8673420931445435e-05,0.0,10.210000038146973,705.5551147460938,-123.55675300873335,48.133070763987945
3415,0.9822944402694702,3.8673420931445435e-05,0.0,10.210000038146973,705.5551147460938,-123.55675300873335,48.133070763987945
3416,0.9822944402694702,3.8673420931445435e-05,0.0,10.210000038146973,705.5551147460938,-123.55675300873335,48.133070763987945
3417,0.9822944402694702,3.8673420931445435e-05,0.0,10.210000038146973,705.5551147460938,-123.55675300873335,48.133070763987945
3418,0.9822944402694702,3.8673420931445435e-05,0.0,10.210000038146973,705.5551147460938,-123.55675300873335,48.133070763987945
3419,0.9822944402694702,3.8673420931445435e-05,0.0,10.210000038146973,705.5551147460938,-123.55675300873335,48.133070763987945
3420,0.9822944402694702,3.8673420931445435e-05,0.0,10.210000038146973,705.5551147460938,-123.55675300873335,48.133070763987945
3421,0.9822944402694702,3.8673420931445435e-05,0.0,10.210000038146973,705.5551147460938,-123.55675300873335,48.133070763987945
3422,0.9822944402694702,3.8673420931445435e-05,0.0,10.210000038146973,705.5551147460938,-123.55675300873335,48.133070763987945
3423,0.9822944402694702,3.8673420931445435e-05,0.0,10.210000038146973,705.5551147460938,-123.55675300873335,48.133070763987945
3424,0.9999905824661255,8.635674748802558e-05,0.0,10.029999732971191,886.3233032226562,-123.55635300873335,48.133070763987945
3425,0.9999905824661255,8.635674748802558e-05,0.0,10.029999732971191,886.3233032226562,-123.55635300873335,48.133070763987945
3426,0.9999905824661255,8.635674748802558e-05,0.0,10.029999732971191,886.3233032226562,-123.55635300873335,48.133070763987945
3427,0.9999905824661255,8.635674748802558e-05,0.0,10.029999732971191,886.3233032226562,-123.55635300873335,48.133070763987945
3428,0.9999905824661255,8.635674748802558e-05,0.0,10.029999732971191,886.3233032226562,-123.55635300873335,48.133070763987945
3429,0.9999905824661255,8.635674748802558e-05,0.0,10.029999732971191,886.3233032226562,-123.55635300873335,48.133070763987945
3430,0.9999905824661255,8.635674748802558e-05,0.0,10.029999732971191,886.3233032226562,-123.55635300873335,48.133070763987945
3431,0.9999905824661255,8.635674748802558e-05,0.0,10.029999732971191,886.3233032226562,-123.55635300873335,48.133070763987945
3432,0.9999905824661255,8.635674748802558e-05,0.0,10.029999732971191,886.3233032226562,-123.55635300873335,48.133070763987945
3433,0.9999905824661255,8.635674748802558e-05,0.0,10.029999732971191,886.3233032226562,-123.55635300873335,48.133070763987945
3434,0.9999942779541016,0.00010611361358314753,0.0,10.380000114440918,875.0228271484375,-123.55595300873335,48.133070763987945
3435,0.9999942779541016,0.00010611361358314753,0.0,10.380000114440918,875.0228271484375,-123.55595300873335,48.133070763987945
3436,0.9999942779541016,0.00010611361358314753,0.0,10.380000114440918,875.0228271484375,-123.55595300873335,48.133070763987945
3437,0.9999942779541016,0.00010611361358314753,0.0,10.380000114440918,875.0228271484375,-123.55595300873335,48.133070763987945
3438,0.9999942779541016,0.00010611361358314753,0.0,10.380000114440918,875.0228271484375,-123.55595300873335,48.133070763987945
3439,0.9999942779541016,0.00010611361358314753,0.0,10.380000114440918,875.0228271484375,-123.55595300873335,48.133070763987945
3440,0.9999942779541016,0.00010611361358314753,0.0,10.380000114440918,875.0228271484375,-123.55595300873335,48.133070763987945
3441,0.9999942779541016,0.00010611361358314753,0.0,10.380000114440918,875.0228271484375,-123.55595300873335,48.133070763987945
3442,0.9999942779541016,0.00010611361358314753,0.0,10.380000114440918,875.0228271484375,-123.55595300873335,48.133070763987945
3443,0.9999942779541016,0.00010611361358314753,0.0,10.380000114440918,875.0228271484375,-123.55595300873335,48.133070763987945
3444,0.9999946355819702,0.00014846200065221637,0.0,9.869999885559082,801.5441284179688,-123.55555300873336,48.133070763987945
3445,0.9999946355819702,0.00014846200065221637,0.0,9.869999885559082,801.5441284179688,-123.55555300873336,48.133070763987945
3446,0.9999946355819702,0.00014846200065221637,0.0,9.869999885559082,801.5441284179688,-123.55555300873336,48.133070763987945
3447,0.9999946355819702,0.00014846200065221637,0.0,9.869999885559082,801.5441284179688,-123.55555300873336,48.133070763987945
3448,0.9999946355819702,0.00014846200065221637,0.0,9.869999885559082,801.5441284179688,-123.55555300873336,48.133070763987945
3449,0.9999946355819702,0.00014846200065221637,0.0,9.869999885559082,801.5441284179688,-123.55555300873336,48.133070763987945
3450,0.9999946355819702,0.00014846200065221637,0.0,9.869999885559082,801.5441284179688,-123.55555300873336,48.133070763987945
3451,0.9999946355819702,0.00014846200065221637,0.0,9.869999885559082,801.5441284179688,-123.55555300873336,48.133070763987945
3452,0.9999946355819702,0.00014846200065221637,0.0,9.869999885559082,801.5441284179688,-123.55555300873336,48.133070763987945
3453,0.9999946355819702,0.00014846200065221637,0.0,9.869999885559082,801.5441284179688,-123.55555300873336,48.133070763987945
3454,0.9999939203262329,0.00010306889453204349,0.0,9.989999771118164,704.418212890625,-123.55515300873336,48.133070763987945
3455,0.9999939203262329,0.00010306889453204349,0.0,9.989999771118164,704.418212890625,-123.55515300873336,48.133070763987945
3456,0.9999939203262329,0.00010306889453204349,0.0,9.989999771118164,704.418212890625,-123.55515300873336,48.133070763987945
3457,0.9999939203262329,0.00010306889453204349,0.0,9.989999771118164,704.418212890625,-123.55515300873336,48.133070763987945
3458,0.9999939203262329,0.00010306889453204349,0.0,9.989999771118164,704.418212890625,-123.55515300873336,48.133070763987945
3459,0.9999939203262329,0.00010306889453204349,0.0,9.989999771118164,704.418212890625,-123.55515300873336,48.133070763987945
3460,0.9999939203262329,0.00010306889453204349,0.0,9.989999771118164,704.418212890625,-123.55515300873336,48.133070763987945
3461,0.9999939203262329,0.00010306889453204349,0.0,9.989999771118164,704.418212890625,-123.55515300873336,48.133070763987945
3462,0.9999939203262329,0.00010306889453204349,0.0,9.989999771118164,704.418212890625,-123.55515300873336,48.133070763987945
3463,0.9999939203262329,0.00010306889453204349,0.0,9.989999771118164,704.418212890625,-123.55515300873336,48.133070763987945
3464,0.9999982118606567,0.0005186400376260281,0.0,9.960000038146973,612.594482421875,-123.55475300873336,48.133070763987945
3465,0.9999982118606567,0.0005186400376260281,0.0,9.960000038146973,612.594482421875,-123.55475300873336,48.133070763987945
3466,0.9999982118606567,0.0005186400376260281,0.0,9.960000038146973,612.594482421875,-123.55475300873336,48.133070763987945
3467,0.9999982118606567,0.0005186400376260281,0.0,9.960000038146973,612.594482421875,-123.55475300873336,48.133070763987945
3468,0.9999982118606567,0.0005186400376260281,0.0,9.960000038146973,612.594482421875,-123.55475300873336,48.133070763987945
3469,0.9999982118606567,0.0005186400376260281,0.0,9.960000038146973,612.594482421875,-123.55475300873336,48.133070763987945
3470,0.9999982118606567,0.0005186400376260281,0.0,9.960000038146973,612.594482421875,-123.55475300873336,48.133070763987945
3471,0.9999982118606567,0.0005186400376260281,0.0,9.960000038146973,612.594482421875,-123.55475300873336,48.133070763987945
3472,0.9999982118606567,0.0005186400376260281,0.0,9.960000038146973,612.594482421875,-123.55475300873336,48.133070763987945
3473,0.9999982118606567,0.0005186400376260281,0.0,9.960000038146973,612.594482421875,-123.55475300873336,48.133070763987945
3474,0.9999988079071045,5.789869828731753e-05,0.0,9.729999542236328,542.8858032226562,-123.55435300873336,48.133070763987945
3475,0.9999988079071045,5.789869828731753e-05,0.0,9.729999542236328,542.8858032226562,-123.55435300873336,48.133070763987945
3476,0.9999988079071045,5.789869828731753e-05,0.0,9.729999542236328,542.8858032226562,-123.55435300873336,48.133070763987945
3477,0.9999988079071045,5.789869828731753e-05,0.0,9.729999542236328,542.8858032226562,-123.55435300873336,48.133070763987945
3478,0.9999988079071045,5.789869828731753e-05,0.0,9.729999542236328,542.8858032226562,-123.55435300873336,48.133070763987945
3479,0.9999988079071045,5.789869828731753e-05,0.0,9.729999542236328,542.8858032226562,-123.55435300873336,48.133070763987945
3480,0.9999988079071045,5.789869828731753e-05,0.0,9.729999542236328,542.8858032226562,-123.55435300873336,48.133070763987945
3481,0.9999988079071045,5.789869828731753e-05,0.0,9.729999542236328,542.8858032226562,-123.55435300873336,48.133070763987945
3482,0.9999988079071045,5.789869828731753e-05,0.0,9.729999542236328,542.8858032226562,-123.55435300873336,48.133070763987945
3483,0.9999988079071045,5.789869828731753e-05,0.0,9.729999542236328,542.8858032226562,-123.55435300873336,48.133070763987945
3484,0.9998229146003723,4.031880234833807e-05,0.0,10.100000381469727,494.12750244140625,-123.55395300873336,48.133070763987945
3485,0.9998229146003723,4.031880234833807e-05,0.0,10.100000381469727,494.12750244140625,-123.55395300873336,48.133070763987945
3486,0.9998229146003723,4.031880234833807e-05,0.0,10.100000381469727,494.12750244140625,-123.55395300873336,48.133070763987945
3487,0.9998229146003723,4.031880234833807e-05,0.0,10.100000381469727,494.12750244140625,-123.55395300873336,48.133070763987945
3488,0.9998229146003723,4.031880234833807e-05,0.0,10.100000381469727,494.12750244140625,-123.55395300873336,48.133070763987945
3489,0.9998229146003723,4.031880234833807e-05,0.0,10.100000381469727,494.12750244140625,-123.55395300873336,48.133070763987945
3490,0.9998229146003723,4.031880234833807e-05,0.0,10.100000381469727,494.12750244140625,-123.55395300873336,48.133070763987945
3491,0.9998229146003723,4.031880234833807e-05,0.0,10.100000381469727,494.12750244140625,-123.55395300873336,48.133070763987945
3492,0.9998229146003723,4.031880234833807e-05,0.0,10.100000381469727,494.12750244140625,-123.55395300873336,48.133070763987945
3493,0.9998229146003723,4.031880234833807e-05,0.0,10.100000381469727,494.12750244140625,-123.55395300873336,48.133070763987945
3494,0.9999983310699463,3.877397830365226e-05,0.0,9.170000076293945,464.0,-123.55355300873336,48.133070763987945
3495,0.9999983310699463,3.877397830365226e-05,0.0,9.170000076293945,464.0,-123.55355300873336,48.133070763987945
3496,0.9999983310699463,3.877397830365226e-05,0.0,9.170000076293945,464.0,-123.55355300873336,48.133070763987945
3497,0.9999983310699463,3.877397830365226e-05,0.0,9.170000076293945,464.0,-123.55355300873336,48.133070763987945
3498,0.9999983310699463,3.877397830365226e-05,0.0,9.170000076293945,464.0,-123.55355300873336,48.133070763987945
3499,0.9999983310699463,3.877397830365226e-05,0.0,9.170000076293945,464.0,-123.55355300873336,48.133070763987945
3500,0.9999983310699463,3.877397830365226e-05,0.0,9.170000076293945,464.0,-123.55355300873336,48.133070763987945
3501,0.9999983310699463,3.877397830365226e-05,0.0,9.170000076293945,464.0,-123.55355300873336,48.133070763987945
3502,0.9999983310699463,3.877397830365226e-05,0.0,9.170000076293945,464.0,-123.55355300873336,48.133070763987945
3503,0.9999983310699463,3.877397830365226e-05,0.0,9.170000076293945,464.0,-123.55355300873336,48.133070763987945
3504,0.9999978542327881,3.0273931770352647e-05,0.0,9.1899995803833,461.0,-123.55315300873336,48.133070763987945
3505,0.9999978542327881,3.0273931770352647e-05,0.0,9.1899995803833,461.0,-123.55315300873336,48.133070763987945
3506,0.9999978542327881,3.0273931770352647e-05,0.0,9.1899995803833,461.0,-123.55315300873336,48.133070763987945
3507,0.9999978542327881,3.0273931770352647e-05,0.0,9.1899995803833,461.0,-123.55315300873336,48.133070763987945
3508,0.9999978542327881,3.0273931770352647e-05,0.0,9.1899995803833,461.0,-123.55315300873336,48.133070763987945
3509,0.9999978542327881,3.0273931770352647e-05,0.0,9.1899995803833,461.0,-123.55315300873336,48.133070763987945
3510,0.9999978542327881,3.0273931770352647e-05,0.0,9.1899995803833,461.0,-123.55315300873336,48.133070763987945
3511,0.9999978542327881,3.0273931770352647e-05,0.0,9.1899995803833,461.0,-123.55315300873336,48.133070763987945
3512,0.9999978542327881,3.0273931770352647e-05,0.0,9.1899995803833,461.0,-123.55315300873336,48.133070763987945
3513,0.9999978542327881,3.0273931770352647e-05,0.0,9.1899995803833,461.0,-123.55315300873336,48.133070763987945
3514,0.9999959468841553,3.034781366295647e-05,0.0,9.25,460.0,-123.55275300873336,48.133070763987945
3515,0.9999959468841553,3.034781366295647e-05,0.0,9.25,460.0,-123.55275300873336,48.133070763987945
3516,0.9999959468841553,3.034781366295647e-05,0.0,9.25,460.0,-123.55275300873336,48.133070763987945
3517,0.9999959468841553,3.034781366295647e-05,0.0,9.25,460.0,-123.55275300873336,48.133070763987945
3518,0.9999959468841553,3.034781366295647e-05,0.0,9.25,460.0,-123.55275300873336,48.133070763987945
3519,0.9999959468841553,3.034781366295647e-05,0.0,9.25,460.0,-123.55275300873336,48.133070763987945
3520,0.9999959468841553,3.034781366295647e-05,0.0,9.25,460.0,-123.55275300873336,48.133070763987945
3521,0.9999959468841553,3.034781366295647e-05,0.0,9.25,460.0,-123.55275300873336,48.133070763987945
3522,0.9999959468841553,3.034781366295647e-05,0.0,9.25,460.0,-123.55275300873336,48.133070763987945
3523,0.9999959468841553,3.034781366295647e-05,0.0,9.25,460.0,-123.55275300873336,48.133070763987945
3524,0.05357993394136429,0.0809003934264183,0.0,9.273774147033691,458.15716552734375,-123.55235300873336,48.133070763987945
3525,0.05357993394136429,0.0809003934264183,0.0,9.273774147033691,458.15716552734375,-123.55235300873336,48.133070763987945
3526,0.05357993394136429,0.0809003934264183,0.0,9.273774147033691,458.15716552734375,-123.55235300873336,48.133070763987945
3527,0.05357993394136429,0.0809003934264183,0.0,9.273774147033691,458.15716552734375,-123.55235300873336,48.133070763987945
3528,0.05357993394136429,0.0809003934264183,0.0,9.273774147033691,458.15716552734375,-123.55235300873336,48.133070763987945
3529,0.05357993394136429,0.0809003934264183,0.0,9.273774147033691,458.15716552734375,-123.55235300873336,48.133070763987945
3530,0.05357993394136429,0.0809003934264183,0.0,9.273774147033691,458.15716552734375,-123.55235300873336,48.133070763987945
3531,0.05357993394136429,0.0809003934264183,0.0,9.273774147033691,458.15716552734375,-123.55235300873336,48.133070763987945
3532,0.05357993394136429,0.0809003934264183,0.0,9.273774147033691,458.15716552734375,-123.55235300873336,48.133070763987945
3533,0.05357993394136429,0.0809003934264183,0.0,9.273774147033691,458.15716552734375,-123.55235300873336,48.133070763987945
3534,0.18701626360416412,0.0033460380509495735,0.0,9.619999885559082,443.2177734375,-123.55195300873336,48.133070763987945
3535,0.18701626360416412,0.0033460380509495735,0.0,9.619999885559082,443.2177734375,-123.55195300873336,48.133070763987945
3536,0.18701626360416412,0.0033460380509495735,0.0,9.619999885559082,443.2177734375,-123.55195300873336,48.133070763987945
3537,0.18701626360416412,0.0033460380509495735,0.0,9.619999885559082,443.2177734375,-123.55195300873336,48.133070763987945
3538,0.18701626360416412,0.0033460380509495735,0.0,9.619999885559082,443.2177734375,-123.55195300873336,48.133070763987945
3539,0.18701626360416412,0.0033460380509495735,0.0,9.619999885559082,443.2177734375,-123.55195300873336,48.133070763987945
3540,0.18701626360416412,0.0033460380509495735,0.0,9.619999885559082,443.2177734375,-123.55195300873336,48.133070763987945
3541,0.18701626360416412,0.0033460380509495735,0.0,9.619999885559082,443.2177734375,-123.55195300873336,48.133070763987945
3542,0.18701626360416412,0.0033460380509495735,0.0,9.619999885559082,443.2177734375,-123.55195300873336,48.133070763987945
3543,0.18701626360416412,0.0033460380509495735,0.0,9.619999885559082,443.2177734375,-123.55195300873336,48.133070763987945
3544,0.32128769159317017,0.045120589435100555,0.0,9.421514511108398,303.1468200683594,-123.55155300873336,48.133070763987945
3545,0.32128769159317017,0.045120589435100555,0.0,9.421514511108398,303.1468200683594,-123.55155300873336,48.133070763987945
3546,0.32128769159317017,0.045120589435100555,0.0,9.421514511108398,303.1468200683594,-123.55155300873336,48.133070763987945
3547,0.32128769159317017,0.045120589435100555,0.0,9.421514511108398,303.1468200683594,-123.55155300873336,48.133070763987945
3548,0.32128769159317017,0.045120589435100555,0.0,9.421514511108398,303.1468200683594,-123.55155300873336,48.133070763987945
3549,0.32128769159317017,0.045120589435100555,0.0,9.421514511108398,303.1468200683594,-123.55155300873336,48.133070763987945
3550,0.32128769159317017,0.045120589435100555,0.0,9.421514511108398,303.1468200683594,-123.55155300873336,48.133070763987945
3551,0.32128769159317017,0.045120589435100555,0.0,9.421514511108398,303.1468200683594,-123.55155300873336,48.133070763987945
3552,0.32128769159317017,0.045120589435100555,0.0,9.421514511108398,303.1468200683594,-123.55155300873336,48.133070763987945
3553,0.32128769159317017,0.045120589435100555,0.0,9.421514511108398,303.1468200683594,-123.55155300873336,48.133070763987945
3554,6.518897862406448e-05,3.0813247576588765e-05,0.0,8.70743465423584,100.12492370605469,-123.55115300873337,48.133070763987945
3555,6.518897862406448e-05,3.0813247576588765e-05,0.0,8.70743465423584,100.12492370605469,-123.55115300873337,48.133070763987945
3556,6.518897862406448e-05,3.0813247576588765e-05,0.0,8.70743465423584,100.12492370605469,-123.55115300873337,48.133070763987945
3557,6.518897862406448e-05,3.0813247576588765e-05,0.0,8.70743465423584,100.12492370605469,-123.55115300873337,48.133070763987945
3558,6.518897862406448e-05,3.0813247576588765e-05,0.0,8.70743465423584,100.12492370605469,-123.55115300873337,48.133070763987945
3559,6.518897862406448e-05,3.0813247576588765e-05,0.0,8.70743465423584,100.12492370605469,-123.55115300873337,48.133070763987945
3560,6.518897862406448e-05,3.0813247576588765e-05,0.0,8.70743465423584,100.12492370605469,-123.55115300873337,48.133070763987945
3561,6.518897862406448e-05,3.0813247576588765e-05,0.0,8.70743465423584,100.12492370605469,-123.55115300873337,48.133070763987945
3562,6.518897862406448e-05,3.0813247576588765e-05,0.0,8.70743465423584,100.12492370605469,-123.55115300873337,48.133070763987945
3563,6.518897862406448e-05,3.0813247576588765e-05,0.0,8.70743465423584,100.12492370605469,-123.55115300873337,48.133070763987945
3564,0.08579415827989578,0.0012271228479221463,0.0,9.47082233428955,77.10382843017578,-123.55075300873337,48.133070763987945
3565,0.08579415827989578,0.0012271228479221463,0.0,9.47082233428955,77.10382843017578,-123.55075300873337,48.133070763987945
3566,0.08579415827989578,0.0012271228479221463,0.0,9.47082233428955,77.10382843017578,-123.55075300873337,48.133070763987945
3567,0.08579415827989578,0.0012271228479221463,0.0,9.47082233428955,77.10382843017578,-123.55075300873337,48.133070763987945
3568,0.08579415827989578,0.0012271228479221463,0.0,9.47082233428955,77.10382843017578,-123.55075300873337,48.133070763987945
3569,0.08579415827989578,0.0012271228479221463,0.0,9.47082233428955,77.10382843017578,-123.55075300873337,48.133070763987945
3570,0.08579415827989578,0.0012271228479221463,0.0,9.47082233428955,77.10382843017578,-123.55075300873337,48.133070763987945
3571,0.08579415827989578,0.0012271228479221463,0.0,9.47082233428955,77.10382843017578,-123.55075300873337,48.133070763987945
3572,0.08579415827989578,0.0012271228479221463,0.0,9.47082233428955,77.10382843017578,-123.55075300873337,48.133070763987945
3573,0.08579415827989578,0.0012271228479221463,0.0,9.47082233428955,77.10382843017578,-123.55075300873337,48.133070763987945
3574,0.0,0.0,0.0,0.0,267.1217041015625,-123.55875300873335,48.132670763987946
3575,0.0,0.0,0.0,0.0,267.1217041015625,-123.55875300873335,48.132670763987946
3576,0.0,0.0,0.0,0.0,267.1217041015625,-123.55875300873335,48.132670763987946
3577,0.0,0.0,0.0,0.0,267.1217041015625,-123.55875300873335,48.132670763987946
3578,0.004111891612410545,0.4387845993041992,0.0,9.970000267028809,136.18002319335938,-123.55835300873335,48.132670763987946
3579,0.004111891612410545,0.4387845993041992,0.0,9.970000267028809,136.18002319335938,-123.55835300873335,48.132670763987946
3580,0.004111891612410545,0.4387845993041992,0.0,9.970000267028809,136.18002319335938,-123.55835300873335,48.132670763987946
3581,0.004111891612410545,0.4387845993041992,0.0,9.970000267028809,136.18002319335938,-123.55835300873335,48.132670763987946
3582,0.004111891612410545,0.4387845993041992,0.0,9.970000267028809,136.18002319335938,-123.55835300873335,48.132670763987946
3583,0.004111891612410545,0.4387845993041992,0.0,9.970000267028809,136.18002319335938,-123.55835300873335,48.132670763987946
3584,2.2570675355382264e-06,0.8349448442459106,0.0,8.885496139526367,12.529964447021484,-123.55795300873335,48.132670763987946
3585,2.2570675355382264e-06,0.8349448442459106,0.0,8.885496139526367,12.529964447021484,-123.55795300873335,48.132670763987946
3586,2.2570675355382264e-06,0.8349448442459106,0.0,8.885496139526367,12.529964447021484,-123.55795300873335,48.132670763987946
3587,2.2570675355382264e-06,0.8349448442459106,0.0,8.885496139526367,12.529964447021484,-123.55795300873335,48.132670763987946
3588,2.2570675355382264e-06,0.8349448442459106,0.0,8.885496139526367,12.529964447021484,-123.55795300873335,48.132670763987946
3589,2.2570675355382264e-06,0.8349448442459106,0.0,8.885496139526367,12.529964447021484,-123.55795300873335,48.132670763987946
3590,2.2570675355382264e-06,0.8349448442459106,0.0,8.885496139526367,12.529964447021484,-123.55795300873335,48.132670763987946
3591,2.2570675355382264e-06,0.8349448442459106,0.0,8.885496139526367,12.529964447021484,-123.55795300873335,48.132670763987946
3592,2.2570675355382264e-06,0.8349448442459106,0.0,8.885496139526367,12.529964447021484,-123.55795300873335,48.132670763987946
3593,2.2570675355382264e-06,0.8349448442459106,0.0,8.885496139526367,12.529964447021484,-123.55795300873335,48.132670763987946
3594,0.00014776263560634106,0.0007287897169589996,1.0,10.25,176.8671875,-123.55755300873335,48.132670763987946
3595,0.00014776263560634106,0.0007287897169589996,1.0,10.25,176.8671875,-123.55755300873335,48.132670763987946
3596,0.00014776263560634106,0.0007287897169589996,1.0,10.25,176.8671875,-123.55755300873335,48.132670763987946
3597,0.00014776263560634106,0.0007287897169589996,1.0,10.25,176.8671875,-123.55755300873335,48.132670763987946
3598,0.00014776263560634106,0.0007287897169589996,1.0,10.25,176.8671875,-123.55755300873335,48.132670763987946
3599,0.00014776263560634106,0.0007287897169589996,1.0,10.25,176.8671875,-123.55755300873335,48.132670763987946
3600,0.00014776263560634106,0.0007287897169589996,1.0,10.25,176.8671875,-123.55755300873335,48.132670763987946
3601,0.00014776263560634106,0.0007287897169589996,1.0,10.25,176.8671875,-123.55755300873335,48.132670763987946
3602,0.00014776263560634106,0.0007287897169589996,1.0,10.25,176.8671875,-123.55755300873335,48.132670763987946
3603,0.00014776263560634106,0.0007287897169589996,1.0,10.25,176.8671875,-123.55755300873335,48.132670763987946
3604,0.7770828604698181,0.00026742543559521437,0.0,10.220000267028809,345.71954345703125,-123.55715300873335,48.132670763987946
3605,0.7770828604698181,0.00026742543559521437,0.0,10.220000267028809,345.71954345703125,-123.55715300873335,48.132670763987946
3606,0.7770828604698181,0.00026742543559521437,0.0,10.220000267028809,345.71954345703125,-123.55715300873335,48.132670763987946
3607,0.7770828604698181,0.00026742543559521437,0.0,10.220000267028809,345.71954345703125,-123.55715300873335,48.132670763987946
3608,0.7770828604698181,0.00026742543559521437,0.0,10.220000267028809,345.71954345703125,-123.55715300873335,48.132670763987946
3609,0.7770828604698181,0.00026742543559521437,0.0,10.220000267028809,345.71954345703125,-123.55715300873335,48.132670763987946
3610,0.7770828604698181,0.00026742543559521437,0.0,10.220000267028809,345.71954345703125,-123.55715300873335,48.132670763987946
3611,0.7770828604698181,0.00026742543559521437,0.0,10.220000267028809,345.71954345703125,-123.55715300873335,48.132670763987946
3612,0.7770828604698181,0.00026742543559521437,0.0,10.220000267028809,345.71954345703125,-123.55715300873335,48.132670763987946
3613,0.7770828604698181,0.00026742543559521437,0.0,10.220000267028809,345.71954345703125,-123.55715300873335,48.132670763987946
3614,0.8189389109611511,9.348033199785277e-05,0.0,10.329999923706055,528.8184814453125,-123.55675300873335,48.132670763987946
3615,0.8189389109611511,9.348033199785277e-05,0.0,10.329999923706055,528.8184814453125,-123.55675300873335,48.132670763987946
3616,0.8189389109611511,9.348033199785277e-05,0.0,10.329999923706055,528.8184814453125,-123.55675300873335,48.132670763987946
3617,0.8189389109611511,9.348033199785277e-05,0.0,10.329999923706055,528.8184814453125,-123.55675300873335,48.132670763987946
3618,0.8189389109611511,9.348033199785277e-05,0.0,10.329999923706055,528.8184814453125,-123.55675300873335,48.132670763987946
3619,0.8189389109611511,9.348033199785277e-05,0.0,10.329999923706055,528.8184814453125,-123.55675300873335,48.132670763987946
3620,0.8189389109611511,9.348033199785277e-05,0.0,10.329999923706055,528.8184814453125,-123.55675300873335,48.132670763987946
3621,0.8189389109611511,9.348033199785277e-05,0.0,10.329999923706055,528.8184814453125,-123.55675300873335,48.132670763987946
3622,0.8189389109611511,9.348033199785277e-05,0.0,10.329999923706055,528.8184814453125,-123.55675300873335,48.132670763987946
3623,0.8189389109611511,9.348033199785277e-05,0.0,10.329999923706055,528.8184814453125,-123.55675300873335,48.132670763987946
3624,0.9946988821029663,8.979906124295667e-05,0.0,10.829999923706055,751.30419921875,-123.55635300873335,48.132670763987946
3625,0.9946988821029663,8.979906124295667e-05,0.0,10.829999923706055,751.30419921875,-123.55635300873335,48.132670763987946
3626,0.9946988821029663,8.979906124295667e-05,0.0,10.829999923706055,751.30419921875,-123.55635300873335,48.132670763987946
3627,0.9946988821029663,8.979906124295667e-05,0.0,10.829999923706055,751.30419921875,-123.55635300873335,48.132670763987946
3628,0.9946988821029663,8.979906124295667e-05,0.0,10.829999923706055,751.30419921875,-123.55635300873335,48.132670763987946
3629,0.9946988821029663,8.979906124295667e-05,0.0,10.829999923706055,751.30419921875,-123.55635300873335,48.132670763987946
3630,0.9946988821029663,8.979906124295667e-05,0.0,10.829999923706055,751.30419921875,-123.55635300873335,48.132670763987946
3631,0.9946988821029663,8.979906124295667e-05,0.0,10.829999923706055,751.30419921875,-123.55635300873335,48.132670763987946
3632,0.9946988821029663,8.979906124295667e-05,0.0,10.829999923706055,751.30419921875,-123.55635300873335,48.132670763987946
3633,0.9946988821029663,8.979906124295667e-05,0.0,10.829999923706055,751.30419921875,-123.55635300873335,48.132670763987946
3634,0.999948263168335,8.566008182242513e-05,0.0,9.800000190734863,984.282958984375,-123.55595300873335,48.132670763987946
3635,0.999948263168335,8.566008182242513e-05,0.0,9.800000190734863,984.282958984375,-123.55595300873335,48.132670763987946
3636,0.999948263168335,8.566008182242513e-05,0.0,9.800000190734863,984.282958984375,-123.55595300873335,48.132670763987946
3637,0.999948263168335,8.566008182242513e-05,0.0,9.800000190734863,984.282958984375,-123.55595300873335,48.132670763987946
3638,0.999948263168335,8.566008182242513e-05,0.0,9.800000190734863,984.282958984375,-123.55595300873335,48.132670763987946
3639,0.999948263168335,8.566008182242513e-05,0.0,9.800000190734863,984.282958984375,-123.55595300873335,48.132670763987946
3640,0.999948263168335,8.566008182242513e-05,0.0,9.800000190734863,984.282958984375,-123.55595300873335,48.132670763987946
3641,0.999948263168335,8.566008182242513e-05,0.0,9.800000190734863,984.282958984375,-123.55595300873335,48.132670763987946
3642,0.999948263168335,8.566008182242513e-05,0.0,9.800000190734863,984.282958984375,-123.55595300873335,48.132670763987946
3643,0.999948263168335,8.566008182242513e-05,0.0,9.800000190734863,984.282958984375,-123.55595300873335,48.132670763987946
3644,0.9999988079071045,0.00013956046313978732,0.0,10.699999809265137,1043.8946533203125,-123.55555300873336,48.132670763987946
3645,0.9999988079071045,0.00013956046313978732,0.0,10.699999809265137,1043.8946533203125,-123.55555300873336,48.132670763987946
3646,0.9999988079071045,0.00013956046313978732,0.0,10.699999809265137,1043.8946533203125,-123.55555300873336,48.132670763987946
3647,0.9999988079071045,0.00013956046313978732,0.0,10.699999809265137,1043.8946533203125,-123.55555300873336,48.132670763987946
3648,0.9999988079071045,0.00013956046313978732,0.0,10.699999809265137,1043.8946533203125,-123.55555300873336,48.132670763987946
3649,0.9999988079071045,0.00013956046313978732,0.0,10.699999809265137,1043.8946533203125,-123.55555300873336,48.132670763987946
3650,0.9999988079071045,0.00013956046313978732,0.0,10.699999809265137,1043.8946533203125,-123.55555300873336,48.132670763987946
3651,0.9999988079071045,0.00013956046313978732,0.0,10.699999809265137,1043.8946533203125,-123.55555300873336,48.132670763987946
3652,0.9999988079071045,0.00013956046313978732,0.0,10.699999809265137,1043.8946533203125,-123.55555300873336,48.132670763987946
3653,0.9999988079071045,0.00013956046313978732,0.0,10.699999809265137,1043.8946533203125,-123.55555300873336,48.132670763987946
3654,0.9999986886978149,5.6077540648402646e-05,0.0,10.729999542236328,940.1920166015625,-123.55515300873336,48.132670763987946
3655,0.9999986886978149,5.6077540648402646e-05,0.0,10.729999542236328,940.1920166015625,-123.55515300873336,48.132670763987946
3656,0.9999986886978149,5.6077540648402646e-05,0.0,10.729999542236328,940.1920166015625,-123.55515300873336,48.132670763987946
3657,0.9999986886978149,5.6077540648402646e-05,0.0,10.729999542236328,940.1920166015625,-123.55515300873336,48.132670763987946
3658,0.9999986886978149,5.6077540648402646e-05,0.0,10.729999542236328,940.1920166015625,-123.55515300873336,48.132670763987946
3659,0.9999986886978149,5.6077540648402646e-05,0.0,10.729999542236328,940.1920166015625,-123.55515300873336,48.132670763987946
3660,0.9999986886978149,5.6077540648402646e-05,0.0,10.729999542236328,940.1920166015625,-123.55515300873336,48.132670763987946
3661,0.9999986886978149,5.6077540648402646e-05,0.0,10.729999542236328,940.1920166015625,-123.55515300873336,48.132670763987946
3662,0.9999986886978149,5.6077540648402646e-05,0.0,10.729999542236328,940.1920166015625,-123.55515300873336,48.132670763987946
3663,0.9999986886978149,5.6077540648402646e-05,0.0,10.729999542236328,940.1920166015625,-123.55515300873336,48.132670763987946
3664,0.9999984502792358,5.831906673847698e-05,0.0,10.079999923706055,852.2352905273438,-123.55475300873336,48.132670763987946
3665,0.9999984502792358,5.831906673847698e-05,0.0,10.079999923706055,852.2352905273438,-123.55475300873336,48.132670763987946
3666,0.9999984502792358,5.831906673847698e-05,0.0,10.079999923706055,852.2352905273438,-123.55475300873336,48.132670763987946
3667,0.9999984502792358,5.831906673847698e-05,0.0,10.079999923706055,852.2352905273438,-123.55475300873336,48.132670763987946
3668,0.9999984502792358,5.831906673847698e-05,0.0,10.079999923706055,852.2352905273438,-123.55475300873336,48.132670763987946
3669,0.9999984502792358,5.831906673847698e-05,0.0,10.079999923706055,852.2352905273438,-123.55475300873336,48.132670763987946
3670,0.9999984502792358,5.831906673847698e-05,0.0,10.079999923706055,852.2352905273438,-123.55475300873336,48.132670763987946
3671,0.9999984502792358,5.831906673847698e-05,0.0,10.079999923706055,852.2352905273438,-123.55475300873336,48.132670763987946
3672,0.9999984502792358,5.831906673847698e-05,0.0,10.079999923706055,852.2352905273438,-123.55475300873336,48.132670763987946
3673,0.9999984502792358,5.831906673847698e-05,0.0,10.079999923706055,852.2352905273438,-123.55475300873336,48.132670763987946
3674,0.9999996423721313,3.5125904105370864e-05,0.0,10.4399995803833,791.67919921875,-123.55435300873336,48.132670763987946
3675,0.9999996423721313,3.5125904105370864e-05,0.0,10.4399995803833,791.67919921875,-123.55435300873336,48.132670763987946
3676,0.9999996423721313,3.5125904105370864e-05,0.0,10.4399995803833,791.67919921875,-123.55435300873336,48.132670763987946
3677,0.9999996423721313,3.5125904105370864e-05,0.0,10.4399995803833,791.67919921875,-123.55435300873336,48.132670763987946
3678,0.9999996423721313,3.5125904105370864e-05,0.0,10.4399995803833,791.67919921875,-123.55435300873336,48.132670763987946
3679,0.9999996423721313,3.5125904105370864e-05,0.0,10.4399995803833,791.67919921875,-123.55435300873336,48.132670763987946
3680,0.9999996423721313,3.5125904105370864e-05,0.0,10.4399995803833,791.67919921875,-123.55435300873336,48.132670763987946
3681,0.9999996423721313,3.5125904105370864e-05,0.0,10.4399995803833,791.67919921875,-123.55435300873336,48.132670763987946
3682,0.9999996423721313,3.5125904105370864e-05,0.0,10.4399995803833,791.67919921875,-123.55435300873336,48.132670763987946
3683,0.9999996423721313,3.5125904105370864e-05,0.0,10.4399995803833,791.67919921875,-123.55435300873336,48.132670763987946
3684,0.999953031539917,7.1731410571374e-05,0.0,10.020000457763672,746.5634765625,-123.55395300873336,48.132670763987946
3685,0.999953031539917,7.1731410571374e-05,0.0,10.020000457763672,746.5634765625,-123.55395300873336,48.132670763987946
3686,0.999953031539917,7.1731410571374e-05,0.0,10.020000457763672,746.5634765625,-123.55395300873336,48.132670763987946
3687,0.999953031539917,7.1731410571374e-05,0.0,10.020000457763672,746.5634765625,-123.55395300873336,48.132670763987946
3688,0.999953031539917,7.1731410571374e-05,0.0,10.020000457763672,746.5634765625,-123.55395300873336,48.132670763987946
3689,0.999953031539917,7.1731410571374e-05,0.0,10.020000457763672,746.5634765625,-123.55395300873336,48.132670763987946
3690,0.999953031539917,7.1731410571374e-05,0.0,10.020000457763672,746.5634765625,-123.55395300873336,48.132670763987946
3691,0.999953031539917,7.1731410571374e-05,0.0,10.020000457763672,746.5634765625,-123.55395300873336,48.132670763987946
3692,0.999953031539917,7.1731410571374e-05,0.0,10.020000457763672,746.5634765625,-123.55395300873336,48.132670763987946
3693,0.999953031539917,7.1731410571374e-05,0.0,10.020000457763672,746.5634765625,-123.55395300873336,48.132670763987946
3694,0.9999974966049194,5.110049823997542e-05,0.0,9.920000076293945,719.0,-123.55355300873336,48.132670763987946
3695,0.9999974966049194,5.110049823997542e-05,0.0,9.920000076293945,719.0,-123.55355300873336,48.132670763987946
3696,0.9999974966049194,5.110049823997542e-05,0.0,9.920000076293945,719.0,-123.55355300873336,48.132670763987946
3697,0.9999974966049194,5.110049823997542e-05,0.0,9.920000076293945,719.0,-123.55355300873336,48.132670763987946
3698,0.9999974966049194,5.110049823997542e-05,0.0,9.920000076293945,719.0,-123.55355300873336,48.132670763987946
3699,0.9999974966049194,5.110049823997542e-05,0.0,9.920000076293945,719.0,-123.55355300873336,48.132670763987946
3700,0.9999974966049194,5.110049823997542e-05,0.0,9.920000076293945,719.0,-123.55355300873336,48.132670763987946
3701,0.9999974966049194,5.110049823997542e-05,0.0,9.920000076293945,719.0,-123.55355300873336,48.132670763987946
3702,0.9999974966049194,5.110049823997542e-05,0.0,9.920000076293945,719.0,-123.55355300873336,48.132670763987946
3703,0.9999974966049194,5.110049823997542e-05,0.0,9.920000076293945,719.0,-123.55355300873336,48.132670763987946
3704,0.999996542930603,8.633764082333073e-05,0.0,9.510000228881836,716.0,-123.55315300873336,48.132670763987946
3705,0.999996542930603,8.633764082333073e-05,0.0,9.510000228881836,716.0,-123.55315300873336,48.132670763987946
3706,0.999996542930603,8.633764082333073e-05,0.0,9.510000228881836,716.0,-123.55315300873336,48.132670763987946
3707,0.999996542930603,8.633764082333073e-05,0.0,9.510000228881836,716.0,-123.55315300873336,48.132670763987946
3708,0.999996542930603,8.633764082333073e-05,0.0,9.510000228881836,716.0,-123.55315300873336,48.132670763987946
3709,0.999996542930603,8.633764082333073e-05,0.0,9.510000228881836,716.0,-123.55315300873336,48.132670763987946
3710,0.999996542930603,8.633764082333073e-05,0.0,9.510000228881836,716.0,-123.55315300873336,48.132670763987946
3711,0.999996542930603,8.633764082333073e-05,0.0,9.510000228881836,716.0,-123.55315300873336,48.132670763987946
3712,0.999996542930603,8.633764082333073e-05,0.0,9.510000228881836,716.0,-123.55315300873336,48.132670763987946
3713,0.999996542930603,8.633764082333073e-05,0.0,9.510000228881836,716.0,-123.55315300873336,48.132670763987946
3714,0.9999969005584717,2.5140499928966165e-05,0.0,9.470000267028809,715.0,-123.55275300873336,48.132670763987946
3715,0.9999969005584717,2.5140499928966165e-05,0.0,9.470000267028809,715.0,-123.55275300873336,48.132670763987946
3716,0.9999969005584717,2.5140499928966165e-05,0.0,9.470000267028809,715.0,-123.55275300873336,48.132670763987946
3717,0.9999969005584717,2.5140499928966165e-05,0.0,9.470000267028809,715.0,-123.55275300873336,48.132670763987946
3718,0.9999969005584717,2.5140499928966165e-05,0.0,9.470000267028809,715.0,-123.55275300873336,48.132670763987946
3719,0.9999969005584717,2.5140499928966165e-05,0.0,9.470000267028809,715.0,-123.55275300873336,48.132670763987946
3720,0.9999969005584717,2.5140499928966165e-05,0.0,9.470000267028809,715.0,-123.55275300873336,48.132670763987946
3721,0.9999969005584717,2.5140499928966165e-05,0.0,9.470000267028809,715.0,-123.55275300873336,48.132670763987946
3722,0.9999969005584717,2.5140499928966165e-05,0.0,9.470000267028809,715.0,-123.55275300873336,48.132670763987946
3723,0.9999969005584717,2.5140499928966165e-05,0.0,9.470000267028809,715.0,-123.55275300873336,48.132670763987946
3724,0.9999998807907104,1.3266274436318781e-05,0.0,9.970000267028809,713.1009521484375,-123.55235300873336,48.132670763987946
3725,0.9999998807907104,1.3266274436318781e-05,0.0,9.970000267028809,713.1009521484375,-123.55235300873336,48.132670763987946
3726,0.9999998807907104,1.3266274436318781e-05,0.0,9.970000267028809,713.1009521484375,-123.55235300873336,48.132670763987946
3727,0.9999998807907104,1.3266274436318781e-05,0.0,9.970000267028809,713.1009521484375,-123.55235300873336,48.132670763987946
3728,0.9999998807907104,1.3266274436318781e-05,0.0,9.970000267028809,713.1009521484375,-123.55235300873336,48.132670763987946
3729,0.9999998807907104,1.3266274436318781e-05,0.0,9.970000267028809,713.1009521484375,-123.55235300873336,48.132670763987946
3730,0.9999998807907104,1.3266274436318781e-05,0.0,9.970000267028809,713.1009521484375,-123.55235300873336,48.132670763987946
3731,0.9999998807907104,1.3266274436318781e-05,0.0,9.970000267028809,713.1009521484375,-123.55235300873336,48.132670763987946
3732,0.9999998807907104,1.3266274436318781e-05,0.0,9.970000267028809,713.1009521484375,-123.55235300873336,48.132670763987946
3733,0.9999998807907104,1.3266274436318781e-05,0.0,9.970000267028809,713.1009521484375,-123.55235300873336,48.132670763987946
3734,1.0,2.4607086743344553e-05,0.0,9.829999923706055,533.8557739257812,-123.55195300873336,48.132670763987946
3735,1.0,2.4607086743344553e-05,0.0,9.829999923706055,533.8557739257812,-123.55195300873336,48.132670763987946
3736,1.0,2.4607086743344553e-05,0.0,9.829999923706055,533.8557739257812,-123.55195300873336,48.132670763987946
3737,1.0,2.4607086743344553e-05,0.0,9.829999923706055,533.8557739257812,-123.55195300873336,48.132670763987946
3738,1.0,2.4607086743344553e-05,0.0,9.829999923706055,533.8557739257812,-123.55195300873336,48.132670763987946
3739,1.0,2.4607086743344553e-05,0.0,9.829999923706055,533.8557739257812,-123.55195300873336,48.132670763987946
3740,1.0,2.4607086743344553e-05,0.0,9.829999923706055,533.8557739257812,-123.55195300873336,48.132670763987946
3741,1.0,2.4607086743344553e-05,0.0,9.829999923706055,533.8557739257812,-123.55195300873336,48.132670763987946
3742,1.0,2.4607086743344553e-05,0.0,9.829999923706055,533.8557739257812,-123.55195300873336,48.132670763987946
3743,1.0,2.4607086743344553e-05,0.0,9.829999923706055,533.8557739257812,-123.55195300873336,48.132670763987946
3744,0.9006164073944092,0.0002989335625898093,0.0,9.864870071411133,297.69952392578125,-123.55155300873336,48.132670763987946
3745,0.9006164073944092,0.0002989335625898093,0.0,9.864870071411133,297.69952392578125,-123.55155300873336,48.132670763987946
3746,0.9006164073944092,0.0002989335625898093,0.0,9.864870071411133,297.69952392578125,-123.55155300873336,48.132670763987946
3747,0.9006164073944092,0.0002989335625898093,0.0,9.864870071411133,297.69952392578125,-123.55155300873336,48.132670763987946
3748,0.9006164073944092,0.0002989335625898093,0.0,9.864870071411133,297.69952392578125,-123.55155300873336,48.132670763987946
3749,0.9006164073944092,0.0002989335625898093,0.0,9.864870071411133,297.69952392578125,-123.55155300873336,48.132670763987946
3750,0.9006164073944092,0.0002989335625898093,0.0,9.864870071411133,297.69952392578125,-123.55155300873336,48.132670763987946
3751,0.9006164073944092,0.0002989335625898093,0.0,9.864870071411133,297.69952392578125,-123.55155300873336,48.132670763987946
3752,0.9006164073944092,0.0002989335625898093,0.0,9.864870071411133,297.69952392578125,-123.55155300873336,48.132670763987946
3753,0.9006164073944092,0.0002989335625898093,0.0,9.864870071411133,297.69952392578125,-123.55155300873336,48.132670763987946
3754,0.0001376344298478216,0.9480849504470825,0.0,8.794955253601074,73.43023681640625,-123.55115300873337,48.132670763987946
3755,0.0001376344298478216,0.9480849504470825,0.0,8.794955253601074,73.43023681640625,-123.55115300873337,48.132670763987946
3756,0.0001376344298478216,0.9480849504470825,0.0,8.794955253601074,73.43023681640625,-123.55115300873337,48.132670763987946
3757,0.0001376344298478216,0.9480849504470825,0.0,8.794955253601074,73.43023681640625,-123.55115300873337,48.132670763987946
3758,0.0001376344298478216,0.9480849504470825,0.0,8.794955253601074,73.43023681640625,-123.55115300873337,48.132670763987946
3759,0.0001376344298478216,0.9480849504470825,0.0,8.794955253601074,73.43023681640625,-123.55115300873337,48.132670763987946
3760,0.0001376344298478216,0.9480849504470825,0.0,8.794955253601074,73.43023681640625,-123.55115300873337,48.132670763987946
3761,0.0001376344298478216,0.9480849504470825,0.0,8.794955253601074,73.43023681640625,-123.55115300873337,48.132670763987946
3762,0.0001376344298478216,0.9480849504470825,0.0,8.794955253601074,73.43023681640625,-123.55115300873337,48.132670763987946
3763,0.0001376344298478216,0.9480849504470825,0.0,8.794955253601074,73.43023681640625,-123.55115300873337,48.132670763987946
3764,0.0,0.0,0.0,0.0,139.2012939453125,-123.55075300873337,48.132670763987946
3765,0.0,0.0,0.0,0.0,139.2012939453125,-123.55075300873337,48.132670763987946
3766,6.601901532121701e-06,0.9998512268066406,0.0,10.27123737335205,43.73785400390625,-123.55795300873335,48.13227076398795
3767,6.601901532121701e-06,0.9998512268066406,0.0,10.27123737335205,43.73785400390625,-123.55795300873335,48.13227076398795
3768,6.601901532121701e-06,0.9998512268066406,0.0,10.27123737335205,43.73785400390625,-123.55795300873335,48.13227076398795
3769,6.601901532121701e-06,0.9998512268066406,0.0,10.27123737335205,43.73785400390625,-123.55795300873335,48.13227076398795
3770,6.601901532121701e-06,0.9998512268066406,0.0,10.27123737335205,43.73785400390625,-123.55795300873335,48.13227076398795
3771,6.601901532121701e-06,0.9998512268066406,0.0,10.27123737335205,43.73785400390625,-123.55795300873335,48.13227076398795
3772,6.601901532121701e-06,0.9998512268066406,0.0,10.27123737335205,43.73785400390625,-123.55795300873335,48.13227076398795
3773,6.601901532121701e-06,0.9998512268066406,0.0,10.27123737335205,43.73785400390625,-123.55795300873335,48.13227076398795
3774,6.601901532121701e-06,0.9998512268066406,0.0,10.27123737335205,43.73785400390625,-123.55795300873335,48.13227076398795
3775,6.601901532121701e-06,0.9998512268066406,0.0,10.27123737335205,43.73785400390625,-123.55795300873335,48.13227076398795
3776,4.643094371203915e-07,0.9999067783355713,0.0,8.876873970031738,13.45362377166748,-123.55755300873335,48.13227076398795
3777,4.643094371203915e-07,0.9999067783355713,0.0,8.876873970031738,13.45362377166748,-123.55755300873335,48.13227076398795
3778,4.643094371203915e-07,0.9999067783355713,0.0,8.876873970031738,13.45362377166748,-123.55755300873335,48.13227076398795
3779,4.643094371203915e-07,0.9999067783355713,0.0,8.876873970031738,13.45362377166748,-123.55755300873335,48.13227076398795
3780,4.643094371203915e-07,0.9999067783355713,0.0,8.876873970031738,13.45362377166748,-123.55755300873335,48.13227076398795
3781,4.643094371203915e-07,0.9999067783355713,0.0,8.876873970031738,13.45362377166748,-123.55755300873335,48.13227076398795
3782,4.643094371203915e-07,0.9999067783355713,0.0,8.876873970031738,13.45362377166748,-123.55755300873335,48.13227076398795
3783,4.643094371203915e-07,0.9999067783355713,0.0,8.876873970031738,13.45362377166748,-123.55755300873335,48.13227076398795
3784,4.643094371203915e-07,0.9999067783355713,0.0,8.876873970031738,13.45362377166748,-123.55755300873335,48.13227076398795
3785,4.643094371203915e-07,0.9999067783355713,0.0,8.876873970031738,13.45362377166748,-123.55755300873335,48.13227076398795
3786,0.09649192541837692,0.006312097888439894,0.0,10.640000343322754,181.66177368164062,-123.55715300873335,48.13227076398795
3787,0.09649192541837692,0.006312097888439894,0.0,10.640000343322754,181.66177368164062,-123.55715300873335,48.13227076398795
3788,0.09649192541837692,0.006312097888439894,0.0,10.640000343322754,181.66177368164062,-123.55715300873335,48.13227076398795
3789,0.09649192541837692,0.006312097888439894,0.0,10.640000343322754,181.66177368164062,-123.55715300873335,48.13227076398795
3790,0.09649192541837692,0.006312097888439894,0.0,10.640000343322754,181.66177368164062,-123.55715300873335,48.13227076398795
3791,0.09649192541837692,0.006312097888439894,0.0,10.640000343322754,181.66177368164062,-123.55715300873335,48.13227076398795
3792,0.09649192541837692,0.006312097888439894,0.0,10.640000343322754,181.66177368164062,-123.55715300873335,48.13227076398795
3793,0.09649192541837692,0.006312097888439894,0.0,10.640000343322754,181.66177368164062,-123.55715300873335,48.13227076398795
3794,0.09649192541837692,0.006312097888439894,0.0,10.640000343322754,181.66177368164062,-123.55715300873335,48.13227076398795
3795,0.09649192541837692,0.006312097888439894,0.0,10.640000343322754,181.66177368164062,-123.55715300873335,48.13227076398795
3796,0.0028791443910449743,0.0074834818951785564,0.0,9.680000305175781,414.67578125,-123.55675300873335,48.13227076398795
3797,0.0028791443910449743,0.0074834818951785564,0.0,9.680000305175781,414.67578125,-123.55675300873335,48.13227076398795
3798,0.0028791443910449743,0.0074834818951785564,0.0,9.680000305175781,414.67578125,-123.55675300873335,48.13227076398795
3799,0.0028791443910449743,0.0074834818951785564,0.0,9.680000305175781,414.67578125,-123.55675300873335,48.13227076398795
3800,0.0028791443910449743,0.0074834818951785564,0.0,9.680000305175781,414.67578125,-123.55675300873335,48.13227076398795
3801,0.0028791443910449743,0.0074834818951785564,0.0,9.680000305175781,414.67578125,-123.55675300873335,48.13227076398795
3802,0.0028791443910449743,0.0074834818951785564,0.0,9.680000305175781,414.67578125,-123.55675300873335,48.13227076398795
3803,0.0028791443910449743,0.0074834818951785564,0.0,9.680000305175781,414.67578125,-123.55675300873335,48.13227076398795
3804,0.0028791443910449743,0.0074834818951785564,0.0,9.680000305175781,414.67578125,-123.55675300873335,48.13227076398795
3805,0.0028791443910449743,0.0074834818951785564,0.0,9.680000305175781,414.67578125,-123.55675300873335,48.13227076398795
3806,0.9997565150260925,5.06418218719773e-05,0.0,10.3100004196167,652.0628662109375,-123.55635300873335,48.13227076398795
3807,0.9997565150260925,5.06418218719773e-05,0.0,10.3100004196167,652.0628662109375,-123.55635300873335,48.13227076398795
3808,0.9997565150260925,5.06418218719773e-05,0.0,10.3100004196167,652.0628662109375,-123.55635300873335,48.13227076398795
3809,0.9997565150260925,5.06418218719773e-05,0.0,10.3100004196167,652.0628662109375,-123.55635300873335,48.13227076398795
3810,0.9997565150260925,5.06418218719773e-05,0.0,10.3100004196167,652.0628662109375,-123.55635300873335,48.13227076398795
3811,0.9997565150260925,5.06418218719773e-05,0.0,10.3100004196167,652.0628662109375,-123.55635300873335,48.13227076398795
3812,0.9997565150260925,5.06418218719773e-05,0.0,10.3100004196167,652.0628662109375,-123.55635300873335,48.13227076398795
3813,0.9997565150260925,5.06418218719773e-05,0.0,10.3100004196167,652.0628662109375,-123.55635300873335,48.13227076398795
3814,0.9997565150260925,5.06418218719773e-05,0.0,10.3100004196167,652.0628662109375,-123.55635300873335,48.13227076398795
3815,0.9997565150260925,5.06418218719773e-05,0.0,10.3100004196167,652.0628662109375,-123.55635300873335,48.13227076398795
3816,0.9999865293502808,7.580436067655683e-05,0.0,10.819999694824219,893.37841796875,-123.55595300873335,48.13227076398795
3817,0.9999865293502808,7.580436067655683e-05,0.0,10.819999694824219,893.37841796875,-123.55595300873335,48.13227076398795
3818,0.9999865293502808,7.580436067655683e-05,0.0,10.819999694824219,893.37841796875,-123.55595300873335,48.13227076398795
3819,0.9999865293502808,7.580436067655683e-05,0.0,10.819999694824219,893.37841796875,-123.55595300873335,48.13227076398795
3820,0.9999865293502808,7.580436067655683e-05,0.0,10.819999694824219,893.37841796875,-123.55595300873335,48.13227076398795
3821,0.9999865293502808,7.580436067655683e-05,0.0,10.819999694824219,893.37841796875,-123.55595300873335,48.13227076398795
3822,0.9999865293502808,7.580436067655683e-05,0.0,10.819999694824219,893.37841796875,-123.55595300873335,48.13227076398795
3823,0.9999865293502808,7.580436067655683e-05,0.0,10.819999694824219,893.37841796875,-123.55595300873335,48.13227076398795
3824,0.9999865293502808,7.580436067655683e-05,0.0,10.819999694824219,893.37841796875,-123.55595300873335,48.13227076398795
3825,0.9999865293502808,7.580436067655683e-05,0.0,10.819999694824219,893.37841796875,-123.55595300873335,48.13227076398795
3826,0.9999167919158936,0.00015698220522608608,0.0,11.029999732971191,1134.94189453125,-123.55555300873336,48.13227076398795
3827,0.9999167919158936,0.00015698220522608608,0.0,11.029999732971191,1134.94189453125,-123.55555300873336,48.13227076398795
3828,0.9999167919158936,0.00015698220522608608,0.0,11.029999732971191,1134.94189453125,-123.55555300873336,48.13227076398795
3829,0.9999167919158936,0.00015698220522608608,0.0,11.029999732971191,1134.94189453125,-123.55555300873336,48.13227076398795
3830,0.9999167919158936,0.00015698220522608608,0.0,11.029999732971191,1134.94189453125,-123.55555300873336,48.13227076398795
3831,0.9999167919158936,0.00015698220522608608,0.0,11.029999732971191,1134.94189453125,-123.55555300873336,48.13227076398795
3832,0.9999167919158936,0.00015698220522608608,0.0,11.029999732971191,1134.94189453125,-123.55555300873336,48.13227076398795
3833,0.9999167919158936,0.00015698220522608608,0.0,11.029999732971191,1134.94189453125,-123.55555300873336,48.13227076398795
3834,0.9999167919158936,0.00015698220522608608,0.0,11.029999732971191,1134.94189453125,-123.55555300873336,48.13227076398795
3835,0.9999167919158936,0.00015698220522608608,0.0,11.029999732971191,1134.94189453125,-123.55555300873336,48.13227076398795
3836,0.999997615814209,7.21596006769687e-05,0.0,10.59000015258789,1179.355712890625,-123.55515300873336,48.13227076398795
3837,0.999997615814209,7.21596006769687e-05,0.0,10.59000015258789,1179.355712890625,-123.55515300873336,48.13227076398795
3838,0.999997615814209,7.21596006769687e-05,0.0,10.59000015258789,1179.355712890625,-123.55515300873336,48.13227076398795
3839,0.999997615814209,7.21596006769687e-05,0.0,10.59000015258789,1179.355712890625,-123.55515300873336,48.13227076398795
3840,0.999997615814209,7.21596006769687e-05,0.0,10.59000015258789,1179.355712890625,-123.55515300873336,48.13227076398795
3841,0.999997615814209,7.21596006769687e-05,0.0,10.59000015258789,1179.355712890625,-123.55515300873336,48.13227076398795
3842,0.999997615814209,7.21596006769687e-05,0.0,10.59000015258789,1179.355712890625,-123.55515300873336,48.13227076398795
3843,0.999997615814209,7.21596006769687e-05,0.0,10.59000015258789,1179.355712890625,-123.55515300873336,48.13227076398795
3844,0.999997615814209,7.21596006769687e-05,0.0,10.59000015258789,1179.355712890625,-123.55515300873336,48.13227076398795
3845,0.999997615814209,7.21596006769687e-05,0.0,10.59000015258789,1179.355712890625,-123.55515300873336,48.13227076398795
3846,0.9999978542327881,9.022669109981507e-05,0.0,11.100000381469727,1097.00048828125,-123.55475300873336,48.13227076398795
3847,0.9999978542327881,9.022669109981507e-05,0.0,11.100000381469727,1097.00048828125,-123.55475300873336,48.13227076398795
3848,0.9999978542327881,9.022669109981507e-05,0.0,11.100000381469727,1097.00048828125,-123.55475300873336,48.13227076398795
3849,0.9999978542327881,9.022669109981507e-05,0.0,11.100000381469727,1097.00048828125,-123.55475300873336,48.13227076398795
3850,0.9999978542327881,9.022669109981507e-05,0.0,11.100000381469727,1097.00048828125,-123.55475300873336,48.13227076398795
3851,0.9999978542327881,9.022669109981507e-05,0.0,11.100000381469727,1097.00048828125,-123.55475300873336,48.13227076398795
3852,0.9999978542327881,9.022669109981507e-05,0.0,11.100000381469727,1097.00048828125,-123.55475300873336,48.13227076398795
3853,0.9999978542327881,9.022669109981507e-05,0.0,11.100000381469727,1097.00048828125,-123.55475300873336,48.13227076398795
3854,0.9999978542327881,9.022669109981507e-05,0.0,11.100000381469727,1097.00048828125,-123.55475300873336,48.13227076398795
3855,0.9999978542327881,9.022669109981507e-05,0.0,11.100000381469727,1097.00048828125,-123.55475300873336,48.13227076398795
3856,0.9999990463256836,2.4794164346531034e-05,0.0,10.6899995803833,1040.4254150390625,-123.55435300873336,48.13227076398795
3857,0.9999990463256836,2.4794164346531034e-05,0.0,10.6899995803833,1040.4254150390625,-123.55435300873336,48.13227076398795
3858,0.9999990463256836,2.4794164346531034e-05,0.0,10.6899995803833,1040.4254150390625,-123.55435300873336,48.13227076398795
3859,0.9999990463256836,2.4794164346531034e-05,0.0,10.6899995803833,1040.4254150390625,-123.55435300873336,48.13227076398795
3860,0.9999990463256836,2.4794164346531034e-05,0.0,10.6899995803833,1040.4254150390625,-123.55435300873336,48.13227076398795
3861,0.9999990463256836,2.4794164346531034e-05,0.0,10.6899995803833,1040.4254150390625,-123.55435300873336,48.13227076398795
3862,0.9999990463256836,2.4794164346531034e-05,0.0,10.6899995803833,1040.4254150390625,-123.55435300873336,48.13227076398795
3863,0.9999990463256836,2.4794164346531034e-05,0.0,10.6899995803833,1040.4254150390625,-123.55435300873336,48.13227076398795
3864,0.9999990463256836,2.4794164346531034e-05,0.0,10.6899995803833,1040.4254150390625,-123.55435300873336,48.13227076398795
3865,0.9999990463256836,2.4794164346531034e-05,0.0,10.6899995803833,1040.4254150390625,-123.55435300873336,48.13227076398795
3866,0.9999531507492065,8.549728954676539e-05,0.0,10.6899995803833,998.85986328125,-123.55395300873336,48.13227076398795
3867,0.9999531507492065,8.549728954676539e-05,0.0,10.6899995803833,998.85986328125,-123.55395300873336,48.13227076398795
3868,0.9999531507492065,8.549728954676539e-05,0.0,10.6899995803833,998.85986328125,-123.55395300873336,48.13227076398795
3869,0.9999531507492065,8.549728954676539e-05,0.0,10.6899995803833,998.85986328125,-123.55395300873336,48.13227076398795
3870,0.9999531507492065,8.549728954676539e-05,0.0,10.6899995803833,998.85986328125,-123.55395300873336,48.13227076398795
3871,0.9999531507492065,8.549728954676539e-05,0.0,10.6899995803833,998.85986328125,-123.55395300873336,48.13227076398795
3872,0.9999531507492065,8.549728954676539e-05,0.0,10.6899995803833,998.85986328125,-123.55395300873336,48.13227076398795
3873,0.9999531507492065,8.549728954676539e-05,0.0,10.6899995803833,998.85986328125,-123.55395300873336,48.13227076398795
3874,0.9999531507492065,8.549728954676539e-05,0.0,10.6899995803833,998.85986328125,-123.55395300873336,48.13227076398795
3875,0.9999531507492065,8.549728954676539e-05,0.0,10.6899995803833,998.85986328125,-123.55395300873336,48.13227076398795
3876,0.9999991655349731,4.216052184347063e-05,0.0,10.630000114440918,973.94970703125,-123.55355300873336,48.13227076398795
3877,0.9999991655349731,4.216052184347063e-05,0.0,10.630000114440918,973.94970703125,-123.55355300873336,48.13227076398795
3878,0.9999991655349731,4.216052184347063e-05,0.0,10.630000114440918,973.94970703125,-123.55355300873336,48.13227076398795
3879,0.9999991655349731,4.216052184347063e-05,0.0,10.630000114440918,973.94970703125,-123.55355300873336,48.13227076398795
3880,0.9999991655349731,4.216052184347063e-05,0.0,10.630000114440918,973.94970703125,-123.55355300873336,48.13227076398795
3881,0.9999991655349731,4.216052184347063e-05,0.0,10.630000114440918,973.94970703125,-123.55355300873336,48.13227076398795
3882,0.9999991655349731,4.216052184347063e-05,0.0,10.630000114440918,973.94970703125,-123.55355300873336,48.13227076398795
3883,0.9999991655349731,4.216052184347063e-05,0.0,10.630000114440918,973.94970703125,-123.55355300873336,48.13227076398795
3884,0.9999991655349731,4.216052184347063e-05,0.0,10.630000114440918,973.94970703125,-123.55355300873336,48.13227076398795
3885,0.9999991655349731,4.216052184347063e-05,0.0,10.630000114440918,973.94970703125,-123.55355300873336,48.13227076398795
3886,0.9999988079071045,5.3477455367101356e-05,0.0,10.09000015258789,971.0,-123.55315300873336,48.13227076398795
3887,0.9999988079071045,5.3477455367101356e-05,0.0,10.09000015258789,971.0,-123.55315300873336,48.13227076398795
3888,0.9999988079071045,5.3477455367101356e-05,0.0,10.09000015258789,971.0,-123.55315300873336,48.13227076398795
3889,0.9999988079071045,5.3477455367101356e-05,0.0,10.09000015258789,971.0,-123.55315300873336,48.13227076398795
3890,0.9999988079071045,5.3477455367101356e-05,0.0,10.09000015258789,971.0,-123.55315300873336,48.13227076398795
3891,0.9999988079071045,5.3477455367101356e-05,0.0,10.09000015258789,971.0,-123.55315300873336,48.13227076398795
3892,0.9999988079071045,5.3477455367101356e-05,0.0,10.09000015258789,971.0,-123.55315300873336,48.13227076398795
3893,0.9999988079071045,5.3477455367101356e-05,0.0,10.09000015258789,971.0,-123.55315300873336,48.13227076398795
3894,0.9999988079071045,5.3477455367101356e-05,0.0,10.09000015258789,971.0,-123.55315300873336,48.13227076398795
3895,0.9999988079071045,5.3477455367101356e-05,0.0,10.09000015258789,971.0,-123.55315300873336,48.13227076398795
3896,0.9999978542327881,1.948002136487048e-05,0.0,9.890000343322754,851.2843017578125,-123.55275300873336,48.13227076398795
3897,0.9999978542327881,1.948002136487048e-05,0.0,9.890000343322754,851.2843017578125,-123.55275300873336,48.13227076398795
3898,0.9999978542327881,1.948002136487048e-05,0.0,9.890000343322754,851.2843017578125,-123.55275300873336,48.13227076398795
3899,0.9999978542327881,1.948002136487048e-05,0.0,9.890000343322754,851.2843017578125,-123.55275300873336,48.13227076398795
3900,0.9999978542327881,1.948002136487048e-05,0.0,9.890000343322754,851.2843017578125,-123.55275300873336,48.13227076398795
3901,0.9999978542327881,1.948002136487048e-05,0.0,9.890000343322754,851.2843017578125,-123.55275300873336,48.13227076398795
3902,0.9999978542327881,1.948002136487048e-05,0.0,9.890000343322754,851.2843017578125,-123.55275300873336,48.13227076398795
3903,0.9999978542327881,1.948002136487048e-05,0.0,9.890000343322754,851.2843017578125,-123.55275300873336,48.13227076398795
3904,0.9999978542327881,1.948002136487048e-05,0.0,9.890000343322754,851.2843017578125,-123.55275300873336,48.13227076398795
3905,0.9999978542327881,1.948002136487048e-05,0.0,9.890000343322754,851.2843017578125,-123.55275300873336,48.13227076398795
3906,0.9999997615814209,6.416528776753694e-06,0.0,10.149999618530273,649.2225952148438,-123.55235300873336,48.13227076398795
3907,0.9999997615814209,6.416528776753694e-06,0.0,10.149999618530273,649.2225952148438,-123.55235300873336,48.13227076398795
3908,0.9999997615814209,6.416528776753694e-06,0.0,10.149999618530273,649.2225952148438,-123.55235300873336,48.13227076398795
3909,0.9999997615814209,6.416528776753694e-06,0.0,10.149999618530273,649.2225952148438,-123.55235300873336,48.13227076398795
3910,0.9999997615814209,6.416528776753694e-06,0.0,10.149999618530273,649.2225952148438,-123.55235300873336,48.13227076398795
3911,0.9999997615814209,6.416528776753694e-06,0.0,10.149999618530273,649.2225952148438,-123.55235300873336,48.13227076398795
3912,0.9999997615814209,6.416528776753694e-06,0.0,10.149999618530273,649.2225952148438,-123.55235300873336,48.13227076398795
3913,0.9999997615814209,6.416528776753694e-06,0.0,10.149999618530273,649.2225952148438,-123.55235300873336,48.13227076398795
3914,0.9999997615814209,6.416528776753694e-06,0.0,10.149999618530273,649.2225952148438,-123.55235300873336,48.13227076398795
3915,0.9999997615814209,6.416528776753694e-06,0.0,10.149999618530273,649.2225952148438,-123.55235300873336,48.13227076398795
3916,1.0,1.8879418348660693e-05,0.0,9.850000381469727,466.7440490722656,-123.55195300873336,48.13227076398795
3917,1.0,1.8879418348660693e-05,0.0,9.850000381469727,466.7440490722656,-123.55195300873336,48.13227076398795
3918,1.0,1.8879418348660693e-05,0.0,9.850000381469727,466.7440490722656,-123.55195300873336,48.13227076398795
3919,1.0,1.8879418348660693e-05,0.0,9.850000381469727,466.7440490722656,-123.55195300873336,48.13227076398795
3920,1.0,1.8879418348660693e-05,0.0,9.850000381469727,466.7440490722656,-123.55195300873336,48.13227076398795
3921,1.0,1.8879418348660693e-05,0.0,9.850000381469727,466.7440490722656,-123.55195300873336,48.13227076398795
3922,1.0,1.8879418348660693e-05,0.0,9.850000381469727,466.7440490722656,-123.55195300873336,48.13227076398795
3923,1.0,1.8879418348660693e-05,0.0,9.850000381469727,466.7440490722656,-123.55195300873336,48.13227076398795
3924,1.0,1.8879418348660693e-05,0.0,9.850000381469727,466.7440490722656,-123.55195300873336,48.13227076398795
3925,1.0,1.8879418348660693e-05,0.0,9.850000381469727,466.7440490722656,-123.55195300873336,48.13227076398795
3926,8.622721361462027e-05,0.001312431413680315,0.0,9.54072093963623,221.0,-123.55155300873336,48.13227076398795
3927,8.622721361462027e-05,0.001312431413680315,0.0,9.54072093963623,221.0,-123.55155300873336,48.13227076398795
3928,8.622721361462027e-05,0.001312431413680315,0.0,9.54072093963623,221.0,-123.55155300873336,48.13227076398795
3929,8.622721361462027e-05,0.001312431413680315,0.0,9.54072093963623,221.0,-123.55155300873336,48.13227076398795
3930,8.622721361462027e-05,0.001312431413680315,0.0,9.54072093963623,221.0,-123.55155300873336,48.13227076398795
3931,8.622721361462027e-05,0.001312431413680315,0.0,9.54072093963623,221.0,-123.55155300873336,48.13227076398795
3932,8.622721361462027e-05,0.001312431413680315,0.0,9.54072093963623,221.0,-123.55155300873336,48.13227076398795
3933,8.622721361462027e-05,0.001312431413680315,0.0,9.54072093963623,221.0,-123.55155300873336,48.13227076398795
3934,8.622721361462027e-05,0.001312431413680315,0.0,9.54072093963623,221.0,-123.55155300873336,48.13227076398795
3935,8.622721361462027e-05,0.001312431413680315,0.0,9.54072093963623,221.0,-123.55155300873336,48.13227076398795
3936,2.4455433234038537e-09,0.9611011147499084,0.0,9.448819160461426,26.925823211669922,-123.55115300873337,48.13227076398795
3937,2.4455433234038537e-09,0.9611011147499084,0.0,9.448819160461426,26.925823211669922,-123.55115300873337,48.13227076398795
3938,2.4455433234038537e-09,0.9611011147499084,0.0,9.448819160461426,26.925823211669922,-123.55115300873337,48.13227076398795
3939,2.4455433234038537e-09,0.9611011147499084,0.0,9.448819160461426,26.925823211669922,-123.55115300873337,48.13227076398795
3940,2.4455433234038537e-09,0.9611011147499084,0.0,9.448819160461426,26.925823211669922,-123.55115300873337,48.13227076398795
3941,2.4455433234038537e-09,0.9611011147499084,0.0,9.448819160461426,26.925823211669922,-123.55115300873337,48.13227076398795
3942,2.4455433234038537e-09,0.9611011147499084,0.0,9.448819160461426,26.925823211669922,-123.55115300873337,48.13227076398795
3943,2.4455433234038537e-09,0.9611011147499084,0.0,9.448819160461426,26.925823211669922,-123.55115300873337,48.13227076398795
3944,2.4455433234038537e-09,0.9611011147499084,0.0,9.448819160461426,26.925823211669922,-123.55115300873337,48.13227076398795
3945,2.4455433234038537e-09,0.9611011147499084,0.0,9.448819160461426,26.925823211669922,-123.55115300873337,48.13227076398795
3946,0.0,0.0,0.0,0.0,271.37060546875,-123.55075300873337,48.13227076398795
3947,0.0005522560095414519,0.9781005382537842,0.0,10.453869819641113,62.0,-123.55795300873335,48.13187076398795
3948,0.0005522560095414519,0.9781005382537842,0.0,10.453869819641113,62.0,-123.55795300873335,48.13187076398795
3949,0.0005522560095414519,0.9781005382537842,0.0,10.453869819641113,62.0,-123.55795300873335,48.13187076398795
3950,0.0005522560095414519,0.9781005382537842,0.0,10.453869819641113,62.0,-123.55795300873335,48.13187076398795
3951,0.0005522560095414519,0.9781005382537842,0.0,10.453869819641113,62.0,-123.55795300873335,48.13187076398795
3952,0.0005522560095414519,0.9781005382537842,0.0,10.453869819641113,62.0,-123.55795300873335,48.13187076398795
3953,0.0005522560095414519,0.9781005382537842,0.0,10.453869819641113,62.0,-123.55795300873335,48.13187076398795
3954,0.0005522560095414519,0.9781005382537842,0.0,10.453869819641113,62.0,-123.55795300873335,48.13187076398795
3955,0.0005522560095414519,0.9781005382537842,0.0,10.453869819641113,62.0,-123.55795300873335,48.13187076398795
3956,0.012239817529916763,0.0028873782139271498,0.0,10.899999618530273,153.68798828125,-123.55755300873335,48.13187076398795
3957,0.012239817529916763,0.0028873782139271498,0.0,10.899999618530273,153.68798828125,-123.55755300873335,48.13187076398795
3958,0.012239817529916763,0.0028873782139271498,0.0,10.899999618530273,153.68798828125,-123.55755300873335,48.13187076398795
3959,0.012239817529916763,0.0028873782139271498,0.0,10.899999618530273,153.68798828125,-123.55755300873335,48.13187076398795
3960,0.012239817529916763,0.0028873782139271498,0.0,10.899999618530273,153.68798828125,-123.55755300873335,48.13187076398795
3961,0.012239817529916763,0.0028873782139271498,0.0,10.899999618530273,153.68798828125,-123.55755300873335,48.13187076398795
3962,0.012239817529916763,0.0028873782139271498,0.0,10.899999618530273,153.68798828125,-123.55755300873335,48.13187076398795
3963,0.012239817529916763,0.0028873782139271498,0.0,10.899999618530273,153.68798828125,-123.55755300873335,48.13187076398795
3964,0.012239817529916763,0.0028873782139271498,0.0,10.899999618530273,153.68798828125,-123.55755300873335,48.13187076398795
3965,0.012239817529916763,0.0028873782139271498,0.0,10.899999618530273,153.68798828125,-123.55755300873335,48.13187076398795
3966,0.0036520494613796473,0.6533403396606445,0.0,9.286715507507324,87.28115844726562,-123.55715300873335,48.13187076398795
3967,0.0036520494613796473,0.6533403396606445,0.0,9.286715507507324,87.28115844726562,-123.55715300873335,48.13187076398795
3968,0.0036520494613796473,0.6533403396606445,0.0,9.286715507507324,87.28115844726562,-123.55715300873335,48.13187076398795
3969,0.0036520494613796473,0.6533403396606445,0.0,9.286715507507324,87.28115844726562,-123.55715300873335,48.13187076398795
3970,0.0036520494613796473,0.6533403396606445,0.0,9.286715507507324,87.28115844726562,-123.55715300873335,48.13187076398795
3971,0.0036520494613796473,0.6533403396606445,0.0,9.286715507507324,87.28115844726562,-123.55715300873335,48.13187076398795
3972,0.0036520494613796473,0.6533403396606445,0.0,9.286715507507324,87.28115844726562,-123.55715300873335,48.13187076398795
3973,0.0036520494613796473,0.6533403396606445,0.0,9.286715507507324,87.28115844726562,-123.55715300873335,48.13187076398795
3974,0.0036520494613796473,0.6533403396606445,0.0,9.286715507507324,87.28115844726562,-123.55715300873335,48.13187076398795
3975,0.0036520494613796473,0.6533403396606445,0.0,9.286715507507324,87.28115844726562,-123.55715300873335,48.13187076398795
3976,0.9941083192825317,5.543291990761645e-05,0.0,11.25,328.56201171875,-123.55675300873335,48.13187076398795
3977,0.9941083192825317,5.543291990761645e-05,0.0,11.25,328.56201171875,-123.55675300873335,48.13187076398795
3978,0.9941083192825317,5.543291990761645e-05,0.0,11.25,328.56201171875,-123.55675300873335,48.13187076398795
3979,0.9941083192825317,5.543291990761645e-05,0.0,11.25,328.56201171875,-123.55675300873335,48.13187076398795
3980,0.9941083192825317,5.543291990761645e-05,0.0,11.25,328.56201171875,-123.55675300873335,48.13187076398795
3981,0.9941083192825317,5.543291990761645e-05,0.0,11.25,328.56201171875,-123.55675300873335,48.13187076398795
3982,0.9941083192825317,5.543291990761645e-05,0.0,11.25,328.56201171875,-123.55675300873335,48.13187076398795
3983,0.9941083192825317,5.543291990761645e-05,0.0,11.25,328.56201171875,-123.55675300873335,48.13187076398795
3984,0.9941083192825317,5.543291990761645e-05,0.0,11.25,328.56201171875,-123.55675300873335,48.13187076398795
3985,0.9941083192825317,5.543291990761645e-05,0.0,11.25,328.56201171875,-123.55675300873335,48.13187076398795
3986,0.9998229146003723,8.829568105284125e-05,0.0,10.569999694824219,573.2451782226562,-123.55635300873335,48.13187076398795
3987,0.9998229146003723,8.829568105284125e-05,0.0,10.569999694824219,573.2451782226562,-123.55635300873335,48.13187076398795
3988,0.9998229146003723,8.829568105284125e-05,0.0,10.569999694824219,573.2451782226562,-123.55635300873335,48.13187076398795
3989,0.9998229146003723,8.829568105284125e-05,0.0,10.569999694824219,573.2451782226562,-123.55635300873335,48.13187076398795
3990,0.9998229146003723,8.829568105284125e-05,0.0,10.569999694824219,573.2451782226562,-123.55635300873335,48.13187076398795
3991,0.9998229146003723,8.829568105284125e-05,0.0,10.569999694824219,573.2451782226562,-123.55635300873335,48.13187076398795
3992,0.9998229146003723,8.829568105284125e-05,0.0,10.569999694824219,573.2451782226562,-123.55635300873335,48.13187076398795
3993,0.9998229146003723,8.829568105284125e-05,0.0,10.569999694824219,573.2451782226562,-123.55635300873335,48.13187076398795
3994,0.9998229146003723,8.829568105284125e-05,0.0,10.569999694824219,573.2451782226562,-123.55635300873335,48.13187076398795
3995,0.9998229146003723,8.829568105284125e-05,0.0,10.569999694824219,573.2451782226562,-123.55635300873335,48.13187076398795
3996,0.999819815158844,0.00010170710447710007,0.0,10.90999984741211,823.84765625,-123.55595300873335,48.13187076398795
3997,0.999819815158844,0.00010170710447710007,0.0,10.90999984741211,823.84765625,-123.55595300873335,48.13187076398795
3998,0.999819815158844,0.00010170710447710007,0.0,10.90999984741211,823.84765625,-123.55595300873335,48.13187076398795
3999,0.999819815158844,0.00010170710447710007,0.0,10.90999984741211,823.84765625,-123.55595300873335,48.13187076398795
4000,0.999819815158844,0.00010170710447710007,0.0,10.90999984741211,823.84765625,-123.55595300873335,48.13187076398795
4001,0.999819815158844,0.00010170710447710007,0.0,10.90999984741211,823.84765625,-123.55595300873335,48.13187076398795
4002,0.999819815158844,0.00010170710447710007,0.0,10.90999984741211,823.84765625,-123.55595300873335,48.13187076398795
4003,0.999819815158844,0.00010170710447710007,0.0,10.90999984741211,823.84765625,-123.55595300873335,48.13187076398795
4004,0.999819815158844,0.00010170710447710007,0.0,10.90999984741211,823.84765625,-123.55595300873335,48.13187076398795
4005,0.999819815158844,0.00010170710447710007,0.0,10.90999984741211,823.84765625,-123.55595300873335,48.13187076398795
4006,0.999923825263977,9.232864249497652e-05,0.0,10.5,1076.517578125,-123.55555300873336,48.13187076398795
4007,0.999923825263977,9.232864249497652e-05,0.0,10.5,1076.517578125,-123.55555300873336,48.13187076398795
4008,0.999923825263977,9.232864249497652e-05,0.0,10.5,1076.517578125,-123.55555300873336,48.13187076398795
4009,0.999923825263977,9.232864249497652e-05,0.0,10.5,1076.517578125,-123.55555300873336,48.13187076398795
4010,0.999923825263977,9.232864249497652e-05,0.0,10.5,1076.517578125,-123.55555300873336,48.13187076398795
4011,0.999923825263977,9.232864249497652e-05,0.0,10.5,1076.517578125,-123.55555300873336,48.13187076398795
4012,0.999923825263977,9.232864249497652e-05,0.0,10.5,1076.517578125,-123.55555300873336,48.13187076398795
4013,0.999923825263977,9.232864249497652e-05,0.0,10.5,1076.517578125,-123.55555300873336,48.13187076398795
4014,0.999923825263977,9.232864249497652e-05,0.0,10.5,1076.517578125,-123.55555300873336,48.13187076398795
4015,0.999923825263977,9.232864249497652e-05,0.0,10.5,1076.517578125,-123.55555300873336,48.13187076398795
4016,0.9999892711639404,3.069174999836832e-05,0.0,11.279999732971191,1109.524658203125,-123.55515300873336,48.13187076398795
4017,0.9999892711639404,3.069174999836832e-05,0.0,11.279999732971191,1109.524658203125,-123.55515300873336,48.13187076398795
4018,0.9999892711639404,3.069174999836832e-05,0.0,11.279999732971191,1109.524658203125,-123.55515300873336,48.13187076398795
4019,0.9999892711639404,3.069174999836832e-05,0.0,11.279999732971191,1109.524658203125,-123.55515300873336,48.13187076398795
4020,0.9999892711639404,3.069174999836832e-05,0.0,11.279999732971191,1109.524658203125,-123.55515300873336,48.13187076398795
4021,0.9999892711639404,3.069174999836832e-05,0.0,11.279999732971191,1109.524658203125,-123.55515300873336,48.13187076398795
4022,0.9999892711639404,3.069174999836832e-05,0.0,11.279999732971191,1109.524658203125,-123.55515300873336,48.13187076398795
4023,0.9999892711639404,3.069174999836832e-05,0.0,11.279999732971191,1109.524658203125,-123.55515300873336,48.13187076398795
4024,0.9999892711639404,3.069174999836832e-05,0.0,11.279999732971191,1109.524658203125,-123.55515300873336,48.13187076398795
4025,0.9999892711639404,3.069174999836832e-05,0.0,11.279999732971191,1109.524658203125,-123.55515300873336,48.13187076398795
4026,0.9999815225601196,3.898315844708122e-05,0.0,11.25,1082.1063232421875,-123.55475300873336,48.13187076398795
4027,0.9999815225601196,3.898315844708122e-05,0.0,11.25,1082.1063232421875,-123.55475300873336,48.13187076398795
4028,0.9999815225601196,3.898315844708122e-05,0.0,11.25,1082.1063232421875,-123.55475300873336,48.13187076398795
4029,0.9999815225601196,3.898315844708122e-05,0.0,11.25,1082.1063232421875,-123.55475300873336,48.13187076398795
4030,0.9999815225601196,3.898315844708122e-05,0.0,11.25,1082.1063232421875,-123.55475300873336,48.13187076398795
4031,0.9999815225601196,3.898315844708122e-05,0.0,11.25,1082.1063232421875,-123.55475300873336,48.13187076398795
4032,0.9999815225601196,3.898315844708122e-05,0.0,11.25,1082.1063232421875,-123.55475300873336,48.13187076398795
4033,0.9999815225601196,3.898315844708122e-05,0.0,11.25,1082.1063232421875,-123.55475300873336,48.13187076398795
4034,0.9999815225601196,3.898315844708122e-05,0.0,11.25,1082.1063232421875,-123.55475300873336,48.13187076398795
4035,0.9999815225601196,3.898315844708122e-05,0.0,11.25,1082.1063232421875,-123.55475300873336,48.13187076398795
4036,0.9999912977218628,3.6047240428160876e-05,0.0,10.899999618530273,1055.3104248046875,-123.55435300873336,48.13187076398795
4037,0.9999912977218628,3.6047240428160876e-05,0.0,10.899999618530273,1055.3104248046875,-123.55435300873336,48.13187076398795
4038,0.9999912977218628,3.6047240428160876e-05,0.0,10.899999618530273,1055.3104248046875,-123.55435300873336,48.13187076398795
4039,0.9999912977218628,3.6047240428160876e-05,0.0,10.899999618530273,1055.3104248046875,-123.55435300873336,48.13187076398795
4040,0.9999912977218628,3.6047240428160876e-05,0.0,10.899999618530273,1055.3104248046875,-123.55435300873336,48.13187076398795
4041,0.9999912977218628,3.6047240428160876e-05,0.0,10.899999618530273,1055.3104248046875,-123.55435300873336,48.13187076398795
4042,0.9999912977218628,3.6047240428160876e-05,0.0,10.899999618530273,1055.3104248046875,-123.55435300873336,48.13187076398795
4043,0.9999912977218628,3.6047240428160876e-05,0.0,10.899999618530273,1055.3104248046875,-123.55435300873336,48.13187076398795
4044,0.9999912977218628,3.6047240428160876e-05,0.0,10.899999618530273,1055.3104248046875,-123.55435300873336,48.13187076398795
4045,0.9999912977218628,3.6047240428160876e-05,0.0,10.899999618530273,1055.3104248046875,-123.55435300873336,48.13187076398795
4046,0.9995664954185486,0.0008480618125759065,0.0,11.289999961853027,1026.6966552734375,-123.55395300873336,48.13187076398795
4047,0.9995664954185486,0.0008480618125759065,0.0,11.289999961853027,1026.6966552734375,-123.55395300873336,48.13187076398795
4048,0.9995664954185486,0.0008480618125759065,0.0,11.289999961853027,1026.6966552734375,-123.55395300873336,48.13187076398795
4049,0.9995664954185486,0.0008480618125759065,0.0,11.289999961853027,1026.6966552734375,-123.55395300873336,48.13187076398795
4050,0.9995664954185486,0.0008480618125759065,0.0,11.289999961853027,1026.6966552734375,-123.55395300873336,48.13187076398795
4051,0.9995664954185486,0.0008480618125759065,0.0,11.289999961853027,1026.6966552734375,-123.55395300873336,48.13187076398795
4052,0.9995664954185486,0.0008480618125759065,0.0,11.289999961853027,1026.6966552734375,-123.55395300873336,48.13187076398795
4053,0.9995664954185486,0.0008480618125759065,0.0,11.289999961853027,1026.6966552734375,-123.55395300873336,48.13187076398795
4054,0.9995664954185486,0.0008480618125759065,0.0,11.289999961853027,1026.6966552734375,-123.55395300873336,48.13187076398795
4055,0.9995664954185486,0.0008480618125759065,0.0,11.289999961853027,1026.6966552734375,-123.55395300873336,48.13187076398795
4056,0.9999442100524902,2.410966953902971e-05,0.0,11.170000076293945,962.1746215820312,-123.55355300873336,48.13187076398795
4057,0.9999442100524902,2.410966953902971e-05,0.0,11.170000076293945,962.1746215820312,-123.55355300873336,48.13187076398795
4058,0.9999442100524902,2.410966953902971e-05,0.0,11.170000076293945,962.1746215820312,-123.55355300873336,48.13187076398795
4059,0.9999442100524902,2.410966953902971e-05,0.0,11.170000076293945,962.1746215820312,-123.55355300873336,48.13187076398795
4060,0.9999442100524902,2.410966953902971e-05,0.0,11.170000076293945,962.1746215820312,-123.55355300873336,48.13187076398795
4061,0.9999442100524902,2.410966953902971e-05,0.0,11.170000076293945,962.1746215820312,-123.55355300873336,48.13187076398795
4062,0.9999442100524902,2.410966953902971e-05,0.0,11.170000076293945,962.1746215820312,-123.55355300873336,48.13187076398795
4063,0.9999442100524902,2.410966953902971e-05,0.0,11.170000076293945,962.1746215820312,-123.55355300873336,48.13187076398795
4064,0.9999442100524902,2.410966953902971e-05,0.0,11.170000076293945,962.1746215820312,-123.55355300873336,48.13187076398795
4065,0.9999442100524902,2.410966953902971e-05,0.0,11.170000076293945,962.1746215820312,-123.55355300873336,48.13187076398795
4066,0.9999576807022095,0.00019292453362140805,0.0,10.630000114440918,844.7869262695312,-123.55315300873336,48.13187076398795
4067,0.9999576807022095,0.00019292453362140805,0.0,10.630000114440918,844.7869262695312,-123.55315300873336,48.13187076398795
4068,0.9999576807022095,0.00019292453362140805,0.0,10.630000114440918,844.7869262695312,-123.55315300873336,48.13187076398795
4069,0.9999576807022095,0.00019292453362140805,0.0,10.630000114440918,844.7869262695312,-123.55315300873336,48.13187076398795
4070,0.9999576807022095,0.00019292453362140805,0.0,10.630000114440918,844.7869262695312,-123.55315300873336,48.13187076398795
4071,0.9999576807022095,0.00019292453362140805,0.0,10.630000114440918,844.7869262695312,-123.55315300873336,48.13187076398795
4072,0.9999576807022095,0.00019292453362140805,0.0,10.630000114440918,844.7869262695312,-123.55315300873336,48.13187076398795
4073,0.9999576807022095,0.00019292453362140805,0.0,10.630000114440918,844.7869262695312,-123.55315300873336,48.13187076398795
4074,0.9999576807022095,0.00019292453362140805,0.0,10.630000114440918,844.7869262695312,-123.55315300873336,48.13187076398795
4075,0.9999576807022095,0.00019292453362140805,0.0,10.630000114440918,844.7869262695312,-123.55315300873336,48.13187076398795
4076,0.9998868703842163,6.070400195312686e-05,0.0,10.020000457763672,729.0555419921875,-123.55275300873336,48.13187076398795
4077,0.9998868703842163,6.070400195312686e-05,0.0,10.020000457763672,729.0555419921875,-123.55275300873336,48.13187076398795
4078,0.9998868703842163,6.070400195312686e-05,0.0,10.020000457763672,729.0555419921875,-123.55275300873336,48.13187076398795
4079,0.9998868703842163,6.070400195312686e-05,0.0,10.020000457763672,729.0555419921875,-123.55275300873336,48.13187076398795
4080,0.9998868703842163,6.070400195312686e-05,0.0,10.020000457763672,729.0555419921875,-123.55275300873336,48.13187076398795
4081,0.9998868703842163,6.070400195312686e-05,0.0,10.020000457763672,729.0555419921875,-123.55275300873336,48.13187076398795
4082,0.9998868703842163,6.070400195312686e-05,0.0,10.020000457763672,729.0555419921875,-123.55275300873336,48.13187076398795
4083,0.9998868703842163,6.070400195312686e-05,0.0,10.020000457763672,729.0555419921875,-123.55275300873336,48.13187076398795
4084,0.9998868703842163,6.070400195312686e-05,0.0,10.020000457763672,729.0555419921875,-123.55275300873336,48.13187076398795
4085,0.9998868703842163,6.070400195312686e-05,0.0,10.020000457763672,729.0555419921875,-123.55275300873336,48.13187076398795
4086,0.9999923706054688,2.7038626285502687e-05,0.0,10.119999885559082,506.4632263183594,-123.55235300873336,48.13187076398795
4087,0.9999923706054688,2.7038626285502687e-05,0.0,10.119999885559082,506.4632263183594,-123.55235300873336,48.13187076398795
4088,0.9999923706054688,2.7038626285502687e-05,0.0,10.119999885559082,506.4632263183594,-123.55235300873336,48.13187076398795
4089,0.9999923706054688,2.7038626285502687e-05,0.0,10.119999885559082,506.4632263183594,-123.55235300873336,48.13187076398795
4090,0.9999923706054688,2.7038626285502687e-05,0.0,10.119999885559082,506.4632263183594,-123.55235300873336,48.13187076398795
4091,0.9999923706054688,2.7038626285502687e-05,0.0,10.119999885559082,506.4632263183594,-123.55235300873336,48.13187076398795
4092,0.9999923706054688,2.7038626285502687e-05,0.0,10.119999885559082,506.4632263183594,-123.55235300873336,48.13187076398795
4093,0.9999923706054688,2.7038626285502687e-05,0.0,10.119999885559082,506.4632263183594,-123.55235300873336,48.13187076398795
4094,0.9999923706054688,2.7038626285502687e-05,0.0,10.119999885559082,506.4632263183594,-123.55235300873336,48.13187076398795
4095,0.9999923706054688,2.7038626285502687e-05,0.0,10.119999885559082,506.4632263183594,-123.55235300873336,48.13187076398795
4096,0.9996895790100098,2.1258514607325196e-05,0.0,10.220000267028809,288.7213134765625,-123.55195300873336,48.13187076398795
4097,0.9996895790100098,2.1258514607325196e-05,0.0,10.220000267028809,288.7213134765625,-123.55195300873336,48.13187076398795
4098,0.9996895790100098,2.1258514607325196e-05,0.0,10.220000267028809,288.7213134765625,-123.55195300873336,48.13187076398795
4099,0.9996895790100098,2.1258514607325196e-05,0.0,10.220000267028809,288.7213134765625,-123.55195300873336,48.13187076398795
4100,0.9996895790100098,2.1258514607325196e-05,0.0,10.220000267028809,288.7213134765625,-123.55195300873336,48.13187076398795
4101,0.9996895790100098,2.1258514607325196e-05,0.0,10.220000267028809,288.7213134765625,-123.55195300873336,48.13187076398795
4102,0.9996895790100098,2.1258514607325196e-05,0.0,10.220000267028809,288.7213134765625,-123.55195300873336,48.13187076398795
4103,0.9996895790100098,2.1258514607325196e-05,0.0,10.220000267028809,288.7213134765625,-123.55195300873336,48.13187076398795
4104,0.9996895790100098,2.1258514607325196e-05,0.0,10.220000267028809,288.7213134765625,-123.55195300873336,48.13187076398795
4105,0.9996895790100098,2.1258514607325196e-05,0.0,10.220000267028809,288.7213134765625,-123.55195300873336,48.13187076398795
4106,0.3194013237953186,0.0010383396875113249,0.0,9.43875503540039,106.30146026611328,-123.55155300873336,48.13187076398795
4107,0.3194013237953186,0.0010383396875113249,0.0,9.43875503540039,106.30146026611328,-123.55155300873336,48.13187076398795
4108,0.3194013237953186,0.0010383396875113249,0.0,9.43875503540039,106.30146026611328,-123.55155300873336,48.13187076398795
4109,0.3194013237953186,0.0010383396875113249,0.0,9.43875503540039,106.30146026611328,-123.55155300873336,48.13187076398795
4110,0.3194013237953186,0.0010383396875113249,0.0,9.43875503540039,106.30146026611328,-123.55155300873336,48.13187076398795
4111,0.3194013237953186,0.0010383396875113249,0.0,9.43875503540039,106.30146026611328,-123.55155300873336,48.13187076398795
4112,0.3194013237953186,0.0010383396875113249,0.0,9.43875503540039,106.30146026611328,-123.55155300873336,48.13187076398795
4113,0.3194013237953186,0.0010383396875113249,0.0,9.43875503540039,106.30146026611328,-123.55155300873336,48.13187076398795
4114,0.3194013237953186,0.0010383396875113249,0.0,9.43875503540039,106.30146026611328,-123.55155300873336,48.13187076398795
4115,0.3194013237953186,0.0010383396875113249,0.0,9.43875503540039,106.30146026611328,-123.55155300873336,48.13187076398795
4116,3.9051752764862613e-07,0.008272862061858177,0.0,9.448819160461426,38.897300720214844,-123.55115300873337,48.13187076398795
4117,3.9051752764862613e-07,0.008272862061858177,0.0,9.448819160461426,38.897300720214844,-123.55115300873337,48.13187076398795
4118,3.9051752764862613e-07,0.008272862061858177,0.0,9.448819160461426,38.897300720214844,-123.55115300873337,48.13187076398795
4119,3.9051752764862613e-07,0.008272862061858177,0.0,9.448819160461426,38.897300720214844,-123.55115300873337,48.13187076398795
4120,3.9051752764862613e-07,0.008272862061858177,0.0,9.448819160461426,38.897300720214844,-123.55115300873337,48.13187076398795
4121,3.9051752764862613e-07,0.008272862061858177,0.0,9.448819160461426,38.897300720214844,-123.55115300873337,48.13187076398795
4122,3.9051752764862613e-07,0.008272862061858177,0.0,9.448819160461426,38.897300720214844,-123.55115300873337,48.13187076398795
4123,3.9051752764862613e-07,0.008272862061858177,0.0,9.448819160461426,38.897300720214844,-123.55115300873337,48.13187076398795
4124,3.9051752764862613e-07,0.008272862061858177,0.0,9.448819160461426,38.897300720214844,-123.55115300873337,48.13187076398795
4125,3.9051752764862613e-07,0.008272862061858177,0.0,9.448819160461426,38.897300720214844,-123.55115300873337,48.13187076398795
4126,0.0,0.0,0.0,0.0,268.7936096191406,-123.55075300873337,48.13187076398795
4127,1.237492779182503e-05,0.0008547335746698081,0.0,10.642020225524902,55.44366455078125,-123.55795300873335,48.13147076398795
4128,1.237492779182503e-05,0.0008547335746698081,0.0,10.642020225524902,55.44366455078125,-123.55795300873335,48.13147076398795
4129,1.237492779182503e-05,0.0008547335746698081,0.0,10.642020225524902,55.44366455078125,-123.55795300873335,48.13147076398795
4130,1.237492779182503e-05,0.0008547335746698081,0.0,10.642020225524902,55.44366455078125,-123.55795300873335,48.13147076398795
4131,1.237492779182503e-05,0.0008547335746698081,0.0,10.642020225524902,55.44366455078125,-123.55795300873335,48.13147076398795
4132,1.237492779182503e-05,0.0008547335746698081,0.0,10.642020225524902,55.44366455078125,-123.55795300873335,48.13147076398795
4133,1.237492779182503e-05,0.0008547335746698081,0.0,10.642020225524902,55.44366455078125,-123.55795300873335,48.13147076398795
4134,1.237492779182503e-05,0.0008547335746698081,0.0,10.642020225524902,55.44366455078125,-123.55795300873335,48.13147076398795
4135,1.237492779182503e-05,0.0008547335746698081,0.0,10.642020225524902,55.44366455078125,-123.55795300873335,48.13147076398795
4136,0.4188571572303772,5.275379589875229e-05,1.0,11.069999694824219,207.0,-123.55755300873335,48.13147076398795
4137,0.4188571572303772,5.275379589875229e-05,1.0,11.069999694824219,207.0,-123.55755300873335,48.13147076398795
4138,0.4188571572303772,5.275379589875229e-05,1.0,11.069999694824219,207.0,-123.55755300873335,48.13147076398795
4139,0.4188571572303772,5.275379589875229e-05,1.0,11.069999694824219,207.0,-123.55755300873335,48.13147076398795
4140,0.4188571572303772,5.275379589875229e-05,1.0,11.069999694824219,207.0,-123.55755300873335,48.13147076398795
4141,0.4188571572303772,5.275379589875229e-05,1.0,11.069999694824219,207.0,-123.55755300873335,48.13147076398795
4142,0.4188571572303772,5.275379589875229e-05,1.0,11.069999694824219,207.0,-123.55755300873335,48.13147076398795
4143,0.4188571572303772,5.275379589875229e-05,1.0,11.069999694824219,207.0,-123.55755300873335,48.13147076398795
4144,0.4188571572303772,5.275379589875229e-05,1.0,11.069999694824219,207.0,-123.55755300873335,48.13147076398795
4145,1.3188433678479328e-10,0.9983493089675903,0.0,9.596699714660645,47.26520919799805,-123.55715300873335,48.13147076398795
4146,1.3188433678479328e-10,0.9983493089675903,0.0,9.596699714660645,47.26520919799805,-123.55715300873335,48.13147076398795
4147,1.3188433678479328e-10,0.9983493089675903,0.0,9.596699714660645,47.26520919799805,-123.55715300873335,48.13147076398795
4148,1.3188433678479328e-10,0.9983493089675903,0.0,9.596699714660645,47.26520919799805,-123.55715300873335,48.13147076398795
4149,1.3188433678479328e-10,0.9983493089675903,0.0,9.596699714660645,47.26520919799805,-123.55715300873335,48.13147076398795
4150,1.3188433678479328e-10,0.9983493089675903,0.0,9.596699714660645,47.26520919799805,-123.55715300873335,48.13147076398795
4151,1.3188433678479328e-10,0.9983493089675903,0.0,9.596699714660645,47.26520919799805,-123.55715300873335,48.13147076398795
4152,1.3188433678479328e-10,0.9983493089675903,0.0,9.596699714660645,47.26520919799805,-123.55715300873335,48.13147076398795
4153,1.3188433678479328e-10,0.9983493089675903,0.0,9.596699714660645,47.26520919799805,-123.55715300873335,48.13147076398795
4154,1.3188433678479328e-10,0.9983493089675903,0.0,9.596699714660645,47.26520919799805,-123.55715300873335,48.13147076398795
4155,0.9999997615814209,1.8437387552694418e-05,0.0,11.84000015258789,302.0413818359375,-123.55675300873335,48.13147076398795
4156,0.9999997615814209,1.8437387552694418e-05,0.0,11.84000015258789,302.0413818359375,-123.55675300873335,48.13147076398795
4157,0.9999997615814209,1.8437387552694418e-05,0.0,11.84000015258789,302.0413818359375,-123.55675300873335,48.13147076398795
4158,0.9999997615814209,1.8437387552694418e-05,0.0,11.84000015258789,302.0413818359375,-123.55675300873335,48.13147076398795
4159,0.9999997615814209,1.8437387552694418e-05,0.0,11.84000015258789,302.0413818359375,-123.55675300873335,48.13147076398795
4160,0.9999997615814209,1.8437387552694418e-05,0.0,11.84000015258789,302.0413818359375,-123.55675300873335,48.13147076398795
4161,0.9999997615814209,1.8437387552694418e-05,0.0,11.84000015258789,302.0413818359375,-123.55675300873335,48.13147076398795
4162,0.9999997615814209,1.8437387552694418e-05,0.0,11.84000015258789,302.0413818359375,-123.55675300873335,48.13147076398795
4163,0.9999997615814209,1.8437387552694418e-05,0.0,11.84000015258789,302.0413818359375,-123.55675300873335,48.13147076398795
4164,0.9999997615814209,1.8437387552694418e-05,0.0,11.84000015258789,302.0413818359375,-123.55675300873335,48.13147076398795
4165,0.9999983310699463,3.931959508918226e-05,0.0,11.1899995803833,557.0224609375,-123.55635300873335,48.13147076398795
4166,0.9999983310699463,3.931959508918226e-05,0.0,11.1899995803833,557.0224609375,-123.55635300873335,48.13147076398795
4167,0.9999983310699463,3.931959508918226e-05,0.0,11.1899995803833,557.0224609375,-123.55635300873335,48.13147076398795
4168,0.9999983310699463,3.931959508918226e-05,0.0,11.1899995803833,557.0224609375,-123.55635300873335,48.13147076398795
4169,0.9999983310699463,3.931959508918226e-05,0.0,11.1899995803833,557.0224609375,-123.55635300873335,48.13147076398795
4170,0.9999983310699463,3.931959508918226e-05,0.0,11.1899995803833,557.0224609375,-123.55635300873335,48.13147076398795
4171,0.9999983310699463,3.931959508918226e-05,0.0,11.1899995803833,557.0224609375,-123.55635300873335,48.13147076398795
4172,0.9999983310699463,3.931959508918226e-05,0.0,11.1899995803833,557.0224609375,-123.55635300873335,48.13147076398795
4173,0.9999983310699463,3.931959508918226e-05,0.0,11.1899995803833,557.0224609375,-123.55635300873335,48.13147076398795
4174,0.9999983310699463,3.931959508918226e-05,0.0,11.1899995803833,557.0224609375,-123.55635300873335,48.13147076398795
4175,0.9999991655349731,4.25079524575267e-05,0.0,10.8100004196167,812.015380859375,-123.55595300873335,48.13147076398795
4176,0.9999991655349731,4.25079524575267e-05,0.0,10.8100004196167,812.015380859375,-123.55595300873335,48.13147076398795
4177,0.9999991655349731,4.25079524575267e-05,0.0,10.8100004196167,812.015380859375,-123.55595300873335,48.13147076398795
4178,0.9999991655349731,4.25079524575267e-05,0.0,10.8100004196167,812.015380859375,-123.55595300873335,48.13147076398795
4179,0.9999991655349731,4.25079524575267e-05,0.0,10.8100004196167,812.015380859375,-123.55595300873335,48.13147076398795
4180,0.9999991655349731,4.25079524575267e-05,0.0,10.8100004196167,812.015380859375,-123.55595300873335,48.13147076398795
4181,0.9999991655349731,4.25079524575267e-05,0.0,10.8100004196167,812.015380859375,-123.55595300873335,48.13147076398795
4182,0.9999991655349731,4.25079524575267e-05,0.0,10.8100004196167,812.015380859375,-123.55595300873335,48.13147076398795
4183,0.9999991655349731,4.25079524575267e-05,0.0,10.8100004196167,812.015380859375,-123.55595300873335,48.13147076398795
4184,0.9999991655349731,4.25079524575267e-05,0.0,10.8100004196167,812.015380859375,-123.55595300873335,48.13147076398795
4185,0.9999971389770508,8.459562377538532e-05,0.0,11.0,916.424560546875,-123.55555300873336,48.13147076398795
4186,0.9999971389770508,8.459562377538532e-05,0.0,11.0,916.424560546875,-123.55555300873336,48.13147076398795
4187,0.9999971389770508,8.459562377538532e-05,0.0,11.0,916.424560546875,-123.55555300873336,48.13147076398795
4188,0.9999971389770508,8.459562377538532e-05,0.0,11.0,916.424560546875,-123.55555300873336,48.13147076398795
4189,0.9999971389770508,8.459562377538532e-05,0.0,11.0,916.424560546875,-123.55555300873336,48.13147076398795
4190,0.9999971389770508,8.459562377538532e-05,0.0,11.0,916.424560546875,-123.55555300873336,48.13147076398795
4191,0.9999971389770508,8.459562377538532e-05,0.0,11.0,916.424560546875,-123.55555300873336,48.13147076398795
4192,0.9999971389770508,8.459562377538532e-05,0.0,11.0,916.424560546875,-123.55555300873336,48.13147076398795
4193,0.9999971389770508,8.459562377538532e-05,0.0,11.0,916.424560546875,-123.55555300873336,48.13147076398795
4194,0.9999971389770508,8.459562377538532e-05,0.0,11.0,916.424560546875,-123.55555300873336,48.13147076398795
4195,0.9999978542327881,3.885793194058351e-05,0.0,11.359999656677246,856.2178344726562,-123.55515300873336,48.13147076398795
4196,0.9999978542327881,3.885793194058351e-05,0.0,11.359999656677246,856.2178344726562,-123.55515300873336,48.13147076398795
4197,0.9999978542327881,3.885793194058351e-05,0.0,11.359999656677246,856.2178344726562,-123.55515300873336,48.13147076398795
4198,0.9999978542327881,3.885793194058351e-05,0.0,11.359999656677246,856.2178344726562,-123.55515300873336,48.13147076398795
4199,0.9999978542327881,3.885793194058351e-05,0.0,11.359999656677246,856.2178344726562,-123.55515300873336,48.13147076398795
4200,0.9999978542327881,3.885793194058351e-05,0.0,11.359999656677246,856.2178344726562,-123.55515300873336,48.13147076398795
4201,0.9999978542327881,3.885793194058351e-05,0.0,11.359999656677246,856.2178344726562,-123.55515300873336,48.13147076398795
4202,0.9999978542327881,3.885793194058351e-05,0.0,11.359999656677246,856.2178344726562,-123.55515300873336,48.13147076398795
4203,0.9999978542327881,3.885793194058351e-05,0.0,11.359999656677246,856.2178344726562,-123.55515300873336,48.13147076398795
4204,0.9999978542327881,3.885793194058351e-05,0.0,11.359999656677246,856.2178344726562,-123.55515300873336,48.13147076398795
4205,0.9999979734420776,5.9598565712803975e-05,0.0,11.369999885559082,828.2705078125,-123.55475300873336,48.13147076398795
4206,0.9999979734420776,5.9598565712803975e-05,0.0,11.369999885559082,828.2705078125,-123.55475300873336,48.13147076398795
4207,0.9999979734420776,5.9598565712803975e-05,0.0,11.369999885559082,828.2705078125,-123.55475300873336,48.13147076398795
4208,0.9999979734420776,5.9598565712803975e-05,0.0,11.369999885559082,828.2705078125,-123.55475300873336,48.13147076398795
4209,0.9999979734420776,5.9598565712803975e-05,0.0,11.369999885559082,828.2705078125,-123.55475300873336,48.13147076398795
4210,0.9999979734420776,5.9598565712803975e-05,0.0,11.369999885559082,828.2705078125,-123.55475300873336,48.13147076398795
4211,0.9999979734420776,5.9598565712803975e-05,0.0,11.369999885559082,828.2705078125,-123.55475300873336,48.13147076398795
4212,0.9999979734420776,5.9598565712803975e-05,0.0,11.369999885559082,828.2705078125,-123.55475300873336,48.13147076398795
4213,0.9999979734420776,5.9598565712803975e-05,0.0,11.369999885559082,828.2705078125,-123.55475300873336,48.13147076398795
4214,0.9999979734420776,5.9598565712803975e-05,0.0,11.369999885559082,828.2705078125,-123.55475300873336,48.13147076398795
4215,0.9999966621398926,5.296475501381792e-05,0.0,10.819999694824219,802.1782836914062,-123.55435300873336,48.13147076398795
4216,0.9999966621398926,5.296475501381792e-05,0.0,10.819999694824219,802.1782836914062,-123.55435300873336,48.13147076398795
4217,0.9999966621398926,5.296475501381792e-05,0.0,10.819999694824219,802.1782836914062,-123.55435300873336,48.13147076398795
4218,0.9999966621398926,5.296475501381792e-05,0.0,10.819999694824219,802.1782836914062,-123.55435300873336,48.13147076398795
4219,0.9999966621398926,5.296475501381792e-05,0.0,10.819999694824219,802.1782836914062,-123.55435300873336,48.13147076398795
4220,0.9999966621398926,5.296475501381792e-05,0.0,10.819999694824219,802.1782836914062,-123.55435300873336,48.13147076398795
4221,0.9999966621398926,5.296475501381792e-05,0.0,10.819999694824219,802.1782836914062,-123.55435300873336,48.13147076398795
4222,0.9999966621398926,5.296475501381792e-05,0.0,10.819999694824219,802.1782836914062,-123.55435300873336,48.13147076398795
4223,0.9999966621398926,5.296475501381792e-05,0.0,10.819999694824219,802.1782836914062,-123.55435300873336,48.13147076398795
4224,0.9999966621398926,5.296475501381792e-05,0.0,10.819999694824219,802.1782836914062,-123.55435300873336,48.13147076398795
4225,0.999797523021698,8.701572369318455e-05,0.0,11.40999984741211,772.257080078125,-123.55395300873336,48.13147076398795
4226,0.999797523021698,8.701572369318455e-05,0.0,11.40999984741211,772.257080078125,-123.55395300873336,48.13147076398795
4227,0.999797523021698,8.701572369318455e-05,0.0,11.40999984741211,772.257080078125,-123.55395300873336,48.13147076398795
4228,0.999797523021698,8.701572369318455e-05,0.0,11.40999984741211,772.257080078125,-123.55395300873336,48.13147076398795
4229,0.999797523021698,8.701572369318455e-05,0.0,11.40999984741211,772.257080078125,-123.55395300873336,48.13147076398795
4230,0.999797523021698,8.701572369318455e-05,0.0,11.40999984741211,772.257080078125,-123.55395300873336,48.13147076398795
4231,0.999797523021698,8.701572369318455e-05,0.0,11.40999984741211,772.257080078125,-123.55395300873336,48.13147076398795
4232,0.999797523021698,8.701572369318455e-05,0.0,11.40999984741211,772.257080078125,-123.55395300873336,48.13147076398795
4233,0.999797523021698,8.701572369318455e-05,0.0,11.40999984741211,772.257080078125,-123.55395300873336,48.13147076398795
4234,0.999797523021698,8.701572369318455e-05,0.0,11.40999984741211,772.257080078125,-123.55395300873336,48.13147076398795
4235,0.9999996423721313,1.940637048392091e-05,0.0,11.069999694824219,739.259765625,-123.55355300873336,48.13147076398795
4236,0.9999996423721313,1.940637048392091e-05,0.0,11.069999694824219,739.259765625,-123.55355300873336,48.13147076398795
4237,0.9999996423721313,1.940637048392091e-05,0.0,11.069999694824219,739.259765625,-123.55355300873336,48.13147076398795
4238,0.9999996423721313,1.940637048392091e-05,0.0,11.069999694824219,739.259765625,-123.55355300873336,48.13147076398795
4239,0.9999996423721313,1.940637048392091e-05,0.0,11.069999694824219,739.259765625,-123.55355300873336,48.13147076398795
4240,0.9999996423721313,1.940637048392091e-05,0.0,11.069999694824219,739.259765625,-123.55355300873336,48.13147076398795
4241,0.9999996423721313,1.940637048392091e-05,0.0,11.069999694824219,739.259765625,-123.55355300873336,48.13147076398795
4242,0.9999996423721313,1.940637048392091e-05,0.0,11.069999694824219,739.259765625,-123.55355300873336,48.13147076398795
4243,0.9999996423721313,1.940637048392091e-05,0.0,11.069999694824219,739.259765625,-123.55355300873336,48.13147076398795
4244,0.9999996423721313,1.940637048392091e-05,0.0,11.069999694824219,739.259765625,-123.55355300873336,48.13147076398795
4245,0.9999991655349731,3.450940130278468e-05,0.0,10.760000228881836,616.7081909179688,-123.55315300873336,48.13147076398795
4246,0.9999991655349731,3.450940130278468e-05,0.0,10.760000228881836,616.7081909179688,-123.55315300873336,48.13147076398795
4247,0.9999991655349731,3.450940130278468e-05,0.0,10.760000228881836,616.7081909179688,-123.55315300873336,48.13147076398795
4248,0.9999991655349731,3.450940130278468e-05,0.0,10.760000228881836,616.7081909179688,-123.55315300873336,48.13147076398795
4249,0.9999991655349731,3.450940130278468e-05,0.0,10.760000228881836,616.7081909179688,-123.55315300873336,48.13147076398795
4250,0.9999991655349731,3.450940130278468e-05,0.0,10.760000228881836,616.7081909179688,-123.55315300873336,48.13147076398795
4251,0.9999991655349731,3.450940130278468e-05,0.0,10.760000228881836,616.7081909179688,-123.55315300873336,48.13147076398795
4252,0.9999991655349731,3.450940130278468e-05,0.0,10.760000228881836,616.7081909179688,-123.55315300873336,48.13147076398795
4253,0.9999991655349731,3.450940130278468e-05,0.0,10.760000228881836,616.7081909179688,-123.55315300873336,48.13147076398795
4254,0.9999991655349731,3.450940130278468e-05,0.0,10.760000228881836,616.7081909179688,-123.55315300873336,48.13147076398795
4255,0.9999898672103882,3.6617955629481e-05,0.0,10.34000015258789,503.11529541015625,-123.55275300873336,48.13147076398795
4256,0.9999898672103882,3.6617955629481e-05,0.0,10.34000015258789,503.11529541015625,-123.55275300873336,48.13147076398795
4257,0.9999898672103882,3.6617955629481e-05,0.0,10.34000015258789,503.11529541015625,-123.55275300873336,48.13147076398795
4258,0.9999898672103882,3.6617955629481e-05,0.0,10.34000015258789,503.11529541015625,-123.55275300873336,48.13147076398795
4259,0.9999898672103882,3.6617955629481e-05,0.0,10.34000015258789,503.11529541015625,-123.55275300873336,48.13147076398795
4260,0.9999898672103882,3.6617955629481e-05,0.0,10.34000015258789,503.11529541015625,-123.55275300873336,48.13147076398795
4261,0.9999898672103882,3.6617955629481e-05,0.0,10.34000015258789,503.11529541015625,-123.55275300873336,48.13147076398795
4262,0.9999898672103882,3.6617955629481e-05,0.0,10.34000015258789,503.11529541015625,-123.55275300873336,48.13147076398795
4263,0.9999898672103882,3.6617955629481e-05,0.0,10.34000015258789,503.11529541015625,-123.55275300873336,48.13147076398795
4264,0.9999898672103882,3.6617955629481e-05,0.0,10.34000015258789,503.11529541015625,-123.55275300873336,48.13147076398795
4265,1.0,6.863245744170854e-06,0.0,10.960000038146973,383.0052185058594,-123.55235300873336,48.13147076398795
4266,1.0,6.863245744170854e-06,0.0,10.960000038146973,383.0052185058594,-123.55235300873336,48.13147076398795
4267,1.0,6.863245744170854e-06,0.0,10.960000038146973,383.0052185058594,-123.55235300873336,48.13147076398795
4268,1.0,6.863245744170854e-06,0.0,10.960000038146973,383.0052185058594,-123.55235300873336,48.13147076398795
4269,1.0,6.863245744170854e-06,0.0,10.960000038146973,383.0052185058594,-123.55235300873336,48.13147076398795
4270,1.0,6.863245744170854e-06,0.0,10.960000038146973,383.0052185058594,-123.55235300873336,48.13147076398795
4271,1.0,6.863245744170854e-06,0.0,10.960000038146973,383.0052185058594,-123.55235300873336,48.13147076398795
4272,1.0,6.863245744170854e-06,0.0,10.960000038146973,383.0052185058594,-123.55235300873336,48.13147076398795
4273,1.0,6.863245744170854e-06,0.0,10.960000038146973,383.0052185058594,-123.55235300873336,48.13147076398795
4274,1.0,6.863245744170854e-06,0.0,10.960000038146973,383.0052185058594,-123.55235300873336,48.13147076398795
4275,0.9739128947257996,0.00024668683181516826,0.0,9.779999732971191,197.77259826660156,-123.55195300873336,48.13147076398795
4276,0.9739128947257996,0.00024668683181516826,0.0,9.779999732971191,197.77259826660156,-123.55195300873336,48.13147076398795
4277,0.9739128947257996,0.00024668683181516826,0.0,9.779999732971191,197.77259826660156,-123.55195300873336,48.13147076398795
4278,0.9739128947257996,0.00024668683181516826,0.0,9.779999732971191,197.77259826660156,-123.55195300873336,48.13147076398795
4279,0.9739128947257996,0.00024668683181516826,0.0,9.779999732971191,197.77259826660156,-123.55195300873336,48.13147076398795
4280,0.9739128947257996,0.00024668683181516826,0.0,9.779999732971191,197.77259826660156,-123.55195300873336,48.13147076398795
4281,0.9739128947257996,0.00024668683181516826,0.0,9.779999732971191,197.77259826660156,-123.55195300873336,48.13147076398795
4282,0.9739128947257996,0.00024668683181516826,0.0,9.779999732971191,197.77259826660156,-123.55195300873336,48.13147076398795
4283,0.9739128947257996,0.00024668683181516826,0.0,9.779999732971191,197.77259826660156,-123.55195300873336,48.13147076398795
4284,0.9739128947257996,0.00024668683181516826,0.0,9.779999732971191,197.77259826660156,-123.55195300873336,48.13147076398795
4285,2.3143616800780364e-08,0.09412544965744019,0.0,9.482322692871094,52.46903991699219,-123.55155300873336,48.13147076398795
4286,2.3143616800780364e-08,0.09412544965744019,0.0,9.482322692871094,52.46903991699219,-123.55155300873336,48.13147076398795
4287,2.3143616800780364e-08,0.09412544965744019,0.0,9.482322692871094,52.46903991699219,-123.55155300873336,48.13147076398795
4288,2.3143616800780364e-08,0.09412544965744019,0.0,9.482322692871094,52.46903991699219,-123.55155300873336,48.13147076398795
4289,2.3143616800780364e-08,0.09412544965744019,0.0,9.482322692871094,52.46903991699219,-123.55155300873336,48.13147076398795
4290,2.3143616800780364e-08,0.09412544965744019,0.0,9.482322692871094,52.46903991699219,-123.55155300873336,48.13147076398795
4291,2.3143616800780364e-08,0.09412544965744019,0.0,9.482322692871094,52.46903991699219,-123.55155300873336,48.13147076398795
4292,2.3143616800780364e-08,0.09412544965744019,0.0,9.482322692871094,52.46903991699219,-123.55155300873336,48.13147076398795
4293,2.3143616800780364e-08,0.09412544965744019,0.0,9.482322692871094,52.46903991699219,-123.55155300873336,48.13147076398795
4294,2.3143616800780364e-08,0.09412544965744019,0.0,9.482322692871094,52.46903991699219,-123.55155300873336,48.13147076398795
4295,0.0,0.0,0.0,0.0,241.66091918945312,-123.55115300873337,48.13147076398795
4296,0.0,0.0,0.0,0.0,241.66091918945312,-123.55115300873337,48.13147076398795
4297,0.0,0.0,0.0,0.0,399.37200927734375,-123.55075300873337,48.13147076398795
4298,0.004712505731731653,0.008793016895651817,1.0,10.470000267028809,51.22499465942383,-123.55795300873335,48.13107076398795
4299,0.004712505731731653,0.008793016895651817,1.0,10.470000267028809,51.22499465942383,-123.55795300873335,48.13107076398795
4300,0.004712505731731653,0.008793016895651817,1.0,10.470000267028809,51.22499465942383,-123.55795300873335,48.13107076398795
4301,0.004712505731731653,0.008793016895651817,1.0,10.470000267028809,51.22499465942383,-123.55795300873335,48.13107076398795
4302,0.004712505731731653,0.008793016895651817,1.0,10.470000267028809,51.22499465942383,-123.55795300873335,48.13107076398795
4303,0.00017813163867685944,0.0011619450524449348,1.0,10.65999984741211,139.08990478515625,-123.55755300873335,48.13107076398795
4304,0.00017813163867685944,0.0011619450524449348,1.0,10.65999984741211,139.08990478515625,-123.55755300873335,48.13107076398795
4305,0.00017813163867685944,0.0011619450524449348,1.0,10.65999984741211,139.08990478515625,-123.55755300873335,48.13107076398795
4306,0.00017813163867685944,0.0011619450524449348,1.0,10.65999984741211,139.08990478515625,-123.55755300873335,48.13107076398795
4307,0.00017813163867685944,0.0011619450524449348,1.0,10.65999984741211,139.08990478515625,-123.55755300873335,48.13107076398795
4308,0.00017813163867685944,0.0011619450524449348,1.0,10.65999984741211,139.08990478515625,-123.55755300873335,48.13107076398795
4309,0.00017813163867685944,0.0011619450524449348,1.0,10.65999984741211,139.08990478515625,-123.55755300873335,48.13107076398795
4310,0.00017813163867685944,0.0011619450524449348,1.0,10.65999984741211,139.08990478515625,-123.55755300873335,48.13107076398795
4311,0.00017813163867685944,0.0011619450524449348,1.0,10.65999984741211,139.08990478515625,-123.55755300873335,48.13107076398795
4312,0.9942662119865417,0.005498296581208706,0.0,9.795026779174805,97.1236343383789,-123.55715300873335,48.13107076398795
4313,0.9942662119865417,0.005498296581208706,0.0,9.795026779174805,97.1236343383789,-123.55715300873335,48.13107076398795
4314,0.9942662119865417,0.005498296581208706,0.0,9.795026779174805,97.1236343383789,-123.55715300873335,48.13107076398795
4315,0.9942662119865417,0.005498296581208706,0.0,9.795026779174805,97.1236343383789,-123.55715300873335,48.13107076398795
4316,0.9942662119865417,0.005498296581208706,0.0,9.795026779174805,97.1236343383789,-123.55715300873335,48.13107076398795
4317,0.9942662119865417,0.005498296581208706,0.0,9.795026779174805,97.1236343383789,-123.55715300873335,48.13107076398795
4318,0.9942662119865417,0.005498296581208706,0.0,9.795026779174805,97.1236343383789,-123.55715300873335,48.13107076398795
4319,0.9942662119865417,0.005498296581208706,0.0,9.795026779174805,97.1236343383789,-123.55715300873335,48.13107076398795
4320,0.9942662119865417,0.005498296581208706,0.0,9.795026779174805,97.1236343383789,-123.55715300873335,48.13107076398795
4321,0.9942662119865417,0.005498296581208706,0.0,9.795026779174805,97.1236343383789,-123.55715300873335,48.13107076398795
4322,0.9999980926513672,7.31206382624805e-05,0.0,11.260000228881836,343.9186096191406,-123.55675300873335,48.13107076398795
4323,0.9999980926513672,7.31206382624805e-05,0.0,11.260000228881836,343.9186096191406,-123.55675300873335,48.13107076398795
4324,0.9999980926513672,7.31206382624805e-05,0.0,11.260000228881836,343.9186096191406,-123.55675300873335,48.13107076398795
4325,0.9999980926513672,7.31206382624805e-05,0.0,11.260000228881836,343.9186096191406,-123.55675300873335,48.13107076398795
4326,0.9999980926513672,7.31206382624805e-05,0.0,11.260000228881836,343.9186096191406,-123.55675300873335,48.13107076398795
4327,0.9999980926513672,7.31206382624805e-05,0.0,11.260000228881836,343.9186096191406,-123.55675300873335,48.13107076398795
4328,0.9999980926513672,7.31206382624805e-05,0.0,11.260000228881836,343.9186096191406,-123.55675300873335,48.13107076398795
4329,0.9999980926513672,7.31206382624805e-05,0.0,11.260000228881836,343.9186096191406,-123.55675300873335,48.13107076398795
4330,0.9999980926513672,7.31206382624805e-05,0.0,11.260000228881836,343.9186096191406,-123.55675300873335,48.13107076398795
4331,0.9999980926513672,7.31206382624805e-05,0.0,11.260000228881836,343.9186096191406,-123.55675300873335,48.13107076398795
4332,0.9999982118606567,8.780122880125418e-05,0.0,11.489999771118164,590.69873046875,-123.55635300873335,48.13107076398795
4333,0.9999982118606567,8.780122880125418e-05,0.0,11.489999771118164,590.69873046875,-123.55635300873335,48.13107076398795
4334,0.9999982118606567,8.780122880125418e-05,0.0,11.489999771118164,590.69873046875,-123.55635300873335,48.13107076398795
4335,0.9999982118606567,8.780122880125418e-05,0.0,11.489999771118164,590.69873046875,-123.55635300873335,48.13107076398795
4336,0.9999982118606567,8.780122880125418e-05,0.0,11.489999771118164,590.69873046875,-123.55635300873335,48.13107076398795
4337,0.9999982118606567,8.780122880125418e-05,0.0,11.489999771118164,590.69873046875,-123.55635300873335,48.13107076398795
4338,0.9999982118606567,8.780122880125418e-05,0.0,11.489999771118164,590.69873046875,-123.55635300873335,48.13107076398795
4339,0.9999982118606567,8.780122880125418e-05,0.0,11.489999771118164,590.69873046875,-123.55635300873335,48.13107076398795
4340,0.9999982118606567,8.780122880125418e-05,0.0,11.489999771118164,590.69873046875,-123.55635300873335,48.13107076398795
4341,0.9999982118606567,8.780122880125418e-05,0.0,11.489999771118164,590.69873046875,-123.55635300873335,48.13107076398795
4342,0.9999841451644897,0.000862841319758445,0.0,12.09000015258789,826.2808227539062,-123.55595300873335,48.13107076398795
4343,0.9999841451644897,0.000862841319758445,0.0,12.09000015258789,826.2808227539062,-123.55595300873335,48.13107076398795
4344,0.9999841451644897,0.000862841319758445,0.0,12.09000015258789,826.2808227539062,-123.55595300873335,48.13107076398795
4345,0.9999841451644897,0.000862841319758445,0.0,12.09000015258789,826.2808227539062,-123.55595300873335,48.13107076398795
4346,0.9999841451644897,0.000862841319758445,0.0,12.09000015258789,826.2808227539062,-123.55595300873335,48.13107076398795
4347,0.9999841451644897,0.000862841319758445,0.0,12.09000015258789,826.2808227539062,-123.55595300873335,48.13107076398795
4348,0.9999841451644897,0.000862841319758445,0.0,12.09000015258789,826.2808227539062,-123.55595300873335,48.13107076398795
4349,0.9999841451644897,0.000862841319758445,0.0,12.09000015258789,826.2808227539062,-123.55595300873335,48.13107076398795
4350,0.9999841451644897,0.000862841319758445,0.0,12.09000015258789,826.2808227539062,-123.55595300873335,48.13107076398795
4351,0.9999841451644897,0.000862841319758445,0.0,12.09000015258789,826.2808227539062,-123.55595300873335,48.13107076398795
4352,0.9999994039535522,2.3465026970370673e-05,0.0,10.989999771118164,685.4407348632812,-123.55555300873336,48.13107076398795
4353,0.9999994039535522,2.3465026970370673e-05,0.0,10.989999771118164,685.4407348632812,-123.55555300873336,48.13107076398795
4354,0.9999994039535522,2.3465026970370673e-05,0.0,10.989999771118164,685.4407348632812,-123.55555300873336,48.13107076398795
4355,0.9999994039535522,2.3465026970370673e-05,0.0,10.989999771118164,685.4407348632812,-123.55555300873336,48.13107076398795
4356,0.9999994039535522,2.3465026970370673e-05,0.0,10.989999771118164,685.4407348632812,-123.55555300873336,48.13107076398795
4357,0.9999994039535522,2.3465026970370673e-05,0.0,10.989999771118164,685.4407348632812,-123.55555300873336,48.13107076398795
4358,0.9999994039535522,2.3465026970370673e-05,0.0,10.989999771118164,685.4407348632812,-123.55555300873336,48.13107076398795
4359,0.9999994039535522,2.3465026970370673e-05,0.0,10.989999771118164,685.4407348632812,-123.55555300873336,48.13107076398795
4360,0.9999994039535522,2.3465026970370673e-05,0.0,10.989999771118164,685.4407348632812,-123.55555300873336,48.13107076398795
4361,0.9999994039535522,2.3465026970370673e-05,0.0,10.989999771118164,685.4407348632812,-123.55555300873336,48.13107076398795
4362,0.999997615814209,1.1227654795220587e-05,0.0,11.40999984741211,603.1624755859375,-123.55515300873336,48.13107076398795
4363,0.999997615814209,1.1227654795220587e-05,0.0,11.40999984741211,603.1624755859375,-123.55515300873336,48.13107076398795
4364,0.999997615814209,1.1227654795220587e-05,0.0,11.40999984741211,603.1624755859375,-123.55515300873336,48.13107076398795
4365,0.999997615814209,1.1227654795220587e-05,0.0,11.40999984741211,603.1624755859375,-123.55515300873336,48.13107076398795
4366,0.999997615814209,1.1227654795220587e-05,0.0,11.40999984741211,603.1624755859375,-123.55515300873336,48.13107076398795
4367,0.999997615814209,1.1227654795220587e-05,0.0,11.40999984741211,603.1624755859375,-123.55515300873336,48.13107076398795
4368,0.999997615814209,1.1227654795220587e-05,0.0,11.40999984741211,603.1624755859375,-123.55515300873336,48.13107076398795
4369,0.999997615814209,1.1227654795220587e-05,0.0,11.40999984741211,603.1624755859375,-123.55515300873336,48.13107076398795
4370,0.999997615814209,1.1227654795220587e-05,0.0,11.40999984741211,603.1624755859375,-123.55515300873336,48.13107076398795
4371,0.999997615814209,1.1227654795220587e-05,0.0,11.40999984741211,603.1624755859375,-123.55515300873336,48.13107076398795
4372,0.9999986886978149,4.748209175886586e-05,0.0,11.300000190734863,574.4501953125,-123.55475300873336,48.13107076398795
4373,0.9999986886978149,4.748209175886586e-05,0.0,11.300000190734863,574.4501953125,-123.55475300873336,48.13107076398795
4374,0.9999986886978149,4.748209175886586e-05,0.0,11.300000190734863,574.4501953125,-123.55475300873336,48.13107076398795
4375,0.9999986886978149,4.748209175886586e-05,0.0,11.300000190734863,574.4501953125,-123.55475300873336,48.13107076398795
4376,0.9999986886978149,4.748209175886586e-05,0.0,11.300000190734863,574.4501953125,-123.55475300873336,48.13107076398795
4377,0.9999986886978149,4.748209175886586e-05,0.0,11.300000190734863,574.4501953125,-123.55475300873336,48.13107076398795
4378,0.9999986886978149,4.748209175886586e-05,0.0,11.300000190734863,574.4501953125,-123.55475300873336,48.13107076398795
4379,0.9999986886978149,4.748209175886586e-05,0.0,11.300000190734863,574.4501953125,-123.55475300873336,48.13107076398795
4380,0.9999986886978149,4.748209175886586e-05,0.0,11.300000190734863,574.4501953125,-123.55475300873336,48.13107076398795
4381,0.9999986886978149,4.748209175886586e-05,0.0,11.300000190734863,574.4501953125,-123.55475300873336,48.13107076398795
4382,0.9999994039535522,1.7616765035199933e-05,0.0,11.210000038146973,549.0719604492188,-123.55435300873336,48.13107076398795
4383,0.9999994039535522,1.7616765035199933e-05,0.0,11.210000038146973,549.0719604492188,-123.55435300873336,48.13107076398795
4384,0.9999994039535522,1.7616765035199933e-05,0.0,11.210000038146973,549.0719604492188,-123.55435300873336,48.13107076398795
4385,0.9999994039535522,1.7616765035199933e-05,0.0,11.210000038146973,549.0719604492188,-123.55435300873336,48.13107076398795
4386,0.9999994039535522,1.7616765035199933e-05,0.0,11.210000038146973,549.0719604492188,-123.55435300873336,48.13107076398795
4387,0.9999994039535522,1.7616765035199933e-05,0.0,11.210000038146973,549.0719604492188,-123.55435300873336,48.13107076398795
4388,0.9999994039535522,1.7616765035199933e-05,0.0,11.210000038146973,549.0719604492188,-123.55435300873336,48.13107076398795
4389,0.9999994039535522,1.7616765035199933e-05,0.0,11.210000038146973,549.0719604492188,-123.55435300873336,48.13107076398795
4390,0.9999994039535522,1.7616765035199933e-05,0.0,11.210000038146973,549.0719604492188,-123.55435300873336,48.13107076398795
4391,0.9999994039535522,1.7616765035199933e-05,0.0,11.210000038146973,549.0719604492188,-123.55435300873336,48.13107076398795
4392,0.9995423555374146,8.693345444044098e-05,0.0,11.359999656677246,518.3685913085938,-123.55395300873336,48.13107076398795
4393,0.9995423555374146,8.693345444044098e-05,0.0,11.359999656677246,518.3685913085938,-123.55395300873336,48.13107076398795
4394,0.9995423555374146,8.693345444044098e-05,0.0,11.359999656677246,518.3685913085938,-123.55395300873336,48.13107076398795
4395,0.9995423555374146,8.693345444044098e-05,0.0,11.359999656677246,518.3685913085938,-123.55395300873336,48.13107076398795
4396,0.9995423555374146,8.693345444044098e-05,0.0,11.359999656677246,518.3685913085938,-123.55395300873336,48.13107076398795
4397,0.9995423555374146,8.693345444044098e-05,0.0,11.359999656677246,518.3685913085938,-123.55395300873336,48.13107076398795
4398,0.9995423555374146,8.693345444044098e-05,0.0,11.359999656677246,518.3685913085938,-123.55395300873336,48.13107076398795
4399,0.9995423555374146,8.693345444044098e-05,0.0,11.359999656677246,518.3685913085938,-123.55395300873336,48.13107076398795
4400,0.9995423555374146,8.693345444044098e-05,0.0,11.359999656677246,518.3685913085938,-123.55395300873336,48.13107076398795
4401,0.9995423555374146,8.693345444044098e-05,0.0,11.359999656677246,518.3685913085938,-123.55395300873336,48.13107076398795
4402,0.9999998807907104,1.3521656910597812e-05,0.0,10.880000114440918,513.3663330078125,-123.55355300873336,48.13107076398795
4403,0.9999998807907104,1.3521656910597812e-05,0.0,10.880000114440918,513.3663330078125,-123.55355300873336,48.13107076398795
4404,0.9999998807907104,1.3521656910597812e-05,0.0,10.880000114440918,513.3663330078125,-123.55355300873336,48.13107076398795
4405,0.9999998807907104,1.3521656910597812e-05,0.0,10.880000114440918,513.3663330078125,-123.55355300873336,48.13107076398795
4406,0.9999998807907104,1.3521656910597812e-05,0.0,10.880000114440918,513.3663330078125,-123.55355300873336,48.13107076398795
4407,0.9999998807907104,1.3521656910597812e-05,0.0,10.880000114440918,513.3663330078125,-123.55355300873336,48.13107076398795
4408,0.9999998807907104,1.3521656910597812e-05,0.0,10.880000114440918,513.3663330078125,-123.55355300873336,48.13107076398795
4409,0.9999998807907104,1.3521656910597812e-05,0.0,10.880000114440918,513.3663330078125,-123.55355300873336,48.13107076398795
4410,0.9999998807907104,1.3521656910597812e-05,0.0,10.880000114440918,513.3663330078125,-123.55355300873336,48.13107076398795
4411,0.9999998807907104,1.3521656910597812e-05,0.0,10.880000114440918,513.3663330078125,-123.55355300873336,48.13107076398795
4412,0.9999951124191284,5.722392597817816e-05,0.0,10.779999732971191,392.5009460449219,-123.55315300873336,48.13107076398795
4413,0.9999951124191284,5.722392597817816e-05,0.0,10.779999732971191,392.5009460449219,-123.55315300873336,48.13107076398795
4414,0.9999951124191284,5.722392597817816e-05,0.0,10.779999732971191,392.5009460449219,-123.55315300873336,48.13107076398795
4415,0.9999951124191284,5.722392597817816e-05,0.0,10.779999732971191,392.5009460449219,-123.55315300873336,48.13107076398795
4416,0.9999951124191284,5.722392597817816e-05,0.0,10.779999732971191,392.5009460449219,-123.55315300873336,48.13107076398795
4417,0.9999951124191284,5.722392597817816e-05,0.0,10.779999732971191,392.5009460449219,-123.55315300873336,48.13107076398795
4418,0.9999951124191284,5.722392597817816e-05,0.0,10.779999732971191,392.5009460449219,-123.55315300873336,48.13107076398795
4419,0.9999951124191284,5.722392597817816e-05,0.0,10.779999732971191,392.5009460449219,-123.55315300873336,48.13107076398795
4420,0.9999951124191284,5.722392597817816e-05,0.0,10.779999732971191,392.5009460449219,-123.55315300873336,48.13107076398795
4421,0.9999951124191284,5.722392597817816e-05,0.0,10.779999732971191,392.5009460449219,-123.55315300873336,48.13107076398795
4422,0.9999992847442627,1.3938545635028277e-05,0.0,10.34000015258789,275.0363464355469,-123.55275300873336,48.13107076398795
4423,0.9999992847442627,1.3938545635028277e-05,0.0,10.34000015258789,275.0363464355469,-123.55275300873336,48.13107076398795
4424,0.9999992847442627,1.3938545635028277e-05,0.0,10.34000015258789,275.0363464355469,-123.55275300873336,48.13107076398795
4425,0.9999992847442627,1.3938545635028277e-05,0.0,10.34000015258789,275.0363464355469,-123.55275300873336,48.13107076398795
4426,0.9999992847442627,1.3938545635028277e-05,0.0,10.34000015258789,275.0363464355469,-123.55275300873336,48.13107076398795
4427,0.9999992847442627,1.3938545635028277e-05,0.0,10.34000015258789,275.0363464355469,-123.55275300873336,48.13107076398795
4428,0.9999992847442627,1.3938545635028277e-05,0.0,10.34000015258789,275.0363464355469,-123.55275300873336,48.13107076398795
4429,0.9999992847442627,1.3938545635028277e-05,0.0,10.34000015258789,275.0363464355469,-123.55275300873336,48.13107076398795
4430,0.9999992847442627,1.3938545635028277e-05,0.0,10.34000015258789,275.0363464355469,-123.55275300873336,48.13107076398795
4431,0.9999992847442627,1.3938545635028277e-05,0.0,10.34000015258789,275.0363464355469,-123.55275300873336,48.13107076398795
4432,0.9929229021072388,1.4472709153778851e-05,0.0,9.600000381469727,159.2984619140625,-123.55235300873336,48.13107076398795
4433,0.9929229021072388,1.4472709153778851e-05,0.0,9.600000381469727,159.2984619140625,-123.55235300873336,48.13107076398795
4434,0.9929229021072388,1.4472709153778851e-05,0.0,9.600000381469727,159.2984619140625,-123.55235300873336,48.13107076398795
4435,0.9929229021072388,1.4472709153778851e-05,0.0,9.600000381469727,159.2984619140625,-123.55235300873336,48.13107076398795
4436,0.9929229021072388,1.4472709153778851e-05,0.0,9.600000381469727,159.2984619140625,-123.55235300873336,48.13107076398795
4437,0.9929229021072388,1.4472709153778851e-05,0.0,9.600000381469727,159.2984619140625,-123.55235300873336,48.13107076398795
4438,0.9929229021072388,1.4472709153778851e-05,0.0,9.600000381469727,159.2984619140625,-123.55235300873336,48.13107076398795
4439,0.9929229021072388,1.4472709153778851e-05,0.0,9.600000381469727,159.2984619140625,-123.55235300873336,48.13107076398795
4440,0.9929229021072388,1.4472709153778851e-05,0.0,9.600000381469727,159.2984619140625,-123.55235300873336,48.13107076398795
4441,0.9929229021072388,1.4472709153778851e-05,0.0,9.600000381469727,159.2984619140625,-123.55235300873336,48.13107076398795
4442,2.6658785827748943e-06,0.016573991626501083,0.0,9.459160804748535,33.941123962402344,-123.55195300873336,48.13107076398795
4443,2.6658785827748943e-06,0.016573991626501083,0.0,9.459160804748535,33.941123962402344,-123.55195300873336,48.13107076398795
4444,2.6658785827748943e-06,0.016573991626501083,0.0,9.459160804748535,33.941123962402344,-123.55195300873336,48.13107076398795
4445,2.6658785827748943e-06,0.016573991626501083,0.0,9.459160804748535,33.941123962402344,-123.55195300873336,48.13107076398795
4446,2.6658785827748943e-06,0.016573991626501083,0.0,9.459160804748535,33.941123962402344,-123.55195300873336,48.13107076398795
4447,2.6658785827748943e-06,0.016573991626501083,0.0,9.459160804748535,33.941123962402344,-123.55195300873336,48.13107076398795
4448,2.6658785827748943e-06,0.016573991626501083,0.0,9.459160804748535,33.941123962402344,-123.55195300873336,48.13107076398795
4449,2.6658785827748943e-06,0.016573991626501083,0.0,9.459160804748535,33.941123962402344,-123.55195300873336,48.13107076398795
4450,2.6658785827748943e-06,0.016573991626501083,0.0,9.459160804748535,33.941123962402344,-123.55195300873336,48.13107076398795
4451,2.6658785827748943e-06,0.016573991626501083,0.0,9.459160804748535,33.941123962402344,-123.55195300873336,48.13107076398795
4452,0.0,0.0,0.0,0.0,150.0733184814453,-123.55155300873336,48.13107076398795
4453,0.0,0.0,0.0,0.0,150.0733184814453,-123.55155300873336,48.13107076398795
4454,0.0,0.0,0.0,0.0,759.0026245117188,-123.55035300873337,48.13107076398795
4455,1.2093376426491886e-05,0.013601329177618027,0.0,11.149703979492188,171.18702697753906,-123.55795300873335,48.13067076398795
4456,1.2093376426491886e-05,0.013601329177618027,0.0,11.149703979492188,171.18702697753906,-123.55795300873335,48.13067076398795
4457,1.2093376426491886e-05,0.013601329177618027,0.0,11.149703979492188,171.18702697753906,-123.55795300873335,48.13067076398795
4458,1.2093376426491886e-05,0.013601329177618027,0.0,11.149703979492188,171.18702697753906,-123.55795300873335,48.13067076398795
4459,1.2093376426491886e-05,0.013601329177618027,0.0,11.149703979492188,171.18702697753906,-123.55795300873335,48.13067076398795
4460,1.2093376426491886e-05,0.013601329177618027,0.0,11.149703979492188,171.18702697753906,-123.55795300873335,48.13067076398795
4461,1.2093376426491886e-05,0.013601329177618027,0.0,11.149703979492188,171.18702697753906,-123.55795300873335,48.13067076398795
4462,1.2093376426491886e-05,0.013601329177618027,0.0,11.149703979492188,171.18702697753906,-123.55795300873335,48.13067076398795
4463,7.566185189489261e-08,0.9998942613601685,0.0,10.733543395996094,3.605551242828369,-123.55755300873335,48.13067076398795
4464,7.566185189489261e-08,0.9998942613601685,0.0,10.733543395996094,3.605551242828369,-123.55755300873335,48.13067076398795
4465,7.566185189489261e-08,0.9998942613601685,0.0,10.733543395996094,3.605551242828369,-123.55755300873335,48.13067076398795
4466,7.566185189489261e-08,0.9998942613601685,0.0,10.733543395996094,3.605551242828369,-123.55755300873335,48.13067076398795
4467,7.566185189489261e-08,0.9998942613601685,0.0,10.733543395996094,3.605551242828369,-123.55755300873335,48.13067076398795
4468,7.566185189489261e-08,0.9998942613601685,0.0,10.733543395996094,3.605551242828369,-123.55755300873335,48.13067076398795
4469,7.566185189489261e-08,0.9998942613601685,0.0,10.733543395996094,3.605551242828369,-123.55755300873335,48.13067076398795
4470,7.566185189489261e-08,0.9998942613601685,0.0,10.733543395996094,3.605551242828369,-123.55755300873335,48.13067076398795
4471,7.566185189489261e-08,0.9998942613601685,0.0,10.733543395996094,3.605551242828369,-123.55755300873335,48.13067076398795
4472,7.566185189489261e-08,0.9998942613601685,0.0,10.733543395996094,3.605551242828369,-123.55755300873335,48.13067076398795
4473,0.9997974038124084,0.0008135088719427586,0.0,12.029999732971191,201.91087341308594,-123.55715300873335,48.13067076398795
4474,0.9997974038124084,0.0008135088719427586,0.0,12.029999732971191,201.91087341308594,-123.55715300873335,48.13067076398795
4475,0.9997974038124084,0.0008135088719427586,0.0,12.029999732971191,201.91087341308594,-123.55715300873335,48.13067076398795
4476,0.9997974038124084,0.0008135088719427586,0.0,12.029999732971191,201.91087341308594,-123.55715300873335,48.13067076398795
4477,0.9997974038124084,0.0008135088719427586,0.0,12.029999732971191,201.91087341308594,-123.55715300873335,48.13067076398795
4478,0.9997974038124084,0.0008135088719427586,0.0,12.029999732971191,201.91087341308594,-123.55715300873335,48.13067076398795
4479,0.9997974038124084,0.0008135088719427586,0.0,12.029999732971191,201.91087341308594,-123.55715300873335,48.13067076398795
4480,0.9997974038124084,0.0008135088719427586,0.0,12.029999732971191,201.91087341308594,-123.55715300873335,48.13067076398795
4481,0.9997974038124084,0.0008135088719427586,0.0,12.029999732971191,201.91087341308594,-123.55715300873335,48.13067076398795
4482,0.9997974038124084,0.0008135088719427586,0.0,12.029999732971191,201.91087341308594,-123.55715300873335,48.13067076398795
4483,0.9999978542327881,4.923542292090133e-05,0.0,11.75,429.77435302734375,-123.55675300873335,48.13067076398795
4484,0.9999978542327881,4.923542292090133e-05,0.0,11.75,429.77435302734375,-123.55675300873335,48.13067076398795
4485,0.9999978542327881,4.923542292090133e-05,0.0,11.75,429.77435302734375,-123.55675300873335,48.13067076398795
4486,0.9999978542327881,4.923542292090133e-05,0.0,11.75,429.77435302734375,-123.55675300873335,48.13067076398795
4487,0.9999978542327881,4.923542292090133e-05,0.0,11.75,429.77435302734375,-123.55675300873335,48.13067076398795
4488,0.9999978542327881,4.923542292090133e-05,0.0,11.75,429.77435302734375,-123.55675300873335,48.13067076398795
4489,0.9999978542327881,4.923542292090133e-05,0.0,11.75,429.77435302734375,-123.55675300873335,48.13067076398795
4490,0.9999978542327881,4.923542292090133e-05,0.0,11.75,429.77435302734375,-123.55675300873335,48.13067076398795
4491,0.9999978542327881,4.923542292090133e-05,0.0,11.75,429.77435302734375,-123.55675300873335,48.13067076398795
4492,0.9999978542327881,4.923542292090133e-05,0.0,11.75,429.77435302734375,-123.55675300873335,48.13067076398795
4493,0.9999954700469971,0.00041479369974695146,0.0,11.9399995803833,633.411376953125,-123.55635300873335,48.13067076398795
4494,0.9999954700469971,0.00041479369974695146,0.0,11.9399995803833,633.411376953125,-123.55635300873335,48.13067076398795
4495,0.9999954700469971,0.00041479369974695146,0.0,11.9399995803833,633.411376953125,-123.55635300873335,48.13067076398795
4496,0.9999954700469971,0.00041479369974695146,0.0,11.9399995803833,633.411376953125,-123.55635300873335,48.13067076398795
4497,0.9999954700469971,0.00041479369974695146,0.0,11.9399995803833,633.411376953125,-123.55635300873335,48.13067076398795
4498,0.9999954700469971,0.00041479369974695146,0.0,11.9399995803833,633.411376953125,-123.55635300873335,48.13067076398795
4499,0.9999954700469971,0.00041479369974695146,0.0,11.9399995803833,633.411376953125,-123.55635300873335,48.13067076398795
4500,0.9999954700469971,0.00041479369974695146,0.0,11.9399995803833,633.411376953125,-123.55635300873335,48.13067076398795
4501,0.9999954700469971,0.00041479369974695146,0.0,11.9399995803833,633.411376953125,-123.55635300873335,48.13067076398795
4502,0.9999954700469971,0.00041479369974695146,0.0,11.9399995803833,633.411376953125,-123.55635300873335,48.13067076398795
4503,0.9995261430740356,0.0001544156257295981,0.0,12.220000267028809,573.5817260742188,-123.55595300873335,48.13067076398795
4504,0.9995261430740356,0.0001544156257295981,0.0,12.220000267028809,573.5817260742188,-123.55595300873335,48.13067076398795
4505,0.9995261430740356,0.0001544156257295981,0.0,12.220000267028809,573.5817260742188,-123.55595300873335,48.13067076398795
4506,0.9995261430740356,0.0001544156257295981,0.0,12.220000267028809,573.5817260742188,-123.55595300873335,48.13067076398795
4507,0.9995261430740356,0.0001544156257295981,0.0,12.220000267028809,573.5817260742188,-123.55595300873335,48.13067076398795
4508,0.9995261430740356,0.0001544156257295981,0.0,12.220000267028809,573.5817260742188,-123.55595300873335,48.13067076398795
4509,0.9995261430740356,0.0001544156257295981,0.0,12.220000267028809,573.5817260742188,-123.55595300873335,48.13067076398795
4510,0.9995261430740356,0.0001544156257295981,0.0,12.220000267028809,573.5817260742188,-123.55595300873335,48.13067076398795
4511,0.9995261430740356,0.0001544156257295981,0.0,12.220000267028809,573.5817260742188,-123.55595300873335,48.13067076398795
4512,0.9995261430740356,0.0001544156257295981,0.0,12.220000267028809,573.5817260742188,-123.55595300873335,48.13067076398795
4513,0.9999914169311523,1.7490910977358e-05,0.0,11.779999732971191,479.4256896972656,-123.55555300873336,48.13067076398795
4514,0.9999914169311523,1.7490910977358e-05,0.0,11.779999732971191,479.4256896972656,-123.55555300873336,48.13067076398795
4515,0.9999914169311523,1.7490910977358e-05,0.0,11.779999732971191,479.4256896972656,-123.55555300873336,48.13067076398795
4516,0.9999914169311523,1.7490910977358e-05,0.0,11.779999732971191,479.4256896972656,-123.55555300873336,48.13067076398795
4517,0.9999914169311523,1.7490910977358e-05,0.0,11.779999732971191,479.4256896972656,-123.55555300873336,48.13067076398795
4518,0.9999914169311523,1.7490910977358e-05,0.0,11.779999732971191,479.4256896972656,-123.55555300873336,48.13067076398795
4519,0.9999914169311523,1.7490910977358e-05,0.0,11.779999732971191,479.4256896972656,-123.55555300873336,48.13067076398795
4520,0.9999914169311523,1.7490910977358e-05,0.0,11.779999732971191,479.4256896972656,-123.55555300873336,48.13067076398795
4521,0.9999914169311523,1.7490910977358e-05,0.0,11.779999732971191,479.4256896972656,-123.55555300873336,48.13067076398795
4522,0.9999914169311523,1.7490910977358e-05,0.0,11.779999732971191,479.4256896972656,-123.55555300873336,48.13067076398795
4523,0.9999974966049194,2.93821776722325e-05,0.0,11.6899995803833,353.4076843261719,-123.55515300873336,48.13067076398795
4524,0.9999974966049194,2.93821776722325e-05,0.0,11.6899995803833,353.4076843261719,-123.55515300873336,48.13067076398795
4525,0.9999974966049194,2.93821776722325e-05,0.0,11.6899995803833,353.4076843261719,-123.55515300873336,48.13067076398795
4526,0.9999974966049194,2.93821776722325e-05,0.0,11.6899995803833,353.4076843261719,-123.55515300873336,48.13067076398795
4527,0.9999974966049194,2.93821776722325e-05,0.0,11.6899995803833,353.4076843261719,-123.55515300873336,48.13067076398795
4528,0.9999974966049194,2.93821776722325e-05,0.0,11.6899995803833,353.4076843261719,-123.55515300873336,48.13067076398795
4529,0.9999974966049194,2.93821776722325e-05,0.0,11.6899995803833,353.4076843261719,-123.55515300873336,48.13067076398795
4530,0.9999974966049194,2.93821776722325e-05,0.0,11.6899995803833,353.4076843261719,-123.55515300873336,48.13067076398795
4531,0.9999974966049194,2.93821776722325e-05,0.0,11.6899995803833,353.4076843261719,-123.55515300873336,48.13067076398795
4532,0.9999974966049194,2.93821776722325e-05,0.0,11.6899995803833,353.4076843261719,-123.55515300873336,48.13067076398795
4533,0.9999958276748657,3.937298970413394e-05,0.0,11.949999809265137,321.6970520019531,-123.55475300873336,48.13067076398795
4534,0.9999958276748657,3.937298970413394e-05,0.0,11.949999809265137,321.6970520019531,-123.55475300873336,48.13067076398795
4535,0.9999958276748657,3.937298970413394e-05,0.0,11.949999809265137,321.6970520019531,-123.55475300873336,48.13067076398795
4536,0.9999958276748657,3.937298970413394e-05,0.0,11.949999809265137,321.6970520019531,-123.55475300873336,48.13067076398795
4537,0.9999958276748657,3.937298970413394e-05,0.0,11.949999809265137,321.6970520019531,-123.55475300873336,48.13067076398795
4538,0.9999958276748657,3.937298970413394e-05,0.0,11.949999809265137,321.6970520019531,-123.55475300873336,48.13067076398795
4539,0.9999958276748657,3.937298970413394e-05,0.0,11.949999809265137,321.6970520019531,-123.55475300873336,48.13067076398795
4540,0.9999958276748657,3.937298970413394e-05,0.0,11.949999809265137,321.6970520019531,-123.55475300873336,48.13067076398795
4541,0.9999958276748657,3.937298970413394e-05,0.0,11.949999809265137,321.6970520019531,-123.55475300873336,48.13067076398795
4542,0.9999958276748657,3.937298970413394e-05,0.0,11.949999809265137,321.6970520019531,-123.55475300873336,48.13067076398795
4543,0.999998927116394,1.0222291166428477e-05,0.0,11.930000305175781,296.9528503417969,-123.55435300873336,48.13067076398795
4544,0.999998927116394,1.0222291166428477e-05,0.0,11.930000305175781,296.9528503417969,-123.55435300873336,48.13067076398795
4545,0.999998927116394,1.0222291166428477e-05,0.0,11.930000305175781,296.9528503417969,-123.55435300873336,48.13067076398795
4546,0.999998927116394,1.0222291166428477e-05,0.0,11.930000305175781,296.9528503417969,-123.55435300873336,48.13067076398795
4547,0.999998927116394,1.0222291166428477e-05,0.0,11.930000305175781,296.9528503417969,-123.55435300873336,48.13067076398795
4548,0.999998927116394,1.0222291166428477e-05,0.0,11.930000305175781,296.9528503417969,-123.55435300873336,48.13067076398795
4549,0.999998927116394,1.0222291166428477e-05,0.0,11.930000305175781,296.9528503417969,-123.55435300873336,48.13067076398795
4550,0.999998927116394,1.0222291166428477e-05,0.0,11.930000305175781,296.9528503417969,-123.55435300873336,48.13067076398795
4551,0.999998927116394,1.0222291166428477e-05,0.0,11.930000305175781,296.9528503417969,-123.55435300873336,48.13067076398795
4552,0.999998927116394,1.0222291166428477e-05,0.0,11.930000305175781,296.9528503417969,-123.55435300873336,48.13067076398795
4553,0.9996351003646851,6.526566721731797e-05,0.0,11.25,266.2724304199219,-123.55395300873336,48.13067076398795
4554,0.9996351003646851,6.526566721731797e-05,0.0,11.25,266.2724304199219,-123.55395300873336,48.13067076398795
4555,0.9996351003646851,6.526566721731797e-05,0.0,11.25,266.2724304199219,-123.55395300873336,48.13067076398795
4556,0.9996351003646851,6.526566721731797e-05,0.0,11.25,266.2724304199219,-123.55395300873336,48.13067076398795
4557,0.9996351003646851,6.526566721731797e-05,0.0,11.25,266.2724304199219,-123.55395300873336,48.13067076398795
4558,0.9996351003646851,6.526566721731797e-05,0.0,11.25,266.2724304199219,-123.55395300873336,48.13067076398795
4559,0.9996351003646851,6.526566721731797e-05,0.0,11.25,266.2724304199219,-123.55395300873336,48.13067076398795
4560,0.9996351003646851,6.526566721731797e-05,0.0,11.25,266.2724304199219,-123.55395300873336,48.13067076398795
4561,0.9996351003646851,6.526566721731797e-05,0.0,11.25,266.2724304199219,-123.55395300873336,48.13067076398795
4562,0.9996351003646851,6.526566721731797e-05,0.0,11.25,266.2724304199219,-123.55395300873336,48.13067076398795
4563,0.9999873638153076,1.5008995433163363e-05,0.0,11.170000076293945,260.0,-123.55355300873336,48.13067076398795
4564,0.9999873638153076,1.5008995433163363e-05,0.0,11.170000076293945,260.0,-123.55355300873336,48.13067076398795
4565,0.9999873638153076,1.5008995433163363e-05,0.0,11.170000076293945,260.0,-123.55355300873336,48.13067076398795
4566,0.9999873638153076,1.5008995433163363e-05,0.0,11.170000076293945,260.0,-123.55355300873336,48.13067076398795
4567,0.9999873638153076,1.5008995433163363e-05,0.0,11.170000076293945,260.0,-123.55355300873336,48.13067076398795
4568,0.9999873638153076,1.5008995433163363e-05,0.0,11.170000076293945,260.0,-123.55355300873336,48.13067076398795
4569,0.9999873638153076,1.5008995433163363e-05,0.0,11.170000076293945,260.0,-123.55355300873336,48.13067076398795
4570,0.9999873638153076,1.5008995433163363e-05,0.0,11.170000076293945,260.0,-123.55355300873336,48.13067076398795
4571,0.9999873638153076,1.5008995433163363e-05,0.0,11.170000076293945,260.0,-123.55355300873336,48.13067076398795
4572,0.9999873638153076,1.5008995433163363e-05,0.0,11.170000076293945,260.0,-123.55355300873336,48.13067076398795
4573,1.0,7.639001523784827e-06,0.0,10.399999618530273,170.41712951660156,-123.55315300873336,48.13067076398795
4574,1.0,7.639001523784827e-06,0.0,10.399999618530273,170.41712951660156,-123.55315300873336,48.13067076398795
4575,1.0,7.639001523784827e-06,0.0,10.399999618530273,170.41712951660156,-123.55315300873336,48.13067076398795
4576,1.0,7.639001523784827e-06,0.0,10.399999618530273,170.41712951660156,-123.55315300873336,48.13067076398795
4577,1.0,7.639001523784827e-06,0.0,10.399999618530273,170.41712951660156,-123.55315300873336,48.13067076398795
4578,1.0,7.639001523784827e-06,0.0,10.399999618530273,170.41712951660156,-123.55315300873336,48.13067076398795
4579,1.0,7.639001523784827e-06,0.0,10.399999618530273,170.41712951660156,-123.55315300873336,48.13067076398795
4580,1.0,7.639001523784827e-06,0.0,10.399999618530273,170.41712951660156,-123.55315300873336,48.13067076398795
4581,1.0,7.639001523784827e-06,0.0,10.399999618530273,170.41712951660156,-123.55315300873336,48.13067076398795
4582,1.0,7.639001523784827e-06,0.0,10.399999618530273,170.41712951660156,-123.55315300873336,48.13067076398795
4583,2.954595679227623e-09,0.6341748237609863,0.0,9.72049617767334,47.85394287109375,-123.55275300873336,48.13067076398795
4584,2.954595679227623e-09,0.6341748237609863,0.0,9.72049617767334,47.85394287109375,-123.55275300873336,48.13067076398795
4585,2.954595679227623e-09,0.6341748237609863,0.0,9.72049617767334,47.85394287109375,-123.55275300873336,48.13067076398795
4586,2.954595679227623e-09,0.6341748237609863,0.0,9.72049617767334,47.85394287109375,-123.55275300873336,48.13067076398795
4587,2.954595679227623e-09,0.6341748237609863,0.0,9.72049617767334,47.85394287109375,-123.55275300873336,48.13067076398795
4588,2.954595679227623e-09,0.6341748237609863,0.0,9.72049617767334,47.85394287109375,-123.55275300873336,48.13067076398795
4589,2.954595679227623e-09,0.6341748237609863,0.0,9.72049617767334,47.85394287109375,-123.55275300873336,48.13067076398795
4590,2.954595679227623e-09,0.6341748237609863,0.0,9.72049617767334,47.85394287109375,-123.55275300873336,48.13067076398795
4591,2.954595679227623e-09,0.6341748237609863,0.0,9.72049617767334,47.85394287109375,-123.55275300873336,48.13067076398795
4592,2.954595679227623e-09,0.6341748237609863,0.0,9.72049617767334,47.85394287109375,-123.55275300873336,48.13067076398795
4593,1.6014405446185265e-07,0.11133717745542526,0.0,9.422027587890625,65.7419204711914,-123.55235300873336,48.13067076398795
4594,1.6014405446185265e-07,0.11133717745542526,0.0,9.422027587890625,65.7419204711914,-123.55235300873336,48.13067076398795
4595,1.6014405446185265e-07,0.11133717745542526,0.0,9.422027587890625,65.7419204711914,-123.55235300873336,48.13067076398795
4596,1.6014405446185265e-07,0.11133717745542526,0.0,9.422027587890625,65.7419204711914,-123.55235300873336,48.13067076398795
4597,1.6014405446185265e-07,0.11133717745542526,0.0,9.422027587890625,65.7419204711914,-123.55235300873336,48.13067076398795
4598,1.6014405446185265e-07,0.11133717745542526,0.0,9.422027587890625,65.7419204711914,-123.55235300873336,48.13067076398795
4599,1.6014405446185265e-07,0.11133717745542526,0.0,9.422027587890625,65.7419204711914,-123.55235300873336,48.13067076398795
4600,1.6014405446185265e-07,0.11133717745542526,0.0,9.422027587890625,65.7419204711914,-123.55235300873336,48.13067076398795
4601,1.6014405446185265e-07,0.11133717745542526,0.0,9.422027587890625,65.7419204711914,-123.55235300873336,48.13067076398795
4602,1.6014405446185265e-07,0.11133717745542526,0.0,9.422027587890625,65.7419204711914,-123.55235300873336,48.13067076398795
4603,6.454578027614843e-08,0.8749498724937439,0.0,11.0600004196167,145.66400146484375,-123.55835300873335,48.13027076398795
4604,6.454578027614843e-08,0.8749498724937439,0.0,11.0600004196167,145.66400146484375,-123.55835300873335,48.13027076398795
4605,6.454578027614843e-08,0.8749498724937439,0.0,11.0600004196167,145.66400146484375,-123.55835300873335,48.13027076398795
4606,6.454578027614843e-08,0.8749498724937439,0.0,11.0600004196167,145.66400146484375,-123.55835300873335,48.13027076398795
4607,6.454578027614843e-08,0.8749498724937439,0.0,11.0600004196167,145.66400146484375,-123.55835300873335,48.13027076398795
4608,6.454578027614843e-08,0.8749498724937439,0.0,11.0600004196167,145.66400146484375,-123.55835300873335,48.13027076398795
4609,6.454578027614843e-08,0.8749498724937439,0.0,11.0600004196167,145.66400146484375,-123.55835300873335,48.13027076398795
4610,6.454578027614843e-08,0.8749498724937439,0.0,11.0600004196167,145.66400146484375,-123.55835300873335,48.13027076398795
4611,6.454578027614843e-08,0.8749498724937439,0.0,11.0600004196167,145.66400146484375,-123.55835300873335,48.13027076398795
4612,2.4286326283373683e-09,0.9981299042701721,0.0,10.728072166442871,27.018512725830078,-123.55795300873335,48.13027076398795
4613,2.4286326283373683e-09,0.9981299042701721,0.0,10.728072166442871,27.018512725830078,-123.55795300873335,48.13027076398795
4614,2.4286326283373683e-09,0.9981299042701721,0.0,10.728072166442871,27.018512725830078,-123.55795300873335,48.13027076398795
4615,2.4286326283373683e-09,0.9981299042701721,0.0,10.728072166442871,27.018512725830078,-123.55795300873335,48.13027076398795
4616,2.4286326283373683e-09,0.9981299042701721,0.0,10.728072166442871,27.018512725830078,-123.55795300873335,48.13027076398795
4617,2.4286326283373683e-09,0.9981299042701721,0.0,10.728072166442871,27.018512725830078,-123.55795300873335,48.13027076398795
4618,2.4286326283373683e-09,0.9981299042701721,0.0,10.728072166442871,27.018512725830078,-123.55795300873335,48.13027076398795
4619,2.4286326283373683e-09,0.9981299042701721,0.0,10.728072166442871,27.018512725830078,-123.55795300873335,48.13027076398795
4620,2.4286326283373683e-09,0.9981299042701721,0.0,10.728072166442871,27.018512725830078,-123.55795300873335,48.13027076398795
4621,2.4286326283373683e-09,0.9981299042701721,0.0,10.728072166442871,27.018512725830078,-123.55795300873335,48.13027076398795
4622,0.9999978542327881,2.1735506379627623e-05,0.0,12.640000343322754,187.4459991455078,-123.55755300873335,48.13027076398795
4623,0.9999978542327881,2.1735506379627623e-05,0.0,12.640000343322754,187.4459991455078,-123.55755300873335,48.13027076398795
4624,0.9999978542327881,2.1735506379627623e-05,0.0,12.640000343322754,187.4459991455078,-123.55755300873335,48.13027076398795
4625,0.9999978542327881,2.1735506379627623e-05,0.0,12.640000343322754,187.4459991455078,-123.55755300873335,48.13027076398795
4626,0.9999978542327881,2.1735506379627623e-05,0.0,12.640000343322754,187.4459991455078,-123.55755300873335,48.13027076398795
4627,0.9999978542327881,2.1735506379627623e-05,0.0,12.640000343322754,187.4459991455078,-123.55755300873335,48.13027076398795
4628,0.9999978542327881,2.1735506379627623e-05,0.0,12.640000343322754,187.4459991455078,-123.55755300873335,48.13027076398795
4629,0.9999978542327881,2.1735506379627623e-05,0.0,12.640000343322754,187.4459991455078,-123.55755300873335,48.13027076398795
4630,0.9999978542327881,2.1735506379627623e-05,0.0,12.640000343322754,187.4459991455078,-123.55755300873335,48.13027076398795
4631,0.9999978542327881,2.1735506379627623e-05,0.0,12.640000343322754,187.4459991455078,-123.55755300873335,48.13027076398795
4632,0.9988535642623901,0.0004079900390934199,0.0,11.319999694824219,362.3534240722656,-123.55715300873335,48.13027076398795
4633,0.9988535642623901,0.0004079900390934199,0.0,11.319999694824219,362.3534240722656,-123.55715300873335,48.13027076398795
4634,0.9988535642623901,0.0004079900390934199,0.0,11.319999694824219,362.3534240722656,-123.55715300873335,48.13027076398795
4635,0.9988535642623901,0.0004079900390934199,0.0,11.319999694824219,362.3534240722656,-123.55715300873335,48.13027076398795
4636,0.9988535642623901,0.0004079900390934199,0.0,11.319999694824219,362.3534240722656,-123.55715300873335,48.13027076398795
4637,0.9988535642623901,0.0004079900390934199,0.0,11.319999694824219,362.3534240722656,-123.55715300873335,48.13027076398795
4638,0.9988535642623901,0.0004079900390934199,0.0,11.319999694824219,362.3534240722656,-123.55715300873335,48.13027076398795
4639,0.9988535642623901,0.0004079900390934199,0.0,11.319999694824219,362.3534240722656,-123.55715300873335,48.13027076398795
4640,0.9988535642623901,0.0004079900390934199,0.0,11.319999694824219,362.3534240722656,-123.55715300873335,48.13027076398795
4641,0.9988535642623901,0.0004079900390934199,0.0,11.319999694824219,362.3534240722656,-123.55715300873335,48.13027076398795
4642,0.9999998807907104,3.430949436733499e-05,0.0,11.869999885559082,451.6558532714844,-123.55675300873335,48.13027076398795
4643,0.9999998807907104,3.430949436733499e-05,0.0,11.869999885559082,451.6558532714844,-123.55675300873335,48.13027076398795
4644,0.9999998807907104,3.430949436733499e-05,0.0,11.869999885559082,451.6558532714844,-123.55675300873335,48.13027076398795
4645,0.9999998807907104,3.430949436733499e-05,0.0,11.869999885559082,451.6558532714844,-123.55675300873335,48.13027076398795
4646,0.9999998807907104,3.430949436733499e-05,0.0,11.869999885559082,451.6558532714844,-123.55675300873335,48.13027076398795
4647,0.9999998807907104,3.430949436733499e-05,0.0,11.869999885559082,451.6558532714844,-123.55675300873335,48.13027076398795
4648,0.9999998807907104,3.430949436733499e-05,0.0,11.869999885559082,451.6558532714844,-123.55675300873335,48.13027076398795
4649,0.9999998807907104,3.430949436733499e-05,0.0,11.869999885559082,451.6558532714844,-123.55675300873335,48.13027076398795
4650,0.9999998807907104,3.430949436733499e-05,0.0,11.869999885559082,451.6558532714844,-123.55675300873335,48.13027076398795
4651,0.9999998807907104,3.430949436733499e-05,0.0,11.869999885559082,451.6558532714844,-123.55675300873335,48.13027076398795
4652,1.0,6.30728027317673e-05,0.0,12.220000267028809,387.7692565917969,-123.55635300873335,48.13027076398795
4653,1.0,6.30728027317673e-05,0.0,12.220000267028809,387.7692565917969,-123.55635300873335,48.13027076398795
4654,1.0,6.30728027317673e-05,0.0,12.220000267028809,387.7692565917969,-123.55635300873335,48.13027076398795
4655,1.0,6.30728027317673e-05,0.0,12.220000267028809,387.7692565917969,-123.55635300873335,48.13027076398795
4656,1.0,6.30728027317673e-05,0.0,12.220000267028809,387.7692565917969,-123.55635300873335,48.13027076398795
4657,1.0,6.30728027317673e-05,0.0,12.220000267028809,387.7692565917969,-123.55635300873335,48.13027076398795
4658,1.0,6.30728027317673e-05,0.0,12.220000267028809,387.7692565917969,-123.55635300873335,48.13027076398795
4659,1.0,6.30728027317673e-05,0.0,12.220000267028809,387.7692565917969,-123.55635300873335,48.13027076398795
4660,1.0,6.30728027317673e-05,0.0,12.220000267028809,387.7692565917969,-123.55635300873335,48.13027076398795
4661,1.0,6.30728027317673e-05,0.0,12.220000267028809,387.7692565917969,-123.55635300873335,48.13027076398795
4662,1.0,9.553752533975057e-06,0.0,12.039999961853027,321.09967041015625,-123.55595300873335,48.13027076398795
4663,1.0,9.553752533975057e-06,0.0,12.039999961853027,321.09967041015625,-123.55595300873335,48.13027076398795
4664,1.0,9.553752533975057e-06,0.0,12.039999961853027,321.09967041015625,-123.55595300873335,48.13027076398795
4665,1.0,9.553752533975057e-06,0.0,12.039999961853027,321.09967041015625,-123.55595300873335,48.13027076398795
4666,1.0,9.553752533975057e-06,0.0,12.039999961853027,321.09967041015625,-123.55595300873335,48.13027076398795
4667,1.0,9.553752533975057e-06,0.0,12.039999961853027,321.09967041015625,-123.55595300873335,48.13027076398795
4668,1.0,9.553752533975057e-06,0.0,12.039999961853027,321.09967041015625,-123.55595300873335,48.13027076398795
4669,1.0,9.553752533975057e-06,0.0,12.039999961853027,321.09967041015625,-123.55595300873335,48.13027076398795
4670,1.0,9.553752533975057e-06,0.0,12.039999961853027,321.09967041015625,-123.55595300873335,48.13027076398795
4671,1.0,9.553752533975057e-06,0.0,12.039999961853027,321.09967041015625,-123.55595300873335,48.13027076398795
4672,1.0,7.368501428572927e-06,0.0,12.180000305175781,290.0,-123.55555300873336,48.13027076398795
4673,1.0,7.368501428572927e-06,0.0,12.180000305175781,290.0,-123.55555300873336,48.13027076398795
4674,1.0,7.368501428572927e-06,0.0,12.180000305175781,290.0,-123.55555300873336,48.13027076398795
4675,1.0,7.368501428572927e-06,0.0,12.180000305175781,290.0,-123.55555300873336,48.13027076398795
4676,1.0,7.368501428572927e-06,0.0,12.180000305175781,290.0,-123.55555300873336,48.13027076398795
4677,1.0,7.368501428572927e-06,0.0,12.180000305175781,290.0,-123.55555300873336,48.13027076398795
4678,1.0,7.368501428572927e-06,0.0,12.180000305175781,290.0,-123.55555300873336,48.13027076398795
4679,1.0,7.368501428572927e-06,0.0,12.180000305175781,290.0,-123.55555300873336,48.13027076398795
4680,1.0,7.368501428572927e-06,0.0,12.180000305175781,290.0,-123.55555300873336,48.13027076398795
4681,1.0,7.368501428572927e-06,0.0,12.180000305175781,290.0,-123.55555300873336,48.13027076398795
4682,1.0,7.819742677384056e-06,0.0,12.289999961853027,120.10411834716797,-123.55515300873336,48.13027076398795
4683,1.0,7.819742677384056e-06,0.0,12.289999961853027,120.10411834716797,-123.55515300873336,48.13027076398795
4684,1.0,7.819742677384056e-06,0.0,12.289999961853027,120.10411834716797,-123.55515300873336,48.13027076398795
4685,1.0,7.819742677384056e-06,0.0,12.289999961853027,120.10411834716797,-123.55515300873336,48.13027076398795
4686,1.0,7.819742677384056e-06,0.0,12.289999961853027,120.10411834716797,-123.55515300873336,48.13027076398795
4687,1.0,7.819742677384056e-06,0.0,12.289999961853027,120.10411834716797,-123.55515300873336,48.13027076398795
4688,1.0,7.819742677384056e-06,0.0,12.289999961853027,120.10411834716797,-123.55515300873336,48.13027076398795
4689,1.0,7.819742677384056e-06,0.0,12.289999961853027,120.10411834716797,-123.55515300873336,48.13027076398795
4690,1.0,7.819742677384056e-06,0.0,12.289999961853027,120.10411834716797,-123.55515300873336,48.13027076398795
4691,1.0,7.819742677384056e-06,0.0,12.289999961853027,120.10411834716797,-123.55515300873336,48.13027076398795
4692,0.999998927116394,1.2550314750114921e-05,0.0,11.9399995803833,68.11754608154297,-123.55475300873336,48.13027076398795
4693,0.999998927116394,1.2550314750114921e-05,0.0,11.9399995803833,68.11754608154297,-123.55475300873336,48.13027076398795
4694,0.999998927116394,1.2550314750114921e-05,0.0,11.9399995803833,68.11754608154297,-123.55475300873336,48.13027076398795
4695,0.999998927116394,1.2550314750114921e-05,0.0,11.9399995803833,68.11754608154297,-123.55475300873336,48.13027076398795
4696,0.999998927116394,1.2550314750114921e-05,0.0,11.9399995803833,68.11754608154297,-123.55475300873336,48.13027076398795
4697,0.999998927116394,1.2550314750114921e-05,0.0,11.9399995803833,68.11754608154297,-123.55475300873336,48.13027076398795
4698,0.999998927116394,1.2550314750114921e-05,0.0,11.9399995803833,68.11754608154297,-123.55475300873336,48.13027076398795
4699,0.999998927116394,1.2550314750114921e-05,0.0,11.9399995803833,68.11754608154297,-123.55475300873336,48.13027076398795
4700,0.999998927116394,1.2550314750114921e-05,0.0,11.9399995803833,68.11754608154297,-123.55475300873336,48.13027076398795
4701,0.999998927116394,1.2550314750114921e-05,0.0,11.9399995803833,68.11754608154297,-123.55475300873336,48.13027076398795
4702,0.9782800674438477,0.0001961688103619963,0.0,10.130000114440918,43.185646057128906,-123.55435300873336,48.13027076398795
4703,0.9782800674438477,0.0001961688103619963,0.0,10.130000114440918,43.185646057128906,-123.55435300873336,48.13027076398795
4704,0.9782800674438477,0.0001961688103619963,0.0,10.130000114440918,43.185646057128906,-123.55435300873336,48.13027076398795
4705,0.9782800674438477,0.0001961688103619963,0.0,10.130000114440918,43.185646057128906,-123.55435300873336,48.13027076398795
4706,0.9782800674438477,0.0001961688103619963,0.0,10.130000114440918,43.185646057128906,-123.55435300873336,48.13027076398795
4707,0.9782800674438477,0.0001961688103619963,0.0,10.130000114440918,43.185646057128906,-123.55435300873336,48.13027076398795
4708,0.9782800674438477,0.0001961688103619963,0.0,10.130000114440918,43.185646057128906,-123.55435300873336,48.13027076398795
4709,0.9782800674438477,0.0001961688103619963,0.0,10.130000114440918,43.185646057128906,-123.55435300873336,48.13027076398795
4710,0.9782800674438477,0.0001961688103619963,0.0,10.130000114440918,43.185646057128906,-123.55435300873336,48.13027076398795
4711,0.9782800674438477,0.0001961688103619963,0.0,10.130000114440918,43.185646057128906,-123.55435300873336,48.13027076398795
4712,0.002199073787778616,0.085536427795887,0.0,9.777684211730957,13.152946472167969,-123.55395300873336,48.13027076398795
4713,0.002199073787778616,0.085536427795887,0.0,9.777684211730957,13.152946472167969,-123.55395300873336,48.13027076398795
4714,0.002199073787778616,0.085536427795887,0.0,9.777684211730957,13.152946472167969,-123.55395300873336,48.13027076398795
4715,0.002199073787778616,0.085536427795887,0.0,9.777684211730957,13.152946472167969,-123.55395300873336,48.13027076398795
4716,0.002199073787778616,0.085536427795887,0.0,9.777684211730957,13.152946472167969,-123.55395300873336,48.13027076398795
4717,0.002199073787778616,0.085536427795887,0.0,9.777684211730957,13.152946472167969,-123.55395300873336,48.13027076398795
4718,0.002199073787778616,0.085536427795887,0.0,9.777684211730957,13.152946472167969,-123.55395300873336,48.13027076398795
4719,0.002199073787778616,0.085536427795887,0.0,9.777684211730957,13.152946472167969,-123.55395300873336,48.13027076398795
4720,0.002199073787778616,0.085536427795887,0.0,9.777684211730957,13.152946472167969,-123.55395300873336,48.13027076398795
4721,0.002199073787778616,0.085536427795887,0.0,9.777684211730957,13.152946472167969,-123.55395300873336,48.13027076398795
4722,1.7660715554909667e-12,0.9467198252677917,0.0,9.81272029876709,5.0,-123.55355300873336,48.13027076398795
4723,1.7660715554909667e-12,0.9467198252677917,0.0,9.81272029876709,5.0,-123.55355300873336,48.13027076398795
4724,1.7660715554909667e-12,0.9467198252677917,0.0,9.81272029876709,5.0,-123.55355300873336,48.13027076398795
4725,1.7660715554909667e-12,0.9467198252677917,0.0,9.81272029876709,5.0,-123.55355300873336,48.13027076398795
4726,1.7660715554909667e-12,0.9467198252677917,0.0,9.81272029876709,5.0,-123.55355300873336,48.13027076398795
4727,1.7660715554909667e-12,0.9467198252677917,0.0,9.81272029876709,5.0,-123.55355300873336,48.13027076398795
4728,1.7660715554909667e-12,0.9467198252677917,0.0,9.81272029876709,5.0,-123.55355300873336,48.13027076398795
4729,1.7660715554909667e-12,0.9467198252677917,0.0,9.81272029876709,5.0,-123.55355300873336,48.13027076398795
4730,1.7660715554909667e-12,0.9467198252677917,0.0,9.81272029876709,5.0,-123.55355300873336,48.13027076398795
4731,1.7660715554909667e-12,0.9467198252677917,0.0,9.81272029876709,5.0,-123.55355300873336,48.13027076398795
4732,4.730510170247726e-07,0.034374404698610306,0.0,9.43064022064209,55.46169662475586,-123.55315300873336,48.13027076398795
4733,4.730510170247726e-07,0.034374404698610306,0.0,9.43064022064209,55.46169662475586,-123.55315300873336,48.13027076398795
4734,4.730510170247726e-07,0.034374404698610306,0.0,9.43064022064209,55.46169662475586,-123.55315300873336,48.13027076398795
4735,4.730510170247726e-07,0.034374404698610306,0.0,9.43064022064209,55.46169662475586,-123.55315300873336,48.13027076398795
4736,4.730510170247726e-07,0.034374404698610306,0.0,9.43064022064209,55.46169662475586,-123.55315300873336,48.13027076398795
4737,4.730510170247726e-07,0.034374404698610306,0.0,9.43064022064209,55.46169662475586,-123.55315300873336,48.13027076398795
4738,4.730510170247726e-07,0.034374404698610306,0.0,9.43064022064209,55.46169662475586,-123.55315300873336,48.13027076398795
4739,4.730510170247726e-07,0.034374404698610306,0.0,9.43064022064209,55.46169662475586,-123.55315300873336,48.13027076398795
4740,4.730510170247726e-07,0.034374404698610306,0.0,9.43064022064209,55.46169662475586,-123.55315300873336,48.13027076398795
4741,4.730510170247726e-07,0.034374404698610306,0.0,9.43064022064209,55.46169662475586,-123.55315300873336,48.13027076398795
4742,0.9999997615814209,0.0003212536685168743,0.0,11.180000305175781,130.29197692871094,-123.55875300873335,48.12987076398795
4743,0.9999997615814209,0.0003212536685168743,0.0,11.180000305175781,130.29197692871094,-123.55875300873335,48.12987076398795
4744,0.9999997615814209,0.0003212536685168743,0.0,11.180000305175781,130.29197692871094,-123.55875300873335,48.12987076398795
4745,1.4949845560715408e-13,0.9999735355377197,0.0,10.524155616760254,28.284271240234375,-123.55835300873335,48.12987076398795
4746,1.4949845560715408e-13,0.9999735355377197,0.0,10.524155616760254,28.284271240234375,-123.55835300873335,48.12987076398795
4747,1.4949845560715408e-13,0.9999735355377197,0.0,10.524155616760254,28.284271240234375,-123.55835300873335,48.12987076398795
4748,1.4949845560715408e-13,0.9999735355377197,0.0,10.524155616760254,28.284271240234375,-123.55835300873335,48.12987076398795
4749,1.4949845560715408e-13,0.9999735355377197,0.0,10.524155616760254,28.284271240234375,-123.55835300873335,48.12987076398795
4750,1.4949845560715408e-13,0.9999735355377197,0.0,10.524155616760254,28.284271240234375,-123.55835300873335,48.12987076398795
4751,1.4949845560715408e-13,0.9999735355377197,0.0,10.524155616760254,28.284271240234375,-123.55835300873335,48.12987076398795
4752,1.4949845560715408e-13,0.9999735355377197,0.0,10.524155616760254,28.284271240234375,-123.55835300873335,48.12987076398795
4753,1.4949845560715408e-13,0.9999735355377197,0.0,10.524155616760254,28.284271240234375,-123.55835300873335,48.12987076398795
4754,1.4949845560715408e-13,0.9999735355377197,0.0,10.524155616760254,28.284271240234375,-123.55835300873335,48.12987076398795
4755,0.9999995231628418,1.8347162040299736e-05,0.0,12.15999984741211,214.2545166015625,-123.55795300873335,48.12987076398795
4756,0.9999995231628418,1.8347162040299736e-05,0.0,12.15999984741211,214.2545166015625,-123.55795300873335,48.12987076398795
4757,0.9999995231628418,1.8347162040299736e-05,0.0,12.15999984741211,214.2545166015625,-123.55795300873335,48.12987076398795
4758,0.9999995231628418,1.8347162040299736e-05,0.0,12.15999984741211,214.2545166015625,-123.55795300873335,48.12987076398795
4759,0.9999995231628418,1.8347162040299736e-05,0.0,12.15999984741211,214.2545166015625,-123.55795300873335,48.12987076398795
4760,0.9999995231628418,1.8347162040299736e-05,0.0,12.15999984741211,214.2545166015625,-123.55795300873335,48.12987076398795
4761,0.9999995231628418,1.8347162040299736e-05,0.0,12.15999984741211,214.2545166015625,-123.55795300873335,48.12987076398795
4762,0.9999995231628418,1.8347162040299736e-05,0.0,12.15999984741211,214.2545166015625,-123.55795300873335,48.12987076398795
4763,0.9999995231628418,1.8347162040299736e-05,0.0,12.15999984741211,214.2545166015625,-123.55795300873335,48.12987076398795
4764,0.9999995231628418,1.8347162040299736e-05,0.0,12.15999984741211,214.2545166015625,-123.55795300873335,48.12987076398795
4765,1.0,3.551751433406025e-05,0.0,13.050000190734863,305.1589660644531,-123.55755300873335,48.12987076398795
4766,1.0,3.551751433406025e-05,0.0,13.050000190734863,305.1589660644531,-123.55755300873335,48.12987076398795
4767,1.0,3.551751433406025e-05,0.0,13.050000190734863,305.1589660644531,-123.55755300873335,48.12987076398795
4768,1.0,3.551751433406025e-05,0.0,13.050000190734863,305.1589660644531,-123.55755300873335,48.12987076398795
4769,1.0,3.551751433406025e-05,0.0,13.050000190734863,305.1589660644531,-123.55755300873335,48.12987076398795
4770,1.0,3.551751433406025e-05,0.0,13.050000190734863,305.1589660644531,-123.55755300873335,48.12987076398795
4771,1.0,3.551751433406025e-05,0.0,13.050000190734863,305.1589660644531,-123.55755300873335,48.12987076398795
4772,1.0,3.551751433406025e-05,0.0,13.050000190734863,305.1589660644531,-123.55755300873335,48.12987076398795
4773,1.0,3.551751433406025e-05,0.0,13.050000190734863,305.1589660644531,-123.55755300873335,48.12987076398795
4774,1.0,3.551751433406025e-05,0.0,13.050000190734863,305.1589660644531,-123.55755300873335,48.12987076398795
4775,0.9995504021644592,3.760595427593216e-05,0.0,13.079999923706055,251.3185272216797,-123.55715300873335,48.12987076398795
4776,0.9995504021644592,3.760595427593216e-05,0.0,13.079999923706055,251.3185272216797,-123.55715300873335,48.12987076398795
4777,0.9995504021644592,3.760595427593216e-05,0.0,13.079999923706055,251.3185272216797,-123.55715300873335,48.12987076398795
4778,0.9995504021644592,3.760595427593216e-05,0.0,13.079999923706055,251.3185272216797,-123.55715300873335,48.12987076398795
4779,0.9995504021644592,3.760595427593216e-05,0.0,13.079999923706055,251.3185272216797,-123.55715300873335,48.12987076398795
4780,0.9995504021644592,3.760595427593216e-05,0.0,13.079999923706055,251.3185272216797,-123.55715300873335,48.12987076398795
4781,0.9995504021644592,3.760595427593216e-05,0.0,13.079999923706055,251.3185272216797,-123.55715300873335,48.12987076398795
4782,0.9995504021644592,3.760595427593216e-05,0.0,13.079999923706055,251.3185272216797,-123.55715300873335,48.12987076398795
4783,0.9995504021644592,3.760595427593216e-05,0.0,13.079999923706055,251.3185272216797,-123.55715300873335,48.12987076398795
4784,0.9995504021644592,3.760595427593216e-05,0.0,13.079999923706055,251.3185272216797,-123.55715300873335,48.12987076398795
4785,0.9999972581863403,7.852717681089416e-05,0.0,12.640000343322754,201.2212677001953,-123.55675300873335,48.12987076398795
4786,0.9999972581863403,7.852717681089416e-05,0.0,12.640000343322754,201.2212677001953,-123.55675300873335,48.12987076398795
4787,0.9999972581863403,7.852717681089416e-05,0.0,12.640000343322754,201.2212677001953,-123.55675300873335,48.12987076398795
4788,0.9999972581863403,7.852717681089416e-05,0.0,12.640000343322754,201.2212677001953,-123.55675300873335,48.12987076398795
4789,0.9999972581863403,7.852717681089416e-05,0.0,12.640000343322754,201.2212677001953,-123.55675300873335,48.12987076398795
4790,0.9999972581863403,7.852717681089416e-05,0.0,12.640000343322754,201.2212677001953,-123.55675300873335,48.12987076398795
4791,0.9999972581863403,7.852717681089416e-05,0.0,12.640000343322754,201.2212677001953,-123.55675300873335,48.12987076398795
4792,0.9999972581863403,7.852717681089416e-05,0.0,12.640000343322754,201.2212677001953,-123.55675300873335,48.12987076398795
4793,0.9999972581863403,7.852717681089416e-05,0.0,12.640000343322754,201.2212677001953,-123.55675300873335,48.12987076398795
4794,0.9999972581863403,7.852717681089416e-05,0.0,12.640000343322754,201.2212677001953,-123.55675300873335,48.12987076398795
4795,0.9955164790153503,7.553455361630768e-05,0.0,10.949999809265137,142.04576110839844,-123.55635300873335,48.12987076398795
4796,0.9955164790153503,7.553455361630768e-05,0.0,10.949999809265137,142.04576110839844,-123.55635300873335,48.12987076398795
4797,0.9955164790153503,7.553455361630768e-05,0.0,10.949999809265137,142.04576110839844,-123.55635300873335,48.12987076398795
4798,0.9955164790153503,7.553455361630768e-05,0.0,10.949999809265137,142.04576110839844,-123.55635300873335,48.12987076398795
4799,0.9955164790153503,7.553455361630768e-05,0.0,10.949999809265137,142.04576110839844,-123.55635300873335,48.12987076398795
4800,0.9955164790153503,7.553455361630768e-05,0.0,10.949999809265137,142.04576110839844,-123.55635300873335,48.12987076398795
4801,0.9955164790153503,7.553455361630768e-05,0.0,10.949999809265137,142.04576110839844,-123.55635300873335,48.12987076398795
4802,0.9955164790153503,7.553455361630768e-05,0.0,10.949999809265137,142.04576110839844,-123.55635300873335,48.12987076398795
4803,0.9955164790153503,7.553455361630768e-05,0.0,10.949999809265137,142.04576110839844,-123.55635300873335,48.12987076398795
4804,0.9955164790153503,7.553455361630768e-05,0.0,10.949999809265137,142.04576110839844,-123.55635300873335,48.12987076398795
4805,0.04463788494467735,0.004349228460341692,1.0,11.630000114440918,73.97972869873047,-123.55595300873335,48.12987076398795
4806,0.04463788494467735,0.004349228460341692,1.0,11.630000114440918,73.97972869873047,-123.55595300873335,48.12987076398795
4807,0.04463788494467735,0.004349228460341692,1.0,11.630000114440918,73.97972869873047,-123.55595300873335,48.12987076398795
4808,0.04463788494467735,0.004349228460341692,1.0,11.630000114440918,73.97972869873047,-123.55595300873335,48.12987076398795
4809,0.04463788494467735,0.004349228460341692,1.0,11.630000114440918,73.97972869873047,-123.55595300873335,48.12987076398795
4810,0.04463788494467735,0.004349228460341692,1.0,11.630000114440918,73.97972869873047,-123.55595300873335,48.12987076398795
4811,0.04463788494467735,0.004349228460341692,1.0,11.630000114440918,73.97972869873047,-123.55595300873335,48.12987076398795
4812,0.04463788494467735,0.004349228460341692,1.0,11.630000114440918,73.97972869873047,-123.55595300873335,48.12987076398795
4813,0.04463788494467735,0.004349228460341692,1.0,11.630000114440918,73.97972869873047,-123.55595300873335,48.12987076398795
4814,0.04463788494467735,0.004349228460341692,1.0,11.630000114440918,73.97972869873047,-123.55595300873335,48.12987076398795
4815,4.80330118080019e-06,0.04538220167160034,0.0,9.745660781860352,41.0,-123.55555300873336,48.12987076398795
4816,4.80330118080019e-06,0.04538220167160034,0.0,9.745660781860352,41.0,-123.55555300873336,48.12987076398795
4817,4.80330118080019e-06,0.04538220167160034,0.0,9.745660781860352,41.0,-123.55555300873336,48.12987076398795
4818,4.80330118080019e-06,0.04538220167160034,0.0,9.745660781860352,41.0,-123.55555300873336,48.12987076398795
4819,4.80330118080019e-06,0.04538220167160034,0.0,9.745660781860352,41.0,-123.55555300873336,48.12987076398795
4820,4.80330118080019e-06,0.04538220167160034,0.0,9.745660781860352,41.0,-123.55555300873336,48.12987076398795
4821,4.80330118080019e-06,0.04538220167160034,0.0,9.745660781860352,41.0,-123.55555300873336,48.12987076398795
4822,4.80330118080019e-06,0.04538220167160034,0.0,9.745660781860352,41.0,-123.55555300873336,48.12987076398795
4823,4.80330118080019e-06,0.04538220167160034,0.0,9.745660781860352,41.0,-123.55555300873336,48.12987076398795
4824,4.80330118080019e-06,0.04538220167160034,0.0,9.745660781860352,41.0,-123.55555300873336,48.12987076398795
4825,7.10582014562533e-07,0.0055159348994493484,0.0,9.717268943786621,16.0,-123.55515300873336,48.12987076398795
4826,7.10582014562533e-07,0.0055159348994493484,0.0,9.717268943786621,16.0,-123.55515300873336,48.12987076398795
4827,7.10582014562533e-07,0.0055159348994493484,0.0,9.717268943786621,16.0,-123.55515300873336,48.12987076398795
4828,7.10582014562533e-07,0.0055159348994493484,0.0,9.717268943786621,16.0,-123.55515300873336,48.12987076398795
4829,7.10582014562533e-07,0.0055159348994493484,0.0,9.717268943786621,16.0,-123.55515300873336,48.12987076398795
4830,7.10582014562533e-07,0.0055159348994493484,0.0,9.717268943786621,16.0,-123.55515300873336,48.12987076398795
4831,7.10582014562533e-07,0.0055159348994493484,0.0,9.717268943786621,16.0,-123.55515300873336,48.12987076398795
4832,7.10582014562533e-07,0.0055159348994493484,0.0,9.717268943786621,16.0,-123.55515300873336,48.12987076398795
4833,7.10582014562533e-07,0.0055159348994493484,0.0,9.717268943786621,16.0,-123.55515300873336,48.12987076398795
4834,7.10582014562533e-07,0.0055159348994493484,0.0,9.717268943786621,16.0,-123.55515300873336,48.12987076398795
4835,1.1390719123482995e-07,0.004975957330316305,0.0,9.689803123474121,8.0,-123.55475300873336,48.12987076398795
4836,1.1390719123482995e-07,0.004975957330316305,0.0,9.689803123474121,8.0,-123.55475300873336,48.12987076398795
4837,1.1390719123482995e-07,0.004975957330316305,0.0,9.689803123474121,8.0,-123.55475300873336,48.12987076398795
4838,1.1390719123482995e-07,0.004975957330316305,0.0,9.689803123474121,8.0,-123.55475300873336,48.12987076398795
4839,1.1390719123482995e-07,0.004975957330316305,0.0,9.689803123474121,8.0,-123.55475300873336,48.12987076398795
4840,1.1390719123482995e-07,0.004975957330316305,0.0,9.689803123474121,8.0,-123.55475300873336,48.12987076398795
4841,1.1390719123482995e-07,0.004975957330316305,0.0,9.689803123474121,8.0,-123.55475300873336,48.12987076398795
4842,1.1390719123482995e-07,0.004975957330316305,0.0,9.689803123474121,8.0,-123.55475300873336,48.12987076398795
4843,1.1390719123482995e-07,0.004975957330316305,0.0,9.689803123474121,8.0,-123.55475300873336,48.12987076398795
4844,1.1390719123482995e-07,0.004975957330316305,0.0,9.689803123474121,8.0,-123.55475300873336,48.12987076398795
4845,0.012701481580734253,6.767957529518753e-05,0.0,10.225442886352539,16.0,-123.55435300873336,48.12987076398795
4846,0.012701481580734253,6.767957529518753e-05,0.0,10.225442886352539,16.0,-123.55435300873336,48.12987076398795
4847,0.012701481580734253,6.767957529518753e-05,0.0,10.225442886352539,16.0,-123.55435300873336,48.12987076398795
4848,0.012701481580734253,6.767957529518753e-05,0.0,10.225442886352539,16.0,-123.55435300873336,48.12987076398795
4849,0.012701481580734253,6.767957529518753e-05,0.0,10.225442886352539,16.0,-123.55435300873336,48.12987076398795
4850,0.012701481580734253,6.767957529518753e-05,0.0,10.225442886352539,16.0,-123.55435300873336,48.12987076398795
4851,0.012701481580734253,6.767957529518753e-05,0.0,10.225442886352539,16.0,-123.55435300873336,48.12987076398795
4852,0.012701481580734253,6.767957529518753e-05,0.0,10.225442886352539,16.0,-123.55435300873336,48.12987076398795
4853,0.012701481580734253,6.767957529518753e-05,0.0,10.225442886352539,16.0,-123.55435300873336,48.12987076398795
4854,0.012701481580734253,6.767957529518753e-05,0.0,10.225442886352539,16.0,-123.55435300873336,48.12987076398795
4855,0.2179061472415924,0.0022279953118413687,0.0,9.736721992492676,13.892443656921387,-123.55395300873336,48.12987076398795
4856,0.2179061472415924,0.0022279953118413687,0.0,9.736721992492676,13.892443656921387,-123.55395300873336,48.12987076398795
4857,0.2179061472415924,0.0022279953118413687,0.0,9.736721992492676,13.892443656921387,-123.55395300873336,48.12987076398795
4858,0.2179061472415924,0.0022279953118413687,0.0,9.736721992492676,13.892443656921387,-123.55395300873336,48.12987076398795
4859,0.2179061472415924,0.0022279953118413687,0.0,9.736721992492676,13.892443656921387,-123.55395300873336,48.12987076398795
4860,0.2179061472415924,0.0022279953118413687,0.0,9.736721992492676,13.892443656921387,-123.55395300873336,48.12987076398795
4861,0.2179061472415924,0.0022279953118413687,0.0,9.736721992492676,13.892443656921387,-123.55395300873336,48.12987076398795
4862,0.2179061472415924,0.0022279953118413687,0.0,9.736721992492676,13.892443656921387,-123.55395300873336,48.12987076398795
4863,0.2179061472415924,0.0022279953118413687,0.0,9.736721992492676,13.892443656921387,-123.55395300873336,48.12987076398795
4864,0.2179061472415924,0.0022279953118413687,0.0,9.736721992492676,13.892443656921387,-123.55395300873336,48.12987076398795
4865,1.6910531712710508e-06,0.11092237383127213,0.0,10.901708602905273,14.142135620117188,-123.55915300873335,48.12947076398795
4866,1.6910531712710508e-06,0.11092237383127213,0.0,10.901708602905273,14.142135620117188,-123.55915300873335,48.12947076398795
4867,1.6910531712710508e-06,0.11092237383127213,0.0,10.901708602905273,14.142135620117188,-123.55915300873335,48.12947076398795
4868,1.6910531712710508e-06,0.11092237383127213,0.0,10.901708602905273,14.142135620117188,-123.55915300873335,48.12947076398795
4869,1.6910531712710508e-06,0.11092237383127213,0.0,10.901708602905273,14.142135620117188,-123.55915300873335,48.12947076398795
4870,1.6910531712710508e-06,0.11092237383127213,0.0,10.901708602905273,14.142135620117188,-123.55915300873335,48.12947076398795
4871,1.6910531712710508e-06,0.11092237383127213,0.0,10.901708602905273,14.142135620117188,-123.55915300873335,48.12947076398795
4872,1.6910531712710508e-06,0.11092237383127213,0.0,10.901708602905273,14.142135620117188,-123.55915300873335,48.12947076398795
4873,1.6910531712710508e-06,0.11092237383127213,0.0,10.901708602905273,14.142135620117188,-123.55915300873335,48.12947076398795
4874,1.6910531712710508e-06,0.11092237383127213,0.0,10.901708602905273,14.142135620117188,-123.55915300873335,48.12947076398795
4875,1.875521775218658e-05,0.006813543848693371,0.0,11.6047945022583,7.0,-123.55875300873335,48.12947076398795
4876,1.875521775218658e-05,0.006813543848693371,0.0,11.6047945022583,7.0,-123.55875300873335,48.12947076398795
4877,1.875521775218658e-05,0.006813543848693371,0.0,11.6047945022583,7.0,-123.55875300873335,48.12947076398795
4878,1.875521775218658e-05,0.006813543848693371,0.0,11.6047945022583,7.0,-123.55875300873335,48.12947076398795
4879,1.875521775218658e-05,0.006813543848693371,0.0,11.6047945022583,7.0,-123.55875300873335,48.12947076398795
4880,1.875521775218658e-05,0.006813543848693371,0.0,11.6047945022583,7.0,-123.55875300873335,48.12947076398795
4881,1.875521775218658e-05,0.006813543848693371,0.0,11.6047945022583,7.0,-123.55875300873335,48.12947076398795
4882,1.875521775218658e-05,0.006813543848693371,0.0,11.6047945022583,7.0,-123.55875300873335,48.12947076398795
4883,1.875521775218658e-05,0.006813543848693371,0.0,11.6047945022583,7.0,-123.55875300873335,48.12947076398795
4884,1.875521775218658e-05,0.006813543848693371,0.0,11.6047945022583,7.0,-123.55875300873335,48.12947076398795
4885,0.9999996423721313,2.78185834758915e-05,0.0,12.380000114440918,220.77137756347656,-123.55835300873335,48.12947076398795
4886,0.9999996423721313,2.78185834758915e-05,0.0,12.380000114440918,220.77137756347656,-123.55835300873335,48.12947076398795
4887,0.9999996423721313,2.78185834758915e-05,0.0,12.380000114440918,220.77137756347656,-123.55835300873335,48.12947076398795
4888,0.9999996423721313,2.78185834758915e-05,0.0,12.380000114440918,220.77137756347656,-123.55835300873335,48.12947076398795
4889,0.9999996423721313,2.78185834758915e-05,0.0,12.380000114440918,220.77137756347656,-123.55835300873335,48.12947076398795
4890,0.9999996423721313,2.78185834758915e-05,0.0,12.380000114440918,220.77137756347656,-123.55835300873335,48.12947076398795
4891,0.9999996423721313,2.78185834758915e-05,0.0,12.380000114440918,220.77137756347656,-123.55835300873335,48.12947076398795
4892,0.9999996423721313,2.78185834758915e-05,0.0,12.380000114440918,220.77137756347656,-123.55835300873335,48.12947076398795
4893,0.9999996423721313,2.78185834758915e-05,0.0,12.380000114440918,220.77137756347656,-123.55835300873335,48.12947076398795
4894,0.9999996423721313,2.78185834758915e-05,0.0,12.380000114440918,220.77137756347656,-123.55835300873335,48.12947076398795
4895,0.9999984502792358,2.493377724022139e-05,0.0,13.229999542236328,136.92698669433594,-123.55795300873335,48.12947076398795
4896,0.9999984502792358,2.493377724022139e-05,0.0,13.229999542236328,136.92698669433594,-123.55795300873335,48.12947076398795
4897,0.9999984502792358,2.493377724022139e-05,0.0,13.229999542236328,136.92698669433594,-123.55795300873335,48.12947076398795
4898,0.9999984502792358,2.493377724022139e-05,0.0,13.229999542236328,136.92698669433594,-123.55795300873335,48.12947076398795
4899,0.9999984502792358,2.493377724022139e-05,0.0,13.229999542236328,136.92698669433594,-123.55795300873335,48.12947076398795
4900,0.9999984502792358,2.493377724022139e-05,0.0,13.229999542236328,136.92698669433594,-123.55795300873335,48.12947076398795
4901,0.9999984502792358,2.493377724022139e-05,0.0,13.229999542236328,136.92698669433594,-123.55795300873335,48.12947076398795
4902,0.9999984502792358,2.493377724022139e-05,0.0,13.229999542236328,136.92698669433594,-123.55795300873335,48.12947076398795
4903,0.9999984502792358,2.493377724022139e-05,0.0,13.229999542236328,136.92698669433594,-123.55795300873335,48.12947076398795
4904,0.9999984502792358,2.493377724022139e-05,0.0,13.229999542236328,136.92698669433594,-123.55795300873335,48.12947076398795
4905,0.933405339717865,0.000273320620181039,0.0,10.729999542236328,55.90169906616211,-123.55755300873335,48.12947076398795
4906,0.933405339717865,0.000273320620181039,0.0,10.729999542236328,55.90169906616211,-123.55755300873335,48.12947076398795
4907,0.933405339717865,0.000273320620181039,0.0,10.729999542236328,55.90169906616211,-123.55755300873335,48.12947076398795
4908,0.933405339717865,0.000273320620181039,0.0,10.729999542236328,55.90169906616211,-123.55755300873335,48.12947076398795
4909,0.933405339717865,0.000273320620181039,0.0,10.729999542236328,55.90169906616211,-123.55755300873335,48.12947076398795
4910,0.933405339717865,0.000273320620181039,0.0,10.729999542236328,55.90169906616211,-123.55755300873335,48.12947076398795
4911,0.933405339717865,0.000273320620181039,0.0,10.729999542236328,55.90169906616211,-123.55755300873335,48.12947076398795
4912,0.933405339717865,0.000273320620181039,0.0,10.729999542236328,55.90169906616211,-123.55755300873335,48.12947076398795
4913,0.933405339717865,0.000273320620181039,0.0,10.729999542236328,55.90169906616211,-123.55755300873335,48.12947076398795
4914,0.933405339717865,0.000273320620181039,0.0,10.729999542236328,55.90169906616211,-123.55755300873335,48.12947076398795
4915,1.2047170372397886e-08,0.80059415102005,0.0,10.651481628417969,2.2360680103302,-123.55715300873335,48.12947076398795
4916,1.2047170372397886e-08,0.80059415102005,0.0,10.651481628417969,2.2360680103302,-123.55715300873335,48.12947076398795
4917,1.2047170372397886e-08,0.80059415102005,0.0,10.651481628417969,2.2360680103302,-123.55715300873335,48.12947076398795
4918,1.2047170372397886e-08,0.80059415102005,0.0,10.651481628417969,2.2360680103302,-123.55715300873335,48.12947076398795
4919,1.2047170372397886e-08,0.80059415102005,0.0,10.651481628417969,2.2360680103302,-123.55715300873335,48.12947076398795
4920,1.2047170372397886e-08,0.80059415102005,0.0,10.651481628417969,2.2360680103302,-123.55715300873335,48.12947076398795
4921,1.2047170372397886e-08,0.80059415102005,0.0,10.651481628417969,2.2360680103302,-123.55715300873335,48.12947076398795
4922,1.2047170372397886e-08,0.80059415102005,0.0,10.651481628417969,2.2360680103302,-123.55715300873335,48.12947076398795
4923,1.2047170372397886e-08,0.80059415102005,0.0,10.651481628417969,2.2360680103302,-123.55715300873335,48.12947076398795
4924,1.2047170372397886e-08,0.80059415102005,0.0,10.651481628417969,2.2360680103302,-123.55715300873335,48.12947076398795
4925,3.081909198954236e-07,0.06869418919086456,0.0,10.10429859161377,48.27007293701172,-123.55675300873335,48.12947076398795
4926,3.081909198954236e-07,0.06869418919086456,0.0,10.10429859161377,48.27007293701172,-123.55675300873335,48.12947076398795
4927,3.081909198954236e-07,0.06869418919086456,0.0,10.10429859161377,48.27007293701172,-123.55675300873335,48.12947076398795
4928,3.081909198954236e-07,0.06869418919086456,0.0,10.10429859161377,48.27007293701172,-123.55675300873335,48.12947076398795
4929,3.081909198954236e-07,0.06869418919086456,0.0,10.10429859161377,48.27007293701172,-123.55675300873335,48.12947076398795
4930,3.081909198954236e-07,0.06869418919086456,0.0,10.10429859161377,48.27007293701172,-123.55675300873335,48.12947076398795
4931,3.081909198954236e-07,0.06869418919086456,0.0,10.10429859161377,48.27007293701172,-123.55675300873335,48.12947076398795
4932,3.081909198954236e-07,0.06869418919086456,0.0,10.10429859161377,48.27007293701172,-123.55675300873335,48.12947076398795
4933,3.081909198954236e-07,0.06869418919086456,0.0,10.10429859161377,48.27007293701172,-123.55675300873335,48.12947076398795
4934,3.081909198954236e-07,0.06869418919086456,0.0,10.10429859161377,48.27007293701172,-123.55675300873335,48.12947076398795
4935,0.009839137084782124,0.00042808515718206763,0.0,10.859999656677246,102.88343048095703,-123.55635300873335,48.12947076398795
4936,0.009839137084782124,0.00042808515718206763,0.0,10.859999656677246,102.88343048095703,-123.55635300873335,48.12947076398795
4937,0.009839137084782124,0.00042808515718206763,0.0,10.859999656677246,102.88343048095703,-123.55635300873335,48.12947076398795
4938,0.009839137084782124,0.00042808515718206763,0.0,10.859999656677246,102.88343048095703,-123.55635300873335,48.12947076398795
4939,0.009839137084782124,0.00042808515718206763,0.0,10.859999656677246,102.88343048095703,-123.55635300873335,48.12947076398795
4940,0.009839137084782124,0.00042808515718206763,0.0,10.859999656677246,102.88343048095703,-123.55635300873335,48.12947076398795
4941,0.009839137084782124,0.00042808515718206763,0.0,10.859999656677246,102.88343048095703,-123.55635300873335,48.12947076398795
4942,0.009839137084782124,0.00042808515718206763,0.0,10.859999656677246,102.88343048095703,-123.55635300873335,48.12947076398795
4943,0.009839137084782124,0.00042808515718206763,0.0,10.859999656677246,102.88343048095703,-123.55635300873335,48.12947076398795
4944,0.0,0.0,0.0,0.0,171.02630615234375,-123.55595300873335,48.12947076398795
4945,0.0,0.0,0.0,0.0,171.02630615234375,-123.55595300873335,48.12947076398795
4946,0.0,0.0,0.0,0.0,171.02630615234375,-123.55595300873335,48.12947076398795
4947,0.0,0.0,0.0,0.0,171.02630615234375,-123.55595300873335,48.12947076398795
4948,0.0,0.0,0.0,0.0,171.02630615234375,-123.55595300873335,48.12947076398795
4949,0.0,0.0,0.0,0.0,171.02630615234375,-123.55595300873335,48.12947076398795
4950,0.0,0.0,0.0,0.0,212.04244995117188,-123.55555300873336,48.12947076398795
4951,0.0,0.0,0.0,0.0,212.04244995117188,-123.55555300873336,48.12947076398795
4952,0.0,0.0,0.0,0.0,212.04244995117188,-123.55555300873336,48.12947076398795
4953,0.0,0.0,0.0,0.0,212.04244995117188,-123.55555300873336,48.12947076398795
4954,0.0,0.0,0.0,0.0,212.04244995117188,-123.55555300873336,48.12947076398795
4955,0.0,0.0,0.0,0.0,212.04244995117188,-123.55555300873336,48.12947076398795
4956,0.0,0.0,0.0,0.0,237.21719360351562,-123.55515300873336,48.12947076398795
4957,0.0,0.0,0.0,0.0,237.21719360351562,-123.55515300873336,48.12947076398795
4958,0.0,0.0,0.0,0.0,237.21719360351562,-123.55515300873336,48.12947076398795
4959,0.0,0.0,0.0,0.0,237.21719360351562,-123.55515300873336,48.12947076398795
4960,0.0,0.0,0.0,0.0,237.21719360351562,-123.55515300873336,48.12947076398795
4961,0.0,0.0,0.0,0.0,237.21719360351562,-123.55515300873336,48.12947076398795
4962,0.0,0.0,0.0,0.0,246.01829528808594,-123.55475300873336,48.12947076398795
4963,0.0,0.0,0.0,0.0,246.01829528808594,-123.55475300873336,48.12947076398795
4964,0.0,0.0,0.0,0.0,246.01829528808594,-123.55475300873336,48.12947076398795
4965,0.0,0.0,0.0,0.0,246.01829528808594,-123.55475300873336,48.12947076398795
4966,0.0,0.0,0.0,0.0,246.01829528808594,-123.55475300873336,48.12947076398795
4967,0.0002683106285985559,0.9978395700454712,0.0,11.210563659667969,91.39474487304688,-123.55955300873335,48.129070763987954
4968,0.0002683106285985559,0.9978395700454712,0.0,11.210563659667969,91.39474487304688,-123.55955300873335,48.129070763987954
4969,0.0002683106285985559,0.9978395700454712,0.0,11.210563659667969,91.39474487304688,-123.55955300873335,48.129070763987954
4970,0.0002683106285985559,0.9978395700454712,0.0,11.210563659667969,91.39474487304688,-123.55955300873335,48.129070763987954
4971,0.0002683106285985559,0.9978395700454712,0.0,11.210563659667969,91.39474487304688,-123.55955300873335,48.129070763987954
4972,0.0002683106285985559,0.9978395700454712,0.0,11.210563659667969,91.39474487304688,-123.55955300873335,48.129070763987954
4973,0.0002683106285985559,0.9978395700454712,0.0,11.210563659667969,91.39474487304688,-123.55955300873335,48.129070763987954
4974,0.0002683106285985559,0.9978395700454712,0.0,11.210563659667969,91.39474487304688,-123.55955300873335,48.129070763987954
4975,0.0002683106285985559,0.9978395700454712,0.0,11.210563659667969,91.39474487304688,-123.55955300873335,48.129070763987954
4976,0.0002683106285985559,0.9978395700454712,0.0,11.210563659667969,91.39474487304688,-123.55955300873335,48.129070763987954
4977,0.0013747075572609901,4.431600609677844e-05,0.0,11.971091270446777,146.47866821289062,-123.55915300873335,48.129070763987954
4978,0.0013747075572609901,4.431600609677844e-05,0.0,11.971091270446777,146.47866821289062,-123.55915300873335,48.129070763987954
4979,0.0013747075572609901,4.431600609677844e-05,0.0,11.971091270446777,146.47866821289062,-123.55915300873335,48.129070763987954
4980,0.0013747075572609901,4.431600609677844e-05,0.0,11.971091270446777,146.47866821289062,-123.55915300873335,48.129070763987954
4981,0.0013747075572609901,4.431600609677844e-05,0.0,11.971091270446777,146.47866821289062,-123.55915300873335,48.129070763987954
4982,0.0013747075572609901,4.431600609677844e-05,0.0,11.971091270446777,146.47866821289062,-123.55915300873335,48.129070763987954
4983,0.0013747075572609901,4.431600609677844e-05,0.0,11.971091270446777,146.47866821289062,-123.55915300873335,48.129070763987954
4984,0.0013747075572609901,4.431600609677844e-05,0.0,11.971091270446777,146.47866821289062,-123.55915300873335,48.129070763987954
4985,0.0013747075572609901,4.431600609677844e-05,0.0,11.971091270446777,146.47866821289062,-123.55915300873335,48.129070763987954
4986,0.0013747075572609901,4.431600609677844e-05,0.0,11.971091270446777,146.47866821289062,-123.55915300873335,48.129070763987954
4987,0.9999305009841919,0.00016838248120620847,0.0,12.779999732971191,107.56393432617188,-123.55875300873335,48.129070763987954
4988,0.9999305009841919,0.00016838248120620847,0.0,12.779999732971191,107.56393432617188,-123.55875300873335,48.129070763987954
4989,0.9999305009841919,0.00016838248120620847,0.0,12.779999732971191,107.56393432617188,-123.55875300873335,48.129070763987954
4990,0.9999305009841919,0.00016838248120620847,0.0,12.779999732971191,107.56393432617188,-123.55875300873335,48.129070763987954
4991,0.9999305009841919,0.00016838248120620847,0.0,12.779999732971191,107.56393432617188,-123.55875300873335,48.129070763987954
4992,0.9999305009841919,0.00016838248120620847,0.0,12.779999732971191,107.56393432617188,-123.55875300873335,48.129070763987954
4993,0.9999305009841919,0.00016838248120620847,0.0,12.779999732971191,107.56393432617188,-123.55875300873335,48.129070763987954
4994,0.9999305009841919,0.00016838248120620847,0.0,12.779999732971191,107.56393432617188,-123.55875300873335,48.129070763987954
4995,0.9999305009841919,0.00016838248120620847,0.0,12.779999732971191,107.56393432617188,-123.55875300873335,48.129070763987954
4996,0.9999305009841919,0.00016838248120620847,0.0,12.779999732971191,107.56393432617188,-123.55875300873335,48.129070763987954
4997,7.280073877069526e-09,0.9451236128807068,0.0,10.901656150817871,53.5350341796875,-123.55835300873335,48.129070763987954
4998,7.280073877069526e-09,0.9451236128807068,0.0,10.901656150817871,53.5350341796875,-123.55835300873335,48.129070763987954
4999,7.280073877069526e-09,0.9451236128807068,0.0,10.901656150817871,53.5350341796875,-123.55835300873335,48.129070763987954
5000,7.280073877069526e-09,0.9451236128807068,0.0,10.901656150817871,53.5350341796875,-123.55835300873335,48.129070763987954
5001,7.280073877069526e-09,0.9451236128807068,0.0,10.901656150817871,53.5350341796875,-123.55835300873335,48.129070763987954
5002,7.280073877069526e-09,0.9451236128807068,0.0,10.901656150817871,53.5350341796875,-123.55835300873335,48.129070763987954
5003,7.280073877069526e-09,0.9451236128807068,0.0,10.901656150817871,53.5350341796875,-123.55835300873335,48.129070763987954
5004,7.280073877069526e-09,0.9451236128807068,0.0,10.901656150817871,53.5350341796875,-123.55835300873335,48.129070763987954
5005,7.280073877069526e-09,0.9451236128807068,0.0,10.901656150817871,53.5350341796875,-123.55835300873335,48.129070763987954
5006,7.280073877069526e-09,0.9451236128807068,0.0,10.901656150817871,53.5350341796875,-123.55835300873335,48.129070763987954
5007,0.08079148828983307,0.012616881169378757,1.0,11.863191604614258,34.0,-123.55795300873335,48.129070763987954
5008,0.08079148828983307,0.012616881169378757,1.0,11.863191604614258,34.0,-123.55795300873335,48.129070763987954
5009,0.08079148828983307,0.012616881169378757,1.0,11.863191604614258,34.0,-123.55795300873335,48.129070763987954
5010,0.08079148828983307,0.012616881169378757,1.0,11.863191604614258,34.0,-123.55795300873335,48.129070763987954
5011,0.08079148828983307,0.012616881169378757,1.0,11.863191604614258,34.0,-123.55795300873335,48.129070763987954
5012,0.08079148828983307,0.012616881169378757,1.0,11.863191604614258,34.0,-123.55795300873335,48.129070763987954
5013,0.08079148828983307,0.012616881169378757,1.0,11.863191604614258,34.0,-123.55795300873335,48.129070763987954
5014,0.08079148828983307,0.012616881169378757,1.0,11.863191604614258,34.0,-123.55795300873335,48.129070763987954
5015,0.08079148828983307,0.012616881169378757,1.0,11.863191604614258,34.0,-123.55795300873335,48.129070763987954
5016,0.08079148828983307,0.012616881169378757,1.0,11.863191604614258,34.0,-123.55795300873335,48.129070763987954
5017,0.9841432571411133,2.1842019123141654e-05,0.0,12.260000228881836,116.2755355834961,-123.55755300873335,48.129070763987954
5018,0.9841432571411133,2.1842019123141654e-05,0.0,12.260000228881836,116.2755355834961,-123.55755300873335,48.129070763987954
5019,0.9841432571411133,2.1842019123141654e-05,0.0,12.260000228881836,116.2755355834961,-123.55755300873335,48.129070763987954
5020,0.9841432571411133,2.1842019123141654e-05,0.0,12.260000228881836,116.2755355834961,-123.55755300873335,48.129070763987954
5021,0.9841432571411133,2.1842019123141654e-05,0.0,12.260000228881836,116.2755355834961,-123.55755300873335,48.129070763987954
5022,0.9841432571411133,2.1842019123141654e-05,0.0,12.260000228881836,116.2755355834961,-123.55755300873335,48.129070763987954
5023,0.9841432571411133,2.1842019123141654e-05,0.0,12.260000228881836,116.2755355834961,-123.55755300873335,48.129070763987954
5024,0.9841432571411133,2.1842019123141654e-05,0.0,12.260000228881836,116.2755355834961,-123.55755300873335,48.129070763987954
5025,0.9841432571411133,2.1842019123141654e-05,0.0,12.260000228881836,116.2755355834961,-123.55755300873335,48.129070763987954
5026,0.9994889497756958,1.1224057743675075e-05,0.0,11.720000267028809,246.33717346191406,-123.55715300873335,48.129070763987954
5027,0.9994889497756958,1.1224057743675075e-05,0.0,11.720000267028809,246.33717346191406,-123.55715300873335,48.129070763987954
5028,0.9994889497756958,1.1224057743675075e-05,0.0,11.720000267028809,246.33717346191406,-123.55715300873335,48.129070763987954
5029,0.9994889497756958,1.1224057743675075e-05,0.0,11.720000267028809,246.33717346191406,-123.55715300873335,48.129070763987954
5030,0.9994889497756958,1.1224057743675075e-05,0.0,11.720000267028809,246.33717346191406,-123.55715300873335,48.129070763987954
5031,0.9994889497756958,1.1224057743675075e-05,0.0,11.720000267028809,246.33717346191406,-123.55715300873335,48.129070763987954
5032,0.9994889497756958,1.1224057743675075e-05,0.0,11.720000267028809,246.33717346191406,-123.55715300873335,48.129070763987954
5033,0.9999923706054688,8.835386324790306e-06,0.0,11.869999885559082,298.6854553222656,-123.55675300873335,48.129070763987954
5034,0.9999923706054688,8.835386324790306e-06,0.0,11.869999885559082,298.6854553222656,-123.55675300873335,48.129070763987954
5035,0.9999923706054688,8.835386324790306e-06,0.0,11.869999885559082,298.6854553222656,-123.55675300873335,48.129070763987954
5036,0.9999923706054688,8.835386324790306e-06,0.0,11.869999885559082,298.6854553222656,-123.55675300873335,48.129070763987954
5037,0.9999923706054688,8.835386324790306e-06,0.0,11.869999885559082,298.6854553222656,-123.55675300873335,48.129070763987954
5038,0.9999923706054688,8.835386324790306e-06,0.0,11.869999885559082,298.6854553222656,-123.55675300873335,48.129070763987954
5039,0.9999923706054688,8.835386324790306e-06,0.0,11.869999885559082,298.6854553222656,-123.55675300873335,48.129070763987954
5040,0.0,0.0,0.0,0.0,348.5541687011719,-123.55635300873335,48.129070763987954
5041,0.0,0.0,0.0,0.0,348.5541687011719,-123.55635300873335,48.129070763987954
5042,0.0,0.0,0.0,0.0,348.5541687011719,-123.55635300873335,48.129070763987954
5043,0.0,0.0,0.0,0.0,348.5541687011719,-123.55635300873335,48.129070763987954
5044,0.0,0.0,0.0,0.0,348.5541687011719,-123.55635300873335,48.129070763987954
5045,0.0,0.0,0.0,0.0,348.5541687011719,-123.55635300873335,48.129070763987954
5046,0.0,0.0,0.0,0.0,416.7601318359375,-123.55595300873335,48.129070763987954
5047,0.0,0.0,0.0,0.0,416.7601318359375,-123.55595300873335,48.129070763987954
5048,0.0,0.0,0.0,0.0,416.7601318359375,-123.55595300873335,48.129070763987954
5049,0.0,0.0,0.0,0.0,416.7601318359375,-123.55595300873335,48.129070763987954
5050,0.0,0.0,0.0,0.0,416.7601318359375,-123.55595300873335,48.129070763987954
5051,0.0,0.0,0.0,0.0,416.7601318359375,-123.55595300873335,48.129070763987954
5052,0.0,0.0,0.0,0.0,465.8078918457031,-123.55555300873336,48.129070763987954
5053,0.0,0.0,0.0,0.0,465.8078918457031,-123.55555300873336,48.129070763987954
5054,0.0,0.0,0.0,0.0,465.8078918457031,-123.55555300873336,48.129070763987954
5055,0.0,0.0,0.0,0.0,465.8078918457031,-123.55555300873336,48.129070763987954
5056,0.0,0.0,0.0,0.0,465.8078918457031,-123.55555300873336,48.129070763987954
5057,0.0,0.0,0.0,0.0,465.8078918457031,-123.55555300873336,48.129070763987954
5058,0.0,0.0,0.0,0.0,490.9755554199219,-123.55515300873336,48.129070763987954
5059,0.0,0.0,0.0,0.0,490.9755554199219,-123.55515300873336,48.129070763987954
5060,0.0,0.0,0.0,0.0,490.9755554199219,-123.55515300873336,48.129070763987954
5061,0.0,0.0,0.0,0.0,490.9755554199219,-123.55515300873336,48.129070763987954
5062,0.0,0.0,0.0,0.0,490.9755554199219,-123.55515300873336,48.129070763987954
5063,0.0,0.0,0.0,0.0,490.9755554199219,-123.55515300873336,48.129070763987954
5064,0.0,0.0,0.0,0.0,500.8403015136719,-123.55475300873336,48.129070763987954
5065,1.8136191783924005e-06,0.9999959468841553,0.0,11.505013465881348,81.39410400390625,-123.55955300873335,48.128670763987955
5066,1.8136191783924005e-06,0.9999959468841553,0.0,11.505013465881348,81.39410400390625,-123.55955300873335,48.128670763987955
5067,1.8136191783924005e-06,0.9999959468841553,0.0,11.505013465881348,81.39410400390625,-123.55955300873335,48.128670763987955
5068,1.8136191783924005e-06,0.9999959468841553,0.0,11.505013465881348,81.39410400390625,-123.55955300873335,48.128670763987955
5069,1.8136191783924005e-06,0.9999959468841553,0.0,11.505013465881348,81.39410400390625,-123.55955300873335,48.128670763987955
5070,1.8136191783924005e-06,0.9999959468841553,0.0,11.505013465881348,81.39410400390625,-123.55955300873335,48.128670763987955
5071,1.8136191783924005e-06,0.9999959468841553,0.0,11.505013465881348,81.39410400390625,-123.55955300873335,48.128670763987955
5072,1.8136191783924005e-06,0.9999959468841553,0.0,11.505013465881348,81.39410400390625,-123.55955300873335,48.128670763987955
5073,1.8136191783924005e-06,0.9999959468841553,0.0,11.505013465881348,81.39410400390625,-123.55955300873335,48.128670763987955
5074,1.8136191783924005e-06,0.9999959468841553,0.0,11.505013465881348,81.39410400390625,-123.55955300873335,48.128670763987955
5075,0.3969527781009674,0.002827518852427602,0.0,14.960000038146973,154.27572631835938,-123.55915300873335,48.128670763987955
5076,0.3969527781009674,0.002827518852427602,0.0,14.960000038146973,154.27572631835938,-123.55915300873335,48.128670763987955
5077,0.3969527781009674,0.002827518852427602,0.0,14.960000038146973,154.27572631835938,-123.55915300873335,48.128670763987955
5078,0.3969527781009674,0.002827518852427602,0.0,14.960000038146973,154.27572631835938,-123.55915300873335,48.128670763987955
5079,0.3969527781009674,0.002827518852427602,0.0,14.960000038146973,154.27572631835938,-123.55915300873335,48.128670763987955
5080,0.3969527781009674,0.002827518852427602,0.0,14.960000038146973,154.27572631835938,-123.55915300873335,48.128670763987955
5081,0.3969527781009674,0.002827518852427602,0.0,14.960000038146973,154.27572631835938,-123.55915300873335,48.128670763987955
5082,0.3969527781009674,0.002827518852427602,0.0,14.960000038146973,154.27572631835938,-123.55915300873335,48.128670763987955
5083,0.3969527781009674,0.002827518852427602,0.0,14.960000038146973,154.27572631835938,-123.55915300873335,48.128670763987955
5084,0.3969527781009674,0.002827518852427602,0.0,14.960000038146973,154.27572631835938,-123.55915300873335,48.128670763987955
5085,7.091816223692149e-05,0.9959470629692078,0.0,11.470000267028809,52.801513671875,-123.55875300873335,48.128670763987955
5086,7.091816223692149e-05,0.9959470629692078,0.0,11.470000267028809,52.801513671875,-123.55875300873335,48.128670763987955
5087,7.091816223692149e-05,0.9959470629692078,0.0,11.470000267028809,52.801513671875,-123.55875300873335,48.128670763987955
5088,7.091816223692149e-05,0.9959470629692078,0.0,11.470000267028809,52.801513671875,-123.55875300873335,48.128670763987955
5089,7.091816223692149e-05,0.9959470629692078,0.0,11.470000267028809,52.801513671875,-123.55875300873335,48.128670763987955
5090,7.091816223692149e-05,0.9959470629692078,0.0,11.470000267028809,52.801513671875,-123.55875300873335,48.128670763987955
5091,7.091816223692149e-05,0.9959470629692078,0.0,11.470000267028809,52.801513671875,-123.55875300873335,48.128670763987955
5092,7.091816223692149e-05,0.9959470629692078,0.0,11.470000267028809,52.801513671875,-123.55875300873335,48.128670763987955
5093,7.091816223692149e-05,0.9959470629692078,0.0,11.470000267028809,52.801513671875,-123.55875300873335,48.128670763987955
5094,7.091816223692149e-05,0.9959470629692078,0.0,11.470000267028809,52.801513671875,-123.55875300873335,48.128670763987955
5095,0.999626636505127,5.819173748022877e-05,0.0,12.056432723999023,124.40257263183594,-123.55835300873335,48.128670763987955
5096,0.999626636505127,5.819173748022877e-05,0.0,12.056432723999023,124.40257263183594,-123.55835300873335,48.128670763987955
5097,0.999626636505127,5.819173748022877e-05,0.0,12.056432723999023,124.40257263183594,-123.55835300873335,48.128670763987955
5098,0.999626636505127,5.819173748022877e-05,0.0,12.056432723999023,124.40257263183594,-123.55835300873335,48.128670763987955
5099,0.999626636505127,5.819173748022877e-05,0.0,12.056432723999023,124.40257263183594,-123.55835300873335,48.128670763987955
5100,0.999626636505127,5.819173748022877e-05,0.0,12.056432723999023,124.40257263183594,-123.55835300873335,48.128670763987955
5101,0.999626636505127,5.819173748022877e-05,0.0,12.056432723999023,124.40257263183594,-123.55835300873335,48.128670763987955
5102,0.999626636505127,5.819173748022877e-05,0.0,12.056432723999023,124.40257263183594,-123.55835300873335,48.128670763987955
5103,0.999626636505127,5.819173748022877e-05,0.0,12.056432723999023,124.40257263183594,-123.55835300873335,48.128670763987955
5104,0.999626636505127,5.819173748022877e-05,0.0,12.056432723999023,124.40257263183594,-123.55835300873335,48.128670763987955
5105,0.9992436170578003,8.15281891846098e-05,0.0,13.640000343322754,287.5691223144531,-123.55795300873335,48.128670763987955
5106,0.9992436170578003,8.15281891846098e-05,0.0,13.640000343322754,287.5691223144531,-123.55795300873335,48.128670763987955
5107,0.9992436170578003,8.15281891846098e-05,0.0,13.640000343322754,287.5691223144531,-123.55795300873335,48.128670763987955
5108,0.9992436170578003,8.15281891846098e-05,0.0,13.640000343322754,287.5691223144531,-123.55795300873335,48.128670763987955
5109,0.9992436170578003,8.15281891846098e-05,0.0,13.640000343322754,287.5691223144531,-123.55795300873335,48.128670763987955
5110,0.9992436170578003,8.15281891846098e-05,0.0,13.640000343322754,287.5691223144531,-123.55795300873335,48.128670763987955
5111,0.9992436170578003,8.15281891846098e-05,0.0,13.640000343322754,287.5691223144531,-123.55795300873335,48.128670763987955
5112,0.9992436170578003,8.15281891846098e-05,0.0,13.640000343322754,287.5691223144531,-123.55795300873335,48.128670763987955
5113,0.9999470710754395,7.799359991622623e-06,0.0,12.600000381469727,347.6391906738281,-123.55755300873335,48.128670763987955
5114,0.9999470710754395,7.799359991622623e-06,0.0,12.600000381469727,347.6391906738281,-123.55755300873335,48.128670763987955
5115,0.9999470710754395,7.799359991622623e-06,0.0,12.600000381469727,347.6391906738281,-123.55755300873335,48.128670763987955
5116,0.9999470710754395,7.799359991622623e-06,0.0,12.600000381469727,347.6391906738281,-123.55755300873335,48.128670763987955
5117,0.9999470710754395,7.799359991622623e-06,0.0,12.600000381469727,347.6391906738281,-123.55755300873335,48.128670763987955
5118,0.9999470710754395,7.799359991622623e-06,0.0,12.600000381469727,347.6391906738281,-123.55755300873335,48.128670763987955
5119,0.9999470710754395,7.799359991622623e-06,0.0,12.600000381469727,347.6391906738281,-123.55755300873335,48.128670763987955
5120,0.5,0.5,0.0,12.260000228881836,458.8420104980469,-123.55715300873335,48.128670763987955
5121,0.5,0.5,0.0,12.260000228881836,458.8420104980469,-123.55715300873335,48.128670763987955
5122,0.5,0.5,0.0,12.260000228881836,458.8420104980469,-123.55715300873335,48.128670763987955
5123,0.5,0.5,0.0,12.260000228881836,458.8420104980469,-123.55715300873335,48.128670763987955
5124,0.5,0.5,0.0,12.260000228881836,458.8420104980469,-123.55715300873335,48.128670763987955
5125,0.5,0.5,0.0,12.260000228881836,458.8420104980469,-123.55715300873335,48.128670763987955
5126,0.5,0.5,0.0,12.260000228881836,458.8420104980469,-123.55715300873335,48.128670763987955
5127,0.5,0.5,0.0,11.770000457763672,548.9307861328125,-123.55675300873335,48.128670763987955
5128,0.5,0.5,0.0,11.770000457763672,548.9307861328125,-123.55675300873335,48.128670763987955
5129,0.5,0.5,0.0,11.770000457763672,548.9307861328125,-123.55675300873335,48.128670763987955
5130,0.5,0.5,0.0,11.770000457763672,548.9307861328125,-123.55675300873335,48.128670763987955
5131,0.5,0.5,0.0,11.770000457763672,548.9307861328125,-123.55675300873335,48.128670763987955
5132,0.5,0.5,0.0,11.770000457763672,548.9307861328125,-123.55675300873335,48.128670763987955
5133,0.5,0.5,0.0,11.770000457763672,548.9307861328125,-123.55675300873335,48.128670763987955
5134,0.0,0.0,0.0,0.0,597.4027099609375,-123.55635300873335,48.128670763987955
5135,0.0,0.0,0.0,0.0,597.4027099609375,-123.55635300873335,48.128670763987955
5136,0.0,0.0,0.0,0.0,597.4027099609375,-123.55635300873335,48.128670763987955
5137,0.0,0.0,0.0,0.0,597.4027099609375,-123.55635300873335,48.128670763987955
5138,0.0,0.0,0.0,0.0,597.4027099609375,-123.55635300873335,48.128670763987955
5139,0.0,0.0,0.0,0.0,597.4027099609375,-123.55635300873335,48.128670763987955
5140,0.0,0.0,0.0,0.0,662.4507446289062,-123.55595300873335,48.128670763987955
5141,0.0,0.0,0.0,0.0,662.4507446289062,-123.55595300873335,48.128670763987955
5142,0.0,0.0,0.0,0.0,662.4507446289062,-123.55595300873335,48.128670763987955
5143,0.0,0.0,0.0,0.0,662.4507446289062,-123.55595300873335,48.128670763987955
5144,0.0,0.0,0.0,0.0,662.4507446289062,-123.55595300873335,48.128670763987955
5145,0.0,0.0,0.0,0.0,662.4507446289062,-123.55595300873335,48.128670763987955
5146,0.0,0.0,0.0,0.0,719.6110229492188,-123.55555300873336,48.128670763987955
5147,0.0,0.0,0.0,0.0,719.6110229492188,-123.55555300873336,48.128670763987955
5148,0.0,0.0,0.0,0.0,719.6110229492188,-123.55555300873336,48.128670763987955
5149,0.0,0.0,0.0,0.0,719.6110229492188,-123.55555300873336,48.128670763987955
5150,0.0,0.0,0.0,0.0,719.6110229492188,-123.55555300873336,48.128670763987955
5151,0.0,0.0,0.0,0.0,744.6858520507812,-123.55515300873336,48.128670763987955
5152,0.0,0.0,0.0,0.0,744.6858520507812,-123.55515300873336,48.128670763987955
5153,0.0,0.0,0.0,0.0,744.6858520507812,-123.55515300873336,48.128670763987955
5154,0.0,0.0,0.0,0.0,744.6858520507812,-123.55515300873336,48.128670763987955
5155,0.0,0.0,0.0,0.0,143.02796936035156,-123.55955300873335,48.128270763987956
5156,1.6776801203377545e-05,0.9906683564186096,0.0,10.789941787719727,89.02246856689453,-123.55915300873335,48.128270763987956
5157,1.6776801203377545e-05,0.9906683564186096,0.0,10.789941787719727,89.02246856689453,-123.55915300873335,48.128270763987956
5158,1.6776801203377545e-05,0.9906683564186096,0.0,10.789941787719727,89.02246856689453,-123.55915300873335,48.128270763987956
5159,1.6776801203377545e-05,0.9906683564186096,0.0,10.789941787719727,89.02246856689453,-123.55915300873335,48.128270763987956
5160,1.6776801203377545e-05,0.9906683564186096,0.0,10.789941787719727,89.02246856689453,-123.55915300873335,48.128270763987956
5161,1.6776801203377545e-05,0.9906683564186096,0.0,10.789941787719727,89.02246856689453,-123.55915300873335,48.128270763987956
5162,1.6776801203377545e-05,0.9906683564186096,0.0,10.789941787719727,89.02246856689453,-123.55915300873335,48.128270763987956
5163,1.6776801203377545e-05,0.9906683564186096,0.0,10.789941787719727,89.02246856689453,-123.55915300873335,48.128270763987956
5164,1.6776801203377545e-05,0.9906683564186096,0.0,10.789941787719727,89.02246856689453,-123.55915300873335,48.128270763987956
5165,1.6776801203377545e-05,0.9906683564186096,0.0,10.789941787719727,89.02246856689453,-123.55915300873335,48.128270763987956
5166,0.0010019863257184625,0.017810644581913948,0.0,12.052347183227539,40.16217041015625,-123.55875300873335,48.128270763987956
5167,0.0010019863257184625,0.017810644581913948,0.0,12.052347183227539,40.16217041015625,-123.55875300873335,48.128270763987956
5168,0.0010019863257184625,0.017810644581913948,0.0,12.052347183227539,40.16217041015625,-123.55875300873335,48.128270763987956
5169,0.0010019863257184625,0.017810644581913948,0.0,12.052347183227539,40.16217041015625,-123.55875300873335,48.128270763987956
5170,0.0010019863257184625,0.017810644581913948,0.0,12.052347183227539,40.16217041015625,-123.55875300873335,48.128270763987956
5171,0.0010019863257184625,0.017810644581913948,0.0,12.052347183227539,40.16217041015625,-123.55875300873335,48.128270763987956
5172,0.0010019863257184625,0.017810644581913948,0.0,12.052347183227539,40.16217041015625,-123.55875300873335,48.128270763987956
5173,0.0010019863257184625,0.017810644581913948,0.0,12.052347183227539,40.16217041015625,-123.55875300873335,48.128270763987956
5174,0.0010019863257184625,0.017810644581913948,0.0,12.052347183227539,40.16217041015625,-123.55875300873335,48.128270763987956
5175,0.0010019863257184625,0.017810644581913948,0.0,12.052347183227539,40.16217041015625,-123.55875300873335,48.128270763987956
5176,0.9476695656776428,0.00034906287328340113,0.0,12.600345611572266,273.3660583496094,-123.55835300873335,48.128270763987956
5177,0.9476695656776428,0.00034906287328340113,0.0,12.600345611572266,273.3660583496094,-123.55835300873335,48.128270763987956
5178,0.9476695656776428,0.00034906287328340113,0.0,12.600345611572266,273.3660583496094,-123.55835300873335,48.128270763987956
5179,0.9476695656776428,0.00034906287328340113,0.0,12.600345611572266,273.3660583496094,-123.55835300873335,48.128270763987956
5180,0.9476695656776428,0.00034906287328340113,0.0,12.600345611572266,273.3660583496094,-123.55835300873335,48.128270763987956
5181,0.9476695656776428,0.00034906287328340113,0.0,12.600345611572266,273.3660583496094,-123.55835300873335,48.128270763987956
5182,0.9476695656776428,0.00034906287328340113,0.0,12.600345611572266,273.3660583496094,-123.55835300873335,48.128270763987956
5183,0.9476695656776428,0.00034906287328340113,0.0,12.600345611572266,273.3660583496094,-123.55835300873335,48.128270763987956
5184,0.9476695656776428,0.00034906287328340113,0.0,12.600345611572266,273.3660583496094,-123.55835300873335,48.128270763987956
5185,0.9476695656776428,0.00034906287328340113,0.0,12.600345611572266,273.3660583496094,-123.55835300873335,48.128270763987956
5186,0.999998927116394,2.601427877380047e-05,0.0,12.649999618530273,482.1047668457031,-123.55795300873335,48.128270763987956
5187,0.999998927116394,2.601427877380047e-05,0.0,12.649999618530273,482.1047668457031,-123.55795300873335,48.128270763987956
5188,0.999998927116394,2.601427877380047e-05,0.0,12.649999618530273,482.1047668457031,-123.55795300873335,48.128270763987956
5189,0.999998927116394,2.601427877380047e-05,0.0,12.649999618530273,482.1047668457031,-123.55795300873335,48.128270763987956
5190,0.999998927116394,2.601427877380047e-05,0.0,12.649999618530273,482.1047668457031,-123.55795300873335,48.128270763987956
5191,0.999998927116394,2.601427877380047e-05,0.0,12.649999618530273,482.1047668457031,-123.55795300873335,48.128270763987956
5192,0.999998927116394,2.601427877380047e-05,0.0,12.649999618530273,482.1047668457031,-123.55795300873335,48.128270763987956
5193,0.998327910900116,1.2878565030405298e-05,0.0,13.039999961853027,588.1836547851562,-123.55755300873335,48.128270763987956
5194,0.998327910900116,1.2878565030405298e-05,0.0,13.039999961853027,588.1836547851562,-123.55755300873335,48.128270763987956
5195,0.998327910900116,1.2878565030405298e-05,0.0,13.039999961853027,588.1836547851562,-123.55755300873335,48.128270763987956
5196,0.998327910900116,1.2878565030405298e-05,0.0,13.039999961853027,588.1836547851562,-123.55755300873335,48.128270763987956
5197,0.998327910900116,1.2878565030405298e-05,0.0,13.039999961853027,588.1836547851562,-123.55755300873335,48.128270763987956
5198,0.998327910900116,1.2878565030405298e-05,0.0,13.039999961853027,588.1836547851562,-123.55755300873335,48.128270763987956
5199,0.998327910900116,1.2878565030405298e-05,0.0,13.039999961853027,588.1836547851562,-123.55755300873335,48.128270763987956
5200,0.5,0.5,0.0,13.100000381469727,685.57861328125,-123.55715300873335,48.128270763987956
5201,0.5,0.5,0.0,13.100000381469727,685.57861328125,-123.55715300873335,48.128270763987956
5202,0.5,0.5,0.0,13.100000381469727,685.57861328125,-123.55715300873335,48.128270763987956
5203,0.5,0.5,0.0,13.100000381469727,685.57861328125,-123.55715300873335,48.128270763987956
5204,0.5,0.5,0.0,13.100000381469727,685.57861328125,-123.55715300873335,48.128270763987956
5205,0.5,0.5,0.0,13.100000381469727,685.57861328125,-123.55715300873335,48.128270763987956
5206,0.5,0.5,0.0,13.100000381469727,685.57861328125,-123.55715300873335,48.128270763987956
5207,0.0,0.0,0.0,0.0,797.6590576171875,-123.55675300873335,48.128270763987956
5208,0.0,0.0,0.0,0.0,797.6590576171875,-123.55675300873335,48.128270763987956
5209,0.0,0.0,0.0,0.0,797.6590576171875,-123.55675300873335,48.128270763987956
5210,0.0,0.0,0.0,0.0,797.6590576171875,-123.55675300873335,48.128270763987956
5211,0.0,0.0,0.0,0.0,797.6590576171875,-123.55675300873335,48.128270763987956
5212,0.0,0.0,0.0,0.0,797.6590576171875,-123.55675300873335,48.128270763987956
5213,0.0,0.0,0.0,0.0,846.8317260742188,-123.55635300873335,48.128270763987956
5214,0.0,0.0,0.0,0.0,846.8317260742188,-123.55635300873335,48.128270763987956
5215,0.0,0.0,0.0,0.0,846.8317260742188,-123.55635300873335,48.128270763987956
5216,0.0,0.0,0.0,0.0,846.8317260742188,-123.55635300873335,48.128270763987956
5217,0.0,0.0,0.0,0.0,846.8317260742188,-123.55635300873335,48.128270763987956
5218,0.0,0.0,0.0,0.0,846.8317260742188,-123.55635300873335,48.128270763987956
5219,0.0,0.0,0.0,0.0,907.233154296875,-123.55595300873335,48.128270763987956
5220,0.0,0.0,0.0,0.0,907.233154296875,-123.55595300873335,48.128270763987956
5221,0.0,0.0,0.0,0.0,907.233154296875,-123.55595300873335,48.128270763987956
5222,0.0,0.0,0.0,0.0,907.233154296875,-123.55595300873335,48.128270763987956
5223,0.0,0.0,0.0,0.0,972.362060546875,-123.55555300873336,48.128270763987956
5224,0.0,0.0,0.0,0.0,972.362060546875,-123.55555300873336,48.128270763987956
5225,0.0,0.0,0.0,0.0,972.362060546875,-123.55555300873336,48.128270763987956
5226,0.0,0.0,0.0,0.0,972.362060546875,-123.55555300873336,48.128270763987956
5227,0.10376795381307602,0.42533740401268005,0.0,11.75,155.72412109375,-123.55955300873335,48.12787076398796
5228,0.10376795381307602,0.42533740401268005,0.0,11.75,155.72412109375,-123.55955300873335,48.12787076398796
5229,0.10376795381307602,0.42533740401268005,0.0,11.75,155.72412109375,-123.55955300873335,48.12787076398796
5230,0.10376795381307602,0.42533740401268005,0.0,11.75,155.72412109375,-123.55955300873335,48.12787076398796
5231,0.10376795381307602,0.42533740401268005,0.0,11.75,155.72412109375,-123.55955300873335,48.12787076398796
5232,0.10376795381307602,0.42533740401268005,0.0,11.75,155.72412109375,-123.55955300873335,48.12787076398796
5233,0.10376795381307602,0.42533740401268005,0.0,11.75,155.72412109375,-123.55955300873335,48.12787076398796
5234,0.10376795381307602,0.42533740401268005,0.0,11.75,155.72412109375,-123.55955300873335,48.12787076398796
5235,0.10376795381307602,0.42533740401268005,0.0,11.75,155.72412109375,-123.55955300873335,48.12787076398796
5236,0.10376795381307602,0.42533740401268005,0.0,11.75,155.72412109375,-123.55955300873335,48.12787076398796
5237,0.00013274818775244057,0.9552656412124634,0.0,11.08045768737793,98.32598876953125,-123.55915300873335,48.12787076398796
5238,0.00013274818775244057,0.9552656412124634,0.0,11.08045768737793,98.32598876953125,-123.55915300873335,48.12787076398796
5239,0.00013274818775244057,0.9552656412124634,0.0,11.08045768737793,98.32598876953125,-123.55915300873335,48.12787076398796
5240,0.00013274818775244057,0.9552656412124634,0.0,11.08045768737793,98.32598876953125,-123.55915300873335,48.12787076398796
5241,0.00013274818775244057,0.9552656412124634,0.0,11.08045768737793,98.32598876953125,-123.55915300873335,48.12787076398796
5242,0.00013274818775244057,0.9552656412124634,0.0,11.08045768737793,98.32598876953125,-123.55915300873335,48.12787076398796
5243,0.00013274818775244057,0.9552656412124634,0.0,11.08045768737793,98.32598876953125,-123.55915300873335,48.12787076398796
5244,0.00013274818775244057,0.9552656412124634,0.0,11.08045768737793,98.32598876953125,-123.55915300873335,48.12787076398796
5245,0.00013274818775244057,0.9552656412124634,0.0,11.08045768737793,98.32598876953125,-123.55915300873335,48.12787076398796
5246,0.00013274818775244057,0.9552656412124634,0.0,11.08045768737793,98.32598876953125,-123.55915300873335,48.12787076398796
5247,0.0013464328367263079,0.0022292572539299726,0.0,12.139422416687012,96.3846435546875,-123.55875300873335,48.12787076398796
5248,0.0013464328367263079,0.0022292572539299726,0.0,12.139422416687012,96.3846435546875,-123.55875300873335,48.12787076398796
5249,0.0013464328367263079,0.0022292572539299726,0.0,12.139422416687012,96.3846435546875,-123.55875300873335,48.12787076398796
5250,0.0013464328367263079,0.0022292572539299726,0.0,12.139422416687012,96.3846435546875,-123.55875300873335,48.12787076398796
5251,0.0013464328367263079,0.0022292572539299726,0.0,12.139422416687012,96.3846435546875,-123.55875300873335,48.12787076398796
5252,0.0013464328367263079,0.0022292572539299726,0.0,12.139422416687012,96.3846435546875,-123.55875300873335,48.12787076398796
5253,0.0013464328367263079,0.0022292572539299726,0.0,12.139422416687012,96.3846435546875,-123.55875300873335,48.12787076398796
5254,0.0013464328367263079,0.0022292572539299726,0.0,12.139422416687012,96.3846435546875,-123.55875300873335,48.12787076398796
5255,0.0013464328367263079,0.0022292572539299726,0.0,12.139422416687012,96.3846435546875,-123.55875300873335,48.12787076398796
5256,0.0013464328367263079,0.0022292572539299726,0.0,12.139422416687012,96.3846435546875,-123.55875300873335,48.12787076398796
5257,0.9999923706054688,1.679646084085107e-05,0.0,13.170000076293945,305.2621765136719,-123.55835300873335,48.12787076398796
5258,0.9999923706054688,1.679646084085107e-05,0.0,13.170000076293945,305.2621765136719,-123.55835300873335,48.12787076398796
5259,0.9999923706054688,1.679646084085107e-05,0.0,13.170000076293945,305.2621765136719,-123.55835300873335,48.12787076398796
5260,0.9999923706054688,1.679646084085107e-05,0.0,13.170000076293945,305.2621765136719,-123.55835300873335,48.12787076398796
5261,0.9999923706054688,1.679646084085107e-05,0.0,13.170000076293945,305.2621765136719,-123.55835300873335,48.12787076398796
5262,0.9999923706054688,1.679646084085107e-05,0.0,13.170000076293945,305.2621765136719,-123.55835300873335,48.12787076398796
5263,0.9999923706054688,1.679646084085107e-05,0.0,13.170000076293945,305.2621765136719,-123.55835300873335,48.12787076398796
5264,0.9999978542327881,2.027041591645684e-05,0.0,13.399999618530273,553.2061157226562,-123.55795300873335,48.12787076398796
5265,0.9999978542327881,2.027041591645684e-05,0.0,13.399999618530273,553.2061157226562,-123.55795300873335,48.12787076398796
5266,0.9999978542327881,2.027041591645684e-05,0.0,13.399999618530273,553.2061157226562,-123.55795300873335,48.12787076398796
5267,0.9999978542327881,2.027041591645684e-05,0.0,13.399999618530273,553.2061157226562,-123.55795300873335,48.12787076398796
5268,0.9999978542327881,2.027041591645684e-05,0.0,13.399999618530273,553.2061157226562,-123.55795300873335,48.12787076398796
5269,0.9999978542327881,2.027041591645684e-05,0.0,13.399999618530273,553.2061157226562,-123.55795300873335,48.12787076398796
5270,0.9999978542327881,2.027041591645684e-05,0.0,13.399999618530273,553.2061157226562,-123.55795300873335,48.12787076398796
5271,0.9992141723632812,2.7162446713191457e-05,0.0,13.260000228881836,805.9292602539062,-123.55755300873335,48.12787076398796
5272,0.9992141723632812,2.7162446713191457e-05,0.0,13.260000228881836,805.9292602539062,-123.55755300873335,48.12787076398796
5273,0.9992141723632812,2.7162446713191457e-05,0.0,13.260000228881836,805.9292602539062,-123.55755300873335,48.12787076398796
5274,0.9992141723632812,2.7162446713191457e-05,0.0,13.260000228881836,805.9292602539062,-123.55755300873335,48.12787076398796
5275,0.9992141723632812,2.7162446713191457e-05,0.0,13.260000228881836,805.9292602539062,-123.55755300873335,48.12787076398796
5276,0.9992141723632812,2.7162446713191457e-05,0.0,13.260000228881836,805.9292602539062,-123.55755300873335,48.12787076398796
5277,0.9992141723632812,2.7162446713191457e-05,0.0,13.260000228881836,805.9292602539062,-123.55755300873335,48.12787076398796
5278,0.0,0.0,0.0,0.0,915.4370727539062,-123.55715300873335,48.12787076398796
5279,0.0,0.0,0.0,0.0,915.4370727539062,-123.55715300873335,48.12787076398796
5280,0.0,0.0,0.0,0.0,915.4370727539062,-123.55715300873335,48.12787076398796
5281,0.0,0.0,0.0,0.0,915.4370727539062,-123.55715300873335,48.12787076398796
5282,0.0,0.0,0.0,0.0,915.4370727539062,-123.55715300873335,48.12787076398796
5283,0.0,0.0,0.0,0.0,915.4370727539062,-123.55715300873335,48.12787076398796
5284,0.0,0.0,0.0,0.0,1028.1448974609375,-123.55675300873335,48.12787076398796
5285,0.0,0.0,0.0,0.0,1028.1448974609375,-123.55675300873335,48.12787076398796
5286,0.0,0.0,0.0,0.0,1028.1448974609375,-123.55675300873335,48.12787076398796
5287,0.0,0.0,0.0,0.0,1028.1448974609375,-123.55675300873335,48.12787076398796
5288,0.0,0.0,0.0,0.0,1097.091552734375,-123.55635300873335,48.12787076398796
5289,0.0,0.0,0.0,0.0,1097.091552734375,-123.55635300873335,48.12787076398796
5290,0.0,0.0,0.0,0.0,1097.091552734375,-123.55635300873335,48.12787076398796
5291,0.0,0.0,0.0,0.0,1097.091552734375,-123.55635300873335,48.12787076398796
5292,0.0,0.0,0.0,0.0,1152.90283203125,-123.55595300873335,48.12787076398796
5293,0.0,0.0,0.0,0.0,1152.90283203125,-123.55595300873335,48.12787076398796
5294,0.0,0.0,0.0,0.0,1152.90283203125,-123.55595300873335,48.12787076398796
5295,0.0,0.0,0.0,0.0,1152.90283203125,-123.55595300873335,48.12787076398796
5296,0.0,0.0,0.0,0.0,1221.0462646484375,-123.55555300873336,48.12787076398796
5297,0.024865372106432915,0.7271167635917664,0.0,11.414095878601074,133.45411682128906,-123.55955300873335,48.12747076398796
5298,0.024865372106432915,0.7271167635917664,0.0,11.414095878601074,133.45411682128906,-123.55955300873335,48.12747076398796
5299,0.024865372106432915,0.7271167635917664,0.0,11.414095878601074,133.45411682128906,-123.55955300873335,48.12747076398796
5300,0.024865372106432915,0.7271167635917664,0.0,11.414095878601074,133.45411682128906,-123.55955300873335,48.12747076398796
5301,0.024865372106432915,0.7271167635917664,0.0,11.414095878601074,133.45411682128906,-123.55955300873335,48.12747076398796
5302,0.024865372106432915,0.7271167635917664,0.0,11.414095878601074,133.45411682128906,-123.55955300873335,48.12747076398796
5303,0.024865372106432915,0.7271167635917664,0.0,11.414095878601074,133.45411682128906,-123.55955300873335,48.12747076398796
5304,0.024865372106432915,0.7271167635917664,0.0,11.414095878601074,133.45411682128906,-123.55955300873335,48.12747076398796
5305,0.024865372106432915,0.7271167635917664,0.0,11.414095878601074,133.45411682128906,-123.55955300873335,48.12747076398796
5306,0.024865372106432915,0.7271167635917664,0.0,11.414095878601074,133.45411682128906,-123.55955300873335,48.12747076398796
5307,2.027167283813469e-05,0.5403755307197571,0.0,11.964439392089844,5.385164737701416,-123.55915300873335,48.12747076398796
5308,2.027167283813469e-05,0.5403755307197571,0.0,11.964439392089844,5.385164737701416,-123.55915300873335,48.12747076398796
5309,2.027167283813469e-05,0.5403755307197571,0.0,11.964439392089844,5.385164737701416,-123.55915300873335,48.12747076398796
5310,2.027167283813469e-05,0.5403755307197571,0.0,11.964439392089844,5.385164737701416,-123.55915300873335,48.12747076398796
5311,2.027167283813469e-05,0.5403755307197571,0.0,11.964439392089844,5.385164737701416,-123.55915300873335,48.12747076398796
5312,2.027167283813469e-05,0.5403755307197571,0.0,11.964439392089844,5.385164737701416,-123.55915300873335,48.12747076398796
5313,2.027167283813469e-05,0.5403755307197571,0.0,11.964439392089844,5.385164737701416,-123.55915300873335,48.12747076398796
5314,2.027167283813469e-05,0.5403755307197571,0.0,11.964439392089844,5.385164737701416,-123.55915300873335,48.12747076398796
5315,2.027167283813469e-05,0.5403755307197571,0.0,11.964439392089844,5.385164737701416,-123.55915300873335,48.12747076398796
5316,2.027167283813469e-05,0.5403755307197571,0.0,11.964439392089844,5.385164737701416,-123.55915300873335,48.12747076398796
5317,0.004339418839663267,0.6090214848518372,0.0,12.570518493652344,43.65776062011719,-123.55875300873335,48.12747076398796
5318,0.004339418839663267,0.6090214848518372,0.0,12.570518493652344,43.65776062011719,-123.55875300873335,48.12747076398796
5319,0.004339418839663267,0.6090214848518372,0.0,12.570518493652344,43.65776062011719,-123.55875300873335,48.12747076398796
5320,0.004339418839663267,0.6090214848518372,0.0,12.570518493652344,43.65776062011719,-123.55875300873335,48.12747076398796
5321,0.004339418839663267,0.6090214848518372,0.0,12.570518493652344,43.65776062011719,-123.55875300873335,48.12747076398796
5322,0.004339418839663267,0.6090214848518372,0.0,12.570518493652344,43.65776062011719,-123.55875300873335,48.12747076398796
5323,0.004339418839663267,0.6090214848518372,0.0,12.570518493652344,43.65776062011719,-123.55875300873335,48.12747076398796
5324,0.004339418839663267,0.6090214848518372,0.0,12.570518493652344,43.65776062011719,-123.55875300873335,48.12747076398796
5325,0.004339418839663267,0.6090214848518372,0.0,12.570518493652344,43.65776062011719,-123.55875300873335,48.12747076398796
5326,0.004339418839663267,0.6090214848518372,0.0,12.570518493652344,43.65776062011719,-123.55875300873335,48.12747076398796
5327,0.999997615814209,2.3404218154610135e-05,0.0,13.079999923706055,290.203369140625,-123.55835300873335,48.12747076398796
5328,0.999997615814209,2.3404218154610135e-05,0.0,13.079999923706055,290.203369140625,-123.55835300873335,48.12747076398796
5329,0.999997615814209,2.3404218154610135e-05,0.0,13.079999923706055,290.203369140625,-123.55835300873335,48.12747076398796
5330,0.999997615814209,2.3404218154610135e-05,0.0,13.079999923706055,290.203369140625,-123.55835300873335,48.12747076398796
5331,0.999997615814209,2.3404218154610135e-05,0.0,13.079999923706055,290.203369140625,-123.55835300873335,48.12747076398796
5332,0.999997615814209,2.3404218154610135e-05,0.0,13.079999923706055,290.203369140625,-123.55835300873335,48.12747076398796
5333,0.999997615814209,2.3404218154610135e-05,0.0,13.079999923706055,290.203369140625,-123.55835300873335,48.12747076398796
5334,0.9999717473983765,7.655463559785858e-05,0.0,13.300000190734863,542.7061767578125,-123.55795300873335,48.12747076398796
5335,0.9999717473983765,7.655463559785858e-05,0.0,13.300000190734863,542.7061767578125,-123.55795300873335,48.12747076398796
5336,0.9999717473983765,7.655463559785858e-05,0.0,13.300000190734863,542.7061767578125,-123.55795300873335,48.12747076398796
5337,0.9999717473983765,7.655463559785858e-05,0.0,13.300000190734863,542.7061767578125,-123.55795300873335,48.12747076398796
5338,0.9999717473983765,7.655463559785858e-05,0.0,13.300000190734863,542.7061767578125,-123.55795300873335,48.12747076398796
5339,0.9999717473983765,7.655463559785858e-05,0.0,13.300000190734863,542.7061767578125,-123.55795300873335,48.12747076398796
5340,0.9999717473983765,7.655463559785858e-05,0.0,13.300000190734863,542.7061767578125,-123.55795300873335,48.12747076398796
5341,0.0,0.0,0.0,0.0,751.055908203125,-123.55755300873335,48.12747076398796
5342,0.0,0.0,0.0,0.0,751.055908203125,-123.55755300873335,48.12747076398796
5343,0.0,0.0,0.0,0.0,751.055908203125,-123.55755300873335,48.12747076398796
5344,0.0,0.0,0.0,0.0,751.055908203125,-123.55755300873335,48.12747076398796
5345,0.0,0.0,0.0,0.0,751.055908203125,-123.55755300873335,48.12747076398796
5346,0.0,0.0,0.0,0.0,751.055908203125,-123.55755300873335,48.12747076398796
5347,0.0,0.0,0.0,0.0,879.3776245117188,-123.55715300873335,48.12747076398796
5348,0.0,0.0,0.0,0.0,879.3776245117188,-123.55715300873335,48.12747076398796
5349,0.0,0.0,0.0,0.0,879.3776245117188,-123.55715300873335,48.12747076398796
5350,0.0,0.0,0.0,0.0,879.3776245117188,-123.55715300873335,48.12747076398796
5351,0.0,0.0,0.0,0.0,879.3776245117188,-123.55715300873335,48.12747076398796
5352,0.0,0.0,0.0,0.0,879.3776245117188,-123.55715300873335,48.12747076398796
5353,0.0,0.0,0.0,0.0,1013.584716796875,-123.55675300873335,48.12747076398796
5354,0.0,0.0,0.0,0.0,1013.584716796875,-123.55675300873335,48.12747076398796
5355,0.0,0.0,0.0,0.0,1013.584716796875,-123.55675300873335,48.12747076398796
5356,0.0,0.0,0.0,0.0,1013.584716796875,-123.55675300873335,48.12747076398796
5357,0.0,0.0,0.0,0.0,1142.779541015625,-123.55635300873335,48.12747076398796
5358,0.0,0.0,0.0,0.0,1142.779541015625,-123.55635300873335,48.12747076398796
5359,0.0,0.0,0.0,0.0,1142.779541015625,-123.55635300873335,48.12747076398796
5360,0.0,0.0,0.0,0.0,1142.779541015625,-123.55635300873335,48.12747076398796
5361,0.0,0.0,0.0,0.0,1251.5211181640625,-123.55595300873335,48.12747076398796
5362,0.0,0.0,0.0,0.0,1251.5211181640625,-123.55595300873335,48.12747076398796
5363,0.0,0.0,0.0,0.0,1251.5211181640625,-123.55595300873335,48.12747076398796
5364,0.0,0.0,0.0,0.0,1251.5211181640625,-123.55595300873335,48.12747076398796
5365,5.830722127342369e-09,0.9999911785125732,0.0,11.817187309265137,62.93647766113281,-123.55915300873335,48.12707076398796
5366,5.830722127342369e-09,0.9999911785125732,0.0,11.817187309265137,62.93647766113281,-123.55915300873335,48.12707076398796
5367,5.830722127342369e-09,0.9999911785125732,0.0,11.817187309265137,62.93647766113281,-123.55915300873335,48.12707076398796
5368,5.830722127342369e-09,0.9999911785125732,0.0,11.817187309265137,62.93647766113281,-123.55915300873335,48.12707076398796
5369,5.830722127342369e-09,0.9999911785125732,0.0,11.817187309265137,62.93647766113281,-123.55915300873335,48.12707076398796
5370,5.830722127342369e-09,0.9999911785125732,0.0,11.817187309265137,62.93647766113281,-123.55915300873335,48.12707076398796
5371,5.830722127342369e-09,0.9999911785125732,0.0,11.817187309265137,62.93647766113281,-123.55915300873335,48.12707076398796
5372,5.830722127342369e-09,0.9999911785125732,0.0,11.817187309265137,62.93647766113281,-123.55915300873335,48.12707076398796
5373,5.830722127342369e-09,0.9999911785125732,0.0,11.817187309265137,62.93647766113281,-123.55915300873335,48.12707076398796
5374,5.830722127342369e-09,0.9999911785125732,0.0,11.817187309265137,62.93647766113281,-123.55915300873335,48.12707076398796
5375,1.4217954458217719e-06,0.7469610571861267,0.0,11.922938346862793,99.5690689086914,-123.55875300873335,48.12707076398796
5376,1.4217954458217719e-06,0.7469610571861267,0.0,11.922938346862793,99.5690689086914,-123.55875300873335,48.12707076398796
5377,1.4217954458217719e-06,0.7469610571861267,0.0,11.922938346862793,99.5690689086914,-123.55875300873335,48.12707076398796
5378,1.4217954458217719e-06,0.7469610571861267,0.0,11.922938346862793,99.5690689086914,-123.55875300873335,48.12707076398796
5379,1.4217954458217719e-06,0.7469610571861267,0.0,11.922938346862793,99.5690689086914,-123.55875300873335,48.12707076398796
5380,1.4217954458217719e-06,0.7469610571861267,0.0,11.922938346862793,99.5690689086914,-123.55875300873335,48.12707076398796
5381,1.4217954458217719e-06,0.7469610571861267,0.0,11.922938346862793,99.5690689086914,-123.55875300873335,48.12707076398796
5382,1.4217954458217719e-06,0.7469610571861267,0.0,11.922938346862793,99.5690689086914,-123.55875300873335,48.12707076398796
5383,1.4217954458217719e-06,0.7469610571861267,0.0,11.922938346862793,99.5690689086914,-123.55875300873335,48.12707076398796
5384,1.4217954458217719e-06,0.7469610571861267,0.0,11.922938346862793,99.5690689086914,-123.55875300873335,48.12707076398796
5385,0.3179723620414734,0.19604486227035522,0.0,12.229999542236328,243.60008239746094,-123.55835300873335,48.12707076398796
5386,0.3179723620414734,0.19604486227035522,0.0,12.229999542236328,243.60008239746094,-123.55835300873335,48.12707076398796
5387,0.3179723620414734,0.19604486227035522,0.0,12.229999542236328,243.60008239746094,-123.55835300873335,48.12707076398796
5388,0.3179723620414734,0.19604486227035522,0.0,12.229999542236328,243.60008239746094,-123.55835300873335,48.12707076398796
5389,0.3179723620414734,0.19604486227035522,0.0,12.229999542236328,243.60008239746094,-123.55835300873335,48.12707076398796
5390,0.3179723620414734,0.19604486227035522,0.0,12.229999542236328,243.60008239746094,-123.55835300873335,48.12707076398796
5391,0.3179723620414734,0.19604486227035522,0.0,12.229999542236328,243.60008239746094,-123.55835300873335,48.12707076398796
5392,0.3179723620414734,0.19604486227035522,0.0,12.229999542236328,243.60008239746094,-123.55835300873335,48.12707076398796
5393,0.3179723620414734,0.19604486227035522,0.0,12.229999542236328,243.60008239746094,-123.55835300873335,48.12707076398796
5394,0.3179723620414734,0.19604486227035522,0.0,12.229999542236328,243.60008239746094,-123.55835300873335,48.12707076398796
5395,0.9999982118606567,7.200352229119744e-06,0.0,13.1899995803833,397.60406494140625,-123.55795300873335,48.12707076398796
5396,0.9999982118606567,7.200352229119744e-06,0.0,13.1899995803833,397.60406494140625,-123.55795300873335,48.12707076398796
5397,0.9999982118606567,7.200352229119744e-06,0.0,13.1899995803833,397.60406494140625,-123.55795300873335,48.12707076398796
5398,0.9999982118606567,7.200352229119744e-06,0.0,13.1899995803833,397.60406494140625,-123.55795300873335,48.12707076398796
5399,0.9999982118606567,7.200352229119744e-06,0.0,13.1899995803833,397.60406494140625,-123.55795300873335,48.12707076398796
5400,0.9999982118606567,7.200352229119744e-06,0.0,13.1899995803833,397.60406494140625,-123.55795300873335,48.12707076398796
5401,0.9999982118606567,7.200352229119744e-06,0.0,13.1899995803833,397.60406494140625,-123.55795300873335,48.12707076398796
5402,0.9999982118606567,7.200352229119744e-06,0.0,13.1899995803833,397.60406494140625,-123.55795300873335,48.12707076398796
5403,0.0,0.0,0.0,0.0,530.1443481445312,-123.55755300873335,48.12707076398796
5404,0.0,0.0,0.0,0.0,530.1443481445312,-123.55755300873335,48.12707076398796
5405,0.0,0.0,0.0,0.0,530.1443481445312,-123.55755300873335,48.12707076398796
5406,0.0,0.0,0.0,0.0,530.1443481445312,-123.55755300873335,48.12707076398796
5407,0.0,0.0,0.0,0.0,530.1443481445312,-123.55755300873335,48.12707076398796
5408,0.0,0.0,0.0,0.0,530.1443481445312,-123.55755300873335,48.12707076398796
5409,0.0,0.0,0.0,0.0,662.604736328125,-123.55715300873335,48.12707076398796
5410,0.0,0.0,0.0,0.0,662.604736328125,-123.55715300873335,48.12707076398796
5411,0.0,0.0,0.0,0.0,662.604736328125,-123.55715300873335,48.12707076398796
5412,0.0,0.0,0.0,0.0,662.604736328125,-123.55715300873335,48.12707076398796
5413,0.0,0.0,0.0,0.0,662.604736328125,-123.55715300873335,48.12707076398796
5414,0.0,0.0,0.0,0.0,662.604736328125,-123.55715300873335,48.12707076398796
5415,0.0,0.0,0.0,0.0,793.7417602539062,-123.55675300873335,48.12707076398796
5416,0.0,0.0,0.0,0.0,793.7417602539062,-123.55675300873335,48.12707076398796
5417,0.0,0.0,0.0,0.0,793.7417602539062,-123.55675300873335,48.12707076398796
5418,0.0,0.0,0.0,0.0,793.7417602539062,-123.55675300873335,48.12707076398796
5419,0.0,0.0,0.0,0.0,920.363525390625,-123.55635300873335,48.12707076398796
5420,0.0,0.0,0.0,0.0,920.363525390625,-123.55635300873335,48.12707076398796
5421,0.0,0.0,0.0,0.0,920.363525390625,-123.55635300873335,48.12707076398796
5422,0.0,0.0,0.0,0.0,920.363525390625,-123.55635300873335,48.12707076398796
5423,0.0,0.0,0.0,0.0,1010.7823486328125,-123.55595300873335,48.12707076398796
5424,0.0,0.0,0.0,0.0,1010.7823486328125,-123.55595300873335,48.12707076398796
5425,0.0,0.0,0.0,0.0,1010.7823486328125,-123.55595300873335,48.12707076398796
5426,3.7339356140364544e-07,0.9902297854423523,0.0,11.991135597229004,110.9414291381836,-123.55875300873335,48.12667076398796
5427,3.7339356140364544e-07,0.9902297854423523,0.0,11.991135597229004,110.9414291381836,-123.55875300873335,48.12667076398796
5428,3.7339356140364544e-07,0.9902297854423523,0.0,11.991135597229004,110.9414291381836,-123.55875300873335,48.12667076398796
5429,3.7339356140364544e-07,0.9902297854423523,0.0,11.991135597229004,110.9414291381836,-123.55875300873335,48.12667076398796
5430,3.7339356140364544e-07,0.9902297854423523,0.0,11.991135597229004,110.9414291381836,-123.55875300873335,48.12667076398796
5431,3.7339356140364544e-07,0.9902297854423523,0.0,11.991135597229004,110.9414291381836,-123.55875300873335,48.12667076398796
5432,3.7339356140364544e-07,0.9902297854423523,0.0,11.991135597229004,110.9414291381836,-123.55875300873335,48.12667076398796
5433,3.7339356140364544e-07,0.9902297854423523,0.0,11.991135597229004,110.9414291381836,-123.55875300873335,48.12667076398796
5434,3.7339356140364544e-07,0.9902297854423523,0.0,11.991135597229004,110.9414291381836,-123.55875300873335,48.12667076398796
5435,3.7339356140364544e-07,0.9902297854423523,0.0,11.991135597229004,110.9414291381836,-123.55875300873335,48.12667076398796
5436,2.4404596388194477e-06,0.9924319982528687,0.0,12.005136489868164,40.804412841796875,-123.55835300873335,48.12667076398796
5437,2.4404596388194477e-06,0.9924319982528687,0.0,12.005136489868164,40.804412841796875,-123.55835300873335,48.12667076398796
5438,2.4404596388194477e-06,0.9924319982528687,0.0,12.005136489868164,40.804412841796875,-123.55835300873335,48.12667076398796
5439,2.4404596388194477e-06,0.9924319982528687,0.0,12.005136489868164,40.804412841796875,-123.55835300873335,48.12667076398796
5440,2.4404596388194477e-06,0.9924319982528687,0.0,12.005136489868164,40.804412841796875,-123.55835300873335,48.12667076398796
5441,2.4404596388194477e-06,0.9924319982528687,0.0,12.005136489868164,40.804412841796875,-123.55835300873335,48.12667076398796
5442,2.4404596388194477e-06,0.9924319982528687,0.0,12.005136489868164,40.804412841796875,-123.55835300873335,48.12667076398796
5443,2.4404596388194477e-06,0.9924319982528687,0.0,12.005136489868164,40.804412841796875,-123.55835300873335,48.12667076398796
5444,2.4404596388194477e-06,0.9924319982528687,0.0,12.005136489868164,40.804412841796875,-123.55835300873335,48.12667076398796
5445,2.4404596388194477e-06,0.9924319982528687,0.0,12.005136489868164,40.804412841796875,-123.55835300873335,48.12667076398796
5446,3.2485563679074403e-06,0.9992964267730713,0.0,11.993439674377441,181.9697723388672,-123.55795300873335,48.12667076398796
5447,3.2485563679074403e-06,0.9992964267730713,0.0,11.993439674377441,181.9697723388672,-123.55795300873335,48.12667076398796
5448,3.2485563679074403e-06,0.9992964267730713,0.0,11.993439674377441,181.9697723388672,-123.55795300873335,48.12667076398796
5449,3.2485563679074403e-06,0.9992964267730713,0.0,11.993439674377441,181.9697723388672,-123.55795300873335,48.12667076398796
5450,3.2485563679074403e-06,0.9992964267730713,0.0,11.993439674377441,181.9697723388672,-123.55795300873335,48.12667076398796
5451,3.2485563679074403e-06,0.9992964267730713,0.0,11.993439674377441,181.9697723388672,-123.55795300873335,48.12667076398796
5452,3.2485563679074403e-06,0.9992964267730713,0.0,11.993439674377441,181.9697723388672,-123.55795300873335,48.12667076398796
5453,3.2485563679074403e-06,0.9992964267730713,0.0,11.993439674377441,181.9697723388672,-123.55795300873335,48.12667076398796
5454,3.2485563679074403e-06,0.9992964267730713,0.0,11.993439674377441,181.9697723388672,-123.55795300873335,48.12667076398796
5455,3.2485563679074403e-06,0.9992964267730713,0.0,11.993439674377441,181.9697723388672,-123.55795300873335,48.12667076398796
5456,0.999996542930603,1.4069517419557087e-05,0.0,13.779999732971191,311.54132080078125,-123.55755300873335,48.12667076398796
5457,0.999996542930603,1.4069517419557087e-05,0.0,13.779999732971191,311.54132080078125,-123.55755300873335,48.12667076398796
5458,0.999996542930603,1.4069517419557087e-05,0.0,13.779999732971191,311.54132080078125,-123.55755300873335,48.12667076398796
5459,0.999996542930603,1.4069517419557087e-05,0.0,13.779999732971191,311.54132080078125,-123.55755300873335,48.12667076398796
5460,0.999996542930603,1.4069517419557087e-05,0.0,13.779999732971191,311.54132080078125,-123.55755300873335,48.12667076398796
5461,0.999996542930603,1.4069517419557087e-05,0.0,13.779999732971191,311.54132080078125,-123.55755300873335,48.12667076398796
5462,0.999996542930603,1.4069517419557087e-05,0.0,13.779999732971191,311.54132080078125,-123.55755300873335,48.12667076398796
5463,0.999996542930603,1.4069517419557087e-05,0.0,13.779999732971191,311.54132080078125,-123.55755300873335,48.12667076398796
5464,0.999996542930603,1.4069517419557087e-05,0.0,13.779999732971191,311.54132080078125,-123.55755300873335,48.12667076398796
5465,0.0,0.0,0.0,0.0,444.707763671875,-123.55715300873335,48.12667076398796
5466,0.0,0.0,0.0,0.0,444.707763671875,-123.55715300873335,48.12667076398796
5467,0.0,0.0,0.0,0.0,444.707763671875,-123.55715300873335,48.12667076398796
5468,0.0,0.0,0.0,0.0,444.707763671875,-123.55715300873335,48.12667076398796
5469,0.0,0.0,0.0,0.0,444.707763671875,-123.55715300873335,48.12667076398796
5470,0.0,0.0,0.0,0.0,444.707763671875,-123.55715300873335,48.12667076398796
5471,0.0,0.0,0.0,0.0,573.8466796875,-123.55675300873335,48.12667076398796
5472,0.0,0.0,0.0,0.0,573.8466796875,-123.55675300873335,48.12667076398796
5473,0.0,0.0,0.0,0.0,573.8466796875,-123.55675300873335,48.12667076398796
5474,0.0,0.0,0.0,0.0,573.8466796875,-123.55675300873335,48.12667076398796
5475,0.0,0.0,0.0,0.0,684.781005859375,-123.55635300873335,48.12667076398796
5476,0.0,0.0,0.0,0.0,684.781005859375,-123.55635300873335,48.12667076398796
5477,0.0,0.0,0.0,0.0,684.781005859375,-123.55635300873335,48.12667076398796
5478,0.0,0.0,0.0,0.0,684.781005859375,-123.55635300873335,48.12667076398796
5479,0.0031697587110102177,0.015247519128024578,1.0,12.380000114440918,165.15750122070312,-123.55835300873335,48.12627076398796
5480,0.0031697587110102177,0.015247519128024578,1.0,12.380000114440918,165.15750122070312,-123.55835300873335,48.12627076398796
5481,0.0031697587110102177,0.015247519128024578,1.0,12.380000114440918,165.15750122070312,-123.55835300873335,48.12627076398796
5482,0.0031697587110102177,0.015247519128024578,1.0,12.380000114440918,165.15750122070312,-123.55835300873335,48.12627076398796
5483,0.0031697587110102177,0.015247519128024578,1.0,12.380000114440918,165.15750122070312,-123.55835300873335,48.12627076398796
5484,0.0031697587110102177,0.015247519128024578,1.0,12.380000114440918,165.15750122070312,-123.55835300873335,48.12627076398796
5485,0.0031697587110102177,0.015247519128024578,1.0,12.380000114440918,165.15750122070312,-123.55835300873335,48.12627076398796
5486,0.0031697587110102177,0.015247519128024578,1.0,12.380000114440918,165.15750122070312,-123.55835300873335,48.12627076398796
5487,0.0031697587110102177,0.015247519128024578,1.0,12.380000114440918,165.15750122070312,-123.55835300873335,48.12627076398796
5488,0.0031697587110102177,0.015247519128024578,1.0,12.380000114440918,165.15750122070312,-123.55835300873335,48.12627076398796
5489,2.583458808658179e-06,0.9996260404586792,0.0,11.966923713684082,38.27531814575195,-123.55795300873335,48.12627076398796
5490,2.583458808658179e-06,0.9996260404586792,0.0,11.966923713684082,38.27531814575195,-123.55795300873335,48.12627076398796
5491,2.583458808658179e-06,0.9996260404586792,0.0,11.966923713684082,38.27531814575195,-123.55795300873335,48.12627076398796
5492,2.583458808658179e-06,0.9996260404586792,0.0,11.966923713684082,38.27531814575195,-123.55795300873335,48.12627076398796
5493,2.583458808658179e-06,0.9996260404586792,0.0,11.966923713684082,38.27531814575195,-123.55795300873335,48.12627076398796
5494,2.583458808658179e-06,0.9996260404586792,0.0,11.966923713684082,38.27531814575195,-123.55795300873335,48.12627076398796
5495,2.583458808658179e-06,0.9996260404586792,0.0,11.966923713684082,38.27531814575195,-123.55795300873335,48.12627076398796
5496,2.583458808658179e-06,0.9996260404586792,0.0,11.966923713684082,38.27531814575195,-123.55795300873335,48.12627076398796
5497,2.583458808658179e-06,0.9996260404586792,0.0,11.966923713684082,38.27531814575195,-123.55795300873335,48.12627076398796
5498,2.583458808658179e-06,0.9996260404586792,0.0,11.966923713684082,38.27531814575195,-123.55795300873335,48.12627076398796
5499,2.2653221094515175e-06,0.999962329864502,0.0,11.95486831665039,94.86833190917969,-123.55755300873335,48.12627076398796
5500,2.2653221094515175e-06,0.999962329864502,0.0,11.95486831665039,94.86833190917969,-123.55755300873335,48.12627076398796
5501,2.2653221094515175e-06,0.999962329864502,0.0,11.95486831665039,94.86833190917969,-123.55755300873335,48.12627076398796
5502,2.2653221094515175e-06,0.999962329864502,0.0,11.95486831665039,94.86833190917969,-123.55755300873335,48.12627076398796
5503,2.2653221094515175e-06,0.999962329864502,0.0,11.95486831665039,94.86833190917969,-123.55755300873335,48.12627076398796
5504,2.2653221094515175e-06,0.999962329864502,0.0,11.95486831665039,94.86833190917969,-123.55755300873335,48.12627076398796
5505,2.2653221094515175e-06,0.999962329864502,0.0,11.95486831665039,94.86833190917969,-123.55755300873335,48.12627076398796
5506,2.2653221094515175e-06,0.999962329864502,0.0,11.95486831665039,94.86833190917969,-123.55755300873335,48.12627076398796
5507,2.2653221094515175e-06,0.999962329864502,0.0,11.95486831665039,94.86833190917969,-123.55755300873335,48.12627076398796
5508,2.2653221094515175e-06,0.999962329864502,0.0,11.95486831665039,94.86833190917969,-123.55755300873335,48.12627076398796
5509,0.22845390439033508,0.00038753674016334116,0.0,13.520000457763672,224.83995056152344,-123.55715300873335,48.12627076398796
5510,0.22845390439033508,0.00038753674016334116,0.0,13.520000457763672,224.83995056152344,-123.55715300873335,48.12627076398796
5511,0.22845390439033508,0.00038753674016334116,0.0,13.520000457763672,224.83995056152344,-123.55715300873335,48.12627076398796
5512,0.22845390439033508,0.00038753674016334116,0.0,13.520000457763672,224.83995056152344,-123.55715300873335,48.12627076398796
5513,0.22845390439033508,0.00038753674016334116,0.0,13.520000457763672,224.83995056152344,-123.55715300873335,48.12627076398796
5514,0.22845390439033508,0.00038753674016334116,0.0,13.520000457763672,224.83995056152344,-123.55715300873335,48.12627076398796
5515,0.22845390439033508,0.00038753674016334116,0.0,13.520000457763672,224.83995056152344,-123.55715300873335,48.12627076398796
5516,0.22845390439033508,0.00038753674016334116,0.0,13.520000457763672,224.83995056152344,-123.55715300873335,48.12627076398796
5517,0.22845390439033508,0.00038753674016334116,0.0,13.520000457763672,224.83995056152344,-123.55715300873335,48.12627076398796
5518,0.9999717473983765,4.104918843950145e-05,0.0,13.220000267028809,350.53814697265625,-123.55675300873335,48.12627076398796
5519,0.9999717473983765,4.104918843950145e-05,0.0,13.220000267028809,350.53814697265625,-123.55675300873335,48.12627076398796
5520,0.9999717473983765,4.104918843950145e-05,0.0,13.220000267028809,350.53814697265625,-123.55675300873335,48.12627076398796
5521,0.9999717473983765,4.104918843950145e-05,0.0,13.220000267028809,350.53814697265625,-123.55675300873335,48.12627076398796
5522,0.9999717473983765,4.104918843950145e-05,0.0,13.220000267028809,350.53814697265625,-123.55675300873335,48.12627076398796
5523,0.9999717473983765,4.104918843950145e-05,0.0,13.220000267028809,350.53814697265625,-123.55675300873335,48.12627076398796
5524,0.9999717473983765,4.104918843950145e-05,0.0,13.220000267028809,350.53814697265625,-123.55675300873335,48.12627076398796
5525,0.0,0.0,0.0,0.0,446.04034423828125,-123.55635300873335,48.12627076398796
5526,0.0,0.0,0.0,0.0,446.04034423828125,-123.55635300873335,48.12627076398796
5527,0.0,0.0,0.0,0.0,446.04034423828125,-123.55635300873335,48.12627076398796
5528,0.0,0.0,0.0,0.0,446.04034423828125,-123.55635300873335,48.12627076398796
5529,0.0,0.0,0.0,0.0,501.6741943359375,-123.55595300873335,48.12627076398796
5530,0.0,0.0,0.0,0.0,501.6741943359375,-123.55595300873335,48.12627076398796
5531,0.0,0.0,0.0,0.0,501.6741943359375,-123.55595300873335,48.12627076398796
5532,0.0,0.0,0.0,0.0,501.6741943359375,-123.55595300873335,48.12627076398796
5533,0.0,0.0,0.0,0.0,501.6741943359375,-123.55595300873335,48.12627076398796
5534,0.0,0.0,0.0,0.0,501.6741943359375,-123.55595300873335,48.12627076398796
5535,7.94844595475297e-07,0.9993298053741455,0.0,12.640000343322754,122.64175415039062,-123.55755300873335,48.12587076398796
5536,7.94844595475297e-07,0.9993298053741455,0.0,12.640000343322754,122.64175415039062,-123.55755300873335,48.12587076398796
5537,7.94844595475297e-07,0.9993298053741455,0.0,12.640000343322754,122.64175415039062,-123.55755300873335,48.12587076398796
5538,7.94844595475297e-07,0.9993298053741455,0.0,12.640000343322754,122.64175415039062,-123.55755300873335,48.12587076398796
5539,7.94844595475297e-07,0.9993298053741455,0.0,12.640000343322754,122.64175415039062,-123.55755300873335,48.12587076398796
5540,7.94844595475297e-07,0.9993298053741455,0.0,12.640000343322754,122.64175415039062,-123.55755300873335,48.12587076398796
5541,7.94844595475297e-07,0.9993298053741455,0.0,12.640000343322754,122.64175415039062,-123.55755300873335,48.12587076398796
5542,7.94844595475297e-07,0.9993298053741455,0.0,12.640000343322754,122.64175415039062,-123.55755300873335,48.12587076398796
5543,7.94844595475297e-07,0.9993298053741455,0.0,12.640000343322754,122.64175415039062,-123.55755300873335,48.12587076398796
5544,1.063854824678856e-06,0.9998962879180908,0.0,12.01830005645752,5.656854152679443,-123.55715300873335,48.12587076398796
5545,1.063854824678856e-06,0.9998962879180908,0.0,12.01830005645752,5.656854152679443,-123.55715300873335,48.12587076398796
5546,1.063854824678856e-06,0.9998962879180908,0.0,12.01830005645752,5.656854152679443,-123.55715300873335,48.12587076398796
5547,1.063854824678856e-06,0.9998962879180908,0.0,12.01830005645752,5.656854152679443,-123.55715300873335,48.12587076398796
5548,1.063854824678856e-06,0.9998962879180908,0.0,12.01830005645752,5.656854152679443,-123.55715300873335,48.12587076398796
5549,1.063854824678856e-06,0.9998962879180908,0.0,12.01830005645752,5.656854152679443,-123.55715300873335,48.12587076398796
5550,1.063854824678856e-06,0.9998962879180908,0.0,12.01830005645752,5.656854152679443,-123.55715300873335,48.12587076398796
5551,1.063854824678856e-06,0.9998962879180908,0.0,12.01830005645752,5.656854152679443,-123.55715300873335,48.12587076398796
5552,1.063854824678856e-06,0.9998962879180908,0.0,12.01830005645752,5.656854152679443,-123.55715300873335,48.12587076398796
5553,1.063854824678856e-06,0.9998962879180908,0.0,12.01830005645752,5.656854152679443,-123.55715300873335,48.12587076398796
5554,0.003819777863100171,0.8032611012458801,0.0,12.051262855529785,119.03781127929688,-123.55675300873335,48.12587076398796
5555,0.003819777863100171,0.8032611012458801,0.0,12.051262855529785,119.03781127929688,-123.55675300873335,48.12587076398796
5556,0.003819777863100171,0.8032611012458801,0.0,12.051262855529785,119.03781127929688,-123.55675300873335,48.12587076398796
5557,0.003819777863100171,0.8032611012458801,0.0,12.051262855529785,119.03781127929688,-123.55675300873335,48.12587076398796
5558,0.003819777863100171,0.8032611012458801,0.0,12.051262855529785,119.03781127929688,-123.55675300873335,48.12587076398796
5559,0.003819777863100171,0.8032611012458801,0.0,12.051262855529785,119.03781127929688,-123.55675300873335,48.12587076398796
5560,0.003819777863100171,0.8032611012458801,0.0,12.051262855529785,119.03781127929688,-123.55675300873335,48.12587076398796
5561,0.003819777863100171,0.8032611012458801,0.0,12.051262855529785,119.03781127929688,-123.55675300873335,48.12587076398796
5562,0.003819777863100171,0.8032611012458801,0.0,12.051262855529785,119.03781127929688,-123.55675300873335,48.12587076398796
5563,0.003819777863100171,0.8032611012458801,0.0,12.051262855529785,119.03781127929688,-123.55675300873335,48.12587076398796
5564,0.9995580315589905,0.00011074859503423795,0.0,14.550000190734863,209.85948181152344,-123.55635300873335,48.12587076398796
5565,0.9995580315589905,0.00011074859503423795,0.0,14.550000190734863,209.85948181152344,-123.55635300873335,48.12587076398796
5566,0.9995580315589905,0.00011074859503423795,0.0,14.550000190734863,209.85948181152344,-123.55635300873335,48.12587076398796
5567,0.9995580315589905,0.00011074859503423795,0.0,14.550000190734863,209.85948181152344,-123.55635300873335,48.12587076398796
5568,0.9995580315589905,0.00011074859503423795,0.0,14.550000190734863,209.85948181152344,-123.55635300873335,48.12587076398796
5569,0.9995580315589905,0.00011074859503423795,0.0,14.550000190734863,209.85948181152344,-123.55635300873335,48.12587076398796
5570,0.9995580315589905,0.00011074859503423795,0.0,14.550000190734863,209.85948181152344,-123.55635300873335,48.12587076398796
5571,0.0,0.0,0.0,0.0,248.2015380859375,-123.55595300873335,48.12587076398796
5572,0.0,0.0,0.0,0.0,248.2015380859375,-123.55595300873335,48.12587076398796
5573,0.0,0.0,0.0,0.0,248.2015380859375,-123.55595300873335,48.12587076398796
5574,0.0,0.0,0.0,0.0,248.2015380859375,-123.55595300873335,48.12587076398796
5575,0.0,0.0,0.0,0.0,248.2015380859375,-123.55595300873335,48.12587076398796
5576,0.0,0.0,0.0,0.0,248.2015380859375,-123.55595300873335,48.12587076398796
5577,0.0,0.0,0.0,0.0,261.0076599121094,-123.55555300873336,48.12587076398796
5578,0.0,0.0,0.0,0.0,261.0076599121094,-123.55555300873336,48.12587076398796
5579,0.0,0.0,0.0,0.0,261.0076599121094,-123.55555300873336,48.12587076398796
5580,0.0,0.0,0.0,0.0,261.0076599121094,-123.55555300873336,48.12587076398796
5581,0.0,0.0,0.0,0.0,261.0076599121094,-123.55555300873336,48.12587076398796
5582,0.0,0.0,0.0,0.0,270.8154296875,-123.55515300873336,48.12587076398796
5583,0.0,0.0,0.0,0.0,270.8154296875,-123.55515300873336,48.12587076398796
5584,0.0,0.0,0.0,0.0,270.8154296875,-123.55515300873336,48.12587076398796
5585,0.0,0.0,0.0,0.0,270.8154296875,-123.55515300873336,48.12587076398796
5586,0.0,0.0,0.0,0.0,287.17938232421875,-123.55475300873336,48.12587076398796
5587,0.0,0.0,0.0,0.0,287.17938232421875,-123.55475300873336,48.12587076398796
5588,0.0,0.0,0.0,0.0,287.17938232421875,-123.55475300873336,48.12587076398796
5589,0.0,0.0,0.0,0.0,314.99365234375,-123.55435300873336,48.12587076398796
5590,0.0,0.0,0.0,0.0,379.4588317871094,-123.55395300873336,48.12587076398796
5591,0.0,0.0,0.0,0.0,499.3125305175781,-123.55355300873336,48.12587076398796
5592,0.0,0.0,0.0,0.0,678.8519897460938,-123.55315300873336,48.12587076398796
5593,0.0,0.0,0.0,0.0,834.6526489257812,-123.55275300873336,48.12587076398796
5594,0.0,0.0,0.0,0.0,1021.093505859375,-123.55235300873336,48.12587076398796
5595,0.07162413746118546,0.6500772833824158,0.0,12.729999542236328,119.54078674316406,-123.55675300873335,48.12547076398796
5596,0.07162413746118546,0.6500772833824158,0.0,12.729999542236328,119.54078674316406,-123.55675300873335,48.12547076398796
5597,0.07162413746118546,0.6500772833824158,0.0,12.729999542236328,119.54078674316406,-123.55675300873335,48.12547076398796
5598,0.07162413746118546,0.6500772833824158,0.0,12.729999542236328,119.54078674316406,-123.55675300873335,48.12547076398796
5599,0.07162413746118546,0.6500772833824158,0.0,12.729999542236328,119.54078674316406,-123.55675300873335,48.12547076398796
5600,0.07162413746118546,0.6500772833824158,0.0,12.729999542236328,119.54078674316406,-123.55675300873335,48.12547076398796
5601,0.07162413746118546,0.6500772833824158,0.0,12.729999542236328,119.54078674316406,-123.55675300873335,48.12547076398796
5602,0.07162413746118546,0.6500772833824158,0.0,12.729999542236328,119.54078674316406,-123.55675300873335,48.12547076398796
5603,1.7336679647428355e-08,0.9910263419151306,0.0,12.062633514404297,26.4007568359375,-123.55635300873335,48.12547076398796
5604,1.7336679647428355e-08,0.9910263419151306,0.0,12.062633514404297,26.4007568359375,-123.55635300873335,48.12547076398796
5605,1.7336679647428355e-08,0.9910263419151306,0.0,12.062633514404297,26.4007568359375,-123.55635300873335,48.12547076398796
5606,1.7336679647428355e-08,0.9910263419151306,0.0,12.062633514404297,26.4007568359375,-123.55635300873335,48.12547076398796
5607,1.7336679647428355e-08,0.9910263419151306,0.0,12.062633514404297,26.4007568359375,-123.55635300873335,48.12547076398796
5608,1.7336679647428355e-08,0.9910263419151306,0.0,12.062633514404297,26.4007568359375,-123.55635300873335,48.12547076398796
5609,1.7336679647428355e-08,0.9910263419151306,0.0,12.062633514404297,26.4007568359375,-123.55635300873335,48.12547076398796
5610,1.7336679647428355e-08,0.9910263419151306,0.0,12.062633514404297,26.4007568359375,-123.55635300873335,48.12547076398796
5611,1.7336679647428355e-08,0.9910263419151306,0.0,12.062633514404297,26.4007568359375,-123.55635300873335,48.12547076398796
5612,1.7336679647428355e-08,0.9910263419151306,0.0,12.062633514404297,26.4007568359375,-123.55635300873335,48.12547076398796
5613,5.469615643960424e-06,0.6913442015647888,0.0,13.1391019821167,6.0,-123.55595300873335,48.12547076398796
5614,5.469615643960424e-06,0.6913442015647888,0.0,13.1391019821167,6.0,-123.55595300873335,48.12547076398796
5615,5.469615643960424e-06,0.6913442015647888,0.0,13.1391019821167,6.0,-123.55595300873335,48.12547076398796
5616,5.469615643960424e-06,0.6913442015647888,0.0,13.1391019821167,6.0,-123.55595300873335,48.12547076398796
5617,5.469615643960424e-06,0.6913442015647888,0.0,13.1391019821167,6.0,-123.55595300873335,48.12547076398796
5618,5.469615643960424e-06,0.6913442015647888,0.0,13.1391019821167,6.0,-123.55595300873335,48.12547076398796
5619,5.469615643960424e-06,0.6913442015647888,0.0,13.1391019821167,6.0,-123.55595300873335,48.12547076398796
5620,5.469615643960424e-06,0.6913442015647888,0.0,13.1391019821167,6.0,-123.55595300873335,48.12547076398796
5621,5.469615643960424e-06,0.6913442015647888,0.0,13.1391019821167,6.0,-123.55595300873335,48.12547076398796
5622,5.469615643960424e-06,0.6913442015647888,0.0,13.1391019821167,6.0,-123.55595300873335,48.12547076398796
5623,2.578913971262864e-08,0.802224338054657,0.0,13.247797966003418,6.324555397033691,-123.55555300873336,48.12547076398796
5624,2.578913971262864e-08,0.802224338054657,0.0,13.247797966003418,6.324555397033691,-123.55555300873336,48.12547076398796
5625,2.578913971262864e-08,0.802224338054657,0.0,13.247797966003418,6.324555397033691,-123.55555300873336,48.12547076398796
5626,2.578913971262864e-08,0.802224338054657,0.0,13.247797966003418,6.324555397033691,-123.55555300873336,48.12547076398796
5627,2.578913971262864e-08,0.802224338054657,0.0,13.247797966003418,6.324555397033691,-123.55555300873336,48.12547076398796
5628,2.578913971262864e-08,0.802224338054657,0.0,13.247797966003418,6.324555397033691,-123.55555300873336,48.12547076398796
5629,2.578913971262864e-08,0.802224338054657,0.0,13.247797966003418,6.324555397033691,-123.55555300873336,48.12547076398796
5630,2.578913971262864e-08,0.802224338054657,0.0,13.247797966003418,6.324555397033691,-123.55555300873336,48.12547076398796
5631,2.578913971262864e-08,0.802224338054657,0.0,13.247797966003418,6.324555397033691,-123.55555300873336,48.12547076398796
5632,2.578913971262864e-08,0.802224338054657,0.0,13.247797966003418,6.324555397033691,-123.55555300873336,48.12547076398796
5633,8.1396369679132e-13,0.9999502897262573,0.0,13.35422420501709,16.0,-123.55515300873336,48.12547076398796
5634,8.1396369679132e-13,0.9999502897262573,0.0,13.35422420501709,16.0,-123.55515300873336,48.12547076398796
5635,8.1396369679132e-13,0.9999502897262573,0.0,13.35422420501709,16.0,-123.55515300873336,48.12547076398796
5636,8.1396369679132e-13,0.9999502897262573,0.0,13.35422420501709,16.0,-123.55515300873336,48.12547076398796
5637,8.1396369679132e-13,0.9999502897262573,0.0,13.35422420501709,16.0,-123.55515300873336,48.12547076398796
5638,8.1396369679132e-13,0.9999502897262573,0.0,13.35422420501709,16.0,-123.55515300873336,48.12547076398796
5639,8.1396369679132e-13,0.9999502897262573,0.0,13.35422420501709,16.0,-123.55515300873336,48.12547076398796
5640,8.1396369679132e-13,0.9999502897262573,0.0,13.35422420501709,16.0,-123.55515300873336,48.12547076398796
5641,8.1396369679132e-13,0.9999502897262573,0.0,13.35422420501709,16.0,-123.55515300873336,48.12547076398796
5642,8.1396369679132e-13,0.9999502897262573,0.0,13.35422420501709,16.0,-123.55515300873336,48.12547076398796
5643,0.000912631512619555,0.752023458480835,0.0,12.283796310424805,33.241539001464844,-123.55475300873336,48.12547076398796
5644,0.000912631512619555,0.752023458480835,0.0,12.283796310424805,33.241539001464844,-123.55475300873336,48.12547076398796
5645,0.000912631512619555,0.752023458480835,0.0,12.283796310424805,33.241539001464844,-123.55475300873336,48.12547076398796
5646,0.000912631512619555,0.752023458480835,0.0,12.283796310424805,33.241539001464844,-123.55475300873336,48.12547076398796
5647,0.000912631512619555,0.752023458480835,0.0,12.283796310424805,33.241539001464844,-123.55475300873336,48.12547076398796
5648,0.000912631512619555,0.752023458480835,0.0,12.283796310424805,33.241539001464844,-123.55475300873336,48.12547076398796
5649,0.000912631512619555,0.752023458480835,0.0,12.283796310424805,33.241539001464844,-123.55475300873336,48.12547076398796
5650,0.000912631512619555,0.752023458480835,0.0,12.283796310424805,33.241539001464844,-123.55475300873336,48.12547076398796
5651,0.000912631512619555,0.752023458480835,0.0,12.283796310424805,33.241539001464844,-123.55475300873336,48.12547076398796
5652,0.000912631512619555,0.752023458480835,0.0,12.283796310424805,33.241539001464844,-123.55475300873336,48.12547076398796
5653,0.0,0.0,0.0,0.0,63.639610290527344,-123.55435300873336,48.12547076398796
5654,0.0,0.0,0.0,0.0,63.639610290527344,-123.55435300873336,48.12547076398796
5655,0.0,0.0,0.0,0.0,63.639610290527344,-123.55435300873336,48.12547076398796
5656,0.0,0.0,0.0,0.0,63.639610290527344,-123.55435300873336,48.12547076398796
5657,0.0,0.0,0.0,0.0,63.639610290527344,-123.55435300873336,48.12547076398796
5658,0.0,0.0,0.0,0.0,63.639610290527344,-123.55435300873336,48.12547076398796
5659,0.0,0.0,0.0,0.0,147.16656494140625,-123.55395300873336,48.12547076398796
5660,0.0,0.0,0.0,0.0,319.4526672363281,-123.55355300873336,48.12547076398796
5661,0.0,0.0,0.0,0.0,319.4526672363281,-123.55355300873336,48.12547076398796
5662,0.0,0.0,0.0,0.0,475.41351318359375,-123.55315300873336,48.12547076398796
5663,0.0,0.0,0.0,0.0,661.5322875976562,-123.55275300873336,48.12547076398796
5664,0.0,0.0,0.0,0.0,192.0026092529297,-123.55635300873335,48.125070763987964
5665,0.0,0.0,0.0,0.0,192.0026092529297,-123.55635300873335,48.125070763987964
5666,1.1266315880220645e-07,0.999175488948822,0.0,12.194711685180664,9.848857879638672,-123.55595300873335,48.125070763987964
5667,1.1266315880220645e-07,0.999175488948822,0.0,12.194711685180664,9.848857879638672,-123.55595300873335,48.125070763987964
5668,1.1266315880220645e-07,0.999175488948822,0.0,12.194711685180664,9.848857879638672,-123.55595300873335,48.125070763987964
5669,1.1266315880220645e-07,0.999175488948822,0.0,12.194711685180664,9.848857879638672,-123.55595300873335,48.125070763987964
5670,1.1266315880220645e-07,0.999175488948822,0.0,12.194711685180664,9.848857879638672,-123.55595300873335,48.125070763987964
5671,1.1266315880220645e-07,0.999175488948822,0.0,12.194711685180664,9.848857879638672,-123.55595300873335,48.125070763987964
5672,1.1266315880220645e-07,0.999175488948822,0.0,12.194711685180664,9.848857879638672,-123.55595300873335,48.125070763987964
5673,1.1266315880220645e-07,0.999175488948822,0.0,12.194711685180664,9.848857879638672,-123.55595300873335,48.125070763987964
5674,1.1266315880220645e-07,0.999175488948822,0.0,12.194711685180664,9.848857879638672,-123.55595300873335,48.125070763987964
5675,1.1266315880220645e-07,0.999175488948822,0.0,12.194711685180664,9.848857879638672,-123.55595300873335,48.125070763987964
5676,0.9999935626983643,4.938779056828935e-06,0.0,14.260000228881836,126.1784439086914,-123.55555300873336,48.125070763987964
5677,0.9999935626983643,4.938779056828935e-06,0.0,14.260000228881836,126.1784439086914,-123.55555300873336,48.125070763987964
5678,0.9999935626983643,4.938779056828935e-06,0.0,14.260000228881836,126.1784439086914,-123.55555300873336,48.125070763987964
5679,0.9999935626983643,4.938779056828935e-06,0.0,14.260000228881836,126.1784439086914,-123.55555300873336,48.125070763987964
5680,0.9999935626983643,4.938779056828935e-06,0.0,14.260000228881836,126.1784439086914,-123.55555300873336,48.125070763987964
5681,0.9999935626983643,4.938779056828935e-06,0.0,14.260000228881836,126.1784439086914,-123.55555300873336,48.125070763987964
5682,0.9999935626983643,4.938779056828935e-06,0.0,14.260000228881836,126.1784439086914,-123.55555300873336,48.125070763987964
5683,0.9999935626983643,4.938779056828935e-06,0.0,14.260000228881836,126.1784439086914,-123.55555300873336,48.125070763987964
5684,0.9999935626983643,4.938779056828935e-06,0.0,14.260000228881836,126.1784439086914,-123.55555300873336,48.125070763987964
5685,0.9999935626983643,4.938779056828935e-06,0.0,14.260000228881836,126.1784439086914,-123.55555300873336,48.125070763987964
5686,0.9999505281448364,3.260849916841835e-05,0.0,13.729999542236328,81.78630828857422,-123.55515300873336,48.125070763987964
5687,0.9999505281448364,3.260849916841835e-05,0.0,13.729999542236328,81.78630828857422,-123.55515300873336,48.125070763987964
5688,0.9999505281448364,3.260849916841835e-05,0.0,13.729999542236328,81.78630828857422,-123.55515300873336,48.125070763987964
5689,0.9999505281448364,3.260849916841835e-05,0.0,13.729999542236328,81.78630828857422,-123.55515300873336,48.125070763987964
5690,0.9999505281448364,3.260849916841835e-05,0.0,13.729999542236328,81.78630828857422,-123.55515300873336,48.125070763987964
5691,0.9999505281448364,3.260849916841835e-05,0.0,13.729999542236328,81.78630828857422,-123.55515300873336,48.125070763987964
5692,0.9999505281448364,3.260849916841835e-05,0.0,13.729999542236328,81.78630828857422,-123.55515300873336,48.125070763987964
5693,0.9999505281448364,3.260849916841835e-05,0.0,13.729999542236328,81.78630828857422,-123.55515300873336,48.125070763987964
5694,0.9999505281448364,3.260849916841835e-05,0.0,13.729999542236328,81.78630828857422,-123.55515300873336,48.125070763987964
5695,0.9999505281448364,3.260849916841835e-05,0.0,13.729999542236328,81.78630828857422,-123.55515300873336,48.125070763987964
5696,0.20108318328857422,0.0023017479106783867,0.0,13.260000228881836,2.0,-123.55475300873336,48.125070763987964
5697,0.20108318328857422,0.0023017479106783867,0.0,13.260000228881836,2.0,-123.55475300873336,48.125070763987964
5698,0.20108318328857422,0.0023017479106783867,0.0,13.260000228881836,2.0,-123.55475300873336,48.125070763987964
5699,0.20108318328857422,0.0023017479106783867,0.0,13.260000228881836,2.0,-123.55475300873336,48.125070763987964
5700,0.20108318328857422,0.0023017479106783867,0.0,13.260000228881836,2.0,-123.55475300873336,48.125070763987964
5701,0.20108318328857422,0.0023017479106783867,0.0,13.260000228881836,2.0,-123.55475300873336,48.125070763987964
5702,0.20108318328857422,0.0023017479106783867,0.0,13.260000228881836,2.0,-123.55475300873336,48.125070763987964
5703,0.20108318328857422,0.0023017479106783867,0.0,13.260000228881836,2.0,-123.55475300873336,48.125070763987964
5704,0.20108318328857422,0.0023017479106783867,0.0,13.260000228881836,2.0,-123.55475300873336,48.125070763987964
5705,0.20108318328857422,0.0023017479106783867,0.0,13.260000228881836,2.0,-123.55475300873336,48.125070763987964
5706,0.8961336612701416,0.0011571628274396062,0.0,13.619999885559082,23.53720474243164,-123.55435300873336,48.125070763987964
5707,0.8961336612701416,0.0011571628274396062,0.0,13.619999885559082,23.53720474243164,-123.55435300873336,48.125070763987964
5708,0.8961336612701416,0.0011571628274396062,0.0,13.619999885559082,23.53720474243164,-123.55435300873336,48.125070763987964
5709,0.8961336612701416,0.0011571628274396062,0.0,13.619999885559082,23.53720474243164,-123.55435300873336,48.125070763987964
5710,0.8961336612701416,0.0011571628274396062,0.0,13.619999885559082,23.53720474243164,-123.55435300873336,48.125070763987964
5711,0.8961336612701416,0.0011571628274396062,0.0,13.619999885559082,23.53720474243164,-123.55435300873336,48.125070763987964
5712,0.8961336612701416,0.0011571628274396062,0.0,13.619999885559082,23.53720474243164,-123.55435300873336,48.125070763987964
5713,0.8961336612701416,0.0011571628274396062,0.0,13.619999885559082,23.53720474243164,-123.55435300873336,48.125070763987964
5714,0.8961336612701416,0.0011571628274396062,0.0,13.619999885559082,23.53720474243164,-123.55435300873336,48.125070763987964
5715,0.8961336612701416,0.0011571628274396062,0.0,13.619999885559082,23.53720474243164,-123.55435300873336,48.125070763987964
5716,1.0499938696284516e-07,0.9993857145309448,0.0,14.205724716186523,4.0,-123.55395300873336,48.125070763987964
5717,1.0499938696284516e-07,0.9993857145309448,0.0,14.205724716186523,4.0,-123.55395300873336,48.125070763987964
5718,1.0499938696284516e-07,0.9993857145309448,0.0,14.205724716186523,4.0,-123.55395300873336,48.125070763987964
5719,1.0499938696284516e-07,0.9993857145309448,0.0,14.205724716186523,4.0,-123.55395300873336,48.125070763987964
5720,1.0499938696284516e-07,0.9993857145309448,0.0,14.205724716186523,4.0,-123.55395300873336,48.125070763987964
5721,1.0499938696284516e-07,0.9993857145309448,0.0,14.205724716186523,4.0,-123.55395300873336,48.125070763987964
5722,1.0499938696284516e-07,0.9993857145309448,0.0,14.205724716186523,4.0,-123.55395300873336,48.125070763987964
5723,1.0499938696284516e-07,0.9993857145309448,0.0,14.205724716186523,4.0,-123.55395300873336,48.125070763987964
5724,1.0499938696284516e-07,0.9993857145309448,0.0,14.205724716186523,4.0,-123.55395300873336,48.125070763987964
5725,1.0499938696284516e-07,0.9993857145309448,0.0,14.205724716186523,4.0,-123.55395300873336,48.125070763987964
5726,0.0,0.0,0.0,0.0,118.224365234375,-123.55355300873336,48.125070763987964
5727,0.0,0.0,0.0,0.0,118.224365234375,-123.55355300873336,48.125070763987964
5728,0.99921715259552,0.0008585512405261397,0.0,13.0,134.27210998535156,-123.55595300873335,48.124670763987965
5729,0.99921715259552,0.0008585512405261397,0.0,13.0,134.27210998535156,-123.55595300873335,48.124670763987965
5730,0.99921715259552,0.0008585512405261397,0.0,13.0,134.27210998535156,-123.55595300873335,48.124670763987965
5731,0.99921715259552,0.0008585512405261397,0.0,13.0,134.27210998535156,-123.55595300873335,48.124670763987965
5732,0.99921715259552,0.0008585512405261397,0.0,13.0,134.27210998535156,-123.55595300873335,48.124670763987965
5733,7.315801440199721e-07,0.999968409538269,0.0,12.59085750579834,72.40165710449219,-123.55555300873336,48.124670763987965
5734,7.315801440199721e-07,0.999968409538269,0.0,12.59085750579834,72.40165710449219,-123.55555300873336,48.124670763987965
5735,7.315801440199721e-07,0.999968409538269,0.0,12.59085750579834,72.40165710449219,-123.55555300873336,48.124670763987965
5736,7.315801440199721e-07,0.999968409538269,0.0,12.59085750579834,72.40165710449219,-123.55555300873336,48.124670763987965
5737,7.315801440199721e-07,0.999968409538269,0.0,12.59085750579834,72.40165710449219,-123.55555300873336,48.124670763987965
5738,7.315801440199721e-07,0.999968409538269,0.0,12.59085750579834,72.40165710449219,-123.55555300873336,48.124670763987965
5739,7.315801440199721e-07,0.999968409538269,0.0,12.59085750579834,72.40165710449219,-123.55555300873336,48.124670763987965
5740,7.315801440199721e-07,0.999968409538269,0.0,12.59085750579834,72.40165710449219,-123.55555300873336,48.124670763987965
5741,7.315801440199721e-07,0.999968409538269,0.0,12.59085750579834,72.40165710449219,-123.55555300873336,48.124670763987965
5742,7.315801440199721e-07,0.999968409538269,0.0,12.59085750579834,72.40165710449219,-123.55555300873336,48.124670763987965
5743,0.9916681051254272,0.000657632655929774,0.0,14.970000267028809,288.979248046875,-123.55515300873336,48.124670763987965
5744,0.9916681051254272,0.000657632655929774,0.0,14.970000267028809,288.979248046875,-123.55515300873336,48.124670763987965
5745,0.9916681051254272,0.000657632655929774,0.0,14.970000267028809,288.979248046875,-123.55515300873336,48.124670763987965
5746,0.9916681051254272,0.000657632655929774,0.0,14.970000267028809,288.979248046875,-123.55515300873336,48.124670763987965
5747,0.9916681051254272,0.000657632655929774,0.0,14.970000267028809,288.979248046875,-123.55515300873336,48.124670763987965
5748,0.9916681051254272,0.000657632655929774,0.0,14.970000267028809,288.979248046875,-123.55515300873336,48.124670763987965
5749,0.9916681051254272,0.000657632655929774,0.0,14.970000267028809,288.979248046875,-123.55515300873336,48.124670763987965
5750,0.9916681051254272,0.000657632655929774,0.0,14.970000267028809,288.979248046875,-123.55515300873336,48.124670763987965
5751,0.9916681051254272,0.000657632655929774,0.0,14.970000267028809,288.979248046875,-123.55515300873336,48.124670763987965
5752,0.9916681051254272,0.000657632655929774,0.0,14.970000267028809,288.979248046875,-123.55515300873336,48.124670763987965
5753,0.9999996423721313,1.0414337339170743e-05,0.0,14.479999542236328,123.84264373779297,-123.55475300873336,48.124670763987965
5754,0.9999996423721313,1.0414337339170743e-05,0.0,14.479999542236328,123.84264373779297,-123.55475300873336,48.124670763987965
5755,0.9999996423721313,1.0414337339170743e-05,0.0,14.479999542236328,123.84264373779297,-123.55475300873336,48.124670763987965
5756,0.9999996423721313,1.0414337339170743e-05,0.0,14.479999542236328,123.84264373779297,-123.55475300873336,48.124670763987965
5757,0.9999996423721313,1.0414337339170743e-05,0.0,14.479999542236328,123.84264373779297,-123.55475300873336,48.124670763987965
5758,0.9999996423721313,1.0414337339170743e-05,0.0,14.479999542236328,123.84264373779297,-123.55475300873336,48.124670763987965
5759,0.9999996423721313,1.0414337339170743e-05,0.0,14.479999542236328,123.84264373779297,-123.55475300873336,48.124670763987965
5760,0.9999996423721313,1.0414337339170743e-05,0.0,14.479999542236328,123.84264373779297,-123.55475300873336,48.124670763987965
5761,0.9999996423721313,1.0414337339170743e-05,0.0,14.479999542236328,123.84264373779297,-123.55475300873336,48.124670763987965
5762,0.9999996423721313,1.0414337339170743e-05,0.0,14.479999542236328,123.84264373779297,-123.55475300873336,48.124670763987965
5763,0.9999237060546875,7.75832959334366e-05,0.0,14.020000457763672,72.3394775390625,-123.55435300873336,48.124670763987965
5764,0.9999237060546875,7.75832959334366e-05,0.0,14.020000457763672,72.3394775390625,-123.55435300873336,48.124670763987965
5765,0.9999237060546875,7.75832959334366e-05,0.0,14.020000457763672,72.3394775390625,-123.55435300873336,48.124670763987965
5766,0.9999237060546875,7.75832959334366e-05,0.0,14.020000457763672,72.3394775390625,-123.55435300873336,48.124670763987965
5767,0.9999237060546875,7.75832959334366e-05,0.0,14.020000457763672,72.3394775390625,-123.55435300873336,48.124670763987965
5768,0.9999237060546875,7.75832959334366e-05,0.0,14.020000457763672,72.3394775390625,-123.55435300873336,48.124670763987965
5769,0.9999237060546875,7.75832959334366e-05,0.0,14.020000457763672,72.3394775390625,-123.55435300873336,48.124670763987965
5770,0.9999237060546875,7.75832959334366e-05,0.0,14.020000457763672,72.3394775390625,-123.55435300873336,48.124670763987965
5771,0.9999237060546875,7.75832959334366e-05,0.0,14.020000457763672,72.3394775390625,-123.55435300873336,48.124670763987965
5772,0.9999237060546875,7.75832959334366e-05,0.0,14.020000457763672,72.3394775390625,-123.55435300873336,48.124670763987965
5773,0.9997543692588806,1.9439712559687905e-05,0.0,14.600000381469727,88.48163604736328,-123.55395300873336,48.124670763987965
5774,0.9997543692588806,1.9439712559687905e-05,0.0,14.600000381469727,88.48163604736328,-123.55395300873336,48.124670763987965
5775,0.9997543692588806,1.9439712559687905e-05,0.0,14.600000381469727,88.48163604736328,-123.55395300873336,48.124670763987965
5776,0.9997543692588806,1.9439712559687905e-05,0.0,14.600000381469727,88.48163604736328,-123.55395300873336,48.124670763987965
5777,0.9997543692588806,1.9439712559687905e-05,0.0,14.600000381469727,88.48163604736328,-123.55395300873336,48.124670763987965
5778,0.9997543692588806,1.9439712559687905e-05,0.0,14.600000381469727,88.48163604736328,-123.55395300873336,48.124670763987965
5779,0.9997543692588806,1.9439712559687905e-05,0.0,14.600000381469727,88.48163604736328,-123.55395300873336,48.124670763987965
5780,0.9997543692588806,1.9439712559687905e-05,0.0,14.600000381469727,88.48163604736328,-123.55395300873336,48.124670763987965
5781,0.9997543692588806,1.9439712559687905e-05,0.0,14.600000381469727,88.48163604736328,-123.55395300873336,48.124670763987965
5782,0.9997543692588806,1.9439712559687905e-05,0.0,14.600000381469727,88.48163604736328,-123.55395300873336,48.124670763987965
5783,0.0701981782913208,0.9748535752296448,0.0,14.220000267028809,53.413482666015625,-123.55355300873336,48.124670763987965
5784,0.0701981782913208,0.9748535752296448,0.0,14.220000267028809,53.413482666015625,-123.55355300873336,48.124670763987965
5785,0.0701981782913208,0.9748535752296448,0.0,14.220000267028809,53.413482666015625,-123.55355300873336,48.124670763987965
5786,0.0701981782913208,0.9748535752296448,0.0,14.220000267028809,53.413482666015625,-123.55355300873336,48.124670763987965
5787,0.0701981782913208,0.9748535752296448,0.0,14.220000267028809,53.413482666015625,-123.55355300873336,48.124670763987965
5788,0.0701981782913208,0.9748535752296448,0.0,14.220000267028809,53.413482666015625,-123.55355300873336,48.124670763987965
5789,0.0701981782913208,0.9748535752296448,0.0,14.220000267028809,53.413482666015625,-123.55355300873336,48.124670763987965
5790,0.0701981782913208,0.9748535752296448,0.0,14.220000267028809,53.413482666015625,-123.55355300873336,48.124670763987965
5791,0.0701981782913208,0.9748535752296448,0.0,14.220000267028809,53.413482666015625,-123.55355300873336,48.124670763987965
5792,0.0701981782913208,0.9748535752296448,0.0,14.220000267028809,53.413482666015625,-123.55355300873336,48.124670763987965
5793,3.4869351850375097e-08,0.9997227787971497,0.0,12.767292976379395,21.587032318115234,-123.55555300873336,48.124270763987965
5794,3.4869351850375097e-08,0.9997227787971497,0.0,12.767292976379395,21.587032318115234,-123.55555300873336,48.124270763987965
5795,3.4869351850375097e-08,0.9997227787971497,0.0,12.767292976379395,21.587032318115234,-123.55555300873336,48.124270763987965
5796,3.4869351850375097e-08,0.9997227787971497,0.0,12.767292976379395,21.587032318115234,-123.55555300873336,48.124270763987965
5797,3.4869351850375097e-08,0.9997227787971497,0.0,12.767292976379395,21.587032318115234,-123.55555300873336,48.124270763987965
5798,3.4869351850375097e-08,0.9997227787971497,0.0,12.767292976379395,21.587032318115234,-123.55555300873336,48.124270763987965
5799,3.4869351850375097e-08,0.9997227787971497,0.0,12.767292976379395,21.587032318115234,-123.55555300873336,48.124270763987965
5800,3.4869351850375097e-08,0.9997227787971497,0.0,12.767292976379395,21.587032318115234,-123.55555300873336,48.124270763987965
5801,3.4869351850375097e-08,0.9997227787971497,0.0,12.767292976379395,21.587032318115234,-123.55555300873336,48.124270763987965
5802,3.4869351850375097e-08,0.9997227787971497,0.0,12.767292976379395,21.587032318115234,-123.55555300873336,48.124270763987965
5803,0.9999703168869019,1.982510366360657e-05,0.0,15.010000228881836,218.5520477294922,-123.55515300873336,48.124270763987965
5804,0.9999703168869019,1.982510366360657e-05,0.0,15.010000228881836,218.5520477294922,-123.55515300873336,48.124270763987965
5805,0.9999703168869019,1.982510366360657e-05,0.0,15.010000228881836,218.5520477294922,-123.55515300873336,48.124270763987965
5806,0.9999703168869019,1.982510366360657e-05,0.0,15.010000228881836,218.5520477294922,-123.55515300873336,48.124270763987965
5807,0.9999703168869019,1.982510366360657e-05,0.0,15.010000228881836,218.5520477294922,-123.55515300873336,48.124270763987965
5808,0.9999703168869019,1.982510366360657e-05,0.0,15.010000228881836,218.5520477294922,-123.55515300873336,48.124270763987965
5809,0.9999703168869019,1.982510366360657e-05,0.0,15.010000228881836,218.5520477294922,-123.55515300873336,48.124270763987965
5810,0.9999703168869019,1.982510366360657e-05,0.0,15.010000228881836,218.5520477294922,-123.55515300873336,48.124270763987965
5811,0.9999703168869019,1.982510366360657e-05,0.0,15.010000228881836,218.5520477294922,-123.55515300873336,48.124270763987965
5812,0.9999703168869019,1.982510366360657e-05,0.0,15.010000228881836,218.5520477294922,-123.55515300873336,48.124270763987965
5813,1.0,1.0242344615107868e-05,0.0,14.399999618530273,181.66177368164062,-123.55475300873336,48.124270763987965
5814,1.0,1.0242344615107868e-05,0.0,14.399999618530273,181.66177368164062,-123.55475300873336,48.124270763987965
5815,1.0,1.0242344615107868e-05,0.0,14.399999618530273,181.66177368164062,-123.55475300873336,48.124270763987965
5816,1.0,1.0242344615107868e-05,0.0,14.399999618530273,181.66177368164062,-123.55475300873336,48.124270763987965
5817,1.0,1.0242344615107868e-05,0.0,14.399999618530273,181.66177368164062,-123.55475300873336,48.124270763987965
5818,1.0,1.0242344615107868e-05,0.0,14.399999618530273,181.66177368164062,-123.55475300873336,48.124270763987965
5819,1.0,1.0242344615107868e-05,0.0,14.399999618530273,181.66177368164062,-123.55475300873336,48.124270763987965
5820,1.0,1.0242344615107868e-05,0.0,14.399999618530273,181.66177368164062,-123.55475300873336,48.124270763987965
5821,1.0,1.0242344615107868e-05,0.0,14.399999618530273,181.66177368164062,-123.55475300873336,48.124270763987965
5822,1.0,1.0242344615107868e-05,0.0,14.399999618530273,181.66177368164062,-123.55475300873336,48.124270763987965
5823,0.9999995231628418,2.252601734653581e-05,0.0,14.039999961853027,117.79643249511719,-123.55435300873336,48.124270763987965
5824,0.9999995231628418,2.252601734653581e-05,0.0,14.039999961853027,117.79643249511719,-123.55435300873336,48.124270763987965
5825,0.9999995231628418,2.252601734653581e-05,0.0,14.039999961853027,117.79643249511719,-123.55435300873336,48.124270763987965
5826,0.9999995231628418,2.252601734653581e-05,0.0,14.039999961853027,117.79643249511719,-123.55435300873336,48.124270763987965
5827,0.9999995231628418,2.252601734653581e-05,0.0,14.039999961853027,117.79643249511719,-123.55435300873336,48.124270763987965
5828,0.9999995231628418,2.252601734653581e-05,0.0,14.039999961853027,117.79643249511719,-123.55435300873336,48.124270763987965
5829,0.9999995231628418,2.252601734653581e-05,0.0,14.039999961853027,117.79643249511719,-123.55435300873336,48.124270763987965
5830,0.9999995231628418,2.252601734653581e-05,0.0,14.039999961853027,117.79643249511719,-123.55435300873336,48.124270763987965
5831,0.9999995231628418,2.252601734653581e-05,0.0,14.039999961853027,117.79643249511719,-123.55435300873336,48.124270763987965
5832,0.9999995231628418,2.252601734653581e-05,0.0,14.039999961853027,117.79643249511719,-123.55435300873336,48.124270763987965
5833,0.9983988404273987,1.7586447938811034e-05,0.0,14.59000015258789,136.51739501953125,-123.55395300873336,48.124270763987965
5834,0.9983988404273987,1.7586447938811034e-05,0.0,14.59000015258789,136.51739501953125,-123.55395300873336,48.124270763987965
5835,0.9983988404273987,1.7586447938811034e-05,0.0,14.59000015258789,136.51739501953125,-123.55395300873336,48.124270763987965
5836,0.9983988404273987,1.7586447938811034e-05,0.0,14.59000015258789,136.51739501953125,-123.55395300873336,48.124270763987965
5837,0.9983988404273987,1.7586447938811034e-05,0.0,14.59000015258789,136.51739501953125,-123.55395300873336,48.124270763987965
5838,0.9983988404273987,1.7586447938811034e-05,0.0,14.59000015258789,136.51739501953125,-123.55395300873336,48.124270763987965
5839,0.9983988404273987,1.7586447938811034e-05,0.0,14.59000015258789,136.51739501953125,-123.55395300873336,48.124270763987965
5840,0.9983988404273987,1.7586447938811034e-05,0.0,14.59000015258789,136.51739501953125,-123.55395300873336,48.124270763987965
5841,0.9983988404273987,1.7586447938811034e-05,0.0,14.59000015258789,136.51739501953125,-123.55395300873336,48.124270763987965
5842,0.9983988404273987,1.7586447938811034e-05,0.0,14.59000015258789,136.51739501953125,-123.55395300873336,48.124270763987965
5843,0.9999457597732544,0.0025348677299916744,0.0,14.710000038146973,163.2329559326172,-123.55355300873336,48.124270763987965
5844,0.9999457597732544,0.0025348677299916744,0.0,14.710000038146973,163.2329559326172,-123.55355300873336,48.124270763987965
5845,0.9999457597732544,0.0025348677299916744,0.0,14.710000038146973,163.2329559326172,-123.55355300873336,48.124270763987965
5846,0.9999457597732544,0.0025348677299916744,0.0,14.710000038146973,163.2329559326172,-123.55355300873336,48.124270763987965
5847,0.9999457597732544,0.0025348677299916744,0.0,14.710000038146973,163.2329559326172,-123.55355300873336,48.124270763987965
5848,0.9999457597732544,0.0025348677299916744,0.0,14.710000038146973,163.2329559326172,-123.55355300873336,48.124270763987965
5849,0.9999457597732544,0.0025348677299916744,0.0,14.710000038146973,163.2329559326172,-123.55355300873336,48.124270763987965
5850,0.9999457597732544,0.0025348677299916744,0.0,14.710000038146973,163.2329559326172,-123.55355300873336,48.124270763987965
5851,0.9999457597732544,0.0025348677299916744,0.0,14.710000038146973,163.2329559326172,-123.55355300873336,48.124270763987965
5852,0.9999457597732544,0.0025348677299916744,0.0,14.710000038146973,163.2329559326172,-123.55355300873336,48.124270763987965
5853,0.023274129256606102,0.14294984936714172,0.0,12.877826690673828,76.05918884277344,-123.55315300873336,48.124270763987965
5854,0.023274129256606102,0.14294984936714172,0.0,12.877826690673828,76.05918884277344,-123.55315300873336,48.124270763987965
5855,0.023274129256606102,0.14294984936714172,0.0,12.877826690673828,76.05918884277344,-123.55315300873336,48.124270763987965
5856,0.023274129256606102,0.14294984936714172,0.0,12.877826690673828,76.05918884277344,-123.55315300873336,48.124270763987965
5857,0.023274129256606102,0.14294984936714172,0.0,12.877826690673828,76.05918884277344,-123.55315300873336,48.124270763987965
5858,0.023274129256606102,0.14294984936714172,0.0,12.877826690673828,76.05918884277344,-123.55315300873336,48.124270763987965
5859,0.023274129256606102,0.14294984936714172,0.0,12.877826690673828,76.05918884277344,-123.55315300873336,48.124270763987965
5860,0.023274129256606102,0.14294984936714172,0.0,12.877826690673828,76.05918884277344,-123.55315300873336,48.124270763987965
5861,0.023274129256606102,0.14294984936714172,0.0,12.877826690673828,76.05918884277344,-123.55315300873336,48.124270763987965
5862,0.023274129256606102,0.14294984936714172,0.0,12.877826690673828,76.05918884277344,-123.55315300873336,48.124270763987965
5863,0.02261897176504135,0.894553542137146,0.0,12.911360740661621,111.2339859008789,-123.55555300873336,48.123870763987966
5864,0.02261897176504135,0.894553542137146,0.0,12.911360740661621,111.2339859008789,-123.55555300873336,48.123870763987966
5865,0.02261897176504135,0.894553542137146,0.0,12.911360740661621,111.2339859008789,-123.55555300873336,48.123870763987966
5866,0.02261897176504135,0.894553542137146,0.0,12.911360740661621,111.2339859008789,-123.55555300873336,48.123870763987966
5867,0.02261897176504135,0.894553542137146,0.0,12.911360740661621,111.2339859008789,-123.55555300873336,48.123870763987966
5868,0.02261897176504135,0.894553542137146,0.0,12.911360740661621,111.2339859008789,-123.55555300873336,48.123870763987966
5869,0.02261897176504135,0.894553542137146,0.0,12.911360740661621,111.2339859008789,-123.55555300873336,48.123870763987966
5870,0.02261897176504135,0.894553542137146,0.0,12.911360740661621,111.2339859008789,-123.55555300873336,48.123870763987966
5871,0.02261897176504135,0.894553542137146,0.0,12.911360740661621,111.2339859008789,-123.55555300873336,48.123870763987966
5872,0.02261897176504135,0.894553542137146,0.0,12.911360740661621,111.2339859008789,-123.55555300873336,48.123870763987966
5873,0.004840133711695671,0.004581145476549864,0.0,13.675172805786133,122.24974060058594,-123.55515300873336,48.123870763987966
5874,0.004840133711695671,0.004581145476549864,0.0,13.675172805786133,122.24974060058594,-123.55515300873336,48.123870763987966
5875,0.004840133711695671,0.004581145476549864,0.0,13.675172805786133,122.24974060058594,-123.55515300873336,48.123870763987966
5876,0.004840133711695671,0.004581145476549864,0.0,13.675172805786133,122.24974060058594,-123.55515300873336,48.123870763987966
5877,0.004840133711695671,0.004581145476549864,0.0,13.675172805786133,122.24974060058594,-123.55515300873336,48.123870763987966
5878,0.004840133711695671,0.004581145476549864,0.0,13.675172805786133,122.24974060058594,-123.55515300873336,48.123870763987966
5879,0.004840133711695671,0.004581145476549864,0.0,13.675172805786133,122.24974060058594,-123.55515300873336,48.123870763987966
5880,0.004840133711695671,0.004581145476549864,0.0,13.675172805786133,122.24974060058594,-123.55515300873336,48.123870763987966
5881,0.004840133711695671,0.004581145476549864,0.0,13.675172805786133,122.24974060058594,-123.55515300873336,48.123870763987966
5882,0.004840133711695671,0.004581145476549864,0.0,13.675172805786133,122.24974060058594,-123.55515300873336,48.123870763987966
5883,0.9998483657836914,2.918496284110006e-05,0.0,14.430000305175781,355.0887145996094,-123.55475300873336,48.123870763987966
5884,0.9998483657836914,2.918496284110006e-05,0.0,14.430000305175781,355.0887145996094,-123.55475300873336,48.123870763987966
5885,0.9998483657836914,2.918496284110006e-05,0.0,14.430000305175781,355.0887145996094,-123.55475300873336,48.123870763987966
5886,0.9998483657836914,2.918496284110006e-05,0.0,14.430000305175781,355.0887145996094,-123.55475300873336,48.123870763987966
5887,0.9998483657836914,2.918496284110006e-05,0.0,14.430000305175781,355.0887145996094,-123.55475300873336,48.123870763987966
5888,0.9998483657836914,2.918496284110006e-05,0.0,14.430000305175781,355.0887145996094,-123.55475300873336,48.123870763987966
5889,0.9998483657836914,2.918496284110006e-05,0.0,14.430000305175781,355.0887145996094,-123.55475300873336,48.123870763987966
5890,0.9998483657836914,2.918496284110006e-05,0.0,14.430000305175781,355.0887145996094,-123.55475300873336,48.123870763987966
5891,0.9998483657836914,2.918496284110006e-05,0.0,14.430000305175781,355.0887145996094,-123.55475300873336,48.123870763987966
5892,0.9998483657836914,2.918496284110006e-05,0.0,14.430000305175781,355.0887145996094,-123.55475300873336,48.123870763987966
5893,0.9995018243789673,0.0002175357221858576,0.0,13.970000267028809,343.0174865722656,-123.55435300873336,48.123870763987966
5894,0.9995018243789673,0.0002175357221858576,0.0,13.970000267028809,343.0174865722656,-123.55435300873336,48.123870763987966
5895,0.9995018243789673,0.0002175357221858576,0.0,13.970000267028809,343.0174865722656,-123.55435300873336,48.123870763987966
5896,0.9995018243789673,0.0002175357221858576,0.0,13.970000267028809,343.0174865722656,-123.55435300873336,48.123870763987966
5897,0.9995018243789673,0.0002175357221858576,0.0,13.970000267028809,343.0174865722656,-123.55435300873336,48.123870763987966
5898,0.9995018243789673,0.0002175357221858576,0.0,13.970000267028809,343.0174865722656,-123.55435300873336,48.123870763987966
5899,0.9995018243789673,0.0002175357221858576,0.0,13.970000267028809,343.0174865722656,-123.55435300873336,48.123870763987966
5900,0.9995018243789673,0.0002175357221858576,0.0,13.970000267028809,343.0174865722656,-123.55435300873336,48.123870763987966
5901,0.9995018243789673,0.0002175357221858576,0.0,13.970000267028809,343.0174865722656,-123.55435300873336,48.123870763987966
5902,0.9995018243789673,0.0002175357221858576,0.0,13.970000267028809,343.0174865722656,-123.55435300873336,48.123870763987966
5903,0.998015284538269,0.0005259932950139046,0.0,15.010000228881836,362.7698974609375,-123.55395300873336,48.123870763987966
5904,0.998015284538269,0.0005259932950139046,0.0,15.010000228881836,362.7698974609375,-123.55395300873336,48.123870763987966
5905,0.998015284538269,0.0005259932950139046,0.0,15.010000228881836,362.7698974609375,-123.55395300873336,48.123870763987966
5906,0.998015284538269,0.0005259932950139046,0.0,15.010000228881836,362.7698974609375,-123.55395300873336,48.123870763987966
5907,0.998015284538269,0.0005259932950139046,0.0,15.010000228881836,362.7698974609375,-123.55395300873336,48.123870763987966
5908,0.998015284538269,0.0005259932950139046,0.0,15.010000228881836,362.7698974609375,-123.55395300873336,48.123870763987966
5909,0.998015284538269,0.0005259932950139046,0.0,15.010000228881836,362.7698974609375,-123.55395300873336,48.123870763987966
5910,0.998015284538269,0.0005259932950139046,0.0,15.010000228881836,362.7698974609375,-123.55395300873336,48.123870763987966
5911,0.998015284538269,0.0005259932950139046,0.0,15.010000228881836,362.7698974609375,-123.55395300873336,48.123870763987966
5912,0.998015284538269,0.0005259932950139046,0.0,15.010000228881836,362.7698974609375,-123.55395300873336,48.123870763987966
5913,0.9999994039535522,1.0341515007894486e-05,0.0,15.3100004196167,244.6323699951172,-123.55355300873336,48.123870763987966
5914,0.9999994039535522,1.0341515007894486e-05,0.0,15.3100004196167,244.6323699951172,-123.55355300873336,48.123870763987966
5915,0.9999994039535522,1.0341515007894486e-05,0.0,15.3100004196167,244.6323699951172,-123.55355300873336,48.123870763987966
5916,0.9999994039535522,1.0341515007894486e-05,0.0,15.3100004196167,244.6323699951172,-123.55355300873336,48.123870763987966
5917,0.9999994039535522,1.0341515007894486e-05,0.0,15.3100004196167,244.6323699951172,-123.55355300873336,48.123870763987966
5918,0.9999994039535522,1.0341515007894486e-05,0.0,15.3100004196167,244.6323699951172,-123.55355300873336,48.123870763987966
5919,0.9999994039535522,1.0341515007894486e-05,0.0,15.3100004196167,244.6323699951172,-123.55355300873336,48.123870763987966
5920,0.9999994039535522,1.0341515007894486e-05,0.0,15.3100004196167,244.6323699951172,-123.55355300873336,48.123870763987966
5921,0.9999994039535522,1.0341515007894486e-05,0.0,15.3100004196167,244.6323699951172,-123.55355300873336,48.123870763987966
5922,0.9999994039535522,1.0341515007894486e-05,0.0,15.3100004196167,244.6323699951172,-123.55355300873336,48.123870763987966
5923,0.0012348572490736842,0.021985771134495735,0.0,14.641748428344727,5.0,-123.55315300873336,48.123870763987966
5924,0.0012348572490736842,0.021985771134495735,0.0,14.641748428344727,5.0,-123.55315300873336,48.123870763987966
5925,0.0012348572490736842,0.021985771134495735,0.0,14.641748428344727,5.0,-123.55315300873336,48.123870763987966
5926,0.0012348572490736842,0.021985771134495735,0.0,14.641748428344727,5.0,-123.55315300873336,48.123870763987966
5927,0.0012348572490736842,0.021985771134495735,0.0,14.641748428344727,5.0,-123.55315300873336,48.123870763987966
5928,0.0012348572490736842,0.021985771134495735,0.0,14.641748428344727,5.0,-123.55315300873336,48.123870763987966
5929,0.0012348572490736842,0.021985771134495735,0.0,14.641748428344727,5.0,-123.55315300873336,48.123870763987966
5930,0.0012348572490736842,0.021985771134495735,0.0,14.641748428344727,5.0,-123.55315300873336,48.123870763987966
5931,0.0012348572490736842,0.021985771134495735,0.0,14.641748428344727,5.0,-123.55315300873336,48.123870763987966
5932,0.0012348572490736842,0.021985771134495735,0.0,14.641748428344727,5.0,-123.55315300873336,48.123870763987966
5933,0.0,0.0,0.0,0.0,213.76856994628906,-123.55555300873336,48.12347076398797
5934,0.0,0.0,0.0,0.0,213.76856994628906,-123.55555300873336,48.12347076398797
5935,0.0,0.0,0.0,0.0,213.76856994628906,-123.55555300873336,48.12347076398797
5936,0.0,0.0,0.0,0.0,213.76856994628906,-123.55555300873336,48.12347076398797
5937,1.907553269120399e-06,0.9882823824882507,0.0,13.008971214294434,13.0,-123.55515300873336,48.12347076398797
5938,1.907553269120399e-06,0.9882823824882507,0.0,13.008971214294434,13.0,-123.55515300873336,48.12347076398797
5939,1.907553269120399e-06,0.9882823824882507,0.0,13.008971214294434,13.0,-123.55515300873336,48.12347076398797
5940,1.907553269120399e-06,0.9882823824882507,0.0,13.008971214294434,13.0,-123.55515300873336,48.12347076398797
5941,1.907553269120399e-06,0.9882823824882507,0.0,13.008971214294434,13.0,-123.55515300873336,48.12347076398797
5942,1.907553269120399e-06,0.9882823824882507,0.0,13.008971214294434,13.0,-123.55515300873336,48.12347076398797
5943,1.907553269120399e-06,0.9882823824882507,0.0,13.008971214294434,13.0,-123.55515300873336,48.12347076398797
5944,1.907553269120399e-06,0.9882823824882507,0.0,13.008971214294434,13.0,-123.55515300873336,48.12347076398797
5945,1.907553269120399e-06,0.9882823824882507,0.0,13.008971214294434,13.0,-123.55515300873336,48.12347076398797
5946,1.907553269120399e-06,0.9882823824882507,0.0,13.008971214294434,13.0,-123.55515300873336,48.12347076398797
5947,0.9999998807907104,6.909907824592665e-06,0.0,14.899999618530273,237.6741485595703,-123.55475300873336,48.12347076398797
5948,0.9999998807907104,6.909907824592665e-06,0.0,14.899999618530273,237.6741485595703,-123.55475300873336,48.12347076398797
5949,0.9999998807907104,6.909907824592665e-06,0.0,14.899999618530273,237.6741485595703,-123.55475300873336,48.12347076398797
5950,0.9999998807907104,6.909907824592665e-06,0.0,14.899999618530273,237.6741485595703,-123.55475300873336,48.12347076398797
5951,0.9999998807907104,6.909907824592665e-06,0.0,14.899999618530273,237.6741485595703,-123.55475300873336,48.12347076398797
5952,0.9999998807907104,6.909907824592665e-06,0.0,14.899999618530273,237.6741485595703,-123.55475300873336,48.12347076398797
5953,0.9999998807907104,6.909907824592665e-06,0.0,14.899999618530273,237.6741485595703,-123.55475300873336,48.12347076398797
5954,0.9999998807907104,6.909907824592665e-06,0.0,14.899999618530273,237.6741485595703,-123.55475300873336,48.12347076398797
5955,0.9999998807907104,6.909907824592665e-06,0.0,14.899999618530273,237.6741485595703,-123.55475300873336,48.12347076398797
5956,0.9999998807907104,6.909907824592665e-06,0.0,14.899999618530273,237.6741485595703,-123.55475300873336,48.12347076398797
5957,0.9999984502792358,7.043122423056047e-06,0.0,15.130000114440918,460.97723388671875,-123.55435300873336,48.12347076398797
5958,0.9999984502792358,7.043122423056047e-06,0.0,15.130000114440918,460.97723388671875,-123.55435300873336,48.12347076398797
5959,0.9999984502792358,7.043122423056047e-06,0.0,15.130000114440918,460.97723388671875,-123.55435300873336,48.12347076398797
5960,0.9999984502792358,7.043122423056047e-06,0.0,15.130000114440918,460.97723388671875,-123.55435300873336,48.12347076398797
5961,0.9999984502792358,7.043122423056047e-06,0.0,15.130000114440918,460.97723388671875,-123.55435300873336,48.12347076398797
5962,0.9999984502792358,7.043122423056047e-06,0.0,15.130000114440918,460.97723388671875,-123.55435300873336,48.12347076398797
5963,0.9999984502792358,7.043122423056047e-06,0.0,15.130000114440918,460.97723388671875,-123.55435300873336,48.12347076398797
5964,0.9999984502792358,7.043122423056047e-06,0.0,15.130000114440918,460.97723388671875,-123.55435300873336,48.12347076398797
5965,0.9999984502792358,7.043122423056047e-06,0.0,15.130000114440918,460.97723388671875,-123.55435300873336,48.12347076398797
5966,0.9999984502792358,7.043122423056047e-06,0.0,15.130000114440918,460.97723388671875,-123.55435300873336,48.12347076398797
5967,0.8081533908843994,0.006273587234318256,0.0,15.3100004196167,494.5401916503906,-123.55395300873336,48.12347076398797
5968,0.8081533908843994,0.006273587234318256,0.0,15.3100004196167,494.5401916503906,-123.55395300873336,48.12347076398797
5969,0.8081533908843994,0.006273587234318256,0.0,15.3100004196167,494.5401916503906,-123.55395300873336,48.12347076398797
5970,0.8081533908843994,0.006273587234318256,0.0,15.3100004196167,494.5401916503906,-123.55395300873336,48.12347076398797
5971,0.8081533908843994,0.006273587234318256,0.0,15.3100004196167,494.5401916503906,-123.55395300873336,48.12347076398797
5972,0.8081533908843994,0.006273587234318256,0.0,15.3100004196167,494.5401916503906,-123.55395300873336,48.12347076398797
5973,0.8081533908843994,0.006273587234318256,0.0,15.3100004196167,494.5401916503906,-123.55395300873336,48.12347076398797
5974,0.8081533908843994,0.006273587234318256,0.0,15.3100004196167,494.5401916503906,-123.55395300873336,48.12347076398797
5975,0.8081533908843994,0.006273587234318256,0.0,15.3100004196167,494.5401916503906,-123.55395300873336,48.12347076398797
5976,0.8081533908843994,0.006273587234318256,0.0,15.3100004196167,494.5401916503906,-123.55395300873336,48.12347076398797
5977,0.9999719858169556,7.353697583312169e-05,0.0,14.430000305175781,240.20199584960938,-123.55355300873336,48.12347076398797
5978,0.9999719858169556,7.353697583312169e-05,0.0,14.430000305175781,240.20199584960938,-123.55355300873336,48.12347076398797
5979,0.9999719858169556,7.353697583312169e-05,0.0,14.430000305175781,240.20199584960938,-123.55355300873336,48.12347076398797
5980,0.9999719858169556,7.353697583312169e-05,0.0,14.430000305175781,240.20199584960938,-123.55355300873336,48.12347076398797
5981,0.9999719858169556,7.353697583312169e-05,0.0,14.430000305175781,240.20199584960938,-123.55355300873336,48.12347076398797
5982,0.9999719858169556,7.353697583312169e-05,0.0,14.430000305175781,240.20199584960938,-123.55355300873336,48.12347076398797
5983,0.9999719858169556,7.353697583312169e-05,0.0,14.430000305175781,240.20199584960938,-123.55355300873336,48.12347076398797
5984,0.9999719858169556,7.353697583312169e-05,0.0,14.430000305175781,240.20199584960938,-123.55355300873336,48.12347076398797
5985,0.9999719858169556,7.353697583312169e-05,0.0,14.430000305175781,240.20199584960938,-123.55355300873336,48.12347076398797
5986,0.9999719858169556,7.353697583312169e-05,0.0,14.430000305175781,240.20199584960938,-123.55355300873336,48.12347076398797
5987,0.29457181692123413,0.003723480273038149,0.0,14.898796081542969,13.0,-123.55315300873336,48.12347076398797
5988,0.29457181692123413,0.003723480273038149,0.0,14.898796081542969,13.0,-123.55315300873336,48.12347076398797
5989,0.29457181692123413,0.003723480273038149,0.0,14.898796081542969,13.0,-123.55315300873336,48.12347076398797
5990,0.29457181692123413,0.003723480273038149,0.0,14.898796081542969,13.0,-123.55315300873336,48.12347076398797
5991,0.29457181692123413,0.003723480273038149,0.0,14.898796081542969,13.0,-123.55315300873336,48.12347076398797
5992,0.29457181692123413,0.003723480273038149,0.0,14.898796081542969,13.0,-123.55315300873336,48.12347076398797
5993,0.29457181692123413,0.003723480273038149,0.0,14.898796081542969,13.0,-123.55315300873336,48.12347076398797
5994,0.29457181692123413,0.003723480273038149,0.0,14.898796081542969,13.0,-123.55315300873336,48.12347076398797
5995,0.29457181692123413,0.003723480273038149,0.0,14.898796081542969,13.0,-123.55315300873336,48.12347076398797
5996,0.29457181692123413,0.003723480273038149,0.0,14.898796081542969,13.0,-123.55315300873336,48.12347076398797
5997,0.0,0.0,0.0,0.0,329.8514709472656,-123.55555300873336,48.12307076398797
5998,0.9907863736152649,0.07848266512155533,0.0,13.091434478759766,107.54068756103516,-123.55515300873336,48.12307076398797
5999,0.9907863736152649,0.07848266512155533,0.0,13.091434478759766,107.54068756103516,-123.55515300873336,48.12307076398797
6000,0.9907863736152649,0.07848266512155533,0.0,13.091434478759766,107.54068756103516,-123.55515300873336,48.12307076398797
6001,0.9907863736152649,0.07848266512155533,0.0,13.091434478759766,107.54068756103516,-123.55515300873336,48.12307076398797
6002,0.9907863736152649,0.07848266512155533,0.0,13.091434478759766,107.54068756103516,-123.55515300873336,48.12307076398797
6003,0.9907863736152649,0.07848266512155533,0.0,13.091434478759766,107.54068756103516,-123.55515300873336,48.12307076398797
6004,0.9907863736152649,0.07848266512155533,0.0,13.091434478759766,107.54068756103516,-123.55515300873336,48.12307076398797
6005,0.9907863736152649,0.07848266512155533,0.0,13.091434478759766,107.54068756103516,-123.55515300873336,48.12307076398797
6006,0.9907863736152649,0.07848266512155533,0.0,13.091434478759766,107.54068756103516,-123.55515300873336,48.12307076398797
6007,0.9907863736152649,0.07848266512155533,0.0,13.091434478759766,107.54068756103516,-123.55515300873336,48.12307076398797
6008,0.006725205574184656,0.007555163465440273,1.0,14.205101013183594,112.89375305175781,-123.55475300873336,48.12307076398797
6009,0.006725205574184656,0.007555163465440273,1.0,14.205101013183594,112.89375305175781,-123.55475300873336,48.12307076398797
6010,0.006725205574184656,0.007555163465440273,1.0,14.205101013183594,112.89375305175781,-123.55475300873336,48.12307076398797
6011,0.006725205574184656,0.007555163465440273,1.0,14.205101013183594,112.89375305175781,-123.55475300873336,48.12307076398797
6012,0.006725205574184656,0.007555163465440273,1.0,14.205101013183594,112.89375305175781,-123.55475300873336,48.12307076398797
6013,0.006725205574184656,0.007555163465440273,1.0,14.205101013183594,112.89375305175781,-123.55475300873336,48.12307076398797
6014,0.006725205574184656,0.007555163465440273,1.0,14.205101013183594,112.89375305175781,-123.55475300873336,48.12307076398797
6015,0.006725205574184656,0.007555163465440273,1.0,14.205101013183594,112.89375305175781,-123.55475300873336,48.12307076398797
6016,0.006725205574184656,0.007555163465440273,1.0,14.205101013183594,112.89375305175781,-123.55475300873336,48.12307076398797
6017,0.006725205574184656,0.007555163465440273,1.0,14.205101013183594,112.89375305175781,-123.55475300873336,48.12307076398797
6018,0.9999964237213135,6.111110906203976e-06,0.0,15.670000076293945,321.54937744140625,-123.55435300873336,48.12307076398797
6019,0.9999964237213135,6.111110906203976e-06,0.0,15.670000076293945,321.54937744140625,-123.55435300873336,48.12307076398797
6020,0.9999964237213135,6.111110906203976e-06,0.0,15.670000076293945,321.54937744140625,-123.55435300873336,48.12307076398797
6021,0.9999964237213135,6.111110906203976e-06,0.0,15.670000076293945,321.54937744140625,-123.55435300873336,48.12307076398797
6022,0.9999964237213135,6.111110906203976e-06,0.0,15.670000076293945,321.54937744140625,-123.55435300873336,48.12307076398797
6023,0.9999964237213135,6.111110906203976e-06,0.0,15.670000076293945,321.54937744140625,-123.55435300873336,48.12307076398797
6024,0.9999964237213135,6.111110906203976e-06,0.0,15.670000076293945,321.54937744140625,-123.55435300873336,48.12307076398797
6025,0.9999964237213135,6.111110906203976e-06,0.0,15.670000076293945,321.54937744140625,-123.55435300873336,48.12307076398797
6026,0.9999964237213135,6.111110906203976e-06,0.0,15.670000076293945,321.54937744140625,-123.55435300873336,48.12307076398797
6027,0.9999964237213135,6.111110906203976e-06,0.0,15.670000076293945,321.54937744140625,-123.55435300873336,48.12307076398797
6028,0.9994410872459412,2.1100768208270893e-05,0.0,15.390000343322754,440.147705078125,-123.55395300873336,48.12307076398797
6029,0.9994410872459412,2.1100768208270893e-05,0.0,15.390000343322754,440.147705078125,-123.55395300873336,48.12307076398797
6030,0.9994410872459412,2.1100768208270893e-05,0.0,15.390000343322754,440.147705078125,-123.55395300873336,48.12307076398797
6031,0.9994410872459412,2.1100768208270893e-05,0.0,15.390000343322754,440.147705078125,-123.55395300873336,48.12307076398797
6032,0.9994410872459412,2.1100768208270893e-05,0.0,15.390000343322754,440.147705078125,-123.55395300873336,48.12307076398797
6033,0.9994410872459412,2.1100768208270893e-05,0.0,15.390000343322754,440.147705078125,-123.55395300873336,48.12307076398797
6034,0.9994410872459412,2.1100768208270893e-05,0.0,15.390000343322754,440.147705078125,-123.55395300873336,48.12307076398797
6035,0.9994410872459412,2.1100768208270893e-05,0.0,15.390000343322754,440.147705078125,-123.55395300873336,48.12307076398797
6036,0.9994410872459412,2.1100768208270893e-05,0.0,15.390000343322754,440.147705078125,-123.55395300873336,48.12307076398797
6037,0.9994410872459412,2.1100768208270893e-05,0.0,15.390000343322754,440.147705078125,-123.55395300873336,48.12307076398797
6038,0.9999995231628418,1.7696967915981077e-05,0.0,15.329999923706055,218.21319580078125,-123.55355300873336,48.12307076398797
6039,0.9999995231628418,1.7696967915981077e-05,0.0,15.329999923706055,218.21319580078125,-123.55355300873336,48.12307076398797
6040,0.9999995231628418,1.7696967915981077e-05,0.0,15.329999923706055,218.21319580078125,-123.55355300873336,48.12307076398797
6041,0.9999995231628418,1.7696967915981077e-05,0.0,15.329999923706055,218.21319580078125,-123.55355300873336,48.12307076398797
6042,0.9999995231628418,1.7696967915981077e-05,0.0,15.329999923706055,218.21319580078125,-123.55355300873336,48.12307076398797
6043,0.9999995231628418,1.7696967915981077e-05,0.0,15.329999923706055,218.21319580078125,-123.55355300873336,48.12307076398797
6044,0.9999995231628418,1.7696967915981077e-05,0.0,15.329999923706055,218.21319580078125,-123.55355300873336,48.12307076398797
6045,0.9999995231628418,1.7696967915981077e-05,0.0,15.329999923706055,218.21319580078125,-123.55355300873336,48.12307076398797
6046,0.9999995231628418,1.7696967915981077e-05,0.0,15.329999923706055,218.21319580078125,-123.55355300873336,48.12307076398797
6047,0.9999995231628418,1.7696967915981077e-05,0.0,15.329999923706055,218.21319580078125,-123.55355300873336,48.12307076398797
6048,0.9999780654907227,3.572929563233629e-05,0.0,13.190332412719727,33.734256744384766,-123.55315300873336,48.12307076398797
6049,0.9999780654907227,3.572929563233629e-05,0.0,13.190332412719727,33.734256744384766,-123.55315300873336,48.12307076398797
6050,0.9999780654907227,3.572929563233629e-05,0.0,13.190332412719727,33.734256744384766,-123.55315300873336,48.12307076398797
6051,0.9999780654907227,3.572929563233629e-05,0.0,13.190332412719727,33.734256744384766,-123.55315300873336,48.12307076398797
6052,0.9999780654907227,3.572929563233629e-05,0.0,13.190332412719727,33.734256744384766,-123.55315300873336,48.12307076398797
6053,0.9999780654907227,3.572929563233629e-05,0.0,13.190332412719727,33.734256744384766,-123.55315300873336,48.12307076398797
6054,0.9999780654907227,3.572929563233629e-05,0.0,13.190332412719727,33.734256744384766,-123.55315300873336,48.12307076398797
6055,0.9999780654907227,3.572929563233629e-05,0.0,13.190332412719727,33.734256744384766,-123.55315300873336,48.12307076398797
6056,0.9999780654907227,3.572929563233629e-05,0.0,13.190332412719727,33.734256744384766,-123.55315300873336,48.12307076398797
6057,0.0,0.0,0.0,0.0,241.57192993164062,-123.55515300873336,48.12267076398797
6058,0.0,0.0,0.0,0.0,241.57192993164062,-123.55515300873336,48.12267076398797
6059,0.0,0.0,0.0,0.0,241.57192993164062,-123.55515300873336,48.12267076398797
6060,7.406867439385678e-07,0.9999692440032959,0.0,13.683844566345215,33.241539001464844,-123.55475300873336,48.12267076398797
6061,7.406867439385678e-07,0.9999692440032959,0.0,13.683844566345215,33.241539001464844,-123.55475300873336,48.12267076398797
6062,7.406867439385678e-07,0.9999692440032959,0.0,13.683844566345215,33.241539001464844,-123.55475300873336,48.12267076398797
6063,7.406867439385678e-07,0.9999692440032959,0.0,13.683844566345215,33.241539001464844,-123.55475300873336,48.12267076398797
6064,7.406867439385678e-07,0.9999692440032959,0.0,13.683844566345215,33.241539001464844,-123.55475300873336,48.12267076398797
6065,7.406867439385678e-07,0.9999692440032959,0.0,13.683844566345215,33.241539001464844,-123.55475300873336,48.12267076398797
6066,7.406867439385678e-07,0.9999692440032959,0.0,13.683844566345215,33.241539001464844,-123.55475300873336,48.12267076398797
6067,7.406867439385678e-07,0.9999692440032959,0.0,13.683844566345215,33.241539001464844,-123.55475300873336,48.12267076398797
6068,7.406867439385678e-07,0.9999692440032959,0.0,13.683844566345215,33.241539001464844,-123.55475300873336,48.12267076398797
6069,7.406867439385678e-07,0.9999692440032959,0.0,13.683844566345215,33.241539001464844,-123.55475300873336,48.12267076398797
6070,6.741219635841844e-07,0.9980961680412292,0.0,14.680946350097656,113.86395263671875,-123.55435300873336,48.12267076398797
6071,6.741219635841844e-07,0.9980961680412292,0.0,14.680946350097656,113.86395263671875,-123.55435300873336,48.12267076398797
6072,6.741219635841844e-07,0.9980961680412292,0.0,14.680946350097656,113.86395263671875,-123.55435300873336,48.12267076398797
6073,6.741219635841844e-07,0.9980961680412292,0.0,14.680946350097656,113.86395263671875,-123.55435300873336,48.12267076398797
6074,6.741219635841844e-07,0.9980961680412292,0.0,14.680946350097656,113.86395263671875,-123.55435300873336,48.12267076398797
6075,6.741219635841844e-07,0.9980961680412292,0.0,14.680946350097656,113.86395263671875,-123.55435300873336,48.12267076398797
6076,6.741219635841844e-07,0.9980961680412292,0.0,14.680946350097656,113.86395263671875,-123.55435300873336,48.12267076398797
6077,6.741219635841844e-07,0.9980961680412292,0.0,14.680946350097656,113.86395263671875,-123.55435300873336,48.12267076398797
6078,6.741219635841844e-07,0.9980961680412292,0.0,14.680946350097656,113.86395263671875,-123.55435300873336,48.12267076398797
6079,6.741219635841844e-07,0.9980961680412292,0.0,14.680946350097656,113.86395263671875,-123.55435300873336,48.12267076398797
6080,0.9995772242546082,6.000541361572687e-06,0.0,15.770000457763672,267.86004638671875,-123.55395300873336,48.12267076398797
6081,0.9995772242546082,6.000541361572687e-06,0.0,15.770000457763672,267.86004638671875,-123.55395300873336,48.12267076398797
6082,0.9995772242546082,6.000541361572687e-06,0.0,15.770000457763672,267.86004638671875,-123.55395300873336,48.12267076398797
6083,0.9995772242546082,6.000541361572687e-06,0.0,15.770000457763672,267.86004638671875,-123.55395300873336,48.12267076398797
6084,0.9995772242546082,6.000541361572687e-06,0.0,15.770000457763672,267.86004638671875,-123.55395300873336,48.12267076398797
6085,0.9995772242546082,6.000541361572687e-06,0.0,15.770000457763672,267.86004638671875,-123.55395300873336,48.12267076398797
6086,0.9995772242546082,6.000541361572687e-06,0.0,15.770000457763672,267.86004638671875,-123.55395300873336,48.12267076398797
6087,0.9995772242546082,6.000541361572687e-06,0.0,15.770000457763672,267.86004638671875,-123.55395300873336,48.12267076398797
6088,0.9995772242546082,6.000541361572687e-06,0.0,15.770000457763672,267.86004638671875,-123.55395300873336,48.12267076398797
6089,0.9995772242546082,6.000541361572687e-06,0.0,15.770000457763672,267.86004638671875,-123.55395300873336,48.12267076398797
6090,0.9999977350234985,6.072825271985494e-06,0.0,15.510000228881836,79.90619659423828,-123.55355300873336,48.12267076398797
6091,0.9999977350234985,6.072825271985494e-06,0.0,15.510000228881836,79.90619659423828,-123.55355300873336,48.12267076398797
6092,0.9999977350234985,6.072825271985494e-06,0.0,15.510000228881836,79.90619659423828,-123.55355300873336,48.12267076398797
6093,0.9999977350234985,6.072825271985494e-06,0.0,15.510000228881836,79.90619659423828,-123.55355300873336,48.12267076398797
6094,0.9999977350234985,6.072825271985494e-06,0.0,15.510000228881836,79.90619659423828,-123.55355300873336,48.12267076398797
6095,0.9999977350234985,6.072825271985494e-06,0.0,15.510000228881836,79.90619659423828,-123.55355300873336,48.12267076398797
6096,0.9999977350234985,6.072825271985494e-06,0.0,15.510000228881836,79.90619659423828,-123.55355300873336,48.12267076398797
6097,0.9999977350234985,6.072825271985494e-06,0.0,15.510000228881836,79.90619659423828,-123.55355300873336,48.12267076398797
6098,0.9999977350234985,6.072825271985494e-06,0.0,15.510000228881836,79.90619659423828,-123.55355300873336,48.12267076398797
6099,0.9999977350234985,6.072825271985494e-06,0.0,15.510000228881836,79.90619659423828,-123.55355300873336,48.12267076398797
6100,0.0,0.0,0.0,0.0,108.46197509765625,-123.55315300873336,48.12267076398797
6101,0.0,0.0,0.0,0.0,108.46197509765625,-123.55315300873336,48.12267076398797
6102,0.0,0.0,0.0,0.0,247.2023468017578,-123.55515300873336,48.12227076398797
6103,0.0005728708347305655,0.9914142489433289,0.0,14.321953773498535,33.2866325378418,-123.55475300873336,48.12227076398797
6104,0.0005728708347305655,0.9914142489433289,0.0,14.321953773498535,33.2866325378418,-123.55475300873336,48.12227076398797
6105,0.0005728708347305655,0.9914142489433289,0.0,14.321953773498535,33.2866325378418,-123.55475300873336,48.12227076398797
6106,0.0005728708347305655,0.9914142489433289,0.0,14.321953773498535,33.2866325378418,-123.55475300873336,48.12227076398797
6107,0.0005728708347305655,0.9914142489433289,0.0,14.321953773498535,33.2866325378418,-123.55475300873336,48.12227076398797
6108,0.0005728708347305655,0.9914142489433289,0.0,14.321953773498535,33.2866325378418,-123.55475300873336,48.12227076398797
6109,0.0005728708347305655,0.9914142489433289,0.0,14.321953773498535,33.2866325378418,-123.55475300873336,48.12227076398797
6110,0.0005728708347305655,0.9914142489433289,0.0,14.321953773498535,33.2866325378418,-123.55475300873336,48.12227076398797
6111,0.0005728708347305655,0.9914142489433289,0.0,14.321953773498535,33.2866325378418,-123.55475300873336,48.12227076398797
6112,0.0005728708347305655,0.9914142489433289,0.0,14.321953773498535,33.2866325378418,-123.55475300873336,48.12227076398797
6113,7.678198130633973e-07,0.9998536109924316,0.0,14.316719055175781,5.0,-123.55435300873336,48.12227076398797
6114,7.678198130633973e-07,0.9998536109924316,0.0,14.316719055175781,5.0,-123.55435300873336,48.12227076398797
6115,7.678198130633973e-07,0.9998536109924316,0.0,14.316719055175781,5.0,-123.55435300873336,48.12227076398797
6116,7.678198130633973e-07,0.9998536109924316,0.0,14.316719055175781,5.0,-123.55435300873336,48.12227076398797
6117,7.678198130633973e-07,0.9998536109924316,0.0,14.316719055175781,5.0,-123.55435300873336,48.12227076398797
6118,7.678198130633973e-07,0.9998536109924316,0.0,14.316719055175781,5.0,-123.55435300873336,48.12227076398797
6119,7.678198130633973e-07,0.9998536109924316,0.0,14.316719055175781,5.0,-123.55435300873336,48.12227076398797
6120,7.678198130633973e-07,0.9998536109924316,0.0,14.316719055175781,5.0,-123.55435300873336,48.12227076398797
6121,7.678198130633973e-07,0.9998536109924316,0.0,14.316719055175781,5.0,-123.55435300873336,48.12227076398797
6122,7.678198130633973e-07,0.9998536109924316,0.0,14.316719055175781,5.0,-123.55435300873336,48.12227076398797
6123,0.003737708320841193,0.01394248753786087,1.0,15.713468551635742,163.32176208496094,-123.55395300873336,48.12227076398797
6124,0.003737708320841193,0.01394248753786087,1.0,15.713468551635742,163.32176208496094,-123.55395300873336,48.12227076398797
6125,0.003737708320841193,0.01394248753786087,1.0,15.713468551635742,163.32176208496094,-123.55395300873336,48.12227076398797
6126,0.003737708320841193,0.01394248753786087,1.0,15.713468551635742,163.32176208496094,-123.55395300873336,48.12227076398797
6127,0.003737708320841193,0.01394248753786087,1.0,15.713468551635742,163.32176208496094,-123.55395300873336,48.12227076398797
6128,0.003737708320841193,0.01394248753786087,1.0,15.713468551635742,163.32176208496094,-123.55395300873336,48.12227076398797
6129,0.003737708320841193,0.01394248753786087,1.0,15.713468551635742,163.32176208496094,-123.55395300873336,48.12227076398797
6130,0.003737708320841193,0.01394248753786087,1.0,15.713468551635742,163.32176208496094,-123.55395300873336,48.12227076398797
6131,0.003737708320841193,0.01394248753786087,1.0,15.713468551635742,163.32176208496094,-123.55395300873336,48.12227076398797
6132,0.003737708320841193,0.01394248753786087,1.0,15.713468551635742,163.32176208496094,-123.55395300873336,48.12227076398797
6133,3.935654603992589e-05,0.00311551196500659,1.0,15.243030548095703,78.10890197753906,-123.55355300873336,48.12227076398797
6134,3.935654603992589e-05,0.00311551196500659,1.0,15.243030548095703,78.10890197753906,-123.55355300873336,48.12227076398797
6135,3.935654603992589e-05,0.00311551196500659,1.0,15.243030548095703,78.10890197753906,-123.55355300873336,48.12227076398797
6136,3.935654603992589e-05,0.00311551196500659,1.0,15.243030548095703,78.10890197753906,-123.55355300873336,48.12227076398797
6137,3.935654603992589e-05,0.00311551196500659,1.0,15.243030548095703,78.10890197753906,-123.55355300873336,48.12227076398797
6138,3.935654603992589e-05,0.00311551196500659,1.0,15.243030548095703,78.10890197753906,-123.55355300873336,48.12227076398797
6139,3.935654603992589e-05,0.00311551196500659,1.0,15.243030548095703,78.10890197753906,-123.55355300873336,48.12227076398797
6140,3.935654603992589e-05,0.00311551196500659,1.0,15.243030548095703,78.10890197753906,-123.55355300873336,48.12227076398797
6141,3.935654603992589e-05,0.00311551196500659,1.0,15.243030548095703,78.10890197753906,-123.55355300873336,48.12227076398797
6142,3.935654603992589e-05,0.00311551196500659,1.0,15.243030548095703,78.10890197753906,-123.55355300873336,48.12227076398797
6143,0.905320942401886,0.002511601895093918,0.0,15.667585372924805,78.4091796875,-123.55475300873336,48.12187076398797
6144,0.905320942401886,0.002511601895093918,0.0,15.667585372924805,78.4091796875,-123.55475300873336,48.12187076398797
6145,0.905320942401886,0.002511601895093918,0.0,15.667585372924805,78.4091796875,-123.55475300873336,48.12187076398797
6146,0.905320942401886,0.002511601895093918,0.0,15.667585372924805,78.4091796875,-123.55475300873336,48.12187076398797
6147,0.905320942401886,0.002511601895093918,0.0,15.667585372924805,78.4091796875,-123.55475300873336,48.12187076398797
6148,0.905320942401886,0.002511601895093918,0.0,15.667585372924805,78.4091796875,-123.55475300873336,48.12187076398797
6149,0.905320942401886,0.002511601895093918,0.0,15.667585372924805,78.4091796875,-123.55475300873336,48.12187076398797
6150,0.905320942401886,0.002511601895093918,0.0,15.667585372924805,78.4091796875,-123.55475300873336,48.12187076398797
6151,0.905320942401886,0.002511601895093918,0.0,15.667585372924805,78.4091796875,-123.55475300873336,48.12187076398797
6152,0.905320942401886,0.002511601895093918,0.0,15.667585372924805,78.4091796875,-123.55475300873336,48.12187076398797
6153,2.4141841095115524e-06,0.9999392032623291,0.0,14.833012580871582,147.51271057128906,-123.55435300873336,48.12187076398797
6154,2.4141841095115524e-06,0.9999392032623291,0.0,14.833012580871582,147.51271057128906,-123.55435300873336,48.12187076398797
6155,2.4141841095115524e-06,0.9999392032623291,0.0,14.833012580871582,147.51271057128906,-123.55435300873336,48.12187076398797
6156,2.4141841095115524e-06,0.9999392032623291,0.0,14.833012580871582,147.51271057128906,-123.55435300873336,48.12187076398797
6157,2.4141841095115524e-06,0.9999392032623291,0.0,14.833012580871582,147.51271057128906,-123.55435300873336,48.12187076398797
6158,2.4141841095115524e-06,0.9999392032623291,0.0,14.833012580871582,147.51271057128906,-123.55435300873336,48.12187076398797
6159,2.4141841095115524e-06,0.9999392032623291,0.0,14.833012580871582,147.51271057128906,-123.55435300873336,48.12187076398797
6160,2.4141841095115524e-06,0.9999392032623291,0.0,14.833012580871582,147.51271057128906,-123.55435300873336,48.12187076398797
6161,2.4141841095115524e-06,0.9999392032623291,0.0,14.833012580871582,147.51271057128906,-123.55435300873336,48.12187076398797
6162,2.4141841095115524e-06,0.9999392032623291,0.0,14.833012580871582,147.51271057128906,-123.55435300873336,48.12187076398797
6163,8.507228699272673e-07,0.9008519053459167,0.0,14.836058616638184,23.323806762695312,-123.55395300873336,48.12187076398797
6164,8.507228699272673e-07,0.9008519053459167,0.0,14.836058616638184,23.323806762695312,-123.55395300873336,48.12187076398797
6165,8.507228699272673e-07,0.9008519053459167,0.0,14.836058616638184,23.323806762695312,-123.55395300873336,48.12187076398797
6166,8.507228699272673e-07,0.9008519053459167,0.0,14.836058616638184,23.323806762695312,-123.55395300873336,48.12187076398797
6167,8.507228699272673e-07,0.9008519053459167,0.0,14.836058616638184,23.323806762695312,-123.55395300873336,48.12187076398797
6168,8.507228699272673e-07,0.9008519053459167,0.0,14.836058616638184,23.323806762695312,-123.55395300873336,48.12187076398797
6169,8.507228699272673e-07,0.9008519053459167,0.0,14.836058616638184,23.323806762695312,-123.55395300873336,48.12187076398797
6170,8.507228699272673e-07,0.9008519053459167,0.0,14.836058616638184,23.323806762695312,-123.55395300873336,48.12187076398797
6171,8.507228699272673e-07,0.9008519053459167,0.0,14.836058616638184,23.323806762695312,-123.55395300873336,48.12187076398797
6172,8.507228699272673e-07,0.9008519053459167,0.0,14.836058616638184,23.323806762695312,-123.55395300873336,48.12187076398797
6173,0.67332524061203,0.015727924183011055,0.0,15.915878295898438,82.49242401123047,-123.55475300873336,48.12147076398797
6174,0.67332524061203,0.015727924183011055,0.0,15.915878295898438,82.49242401123047,-123.55475300873336,48.12147076398797
6175,0.67332524061203,0.015727924183011055,0.0,15.915878295898438,82.49242401123047,-123.55475300873336,48.12147076398797
6176,0.67332524061203,0.015727924183011055,0.0,15.915878295898438,82.49242401123047,-123.55475300873336,48.12147076398797
6177,0.67332524061203,0.015727924183011055,0.0,15.915878295898438,82.49242401123047,-123.55475300873336,48.12147076398797
6178,0.67332524061203,0.015727924183011055,0.0,15.915878295898438,82.49242401123047,-123.55475300873336,48.12147076398797
6179,0.67332524061203,0.015727924183011055,0.0,15.915878295898438,82.49242401123047,-123.55475300873336,48.12147076398797
6180,0.67332524061203,0.015727924183011055,0.0,15.915878295898438,82.49242401123047,-123.55475300873336,48.12147076398797
6181,0.67332524061203,0.015727924183011055,0.0,15.915878295898438,82.49242401123047,-123.55475300873336,48.12147076398797
6182,0.67332524061203,0.015727924183011055,0.0,15.915878295898438,82.49242401123047,-123.55475300873336,48.12147076398797
6183,0.0014031442115083337,0.01377199124544859,0.0,15.71174430847168,180.0,-123.55435300873336,48.12147076398797
6184,0.0014031442115083337,0.01377199124544859,0.0,15.71174430847168,180.0,-123.55435300873336,48.12147076398797
6185,0.0014031442115083337,0.01377199124544859,0.0,15.71174430847168,180.0,-123.55435300873336,48.12147076398797
6186,0.0014031442115083337,0.01377199124544859,0.0,15.71174430847168,180.0,-123.55435300873336,48.12147076398797
6187,0.0014031442115083337,0.01377199124544859,0.0,15.71174430847168,180.0,-123.55435300873336,48.12147076398797
6188,0.0014031442115083337,0.01377199124544859,0.0,15.71174430847168,180.0,-123.55435300873336,48.12147076398797
6189,0.0014031442115083337,0.01377199124544859,0.0,15.71174430847168,180.0,-123.55435300873336,48.12147076398797
6190,0.0014031442115083337,0.01377199124544859,0.0,15.71174430847168,180.0,-123.55435300873336,48.12147076398797
6191,0.0014031442115083337,0.01377199124544859,0.0,15.71174430847168,180.0,-123.55435300873336,48.12147076398797
6192,0.0014031442115083337,0.01377199124544859,0.0,15.71174430847168,180.0,-123.55435300873336,48.12147076398797
6193,5.242483780421026e-07,0.9934715032577515,0.0,14.608681678771973,74.4311752319336,-123.55395300873336,48.12147076398797
6194,5.242483780421026e-07,0.9934715032577515,0.0,14.608681678771973,74.4311752319336,-123.55395300873336,48.12147076398797
6195,5.242483780421026e-07,0.9934715032577515,0.0,14.608681678771973,74.4311752319336,-123.55395300873336,48.12147076398797
6196,5.242483780421026e-07,0.9934715032577515,0.0,14.608681678771973,74.4311752319336,-123.55395300873336,48.12147076398797
6197,5.242483780421026e-07,0.9934715032577515,0.0,14.608681678771973,74.4311752319336,-123.55395300873336,48.12147076398797
6198,5.242483780421026e-07,0.9934715032577515,0.0,14.608681678771973,74.4311752319336,-123.55395300873336,48.12147076398797
6199,5.242483780421026e-07,0.9934715032577515,0.0,14.608681678771973,74.4311752319336,-123.55395300873336,48.12147076398797
6200,5.242483780421026e-07,0.9934715032577515,0.0,14.608681678771973,74.4311752319336,-123.55395300873336,48.12147076398797
6201,5.242483780421026e-07,0.9934715032577515,0.0,14.608681678771973,74.4311752319336,-123.55395300873336,48.12147076398797
6202,5.242483780421026e-07,0.9934715032577515,0.0,14.608681678771973,74.4311752319336,-123.55395300873336,48.12147076398797
6203,0.49348023533821106,0.30842074751853943,0.0,15.883200645446777,73.97972869873047,-123.55475300873336,48.12107076398797
6204,0.49348023533821106,0.30842074751853943,0.0,15.883200645446777,73.97972869873047,-123.55475300873336,48.12107076398797
6205,0.49348023533821106,0.30842074751853943,0.0,15.883200645446777,73.97972869873047,-123.55475300873336,48.12107076398797
6206,0.49348023533821106,0.30842074751853943,0.0,15.883200645446777,73.97972869873047,-123.55475300873336,48.12107076398797
6207,0.49348023533821106,0.30842074751853943,0.0,15.883200645446777,73.97972869873047,-123.55475300873336,48.12107076398797
6208,0.49348023533821106,0.30842074751853943,0.0,15.883200645446777,73.97972869873047,-123.55475300873336,48.12107076398797
6209,0.49348023533821106,0.30842074751853943,0.0,15.883200645446777,73.97972869873047,-123.55475300873336,48.12107076398797
6210,0.49348023533821106,0.30842074751853943,0.0,15.883200645446777,73.97972869873047,-123.55475300873336,48.12107076398797
6211,0.49348023533821106,0.30842074751853943,0.0,15.883200645446777,73.97972869873047,-123.55475300873336,48.12107076398797
6212,0.49348023533821106,0.30842074751853943,0.0,15.883200645446777,73.97972869873047,-123.55475300873336,48.12107076398797
6213,0.00021455159003380686,0.0005737899919040501,0.0,15.86009693145752,188.17013549804688,-123.55435300873336,48.12107076398797
6214,0.00021455159003380686,0.0005737899919040501,0.0,15.86009693145752,188.17013549804688,-123.55435300873336,48.12107076398797
6215,0.00021455159003380686,0.0005737899919040501,0.0,15.86009693145752,188.17013549804688,-123.55435300873336,48.12107076398797
6216,0.00021455159003380686,0.0005737899919040501,0.0,15.86009693145752,188.17013549804688,-123.55435300873336,48.12107076398797
6217,0.00021455159003380686,0.0005737899919040501,0.0,15.86009693145752,188.17013549804688,-123.55435300873336,48.12107076398797
6218,0.00021455159003380686,0.0005737899919040501,0.0,15.86009693145752,188.17013549804688,-123.55435300873336,48.12107076398797
6219,0.00021455159003380686,0.0005737899919040501,0.0,15.86009693145752,188.17013549804688,-123.55435300873336,48.12107076398797
6220,0.00021455159003380686,0.0005737899919040501,0.0,15.86009693145752,188.17013549804688,-123.55435300873336,48.12107076398797
6221,0.00021455159003380686,0.0005737899919040501,0.0,15.86009693145752,188.17013549804688,-123.55435300873336,48.12107076398797
6222,0.00021455159003380686,0.0005737899919040501,0.0,15.86009693145752,188.17013549804688,-123.55435300873336,48.12107076398797
6223,2.5982831886040003e-08,0.9967418313026428,0.0,14.716646194458008,66.0,-123.55395300873336,48.12107076398797
6224,2.5982831886040003e-08,0.9967418313026428,0.0,14.716646194458008,66.0,-123.55395300873336,48.12107076398797
6225,2.5982831886040003e-08,0.9967418313026428,0.0,14.716646194458008,66.0,-123.55395300873336,48.12107076398797
6226,2.5982831886040003e-08,0.9967418313026428,0.0,14.716646194458008,66.0,-123.55395300873336,48.12107076398797
6227,2.5982831886040003e-08,0.9967418313026428,0.0,14.716646194458008,66.0,-123.55395300873336,48.12107076398797
6228,2.5982831886040003e-08,0.9967418313026428,0.0,14.716646194458008,66.0,-123.55395300873336,48.12107076398797
6229,2.5982831886040003e-08,0.9967418313026428,0.0,14.716646194458008,66.0,-123.55395300873336,48.12107076398797
6230,2.5982831886040003e-08,0.9967418313026428,0.0,14.716646194458008,66.0,-123.55395300873336,48.12107076398797
6231,2.5982831886040003e-08,0.9967418313026428,0.0,14.716646194458008,66.0,-123.55395300873336,48.12107076398797
6232,2.5982831886040003e-08,0.9967418313026428,0.0,14.716646194458008,66.0,-123.55395300873336,48.12107076398797
6233,0.0,0.0,0.0,0.0,129.44883728027344,-123.55595300873335,48.120670763987974
6234,0.0,0.0,0.0,0.0,129.44883728027344,-123.55595300873335,48.120670763987974
6235,0.0,0.0,0.0,0.0,129.44883728027344,-123.55595300873335,48.120670763987974
6236,0.0,0.0,0.0,0.0,129.44883728027344,-123.55595300873335,48.120670763987974
6237,0.0,0.0,0.0,0.0,129.44883728027344,-123.55595300873335,48.120670763987974
6238,0.0,0.0,0.0,0.0,129.44883728027344,-123.55595300873335,48.120670763987974
6239,4.0966341430248576e-07,0.0008674873970448971,0.0,14.989999771118164,33.52610778808594,-123.55555300873336,48.120670763987974
6240,4.0966341430248576e-07,0.0008674873970448971,0.0,14.989999771118164,33.52610778808594,-123.55555300873336,48.120670763987974
6241,4.0966341430248576e-07,0.0008674873970448971,0.0,14.989999771118164,33.52610778808594,-123.55555300873336,48.120670763987974
6242,4.0966341430248576e-07,0.0008674873970448971,0.0,14.989999771118164,33.52610778808594,-123.55555300873336,48.120670763987974
6243,4.0966341430248576e-07,0.0008674873970448971,0.0,14.989999771118164,33.52610778808594,-123.55555300873336,48.120670763987974
6244,4.0966341430248576e-07,0.0008674873970448971,0.0,14.989999771118164,33.52610778808594,-123.55555300873336,48.120670763987974
6245,4.0966341430248576e-07,0.0008674873970448971,0.0,14.989999771118164,33.52610778808594,-123.55555300873336,48.120670763987974
6246,4.0966341430248576e-07,0.0008674873970448971,0.0,14.989999771118164,33.52610778808594,-123.55555300873336,48.120670763987974
6247,4.0966341430248576e-07,0.0008674873970448971,0.0,14.989999771118164,33.52610778808594,-123.55555300873336,48.120670763987974
6248,4.0966341430248576e-07,0.0008674873970448971,0.0,14.989999771118164,33.52610778808594,-123.55555300873336,48.120670763987974
6249,1.2532927939901128e-06,0.38697168231010437,0.0,15.425739288330078,41.1096076965332,-123.55515300873336,48.120670763987974
6250,1.2532927939901128e-06,0.38697168231010437,0.0,15.425739288330078,41.1096076965332,-123.55515300873336,48.120670763987974
6251,1.2532927939901128e-06,0.38697168231010437,0.0,15.425739288330078,41.1096076965332,-123.55515300873336,48.120670763987974
6252,1.2532927939901128e-06,0.38697168231010437,0.0,15.425739288330078,41.1096076965332,-123.55515300873336,48.120670763987974
6253,1.2532927939901128e-06,0.38697168231010437,0.0,15.425739288330078,41.1096076965332,-123.55515300873336,48.120670763987974
6254,1.2532927939901128e-06,0.38697168231010437,0.0,15.425739288330078,41.1096076965332,-123.55515300873336,48.120670763987974
6255,1.2532927939901128e-06,0.38697168231010437,0.0,15.425739288330078,41.1096076965332,-123.55515300873336,48.120670763987974
6256,1.2532927939901128e-06,0.38697168231010437,0.0,15.425739288330078,41.1096076965332,-123.55515300873336,48.120670763987974
6257,1.2532927939901128e-06,0.38697168231010437,0.0,15.425739288330078,41.1096076965332,-123.55515300873336,48.120670763987974
6258,1.2532927939901128e-06,0.38697168231010437,0.0,15.425739288330078,41.1096076965332,-123.55515300873336,48.120670763987974
6259,0.05011399835348129,0.0003538482415024191,1.0,17.4520263671875,133.7348175048828,-123.55475300873336,48.120670763987974
6260,0.05011399835348129,0.0003538482415024191,1.0,17.4520263671875,133.7348175048828,-123.55475300873336,48.120670763987974
6261,0.05011399835348129,0.0003538482415024191,1.0,17.4520263671875,133.7348175048828,-123.55475300873336,48.120670763987974
6262,0.05011399835348129,0.0003538482415024191,1.0,17.4520263671875,133.7348175048828,-123.55475300873336,48.120670763987974
6263,0.05011399835348129,0.0003538482415024191,1.0,17.4520263671875,133.7348175048828,-123.55475300873336,48.120670763987974
6264,0.05011399835348129,0.0003538482415024191,1.0,17.4520263671875,133.7348175048828,-123.55475300873336,48.120670763987974
6265,0.05011399835348129,0.0003538482415024191,1.0,17.4520263671875,133.7348175048828,-123.55475300873336,48.120670763987974
6266,0.05011399835348129,0.0003538482415024191,1.0,17.4520263671875,133.7348175048828,-123.55475300873336,48.120670763987974
6267,0.05011399835348129,0.0003538482415024191,1.0,17.4520263671875,133.7348175048828,-123.55475300873336,48.120670763987974
6268,0.05011399835348129,0.0003538482415024191,1.0,17.4520263671875,133.7348175048828,-123.55475300873336,48.120670763987974
6269,6.489567022072151e-05,0.0004769371298607439,0.0,16.001585006713867,185.77674865722656,-123.55435300873336,48.120670763987974
6270,6.489567022072151e-05,0.0004769371298607439,0.0,16.001585006713867,185.77674865722656,-123.55435300873336,48.120670763987974
6271,6.489567022072151e-05,0.0004769371298607439,0.0,16.001585006713867,185.77674865722656,-123.55435300873336,48.120670763987974
6272,6.489567022072151e-05,0.0004769371298607439,0.0,16.001585006713867,185.77674865722656,-123.55435300873336,48.120670763987974
6273,6.489567022072151e-05,0.0004769371298607439,0.0,16.001585006713867,185.77674865722656,-123.55435300873336,48.120670763987974
6274,6.489567022072151e-05,0.0004769371298607439,0.0,16.001585006713867,185.77674865722656,-123.55435300873336,48.120670763987974
6275,6.489567022072151e-05,0.0004769371298607439,0.0,16.001585006713867,185.77674865722656,-123.55435300873336,48.120670763987974
6276,6.489567022072151e-05,0.0004769371298607439,0.0,16.001585006713867,185.77674865722656,-123.55435300873336,48.120670763987974
6277,6.489567022072151e-05,0.0004769371298607439,0.0,16.001585006713867,185.77674865722656,-123.55435300873336,48.120670763987974
6278,6.489567022072151e-05,0.0004769371298607439,0.0,16.001585006713867,185.77674865722656,-123.55435300873336,48.120670763987974
6279,2.8382424188677646e-10,0.9999300241470337,0.0,14.883909225463867,65.30696868896484,-123.55395300873336,48.120670763987974
6280,2.8382424188677646e-10,0.9999300241470337,0.0,14.883909225463867,65.30696868896484,-123.55395300873336,48.120670763987974
6281,2.8382424188677646e-10,0.9999300241470337,0.0,14.883909225463867,65.30696868896484,-123.55395300873336,48.120670763987974
6282,2.8382424188677646e-10,0.9999300241470337,0.0,14.883909225463867,65.30696868896484,-123.55395300873336,48.120670763987974
6283,2.8382424188677646e-10,0.9999300241470337,0.0,14.883909225463867,65.30696868896484,-123.55395300873336,48.120670763987974
6284,2.8382424188677646e-10,0.9999300241470337,0.0,14.883909225463867,65.30696868896484,-123.55395300873336,48.120670763987974
6285,2.8382424188677646e-10,0.9999300241470337,0.0,14.883909225463867,65.30696868896484,-123.55395300873336,48.120670763987974
6286,2.8382424188677646e-10,0.9999300241470337,0.0,14.883909225463867,65.30696868896484,-123.55395300873336,48.120670763987974
6287,2.8382424188677646e-10,0.9999300241470337,0.0,14.883909225463867,65.30696868896484,-123.55395300873336,48.120670763987974
6288,2.8382424188677646e-10,0.9999300241470337,0.0,14.883909225463867,65.30696868896484,-123.55395300873336,48.120670763987974
6289,0.0,0.0,0.0,0.0,124.61540985107422,-123.55595300873335,48.120270763987975
6290,0.0,0.0,0.0,0.0,124.61540985107422,-123.55595300873335,48.120270763987975
6291,8.619608706794679e-07,0.990551233291626,0.0,16.25873374938965,202.0395965576172,-123.55555300873336,48.120270763987975
6292,8.619608706794679e-07,0.990551233291626,0.0,16.25873374938965,202.0395965576172,-123.55555300873336,48.120270763987975
6293,8.619608706794679e-07,0.990551233291626,0.0,16.25873374938965,202.0395965576172,-123.55555300873336,48.120270763987975
6294,8.619608706794679e-07,0.990551233291626,0.0,16.25873374938965,202.0395965576172,-123.55555300873336,48.120270763987975
6295,8.619608706794679e-07,0.990551233291626,0.0,16.25873374938965,202.0395965576172,-123.55555300873336,48.120270763987975
6296,8.619608706794679e-07,0.990551233291626,0.0,16.25873374938965,202.0395965576172,-123.55555300873336,48.120270763987975
6297,8.619608706794679e-07,0.990551233291626,0.0,16.25873374938965,202.0395965576172,-123.55555300873336,48.120270763987975
6298,8.619608706794679e-07,0.990551233291626,0.0,16.25873374938965,202.0395965576172,-123.55555300873336,48.120270763987975
6299,8.619608706794679e-07,0.990551233291626,0.0,16.25873374938965,202.0395965576172,-123.55555300873336,48.120270763987975
6300,8.619608706794679e-07,0.990551233291626,0.0,16.25873374938965,202.0395965576172,-123.55555300873336,48.120270763987975
6301,0.9971663355827332,0.002384481020271778,0.0,16.82597541809082,286.8100280761719,-123.55515300873336,48.120270763987975
6302,0.9971663355827332,0.002384481020271778,0.0,16.82597541809082,286.8100280761719,-123.55515300873336,48.120270763987975
6303,0.9971663355827332,0.002384481020271778,0.0,16.82597541809082,286.8100280761719,-123.55515300873336,48.120270763987975
6304,0.9971663355827332,0.002384481020271778,0.0,16.82597541809082,286.8100280761719,-123.55515300873336,48.120270763987975
6305,0.9971663355827332,0.002384481020271778,0.0,16.82597541809082,286.8100280761719,-123.55515300873336,48.120270763987975
6306,0.9971663355827332,0.002384481020271778,0.0,16.82597541809082,286.8100280761719,-123.55515300873336,48.120270763987975
6307,0.9971663355827332,0.002384481020271778,0.0,16.82597541809082,286.8100280761719,-123.55515300873336,48.120270763987975
6308,0.9971663355827332,0.002384481020271778,0.0,16.82597541809082,286.8100280761719,-123.55515300873336,48.120270763987975
6309,0.9971663355827332,0.002384481020271778,0.0,16.82597541809082,286.8100280761719,-123.55515300873336,48.120270763987975
6310,0.9971663355827332,0.002384481020271778,0.0,16.82597541809082,286.8100280761719,-123.55515300873336,48.120270763987975
6311,2.515805681468919e-05,0.00014261288743000478,0.0,17.059673309326172,362.845703125,-123.55475300873336,48.120270763987975
6312,2.515805681468919e-05,0.00014261288743000478,0.0,17.059673309326172,362.845703125,-123.55475300873336,48.120270763987975
6313,2.515805681468919e-05,0.00014261288743000478,0.0,17.059673309326172,362.845703125,-123.55475300873336,48.120270763987975
6314,2.515805681468919e-05,0.00014261288743000478,0.0,17.059673309326172,362.845703125,-123.55475300873336,48.120270763987975
6315,2.515805681468919e-05,0.00014261288743000478,0.0,17.059673309326172,362.845703125,-123.55475300873336,48.120270763987975
6316,2.515805681468919e-05,0.00014261288743000478,0.0,17.059673309326172,362.845703125,-123.55475300873336,48.120270763987975
6317,2.515805681468919e-05,0.00014261288743000478,0.0,17.059673309326172,362.845703125,-123.55475300873336,48.120270763987975
6318,2.515805681468919e-05,0.00014261288743000478,0.0,17.059673309326172,362.845703125,-123.55475300873336,48.120270763987975
6319,2.515805681468919e-05,0.00014261288743000478,0.0,17.059673309326172,362.845703125,-123.55475300873336,48.120270763987975
6320,2.515805681468919e-05,0.00014261288743000478,0.0,17.059673309326172,362.845703125,-123.55475300873336,48.120270763987975
6321,5.434570994111709e-06,0.9999382495880127,0.0,15.025219917297363,146.32839965820312,-123.55435300873336,48.120270763987975
6322,5.434570994111709e-06,0.9999382495880127,0.0,15.025219917297363,146.32839965820312,-123.55435300873336,48.120270763987975
6323,5.434570994111709e-06,0.9999382495880127,0.0,15.025219917297363,146.32839965820312,-123.55435300873336,48.120270763987975
6324,5.434570994111709e-06,0.9999382495880127,0.0,15.025219917297363,146.32839965820312,-123.55435300873336,48.120270763987975
6325,5.434570994111709e-06,0.9999382495880127,0.0,15.025219917297363,146.32839965820312,-123.55435300873336,48.120270763987975
6326,5.434570994111709e-06,0.9999382495880127,0.0,15.025219917297363,146.32839965820312,-123.55435300873336,48.120270763987975
6327,5.434570994111709e-06,0.9999382495880127,0.0,15.025219917297363,146.32839965820312,-123.55435300873336,48.120270763987975
6328,5.434570994111709e-06,0.9999382495880127,0.0,15.025219917297363,146.32839965820312,-123.55435300873336,48.120270763987975
6329,5.434570994111709e-06,0.9999382495880127,0.0,15.025219917297363,146.32839965820312,-123.55435300873336,48.120270763987975
6330,5.434570994111709e-06,0.9999382495880127,0.0,15.025219917297363,146.32839965820312,-123.55435300873336,48.120270763987975
6331,3.902635725694381e-08,0.9959347248077393,0.0,15.014909744262695,104.8093490600586,-123.55395300873336,48.120270763987975
6332,3.902635725694381e-08,0.9959347248077393,0.0,15.014909744262695,104.8093490600586,-123.55395300873336,48.120270763987975
6333,3.902635725694381e-08,0.9959347248077393,0.0,15.014909744262695,104.8093490600586,-123.55395300873336,48.120270763987975
6334,3.902635725694381e-08,0.9959347248077393,0.0,15.014909744262695,104.8093490600586,-123.55395300873336,48.120270763987975
6335,3.902635725694381e-08,0.9959347248077393,0.0,15.014909744262695,104.8093490600586,-123.55395300873336,48.120270763987975
6336,3.902635725694381e-08,0.9959347248077393,0.0,15.014909744262695,104.8093490600586,-123.55395300873336,48.120270763987975
6337,3.902635725694381e-08,0.9959347248077393,0.0,15.014909744262695,104.8093490600586,-123.55395300873336,48.120270763987975
6338,3.902635725694381e-08,0.9959347248077393,0.0,15.014909744262695,104.8093490600586,-123.55395300873336,48.120270763987975
6339,3.902635725694381e-08,0.9959347248077393,0.0,15.014909744262695,104.8093490600586,-123.55395300873336,48.120270763987975
6340,3.902635725694381e-08,0.9959347248077393,0.0,15.014909744262695,104.8093490600586,-123.55395300873336,48.120270763987975
6341,0.0,0.0,0.0,0.0,378.5287170410156,-123.55595300873335,48.119870763987976
6342,0.0,0.0,0.0,0.0,378.5287170410156,-123.55595300873335,48.119870763987976
6343,0.0,0.0,0.0,0.0,438.2476501464844,-123.55555300873336,48.119870763987976
6344,0.0,0.0,0.0,0.0,438.2476501464844,-123.55555300873336,48.119870763987976
6345,0.0,0.0,0.0,0.0,438.2476501464844,-123.55555300873336,48.119870763987976
6346,0.0,0.0,0.0,0.0,438.2476501464844,-123.55555300873336,48.119870763987976
6347,0.0,0.0,0.0,0.0,346.6020812988281,-123.55515300873336,48.119870763987976
6348,0.0,0.0,0.0,0.0,346.6020812988281,-123.55515300873336,48.119870763987976
6349,0.0,0.0,0.0,0.0,346.6020812988281,-123.55515300873336,48.119870763987976
6350,0.0,0.0,0.0,0.0,346.6020812988281,-123.55515300873336,48.119870763987976
6351,3.681677299027797e-06,0.9989449381828308,0.0,15.399443626403809,208.56893920898438,-123.55475300873336,48.119870763987976
6352,3.681677299027797e-06,0.9989449381828308,0.0,15.399443626403809,208.56893920898438,-123.55475300873336,48.119870763987976
6353,3.681677299027797e-06,0.9989449381828308,0.0,15.399443626403809,208.56893920898438,-123.55475300873336,48.119870763987976
6354,3.681677299027797e-06,0.9989449381828308,0.0,15.399443626403809,208.56893920898438,-123.55475300873336,48.119870763987976
6355,3.681677299027797e-06,0.9989449381828308,0.0,15.399443626403809,208.56893920898438,-123.55475300873336,48.119870763987976
6356,3.681677299027797e-06,0.9989449381828308,0.0,15.399443626403809,208.56893920898438,-123.55475300873336,48.119870763987976
6357,3.681677299027797e-06,0.9989449381828308,0.0,15.399443626403809,208.56893920898438,-123.55475300873336,48.119870763987976
6358,3.681677299027797e-06,0.9989449381828308,0.0,15.399443626403809,208.56893920898438,-123.55475300873336,48.119870763987976
6359,3.681677299027797e-06,0.9989449381828308,0.0,15.399443626403809,208.56893920898438,-123.55475300873336,48.119870763987976
6360,3.681677299027797e-06,0.9989449381828308,0.0,15.399443626403809,208.56893920898438,-123.55475300873336,48.119870763987976
6361,2.7814287022920325e-05,0.8798089623451233,0.0,16.29273796081543,61.032779693603516,-123.55435300873336,48.119870763987976
6362,2.7814287022920325e-05,0.8798089623451233,0.0,16.29273796081543,61.032779693603516,-123.55435300873336,48.119870763987976
6363,2.7814287022920325e-05,0.8798089623451233,0.0,16.29273796081543,61.032779693603516,-123.55435300873336,48.119870763987976
6364,2.7814287022920325e-05,0.8798089623451233,0.0,16.29273796081543,61.032779693603516,-123.55435300873336,48.119870763987976
6365,2.7814287022920325e-05,0.8798089623451233,0.0,16.29273796081543,61.032779693603516,-123.55435300873336,48.119870763987976
6366,2.7814287022920325e-05,0.8798089623451233,0.0,16.29273796081543,61.032779693603516,-123.55435300873336,48.119870763987976
6367,2.7814287022920325e-05,0.8798089623451233,0.0,16.29273796081543,61.032779693603516,-123.55435300873336,48.119870763987976
6368,2.7814287022920325e-05,0.8798089623451233,0.0,16.29273796081543,61.032779693603516,-123.55435300873336,48.119870763987976
6369,2.7814287022920325e-05,0.8798089623451233,0.0,16.29273796081543,61.032779693603516,-123.55435300873336,48.119870763987976
6370,2.7814287022920325e-05,0.8798089623451233,0.0,16.29273796081543,61.032779693603516,-123.55435300873336,48.119870763987976
6371,2.8092570492077584e-09,0.99996018409729,0.0,15.403489112854004,91.21403503417969,-123.55395300873336,48.119870763987976
6372,2.8092570492077584e-09,0.99996018409729,0.0,15.403489112854004,91.21403503417969,-123.55395300873336,48.119870763987976
6373,2.8092570492077584e-09,0.99996018409729,0.0,15.403489112854004,91.21403503417969,-123.55395300873336,48.119870763987976
6374,2.8092570492077584e-09,0.99996018409729,0.0,15.403489112854004,91.21403503417969,-123.55395300873336,48.119870763987976
6375,2.8092570492077584e-09,0.99996018409729,0.0,15.403489112854004,91.21403503417969,-123.55395300873336,48.119870763987976
6376,2.8092570492077584e-09,0.99996018409729,0.0,15.403489112854004,91.21403503417969,-123.55395300873336,48.119870763987976
6377,2.8092570492077584e-09,0.99996018409729,0.0,15.403489112854004,91.21403503417969,-123.55395300873336,48.119870763987976
6378,2.8092570492077584e-09,0.99996018409729,0.0,15.403489112854004,91.21403503417969,-123.55395300873336,48.119870763987976
6379,2.8092570492077584e-09,0.99996018409729,0.0,15.403489112854004,91.21403503417969,-123.55395300873336,48.119870763987976
6380,2.8092570492077584e-09,0.99996018409729,0.0,15.403489112854004,91.21403503417969,-123.55395300873336,48.119870763987976
6381,0.0,0.0,0.0,0.0,574.8078002929688,-123.55595300873335,48.11947076398798
6382,0.0,0.0,0.0,0.0,574.8078002929688,-123.55595300873335,48.11947076398798
6383,0.0,0.0,0.0,0.0,351.0270690917969,-123.55555300873336,48.11947076398798
6384,0.0,0.0,0.0,0.0,351.0270690917969,-123.55555300873336,48.11947076398798
6385,0.0,0.0,0.0,0.0,351.0270690917969,-123.55555300873336,48.11947076398798
6386,0.0,0.0,0.0,0.0,351.0270690917969,-123.55555300873336,48.11947076398798
6387,0.0005175507976673543,0.9990646243095398,0.0,15.091995239257812,154.31137084960938,-123.55515300873336,48.11947076398798
6388,0.0005175507976673543,0.9990646243095398,0.0,15.091995239257812,154.31137084960938,-123.55515300873336,48.11947076398798
6389,0.0005175507976673543,0.9990646243095398,0.0,15.091995239257812,154.31137084960938,-123.55515300873336,48.11947076398798
6390,0.0005175507976673543,0.9990646243095398,0.0,15.091995239257812,154.31137084960938,-123.55515300873336,48.11947076398798
6391,0.0005175507976673543,0.9990646243095398,0.0,15.091995239257812,154.31137084960938,-123.55515300873336,48.11947076398798
6392,0.0005175507976673543,0.9990646243095398,0.0,15.091995239257812,154.31137084960938,-123.55515300873336,48.11947076398798
6393,0.0005175507976673543,0.9990646243095398,0.0,15.091995239257812,154.31137084960938,-123.55515300873336,48.11947076398798
6394,0.0005175507976673543,0.9990646243095398,0.0,15.091995239257812,154.31137084960938,-123.55515300873336,48.11947076398798
6395,0.0005175507976673543,0.9990646243095398,0.0,15.091995239257812,154.31137084960938,-123.55515300873336,48.11947076398798
6396,0.0005175507976673543,0.9990646243095398,0.0,15.091995239257812,154.31137084960938,-123.55515300873336,48.11947076398798
6397,9.438523193239234e-06,0.9999076128005981,0.0,16.464820861816406,5.656854152679443,-123.55475300873336,48.11947076398798
6398,9.438523193239234e-06,0.9999076128005981,0.0,16.464820861816406,5.656854152679443,-123.55475300873336,48.11947076398798
6399,9.438523193239234e-06,0.9999076128005981,0.0,16.464820861816406,5.656854152679443,-123.55475300873336,48.11947076398798
6400,9.438523193239234e-06,0.9999076128005981,0.0,16.464820861816406,5.656854152679443,-123.55475300873336,48.11947076398798
6401,9.438523193239234e-06,0.9999076128005981,0.0,16.464820861816406,5.656854152679443,-123.55475300873336,48.11947076398798
6402,9.438523193239234e-06,0.9999076128005981,0.0,16.464820861816406,5.656854152679443,-123.55475300873336,48.11947076398798
6403,9.438523193239234e-06,0.9999076128005981,0.0,16.464820861816406,5.656854152679443,-123.55475300873336,48.11947076398798
6404,9.438523193239234e-06,0.9999076128005981,0.0,16.464820861816406,5.656854152679443,-123.55475300873336,48.11947076398798
6405,9.438523193239234e-06,0.9999076128005981,0.0,16.464820861816406,5.656854152679443,-123.55475300873336,48.11947076398798
6406,9.438523193239234e-06,0.9999076128005981,0.0,16.464820861816406,5.656854152679443,-123.55475300873336,48.11947076398798
6407,3.701053401528043e-07,0.9999977350234985,0.0,16.951309204101562,146.40013122558594,-123.55435300873336,48.11947076398798
6408,3.701053401528043e-07,0.9999977350234985,0.0,16.951309204101562,146.40013122558594,-123.55435300873336,48.11947076398798
6409,3.701053401528043e-07,0.9999977350234985,0.0,16.951309204101562,146.40013122558594,-123.55435300873336,48.11947076398798
6410,3.701053401528043e-07,0.9999977350234985,0.0,16.951309204101562,146.40013122558594,-123.55435300873336,48.11947076398798
6411,3.701053401528043e-07,0.9999977350234985,0.0,16.951309204101562,146.40013122558594,-123.55435300873336,48.11947076398798
6412,3.701053401528043e-07,0.9999977350234985,0.0,16.951309204101562,146.40013122558594,-123.55435300873336,48.11947076398798
6413,3.701053401528043e-07,0.9999977350234985,0.0,16.951309204101562,146.40013122558594,-123.55435300873336,48.11947076398798
6414,3.701053401528043e-07,0.9999977350234985,0.0,16.951309204101562,146.40013122558594,-123.55435300873336,48.11947076398798
6415,3.701053401528043e-07,0.9999977350234985,0.0,16.951309204101562,146.40013122558594,-123.55435300873336,48.11947076398798
6416,3.701053401528043e-07,0.9999977350234985,0.0,16.951309204101562,146.40013122558594,-123.55435300873336,48.11947076398798
6417,6.30287211311753e-11,0.9916362762451172,0.0,16.479032516479492,109.34349822998047,-123.55395300873336,48.11947076398798
6418,6.30287211311753e-11,0.9916362762451172,0.0,16.479032516479492,109.34349822998047,-123.55395300873336,48.11947076398798
6419,6.30287211311753e-11,0.9916362762451172,0.0,16.479032516479492,109.34349822998047,-123.55395300873336,48.11947076398798
6420,6.30287211311753e-11,0.9916362762451172,0.0,16.479032516479492,109.34349822998047,-123.55395300873336,48.11947076398798
6421,6.30287211311753e-11,0.9916362762451172,0.0,16.479032516479492,109.34349822998047,-123.55395300873336,48.11947076398798
6422,6.30287211311753e-11,0.9916362762451172,0.0,16.479032516479492,109.34349822998047,-123.55395300873336,48.11947076398798
6423,6.30287211311753e-11,0.9916362762451172,0.0,16.479032516479492,109.34349822998047,-123.55395300873336,48.11947076398798
6424,6.30287211311753e-11,0.9916362762451172,0.0,16.479032516479492,109.34349822998047,-123.55395300873336,48.11947076398798
6425,6.30287211311753e-11,0.9916362762451172,0.0,16.479032516479492,109.34349822998047,-123.55395300873336,48.11947076398798
6426,6.30287211311753e-11,0.9916362762451172,0.0,16.479032516479492,109.34349822998047,-123.55395300873336,48.11947076398798
6427,8.331682010975783e-08,0.9998088479042053,0.0,15.028969764709473,55.803226470947266,-123.55355300873336,48.11947076398798
6428,8.331682010975783e-08,0.9998088479042053,0.0,15.028969764709473,55.803226470947266,-123.55355300873336,48.11947076398798
6429,8.331682010975783e-08,0.9998088479042053,0.0,15.028969764709473,55.803226470947266,-123.55355300873336,48.11947076398798
6430,8.331682010975783e-08,0.9998088479042053,0.0,15.028969764709473,55.803226470947266,-123.55355300873336,48.11947076398798
6431,8.331682010975783e-08,0.9998088479042053,0.0,15.028969764709473,55.803226470947266,-123.55355300873336,48.11947076398798
6432,8.331682010975783e-08,0.9998088479042053,0.0,15.028969764709473,55.803226470947266,-123.55355300873336,48.11947076398798
6433,8.331682010975783e-08,0.9998088479042053,0.0,15.028969764709473,55.803226470947266,-123.55355300873336,48.11947076398798
6434,8.331682010975783e-08,0.9998088479042053,0.0,15.028969764709473,55.803226470947266,-123.55355300873336,48.11947076398798
6435,8.331682010975783e-08,0.9998088479042053,0.0,15.028969764709473,55.803226470947266,-123.55355300873336,48.11947076398798
6436,0.0,0.0,0.0,0.0,481.3003234863281,-123.55595300873335,48.11907076398798
6437,0.0,0.0,0.0,0.0,481.3003234863281,-123.55595300873335,48.11907076398798
6438,0.0,0.0,0.0,0.0,240.0187530517578,-123.55555300873336,48.11907076398798
6439,0.0,0.0,0.0,0.0,240.0187530517578,-123.55555300873336,48.11907076398798
6440,0.0,0.0,0.0,0.0,240.0187530517578,-123.55555300873336,48.11907076398798
6441,0.0,0.0,0.0,0.0,240.0187530517578,-123.55555300873336,48.11907076398798
6442,7.227567493828246e-06,0.9999994039535522,0.0,16.424095153808594,5.830951690673828,-123.55515300873336,48.11907076398798
6443,7.227567493828246e-06,0.9999994039535522,0.0,16.424095153808594,5.830951690673828,-123.55515300873336,48.11907076398798
6444,7.227567493828246e-06,0.9999994039535522,0.0,16.424095153808594,5.830951690673828,-123.55515300873336,48.11907076398798
6445,7.227567493828246e-06,0.9999994039535522,0.0,16.424095153808594,5.830951690673828,-123.55515300873336,48.11907076398798
6446,7.227567493828246e-06,0.9999994039535522,0.0,16.424095153808594,5.830951690673828,-123.55515300873336,48.11907076398798
6447,7.227567493828246e-06,0.9999994039535522,0.0,16.424095153808594,5.830951690673828,-123.55515300873336,48.11907076398798
6448,7.227567493828246e-06,0.9999994039535522,0.0,16.424095153808594,5.830951690673828,-123.55515300873336,48.11907076398798
6449,7.227567493828246e-06,0.9999994039535522,0.0,16.424095153808594,5.830951690673828,-123.55515300873336,48.11907076398798
6450,7.227567493828246e-06,0.9999994039535522,0.0,16.424095153808594,5.830951690673828,-123.55515300873336,48.11907076398798
6451,7.227567493828246e-06,0.9999994039535522,0.0,16.424095153808594,5.830951690673828,-123.55515300873336,48.11907076398798
6452,0.0013389373198151588,0.0032665596809238195,0.0,17.06279945373535,205.11703491210938,-123.55475300873336,48.11907076398798
6453,0.0013389373198151588,0.0032665596809238195,0.0,17.06279945373535,205.11703491210938,-123.55475300873336,48.11907076398798
6454,0.0013389373198151588,0.0032665596809238195,0.0,17.06279945373535,205.11703491210938,-123.55475300873336,48.11907076398798
6455,0.0013389373198151588,0.0032665596809238195,0.0,17.06279945373535,205.11703491210938,-123.55475300873336,48.11907076398798
6456,0.0013389373198151588,0.0032665596809238195,0.0,17.06279945373535,205.11703491210938,-123.55475300873336,48.11907076398798
6457,0.0013389373198151588,0.0032665596809238195,0.0,17.06279945373535,205.11703491210938,-123.55475300873336,48.11907076398798
6458,0.0013389373198151588,0.0032665596809238195,0.0,17.06279945373535,205.11703491210938,-123.55475300873336,48.11907076398798
6459,0.0013389373198151588,0.0032665596809238195,0.0,17.06279945373535,205.11703491210938,-123.55475300873336,48.11907076398798
6460,0.0013389373198151588,0.0032665596809238195,0.0,17.06279945373535,205.11703491210938,-123.55475300873336,48.11907076398798
6461,0.0013389373198151588,0.0032665596809238195,0.0,17.06279945373535,205.11703491210938,-123.55475300873336,48.11907076398798
6462,0.0007315054535865784,0.014735758304595947,0.0,16.949182510375977,357.2618103027344,-123.55435300873336,48.11907076398798
6463,0.0007315054535865784,0.014735758304595947,0.0,16.949182510375977,357.2618103027344,-123.55435300873336,48.11907076398798
6464,0.0007315054535865784,0.014735758304595947,0.0,16.949182510375977,357.2618103027344,-123.55435300873336,48.11907076398798
6465,0.0007315054535865784,0.014735758304595947,0.0,16.949182510375977,357.2618103027344,-123.55435300873336,48.11907076398798
6466,0.0007315054535865784,0.014735758304595947,0.0,16.949182510375977,357.2618103027344,-123.55435300873336,48.11907076398798
6467,0.0007315054535865784,0.014735758304595947,0.0,16.949182510375977,357.2618103027344,-123.55435300873336,48.11907076398798
6468,0.0007315054535865784,0.014735758304595947,0.0,16.949182510375977,357.2618103027344,-123.55435300873336,48.11907076398798
6469,0.0007315054535865784,0.014735758304595947,0.0,16.949182510375977,357.2618103027344,-123.55435300873336,48.11907076398798
6470,0.0007315054535865784,0.014735758304595947,0.0,16.949182510375977,357.2618103027344,-123.55435300873336,48.11907076398798
6471,0.0007315054535865784,0.014735758304595947,0.0,16.949182510375977,357.2618103027344,-123.55435300873336,48.11907076398798
6472,0.9989180564880371,0.0012442335719242692,0.0,16.389999389648438,304.13812255859375,-123.55395300873336,48.11907076398798
6473,0.9989180564880371,0.0012442335719242692,0.0,16.389999389648438,304.13812255859375,-123.55395300873336,48.11907076398798
6474,0.9989180564880371,0.0012442335719242692,0.0,16.389999389648438,304.13812255859375,-123.55395300873336,48.11907076398798
6475,0.9989180564880371,0.0012442335719242692,0.0,16.389999389648438,304.13812255859375,-123.55395300873336,48.11907076398798
6476,0.9989180564880371,0.0012442335719242692,0.0,16.389999389648438,304.13812255859375,-123.55395300873336,48.11907076398798
6477,0.9989180564880371,0.0012442335719242692,0.0,16.389999389648438,304.13812255859375,-123.55395300873336,48.11907076398798
6478,0.9989180564880371,0.0012442335719242692,0.0,16.389999389648438,304.13812255859375,-123.55395300873336,48.11907076398798
6479,0.9989180564880371,0.0012442335719242692,0.0,16.389999389648438,304.13812255859375,-123.55395300873336,48.11907076398798
6480,0.9989180564880371,0.0012442335719242692,0.0,16.389999389648438,304.13812255859375,-123.55395300873336,48.11907076398798
6481,0.9989180564880371,0.0012442335719242692,0.0,16.389999389648438,304.13812255859375,-123.55395300873336,48.11907076398798
6482,0.23158736526966095,0.13788922131061554,0.0,16.06999969482422,107.61505126953125,-123.55355300873336,48.11907076398798
6483,0.23158736526966095,0.13788922131061554,0.0,16.06999969482422,107.61505126953125,-123.55355300873336,48.11907076398798
6484,0.23158736526966095,0.13788922131061554,0.0,16.06999969482422,107.61505126953125,-123.55355300873336,48.11907076398798
6485,0.23158736526966095,0.13788922131061554,0.0,16.06999969482422,107.61505126953125,-123.55355300873336,48.11907076398798
6486,0.23158736526966095,0.13788922131061554,0.0,16.06999969482422,107.61505126953125,-123.55355300873336,48.11907076398798
6487,0.23158736526966095,0.13788922131061554,0.0,16.06999969482422,107.61505126953125,-123.55355300873336,48.11907076398798
6488,0.23158736526966095,0.13788922131061554,0.0,16.06999969482422,107.61505126953125,-123.55355300873336,48.11907076398798
6489,0.23158736526966095,0.13788922131061554,0.0,16.06999969482422,107.61505126953125,-123.55355300873336,48.11907076398798
6490,0.23158736526966095,0.13788922131061554,0.0,16.06999969482422,107.61505126953125,-123.55355300873336,48.11907076398798
6491,0.23158736526966095,0.13788922131061554,0.0,16.06999969482422,107.61505126953125,-123.55355300873336,48.11907076398798
6492,0.9864943027496338,0.002924802480265498,0.0,15.827457427978516,98.22932434082031,-123.55315300873336,48.11907076398798
6493,0.9864943027496338,0.002924802480265498,0.0,15.827457427978516,98.22932434082031,-123.55315300873336,48.11907076398798
6494,0.9864943027496338,0.002924802480265498,0.0,15.827457427978516,98.22932434082031,-123.55315300873336,48.11907076398798
6495,0.9864943027496338,0.002924802480265498,0.0,15.827457427978516,98.22932434082031,-123.55315300873336,48.11907076398798
6496,0.9864943027496338,0.002924802480265498,0.0,15.827457427978516,98.22932434082031,-123.55315300873336,48.11907076398798
6497,0.9864943027496338,0.002924802480265498,0.0,15.827457427978516,98.22932434082031,-123.55315300873336,48.11907076398798
6498,0.9864943027496338,0.002924802480265498,0.0,15.827457427978516,98.22932434082031,-123.55315300873336,48.11907076398798
6499,0.0,0.0,0.0,0.0,433.7799072265625,-123.55595300873335,48.11867076398798
6500,0.0,0.0,0.0,0.0,179.0,-123.55555300873336,48.11867076398798
6501,0.0,0.0,0.0,0.0,179.0,-123.55555300873336,48.11867076398798
6502,0.0,0.0,0.0,0.0,179.0,-123.55555300873336,48.11867076398798
6503,0.0,0.0,0.0,0.0,179.0,-123.55555300873336,48.11867076398798
6504,0.0,0.0,0.0,0.0,179.0,-123.55555300873336,48.11867076398798
6505,0.0,0.0,0.0,0.0,179.0,-123.55555300873336,48.11867076398798
6506,6.365551598719321e-06,0.9999997615814209,0.0,16.396678924560547,74.02702331542969,-123.55515300873336,48.11867076398798
6507,6.365551598719321e-06,0.9999997615814209,0.0,16.396678924560547,74.02702331542969,-123.55515300873336,48.11867076398798
6508,6.365551598719321e-06,0.9999997615814209,0.0,16.396678924560547,74.02702331542969,-123.55515300873336,48.11867076398798
6509,6.365551598719321e-06,0.9999997615814209,0.0,16.396678924560547,74.02702331542969,-123.55515300873336,48.11867076398798
6510,6.365551598719321e-06,0.9999997615814209,0.0,16.396678924560547,74.02702331542969,-123.55515300873336,48.11867076398798
6511,6.365551598719321e-06,0.9999997615814209,0.0,16.396678924560547,74.02702331542969,-123.55515300873336,48.11867076398798
6512,6.365551598719321e-06,0.9999997615814209,0.0,16.396678924560547,74.02702331542969,-123.55515300873336,48.11867076398798
6513,6.365551598719321e-06,0.9999997615814209,0.0,16.396678924560547,74.02702331542969,-123.55515300873336,48.11867076398798
6514,6.365551598719321e-06,0.9999997615814209,0.0,16.396678924560547,74.02702331542969,-123.55515300873336,48.11867076398798
6515,6.365551598719321e-06,0.9999997615814209,0.0,16.396678924560547,74.02702331542969,-123.55515300873336,48.11867076398798
6516,0.0006529138772748411,0.002370264148339629,0.0,17.080848693847656,323.2893371582031,-123.55475300873336,48.11867076398798
6517,0.0006529138772748411,0.002370264148339629,0.0,17.080848693847656,323.2893371582031,-123.55475300873336,48.11867076398798
6518,0.0006529138772748411,0.002370264148339629,0.0,17.080848693847656,323.2893371582031,-123.55475300873336,48.11867076398798
6519,0.0006529138772748411,0.002370264148339629,0.0,17.080848693847656,323.2893371582031,-123.55475300873336,48.11867076398798
6520,0.0006529138772748411,0.002370264148339629,0.0,17.080848693847656,323.2893371582031,-123.55475300873336,48.11867076398798
6521,0.0006529138772748411,0.002370264148339629,0.0,17.080848693847656,323.2893371582031,-123.55475300873336,48.11867076398798
6522,0.0006529138772748411,0.002370264148339629,0.0,17.080848693847656,323.2893371582031,-123.55475300873336,48.11867076398798
6523,0.0006529138772748411,0.002370264148339629,0.0,17.080848693847656,323.2893371582031,-123.55475300873336,48.11867076398798
6524,0.0006529138772748411,0.002370264148339629,0.0,17.080848693847656,323.2893371582031,-123.55475300873336,48.11867076398798
6525,0.0006529138772748411,0.002370264148339629,0.0,17.080848693847656,323.2893371582031,-123.55475300873336,48.11867076398798
6526,0.7088495492935181,0.00302109750919044,0.0,17.301700592041016,563.2352905273438,-123.55435300873336,48.11867076398798
6527,0.7088495492935181,0.00302109750919044,0.0,17.301700592041016,563.2352905273438,-123.55435300873336,48.11867076398798
6528,0.7088495492935181,0.00302109750919044,0.0,17.301700592041016,563.2352905273438,-123.55435300873336,48.11867076398798
6529,0.7088495492935181,0.00302109750919044,0.0,17.301700592041016,563.2352905273438,-123.55435300873336,48.11867076398798
6530,0.7088495492935181,0.00302109750919044,0.0,17.301700592041016,563.2352905273438,-123.55435300873336,48.11867076398798
6531,0.7088495492935181,0.00302109750919044,0.0,17.301700592041016,563.2352905273438,-123.55435300873336,48.11867076398798
6532,0.7088495492935181,0.00302109750919044,0.0,17.301700592041016,563.2352905273438,-123.55435300873336,48.11867076398798
6533,0.7088495492935181,0.00302109750919044,0.0,17.301700592041016,563.2352905273438,-123.55435300873336,48.11867076398798
6534,0.7088495492935181,0.00302109750919044,0.0,17.301700592041016,563.2352905273438,-123.55435300873336,48.11867076398798
6535,0.7088495492935181,0.00302109750919044,0.0,17.301700592041016,563.2352905273438,-123.55435300873336,48.11867076398798
6536,0.9997953772544861,1.8446778994984925e-05,0.0,16.729999542236328,461.8062438964844,-123.55395300873336,48.11867076398798
6537,0.9997953772544861,1.8446778994984925e-05,0.0,16.729999542236328,461.8062438964844,-123.55395300873336,48.11867076398798
6538,0.9997953772544861,1.8446778994984925e-05,0.0,16.729999542236328,461.8062438964844,-123.55395300873336,48.11867076398798
6539,0.9997953772544861,1.8446778994984925e-05,0.0,16.729999542236328,461.8062438964844,-123.55395300873336,48.11867076398798
6540,0.9997953772544861,1.8446778994984925e-05,0.0,16.729999542236328,461.8062438964844,-123.55395300873336,48.11867076398798
6541,0.9997953772544861,1.8446778994984925e-05,0.0,16.729999542236328,461.8062438964844,-123.55395300873336,48.11867076398798
6542,0.9997953772544861,1.8446778994984925e-05,0.0,16.729999542236328,461.8062438964844,-123.55395300873336,48.11867076398798
6543,0.9997953772544861,1.8446778994984925e-05,0.0,16.729999542236328,461.8062438964844,-123.55395300873336,48.11867076398798
6544,0.9997953772544861,1.8446778994984925e-05,0.0,16.729999542236328,461.8062438964844,-123.55395300873336,48.11867076398798
6545,0.9997953772544861,1.8446778994984925e-05,0.0,16.729999542236328,461.8062438964844,-123.55395300873336,48.11867076398798
6546,0.9999995231628418,8.387715752178337e-06,0.0,16.420000076293945,258.4028015136719,-123.55355300873336,48.11867076398798
6547,0.9999995231628418,8.387715752178337e-06,0.0,16.420000076293945,258.4028015136719,-123.55355300873336,48.11867076398798
6548,0.9999995231628418,8.387715752178337e-06,0.0,16.420000076293945,258.4028015136719,-123.55355300873336,48.11867076398798
6549,0.9999995231628418,8.387715752178337e-06,0.0,16.420000076293945,258.4028015136719,-123.55355300873336,48.11867076398798
6550,0.9999995231628418,8.387715752178337e-06,0.0,16.420000076293945,258.4028015136719,-123.55355300873336,48.11867076398798
6551,0.9999995231628418,8.387715752178337e-06,0.0,16.420000076293945,258.4028015136719,-123.55355300873336,48.11867076398798
6552,0.9999995231628418,8.387715752178337e-06,0.0,16.420000076293945,258.4028015136719,-123.55355300873336,48.11867076398798
6553,0.9999995231628418,8.387715752178337e-06,0.0,16.420000076293945,258.4028015136719,-123.55355300873336,48.11867076398798
6554,0.9999995231628418,8.387715752178337e-06,0.0,16.420000076293945,258.4028015136719,-123.55355300873336,48.11867076398798
6555,0.9999995231628418,8.387715752178337e-06,0.0,16.420000076293945,258.4028015136719,-123.55355300873336,48.11867076398798
6556,0.0020182509906589985,0.512753427028656,0.0,16.170000076293945,65.4369888305664,-123.55315300873336,48.11867076398798
6557,0.0020182509906589985,0.512753427028656,0.0,16.170000076293945,65.4369888305664,-123.55315300873336,48.11867076398798
6558,0.0020182509906589985,0.512753427028656,0.0,16.170000076293945,65.4369888305664,-123.55315300873336,48.11867076398798
6559,0.0020182509906589985,0.512753427028656,0.0,16.170000076293945,65.4369888305664,-123.55315300873336,48.11867076398798
6560,0.0020182509906589985,0.512753427028656,0.0,16.170000076293945,65.4369888305664,-123.55315300873336,48.11867076398798
6561,0.0020182509906589985,0.512753427028656,0.0,16.170000076293945,65.4369888305664,-123.55315300873336,48.11867076398798
6562,0.0020182509906589985,0.512753427028656,0.0,16.170000076293945,65.4369888305664,-123.55315300873336,48.11867076398798
6563,0.0020182509906589985,0.512753427028656,0.0,16.170000076293945,65.4369888305664,-123.55315300873336,48.11867076398798
6564,0.0020182509906589985,0.512753427028656,0.0,16.170000076293945,65.4369888305664,-123.55315300873336,48.11867076398798
6565,0.0020182509906589985,0.512753427028656,0.0,16.170000076293945,65.4369888305664,-123.55315300873336,48.11867076398798
6566,0.0,0.0,0.0,0.0,331.7242736816406,-123.55235300873336,48.11867076398798
6567,0.0,0.0,0.0,0.0,208.80613708496094,-123.55555300873336,48.11827076398798
6568,1.0981237210216932e-05,0.9995429515838623,0.0,15.830879211425781,20.59126091003418,-123.55515300873336,48.11827076398798
6569,1.0981237210216932e-05,0.9995429515838623,0.0,15.830879211425781,20.59126091003418,-123.55515300873336,48.11827076398798
6570,1.0981237210216932e-05,0.9995429515838623,0.0,15.830879211425781,20.59126091003418,-123.55515300873336,48.11827076398798
6571,1.0981237210216932e-05,0.9995429515838623,0.0,15.830879211425781,20.59126091003418,-123.55515300873336,48.11827076398798
6572,1.0981237210216932e-05,0.9995429515838623,0.0,15.830879211425781,20.59126091003418,-123.55515300873336,48.11827076398798
6573,1.0981237210216932e-05,0.9995429515838623,0.0,15.830879211425781,20.59126091003418,-123.55515300873336,48.11827076398798
6574,1.0981237210216932e-05,0.9995429515838623,0.0,15.830879211425781,20.59126091003418,-123.55515300873336,48.11827076398798
6575,1.0981237210216932e-05,0.9995429515838623,0.0,15.830879211425781,20.59126091003418,-123.55515300873336,48.11827076398798
6576,1.0981237210216932e-05,0.9995429515838623,0.0,15.830879211425781,20.59126091003418,-123.55515300873336,48.11827076398798
6577,1.0981237210216932e-05,0.9995429515838623,0.0,15.830879211425781,20.59126091003418,-123.55515300873336,48.11827076398798
6578,0.8481041193008423,0.0008087341557256877,0.0,17.625286102294922,242.11773681640625,-123.55475300873336,48.11827076398798
6579,0.8481041193008423,0.0008087341557256877,0.0,17.625286102294922,242.11773681640625,-123.55475300873336,48.11827076398798
6580,0.8481041193008423,0.0008087341557256877,0.0,17.625286102294922,242.11773681640625,-123.55475300873336,48.11827076398798
6581,0.8481041193008423,0.0008087341557256877,0.0,17.625286102294922,242.11773681640625,-123.55475300873336,48.11827076398798
6582,0.8481041193008423,0.0008087341557256877,0.0,17.625286102294922,242.11773681640625,-123.55475300873336,48.11827076398798
6583,0.8481041193008423,0.0008087341557256877,0.0,17.625286102294922,242.11773681640625,-123.55475300873336,48.11827076398798
6584,0.8481041193008423,0.0008087341557256877,0.0,17.625286102294922,242.11773681640625,-123.55475300873336,48.11827076398798
6585,0.8481041193008423,0.0008087341557256877,0.0,17.625286102294922,242.11773681640625,-123.55475300873336,48.11827076398798
6586,0.8481041193008423,0.0008087341557256877,0.0,17.625286102294922,242.11773681640625,-123.55475300873336,48.11827076398798
6587,0.8481041193008423,0.0008087341557256877,0.0,17.625286102294922,242.11773681640625,-123.55475300873336,48.11827076398798
6588,2.1651139832101762e-05,0.002939414931461215,0.0,18.13220977783203,434.8240966796875,-123.55435300873336,48.11827076398798
6589,2.1651139832101762e-05,0.002939414931461215,0.0,18.13220977783203,434.8240966796875,-123.55435300873336,48.11827076398798
6590,2.1651139832101762e-05,0.002939414931461215,0.0,18.13220977783203,434.8240966796875,-123.55435300873336,48.11827076398798
6591,2.1651139832101762e-05,0.002939414931461215,0.0,18.13220977783203,434.8240966796875,-123.55435300873336,48.11827076398798
6592,2.1651139832101762e-05,0.002939414931461215,0.0,18.13220977783203,434.8240966796875,-123.55435300873336,48.11827076398798
6593,2.1651139832101762e-05,0.002939414931461215,0.0,18.13220977783203,434.8240966796875,-123.55435300873336,48.11827076398798
6594,2.1651139832101762e-05,0.002939414931461215,0.0,18.13220977783203,434.8240966796875,-123.55435300873336,48.11827076398798
6595,2.1651139832101762e-05,0.002939414931461215,0.0,18.13220977783203,434.8240966796875,-123.55435300873336,48.11827076398798
6596,2.1651139832101762e-05,0.002939414931461215,0.0,18.13220977783203,434.8240966796875,-123.55435300873336,48.11827076398798
6597,2.1651139832101762e-05,0.002939414931461215,0.0,18.13220977783203,434.8240966796875,-123.55435300873336,48.11827076398798
6598,0.9992501139640808,0.0001247225736733526,0.0,17.450000762939453,562.968017578125,-123.55395300873336,48.11827076398798
6599,0.9992501139640808,0.0001247225736733526,0.0,17.450000762939453,562.968017578125,-123.55395300873336,48.11827076398798
6600,0.9992501139640808,0.0001247225736733526,0.0,17.450000762939453,562.968017578125,-123.55395300873336,48.11827076398798
6601,0.9992501139640808,0.0001247225736733526,0.0,17.450000762939453,562.968017578125,-123.55395300873336,48.11827076398798
6602,0.9992501139640808,0.0001247225736733526,0.0,17.450000762939453,562.968017578125,-123.55395300873336,48.11827076398798
6603,0.9992501139640808,0.0001247225736733526,0.0,17.450000762939453,562.968017578125,-123.55395300873336,48.11827076398798
6604,0.9992501139640808,0.0001247225736733526,0.0,17.450000762939453,562.968017578125,-123.55395300873336,48.11827076398798
6605,0.9992501139640808,0.0001247225736733526,0.0,17.450000762939453,562.968017578125,-123.55395300873336,48.11827076398798
6606,0.9992501139640808,0.0001247225736733526,0.0,17.450000762939453,562.968017578125,-123.55395300873336,48.11827076398798
6607,0.9992501139640808,0.0001247225736733526,0.0,17.450000762939453,562.968017578125,-123.55395300873336,48.11827076398798
6608,0.9999974966049194,1.8398430256638676e-05,0.0,17.170000076293945,424.1992492675781,-123.55355300873336,48.11827076398798
6609,0.9999974966049194,1.8398430256638676e-05,0.0,17.170000076293945,424.1992492675781,-123.55355300873336,48.11827076398798
6610,0.9999974966049194,1.8398430256638676e-05,0.0,17.170000076293945,424.1992492675781,-123.55355300873336,48.11827076398798
6611,0.9999974966049194,1.8398430256638676e-05,0.0,17.170000076293945,424.1992492675781,-123.55355300873336,48.11827076398798
6612,0.9999974966049194,1.8398430256638676e-05,0.0,17.170000076293945,424.1992492675781,-123.55355300873336,48.11827076398798
6613,0.9999974966049194,1.8398430256638676e-05,0.0,17.170000076293945,424.1992492675781,-123.55355300873336,48.11827076398798
6614,0.9999974966049194,1.8398430256638676e-05,0.0,17.170000076293945,424.1992492675781,-123.55355300873336,48.11827076398798
6615,0.9999974966049194,1.8398430256638676e-05,0.0,17.170000076293945,424.1992492675781,-123.55355300873336,48.11827076398798
6616,0.9999974966049194,1.8398430256638676e-05,0.0,17.170000076293945,424.1992492675781,-123.55355300873336,48.11827076398798
6617,0.9999974966049194,1.8398430256638676e-05,0.0,17.170000076293945,424.1992492675781,-123.55355300873336,48.11827076398798
6618,0.9999971389770508,7.538747740909457e-05,0.0,19.5,224.40142822265625,-123.55315300873336,48.11827076398798
6619,0.9999971389770508,7.538747740909457e-05,0.0,19.5,224.40142822265625,-123.55315300873336,48.11827076398798
6620,0.9999971389770508,7.538747740909457e-05,0.0,19.5,224.40142822265625,-123.55315300873336,48.11827076398798
6621,0.9999971389770508,7.538747740909457e-05,0.0,19.5,224.40142822265625,-123.55315300873336,48.11827076398798
6622,0.9999971389770508,7.538747740909457e-05,0.0,19.5,224.40142822265625,-123.55315300873336,48.11827076398798
6623,0.9999971389770508,7.538747740909457e-05,0.0,19.5,224.40142822265625,-123.55315300873336,48.11827076398798
6624,0.9999971389770508,7.538747740909457e-05,0.0,19.5,224.40142822265625,-123.55315300873336,48.11827076398798
6625,0.9999971389770508,7.538747740909457e-05,0.0,19.5,224.40142822265625,-123.55315300873336,48.11827076398798
6626,0.9999971389770508,7.538747740909457e-05,0.0,19.5,224.40142822265625,-123.55315300873336,48.11827076398798
6627,0.9999971389770508,7.538747740909457e-05,0.0,19.5,224.40142822265625,-123.55315300873336,48.11827076398798
6628,0.9902970194816589,0.1823950558900833,0.0,16.100000381469727,27.58622932434082,-123.55275300873336,48.11827076398798
6629,0.9902970194816589,0.1823950558900833,0.0,16.100000381469727,27.58622932434082,-123.55275300873336,48.11827076398798
6630,0.9902970194816589,0.1823950558900833,0.0,16.100000381469727,27.58622932434082,-123.55275300873336,48.11827076398798
6631,0.9902970194816589,0.1823950558900833,0.0,16.100000381469727,27.58622932434082,-123.55275300873336,48.11827076398798
6632,0.9902970194816589,0.1823950558900833,0.0,16.100000381469727,27.58622932434082,-123.55275300873336,48.11827076398798
6633,0.9902970194816589,0.1823950558900833,0.0,16.100000381469727,27.58622932434082,-123.55275300873336,48.11827076398798
6634,0.9902970194816589,0.1823950558900833,0.0,16.100000381469727,27.58622932434082,-123.55275300873336,48.11827076398798
6635,0.9902970194816589,0.1823950558900833,0.0,16.100000381469727,27.58622932434082,-123.55275300873336,48.11827076398798
6636,0.9902970194816589,0.1823950558900833,0.0,16.100000381469727,27.58622932434082,-123.55275300873336,48.11827076398798
6637,0.9902970194816589,0.1823950558900833,0.0,16.100000381469727,27.58622932434082,-123.55275300873336,48.11827076398798
6638,0.0,0.0,0.0,0.0,151.60475158691406,-123.55235300873336,48.11827076398798
6639,0.0,0.0,0.0,0.0,151.60475158691406,-123.55235300873336,48.11827076398798
6640,0.0,0.0,0.0,0.0,151.60475158691406,-123.55235300873336,48.11827076398798
6641,0.0,0.0,0.0,0.0,116.93160247802734,-123.55515300873336,48.11787076398798
6642,0.0,0.0,0.0,0.0,116.93160247802734,-123.55515300873336,48.11787076398798
6643,0.0,0.0,0.0,0.0,116.93160247802734,-123.55515300873336,48.11787076398798
6644,0.0,0.0,0.0,0.0,116.93160247802734,-123.55515300873336,48.11787076398798
6645,0.0,0.0,0.0,0.0,116.93160247802734,-123.55515300873336,48.11787076398798
6646,0.0,0.0,0.0,0.0,116.93160247802734,-123.55515300873336,48.11787076398798
6647,0.0,0.0,0.0,0.0,116.93160247802734,-123.55515300873336,48.11787076398798
6648,7.577118230983615e-05,0.9746913313865662,0.0,14.762472152709961,79.05693817138672,-123.55475300873336,48.11787076398798
6649,7.577118230983615e-05,0.9746913313865662,0.0,14.762472152709961,79.05693817138672,-123.55475300873336,48.11787076398798
6650,7.577118230983615e-05,0.9746913313865662,0.0,14.762472152709961,79.05693817138672,-123.55475300873336,48.11787076398798
6651,7.577118230983615e-05,0.9746913313865662,0.0,14.762472152709961,79.05693817138672,-123.55475300873336,48.11787076398798
6652,7.577118230983615e-05,0.9746913313865662,0.0,14.762472152709961,79.05693817138672,-123.55475300873336,48.11787076398798
6653,7.577118230983615e-05,0.9746913313865662,0.0,14.762472152709961,79.05693817138672,-123.55475300873336,48.11787076398798
6654,7.577118230983615e-05,0.9746913313865662,0.0,14.762472152709961,79.05693817138672,-123.55475300873336,48.11787076398798
6655,7.577118230983615e-05,0.9746913313865662,0.0,14.762472152709961,79.05693817138672,-123.55475300873336,48.11787076398798
6656,7.577118230983615e-05,0.9746913313865662,0.0,14.762472152709961,79.05693817138672,-123.55475300873336,48.11787076398798
6657,7.577118230983615e-05,0.9746913313865662,0.0,14.762472152709961,79.05693817138672,-123.55475300873336,48.11787076398798
6658,1.1144000382046215e-05,0.00022679154062643647,0.0,17.53055763244629,235.2615509033203,-123.55435300873336,48.11787076398798
6659,1.1144000382046215e-05,0.00022679154062643647,0.0,17.53055763244629,235.2615509033203,-123.55435300873336,48.11787076398798
6660,1.1144000382046215e-05,0.00022679154062643647,0.0,17.53055763244629,235.2615509033203,-123.55435300873336,48.11787076398798
6661,1.1144000382046215e-05,0.00022679154062643647,0.0,17.53055763244629,235.2615509033203,-123.55435300873336,48.11787076398798
6662,1.1144000382046215e-05,0.00022679154062643647,0.0,17.53055763244629,235.2615509033203,-123.55435300873336,48.11787076398798
6663,1.1144000382046215e-05,0.00022679154062643647,0.0,17.53055763244629,235.2615509033203,-123.55435300873336,48.11787076398798
6664,1.1144000382046215e-05,0.00022679154062643647,0.0,17.53055763244629,235.2615509033203,-123.55435300873336,48.11787076398798
6665,1.1144000382046215e-05,0.00022679154062643647,0.0,17.53055763244629,235.2615509033203,-123.55435300873336,48.11787076398798
6666,1.1144000382046215e-05,0.00022679154062643647,0.0,17.53055763244629,235.2615509033203,-123.55435300873336,48.11787076398798
6667,1.1144000382046215e-05,0.00022679154062643647,0.0,17.53055763244629,235.2615509033203,-123.55435300873336,48.11787076398798
6668,0.9995365142822266,2.6605230232235044e-05,0.0,18.040000915527344,323.6603088378906,-123.55395300873336,48.11787076398798
6669,0.9995365142822266,2.6605230232235044e-05,0.0,18.040000915527344,323.6603088378906,-123.55395300873336,48.11787076398798
6670,0.9995365142822266,2.6605230232235044e-05,0.0,18.040000915527344,323.6603088378906,-123.55395300873336,48.11787076398798
6671,0.9995365142822266,2.6605230232235044e-05,0.0,18.040000915527344,323.6603088378906,-123.55395300873336,48.11787076398798
6672,0.9995365142822266,2.6605230232235044e-05,0.0,18.040000915527344,323.6603088378906,-123.55395300873336,48.11787076398798
6673,0.9995365142822266,2.6605230232235044e-05,0.0,18.040000915527344,323.6603088378906,-123.55395300873336,48.11787076398798
6674,0.9995365142822266,2.6605230232235044e-05,0.0,18.040000915527344,323.6603088378906,-123.55395300873336,48.11787076398798
6675,0.9995365142822266,2.6605230232235044e-05,0.0,18.040000915527344,323.6603088378906,-123.55395300873336,48.11787076398798
6676,0.9995365142822266,2.6605230232235044e-05,0.0,18.040000915527344,323.6603088378906,-123.55395300873336,48.11787076398798
6677,0.9995365142822266,2.6605230232235044e-05,0.0,18.040000915527344,323.6603088378906,-123.55395300873336,48.11787076398798
6678,0.9999924898147583,2.1119391021784395e-05,0.0,17.75,394.6859436035156,-123.55355300873336,48.11787076398798
6679,0.9999924898147583,2.1119391021784395e-05,0.0,17.75,394.6859436035156,-123.55355300873336,48.11787076398798
6680,0.9999924898147583,2.1119391021784395e-05,0.0,17.75,394.6859436035156,-123.55355300873336,48.11787076398798
6681,0.9999924898147583,2.1119391021784395e-05,0.0,17.75,394.6859436035156,-123.55355300873336,48.11787076398798
6682,0.9999924898147583,2.1119391021784395e-05,0.0,17.75,394.6859436035156,-123.55355300873336,48.11787076398798
6683,0.9999924898147583,2.1119391021784395e-05,0.0,17.75,394.6859436035156,-123.55355300873336,48.11787076398798
6684,0.9999924898147583,2.1119391021784395e-05,0.0,17.75,394.6859436035156,-123.55355300873336,48.11787076398798
6685,0.9999924898147583,2.1119391021784395e-05,0.0,17.75,394.6859436035156,-123.55355300873336,48.11787076398798
6686,0.9999924898147583,2.1119391021784395e-05,0.0,17.75,394.6859436035156,-123.55355300873336,48.11787076398798
6687,0.9999924898147583,2.1119391021784395e-05,0.0,17.75,394.6859436035156,-123.55355300873336,48.11787076398798
6688,0.9999985694885254,2.653271258168388e-05,0.0,18.920000076293945,386.93280029296875,-123.55315300873336,48.11787076398798
6689,0.9999985694885254,2.653271258168388e-05,0.0,18.920000076293945,386.93280029296875,-123.55315300873336,48.11787076398798
6690,0.9999985694885254,2.653271258168388e-05,0.0,18.920000076293945,386.93280029296875,-123.55315300873336,48.11787076398798
6691,0.9999985694885254,2.653271258168388e-05,0.0,18.920000076293945,386.93280029296875,-123.55315300873336,48.11787076398798
6692,0.9999985694885254,2.653271258168388e-05,0.0,18.920000076293945,386.93280029296875,-123.55315300873336,48.11787076398798
6693,0.9999985694885254,2.653271258168388e-05,0.0,18.920000076293945,386.93280029296875,-123.55315300873336,48.11787076398798
6694,0.9999985694885254,2.653271258168388e-05,0.0,18.920000076293945,386.93280029296875,-123.55315300873336,48.11787076398798
6695,0.9999985694885254,2.653271258168388e-05,0.0,18.920000076293945,386.93280029296875,-123.55315300873336,48.11787076398798
6696,0.9999985694885254,2.653271258168388e-05,0.0,18.920000076293945,386.93280029296875,-123.55315300873336,48.11787076398798
6697,0.9999985694885254,2.653271258168388e-05,0.0,18.920000076293945,386.93280029296875,-123.55315300873336,48.11787076398798
6698,0.9999986886978149,1.9835259081446566e-05,0.0,18.729999542236328,203.03939819335938,-123.55275300873336,48.11787076398798
6699,0.9999986886978149,1.9835259081446566e-05,0.0,18.729999542236328,203.03939819335938,-123.55275300873336,48.11787076398798
6700,0.9999986886978149,1.9835259081446566e-05,0.0,18.729999542236328,203.03939819335938,-123.55275300873336,48.11787076398798
6701,0.9999986886978149,1.9835259081446566e-05,0.0,18.729999542236328,203.03939819335938,-123.55275300873336,48.11787076398798
6702,0.9999986886978149,1.9835259081446566e-05,0.0,18.729999542236328,203.03939819335938,-123.55275300873336,48.11787076398798
6703,0.9999986886978149,1.9835259081446566e-05,0.0,18.729999542236328,203.03939819335938,-123.55275300873336,48.11787076398798
6704,0.9999986886978149,1.9835259081446566e-05,0.0,18.729999542236328,203.03939819335938,-123.55275300873336,48.11787076398798
6705,0.9999986886978149,1.9835259081446566e-05,0.0,18.729999542236328,203.03939819335938,-123.55275300873336,48.11787076398798
6706,0.9999986886978149,1.9835259081446566e-05,0.0,18.729999542236328,203.03939819335938,-123.55275300873336,48.11787076398798
6707,0.9999986886978149,1.9835259081446566e-05,0.0,18.729999542236328,203.03939819335938,-123.55275300873336,48.11787076398798
6708,0.9951949715614319,0.007646681275218725,0.0,17.100000381469727,64.56005096435547,-123.55235300873336,48.11787076398798
6709,0.9951949715614319,0.007646681275218725,0.0,17.100000381469727,64.56005096435547,-123.55235300873336,48.11787076398798
6710,0.9951949715614319,0.007646681275218725,0.0,17.100000381469727,64.56005096435547,-123.55235300873336,48.11787076398798
6711,0.9951949715614319,0.007646681275218725,0.0,17.100000381469727,64.56005096435547,-123.55235300873336,48.11787076398798
6712,0.9951949715614319,0.007646681275218725,0.0,17.100000381469727,64.56005096435547,-123.55235300873336,48.11787076398798
6713,0.9951949715614319,0.007646681275218725,0.0,17.100000381469727,64.56005096435547,-123.55235300873336,48.11787076398798
6714,0.9951949715614319,0.007646681275218725,0.0,17.100000381469727,64.56005096435547,-123.55235300873336,48.11787076398798
6715,0.9951949715614319,0.007646681275218725,0.0,17.100000381469727,64.56005096435547,-123.55235300873336,48.11787076398798
6716,0.9951949715614319,0.007646681275218725,0.0,17.100000381469727,64.56005096435547,-123.55235300873336,48.11787076398798
6717,0.9951949715614319,0.007646681275218725,0.0,17.100000381469727,64.56005096435547,-123.55235300873336,48.11787076398798
6718,0.8541842103004456,0.00015242524386849254,0.0,17.3799991607666,36.0,-123.55195300873336,48.11787076398798
6719,0.8541842103004456,0.00015242524386849254,0.0,17.3799991607666,36.0,-123.55195300873336,48.11787076398798
6720,0.8541842103004456,0.00015242524386849254,0.0,17.3799991607666,36.0,-123.55195300873336,48.11787076398798
6721,0.8541842103004456,0.00015242524386849254,0.0,17.3799991607666,36.0,-123.55195300873336,48.11787076398798
6722,0.8541842103004456,0.00015242524386849254,0.0,17.3799991607666,36.0,-123.55195300873336,48.11787076398798
6723,0.8541842103004456,0.00015242524386849254,0.0,17.3799991607666,36.0,-123.55195300873336,48.11787076398798
6724,0.8541842103004456,0.00015242524386849254,0.0,17.3799991607666,36.0,-123.55195300873336,48.11787076398798
6725,0.8541842103004456,0.00015242524386849254,0.0,17.3799991607666,36.0,-123.55195300873336,48.11787076398798
6726,0.8541842103004456,0.00015242524386849254,0.0,17.3799991607666,36.0,-123.55195300873336,48.11787076398798
6727,0.8541842103004456,0.00015242524386849254,0.0,17.3799991607666,36.0,-123.55195300873336,48.11787076398798
6728,0.9949506521224976,5.605011392617598e-05,0.0,17.399999618530273,20.51828384399414,-123.55155300873336,48.11787076398798
6729,0.9949506521224976,5.605011392617598e-05,0.0,17.399999618530273,20.51828384399414,-123.55155300873336,48.11787076398798
6730,0.9949506521224976,5.605011392617598e-05,0.0,17.399999618530273,20.51828384399414,-123.55155300873336,48.11787076398798
6731,0.9949506521224976,5.605011392617598e-05,0.0,17.399999618530273,20.51828384399414,-123.55155300873336,48.11787076398798
6732,0.9949506521224976,5.605011392617598e-05,0.0,17.399999618530273,20.51828384399414,-123.55155300873336,48.11787076398798
6733,0.9949506521224976,5.605011392617598e-05,0.0,17.399999618530273,20.51828384399414,-123.55155300873336,48.11787076398798
6734,0.9949506521224976,5.605011392617598e-05,0.0,17.399999618530273,20.51828384399414,-123.55155300873336,48.11787076398798
6735,0.9949506521224976,5.605011392617598e-05,0.0,17.399999618530273,20.51828384399414,-123.55155300873336,48.11787076398798
6736,0.9949506521224976,5.605011392617598e-05,0.0,17.399999618530273,20.51828384399414,-123.55155300873336,48.11787076398798
6737,0.9949506521224976,5.605011392617598e-05,0.0,17.399999618530273,20.51828384399414,-123.55155300873336,48.11787076398798
6738,3.3732398151187226e-05,0.9985315799713135,0.0,16.325836181640625,92.57429504394531,-123.55475300873336,48.11747076398798
6739,3.3732398151187226e-05,0.9985315799713135,0.0,16.325836181640625,92.57429504394531,-123.55475300873336,48.11747076398798
6740,3.3732398151187226e-05,0.9985315799713135,0.0,16.325836181640625,92.57429504394531,-123.55475300873336,48.11747076398798
6741,3.3732398151187226e-05,0.9985315799713135,0.0,16.325836181640625,92.57429504394531,-123.55475300873336,48.11747076398798
6742,3.3732398151187226e-05,0.9985315799713135,0.0,16.325836181640625,92.57429504394531,-123.55475300873336,48.11747076398798
6743,3.3732398151187226e-05,0.9985315799713135,0.0,16.325836181640625,92.57429504394531,-123.55475300873336,48.11747076398798
6744,3.3732398151187226e-05,0.9985315799713135,0.0,16.325836181640625,92.57429504394531,-123.55475300873336,48.11747076398798
6745,3.3732398151187226e-05,0.9985315799713135,0.0,16.325836181640625,92.57429504394531,-123.55475300873336,48.11747076398798
6746,3.3732398151187226e-05,0.9985315799713135,0.0,16.325836181640625,92.57429504394531,-123.55475300873336,48.11747076398798
6747,3.3732398151187226e-05,0.9985315799713135,0.0,16.325836181640625,92.57429504394531,-123.55475300873336,48.11747076398798
6748,1.3212967132858466e-05,0.9497337937355042,0.0,17.071395874023438,4.123105525970459,-123.55435300873336,48.11747076398798
6749,1.3212967132858466e-05,0.9497337937355042,0.0,17.071395874023438,4.123105525970459,-123.55435300873336,48.11747076398798
6750,1.3212967132858466e-05,0.9497337937355042,0.0,17.071395874023438,4.123105525970459,-123.55435300873336,48.11747076398798
6751,1.3212967132858466e-05,0.9497337937355042,0.0,17.071395874023438,4.123105525970459,-123.55435300873336,48.11747076398798
6752,1.3212967132858466e-05,0.9497337937355042,0.0,17.071395874023438,4.123105525970459,-123.55435300873336,48.11747076398798
6753,1.3212967132858466e-05,0.9497337937355042,0.0,17.071395874023438,4.123105525970459,-123.55435300873336,48.11747076398798
6754,1.3212967132858466e-05,0.9497337937355042,0.0,17.071395874023438,4.123105525970459,-123.55435300873336,48.11747076398798
6755,1.3212967132858466e-05,0.9497337937355042,0.0,17.071395874023438,4.123105525970459,-123.55435300873336,48.11747076398798
6756,1.3212967132858466e-05,0.9497337937355042,0.0,17.071395874023438,4.123105525970459,-123.55435300873336,48.11747076398798
6757,1.3212967132858466e-05,0.9497337937355042,0.0,17.071395874023438,4.123105525970459,-123.55435300873336,48.11747076398798
6758,2.6730933200269646e-07,0.9998786449432373,0.0,16.69642448425293,75.92759704589844,-123.55395300873336,48.11747076398798
6759,2.6730933200269646e-07,0.9998786449432373,0.0,16.69642448425293,75.92759704589844,-123.55395300873336,48.11747076398798
6760,2.6730933200269646e-07,0.9998786449432373,0.0,16.69642448425293,75.92759704589844,-123.55395300873336,48.11747076398798
6761,2.6730933200269646e-07,0.9998786449432373,0.0,16.69642448425293,75.92759704589844,-123.55395300873336,48.11747076398798
6762,2.6730933200269646e-07,0.9998786449432373,0.0,16.69642448425293,75.92759704589844,-123.55395300873336,48.11747076398798
6763,2.6730933200269646e-07,0.9998786449432373,0.0,16.69642448425293,75.92759704589844,-123.55395300873336,48.11747076398798
6764,2.6730933200269646e-07,0.9998786449432373,0.0,16.69642448425293,75.92759704589844,-123.55395300873336,48.11747076398798
6765,2.6730933200269646e-07,0.9998786449432373,0.0,16.69642448425293,75.92759704589844,-123.55395300873336,48.11747076398798
6766,2.6730933200269646e-07,0.9998786449432373,0.0,16.69642448425293,75.92759704589844,-123.55395300873336,48.11747076398798
6767,2.6730933200269646e-07,0.9998786449432373,0.0,16.69642448425293,75.92759704589844,-123.55395300873336,48.11747076398798
6768,0.8494925498962402,0.009984578937292099,0.0,17.889999389648438,161.91355895996094,-123.55355300873336,48.11747076398798
6769,0.8494925498962402,0.009984578937292099,0.0,17.889999389648438,161.91355895996094,-123.55355300873336,48.11747076398798
6770,0.8494925498962402,0.009984578937292099,0.0,17.889999389648438,161.91355895996094,-123.55355300873336,48.11747076398798
6771,0.8494925498962402,0.009984578937292099,0.0,17.889999389648438,161.91355895996094,-123.55355300873336,48.11747076398798
6772,0.8494925498962402,0.009984578937292099,0.0,17.889999389648438,161.91355895996094,-123.55355300873336,48.11747076398798
6773,0.8494925498962402,0.009984578937292099,0.0,17.889999389648438,161.91355895996094,-123.55355300873336,48.11747076398798
6774,0.8494925498962402,0.009984578937292099,0.0,17.889999389648438,161.91355895996094,-123.55355300873336,48.11747076398798
6775,0.8494925498962402,0.009984578937292099,0.0,17.889999389648438,161.91355895996094,-123.55355300873336,48.11747076398798
6776,0.8494925498962402,0.009984578937292099,0.0,17.889999389648438,161.91355895996094,-123.55355300873336,48.11747076398798
6777,0.8494925498962402,0.009984578937292099,0.0,17.889999389648438,161.91355895996094,-123.55355300873336,48.11747076398798
6778,0.9999830722808838,3.643125819507986e-05,0.0,18.3799991607666,305.941162109375,-123.55315300873336,48.11747076398798
6779,0.9999830722808838,3.643125819507986e-05,0.0,18.3799991607666,305.941162109375,-123.55315300873336,48.11747076398798
6780,0.9999830722808838,3.643125819507986e-05,0.0,18.3799991607666,305.941162109375,-123.55315300873336,48.11747076398798
6781,0.9999830722808838,3.643125819507986e-05,0.0,18.3799991607666,305.941162109375,-123.55315300873336,48.11747076398798
6782,0.9999830722808838,3.643125819507986e-05,0.0,18.3799991607666,305.941162109375,-123.55315300873336,48.11747076398798
6783,0.9999830722808838,3.643125819507986e-05,0.0,18.3799991607666,305.941162109375,-123.55315300873336,48.11747076398798
6784,0.9999830722808838,3.643125819507986e-05,0.0,18.3799991607666,305.941162109375,-123.55315300873336,48.11747076398798
6785,0.9999830722808838,3.643125819507986e-05,0.0,18.3799991607666,305.941162109375,-123.55315300873336,48.11747076398798
6786,0.9999830722808838,3.643125819507986e-05,0.0,18.3799991607666,305.941162109375,-123.55315300873336,48.11747076398798
6787,0.9999830722808838,3.643125819507986e-05,0.0,18.3799991607666,305.941162109375,-123.55315300873336,48.11747076398798
6788,0.9999996423721313,1.5403446013806388e-05,0.0,19.260000228881836,412.1455993652344,-123.55275300873336,48.11747076398798
6789,0.9999996423721313,1.5403446013806388e-05,0.0,19.260000228881836,412.1455993652344,-123.55275300873336,48.11747076398798
6790,0.9999996423721313,1.5403446013806388e-05,0.0,19.260000228881836,412.1455993652344,-123.55275300873336,48.11747076398798
6791,0.9999996423721313,1.5403446013806388e-05,0.0,19.260000228881836,412.1455993652344,-123.55275300873336,48.11747076398798
6792,0.9999996423721313,1.5403446013806388e-05,0.0,19.260000228881836,412.1455993652344,-123.55275300873336,48.11747076398798
6793,0.9999996423721313,1.5403446013806388e-05,0.0,19.260000228881836,412.1455993652344,-123.55275300873336,48.11747076398798
6794,0.9999996423721313,1.5403446013806388e-05,0.0,19.260000228881836,412.1455993652344,-123.55275300873336,48.11747076398798
6795,0.9999996423721313,1.5403446013806388e-05,0.0,19.260000228881836,412.1455993652344,-123.55275300873336,48.11747076398798
6796,0.9999996423721313,1.5403446013806388e-05,0.0,19.260000228881836,412.1455993652344,-123.55275300873336,48.11747076398798
6797,0.9999996423721313,1.5403446013806388e-05,0.0,19.260000228881836,412.1455993652344,-123.55275300873336,48.11747076398798
6798,0.9999895095825195,5.9558624343480915e-05,0.0,18.479999542236328,309.3800354003906,-123.55235300873336,48.11747076398798
6799,0.9999895095825195,5.9558624343480915e-05,0.0,18.479999542236328,309.3800354003906,-123.55235300873336,48.11747076398798
6800,0.9999895095825195,5.9558624343480915e-05,0.0,18.479999542236328,309.3800354003906,-123.55235300873336,48.11747076398798
6801,0.9999895095825195,5.9558624343480915e-05,0.0,18.479999542236328,309.3800354003906,-123.55235300873336,48.11747076398798
6802,0.9999895095825195,5.9558624343480915e-05,0.0,18.479999542236328,309.3800354003906,-123.55235300873336,48.11747076398798
6803,0.9999895095825195,5.9558624343480915e-05,0.0,18.479999542236328,309.3800354003906,-123.55235300873336,48.11747076398798
6804,0.9999895095825195,5.9558624343480915e-05,0.0,18.479999542236328,309.3800354003906,-123.55235300873336,48.11747076398798
6805,0.9999895095825195,5.9558624343480915e-05,0.0,18.479999542236328,309.3800354003906,-123.55235300873336,48.11747076398798
6806,0.9999895095825195,5.9558624343480915e-05,0.0,18.479999542236328,309.3800354003906,-123.55235300873336,48.11747076398798
6807,0.9999895095825195,5.9558624343480915e-05,0.0,18.479999542236328,309.3800354003906,-123.55235300873336,48.11747076398798
6808,0.9999992847442627,1.493674426455982e-05,0.0,18.170000076293945,291.0,-123.55195300873336,48.11747076398798
6809,0.9999992847442627,1.493674426455982e-05,0.0,18.170000076293945,291.0,-123.55195300873336,48.11747076398798
6810,0.9999992847442627,1.493674426455982e-05,0.0,18.170000076293945,291.0,-123.55195300873336,48.11747076398798
6811,0.9999992847442627,1.493674426455982e-05,0.0,18.170000076293945,291.0,-123.55195300873336,48.11747076398798
6812,0.9999992847442627,1.493674426455982e-05,0.0,18.170000076293945,291.0,-123.55195300873336,48.11747076398798
6813,0.9999992847442627,1.493674426455982e-05,0.0,18.170000076293945,291.0,-123.55195300873336,48.11747076398798
6814,0.9999992847442627,1.493674426455982e-05,0.0,18.170000076293945,291.0,-123.55195300873336,48.11747076398798
6815,0.9999992847442627,1.493674426455982e-05,0.0,18.170000076293945,291.0,-123.55195300873336,48.11747076398798
6816,0.9999992847442627,1.493674426455982e-05,0.0,18.170000076293945,291.0,-123.55195300873336,48.11747076398798
6817,0.9999992847442627,1.493674426455982e-05,0.0,18.170000076293945,291.0,-123.55195300873336,48.11747076398798
6818,0.9999998807907104,9.65151957643684e-06,0.0,18.209999084472656,162.4838409423828,-123.55155300873336,48.11747076398798
6819,0.9999998807907104,9.65151957643684e-06,0.0,18.209999084472656,162.4838409423828,-123.55155300873336,48.11747076398798
6820,0.9999998807907104,9.65151957643684e-06,0.0,18.209999084472656,162.4838409423828,-123.55155300873336,48.11747076398798
6821,0.9999998807907104,9.65151957643684e-06,0.0,18.209999084472656,162.4838409423828,-123.55155300873336,48.11747076398798
6822,0.9999998807907104,9.65151957643684e-06,0.0,18.209999084472656,162.4838409423828,-123.55155300873336,48.11747076398798
6823,0.9999998807907104,9.65151957643684e-06,0.0,18.209999084472656,162.4838409423828,-123.55155300873336,48.11747076398798
6824,0.9999998807907104,9.65151957643684e-06,0.0,18.209999084472656,162.4838409423828,-123.55155300873336,48.11747076398798
6825,0.9999998807907104,9.65151957643684e-06,0.0,18.209999084472656,162.4838409423828,-123.55155300873336,48.11747076398798
6826,0.9999998807907104,9.65151957643684e-06,0.0,18.209999084472656,162.4838409423828,-123.55155300873336,48.11747076398798
6827,0.9999998807907104,9.65151957643684e-06,0.0,18.209999084472656,162.4838409423828,-123.55155300873336,48.11747076398798
6828,0.911765992641449,0.00022838165750727057,0.0,17.327409744262695,44.72135925292969,-123.55115300873337,48.11747076398798
6829,0.911765992641449,0.00022838165750727057,0.0,17.327409744262695,44.72135925292969,-123.55115300873337,48.11747076398798
6830,0.911765992641449,0.00022838165750727057,0.0,17.327409744262695,44.72135925292969,-123.55115300873337,48.11747076398798
6831,0.911765992641449,0.00022838165750727057,0.0,17.327409744262695,44.72135925292969,-123.55115300873337,48.11747076398798
6832,0.911765992641449,0.00022838165750727057,0.0,17.327409744262695,44.72135925292969,-123.55115300873337,48.11747076398798
6833,0.911765992641449,0.00022838165750727057,0.0,17.327409744262695,44.72135925292969,-123.55115300873337,48.11747076398798
6834,0.911765992641449,0.00022838165750727057,0.0,17.327409744262695,44.72135925292969,-123.55115300873337,48.11747076398798
6835,0.911765992641449,0.00022838165750727057,0.0,17.327409744262695,44.72135925292969,-123.55115300873337,48.11747076398798
6836,0.911765992641449,0.00022838165750727057,0.0,17.327409744262695,44.72135925292969,-123.55115300873337,48.11747076398798
6837,0.911765992641449,0.00022838165750727057,0.0,17.327409744262695,44.72135925292969,-123.55115300873337,48.11747076398798
6838,0.0,0.0,0.0,0.0,302.2730407714844,-123.55475300873336,48.11707076398798
6839,0.0,0.0,0.0,0.0,302.2730407714844,-123.55475300873336,48.11707076398798
6840,0.0,0.0,0.0,0.0,302.2730407714844,-123.55475300873336,48.11707076398798
6841,0.0,0.0,0.0,0.0,302.2730407714844,-123.55475300873336,48.11707076398798
6842,0.0,0.0,0.0,0.0,302.2730407714844,-123.55475300873336,48.11707076398798
6843,0.0,0.0,0.0,0.0,302.2730407714844,-123.55475300873336,48.11707076398798
6844,0.0,0.0,0.0,0.0,302.2730407714844,-123.55475300873336,48.11707076398798
6845,2.3391412184992078e-07,0.9999231100082397,0.0,17.292951583862305,48.83646011352539,-123.55435300873336,48.11707076398798
6846,2.3391412184992078e-07,0.9999231100082397,0.0,17.292951583862305,48.83646011352539,-123.55435300873336,48.11707076398798
6847,2.3391412184992078e-07,0.9999231100082397,0.0,17.292951583862305,48.83646011352539,-123.55435300873336,48.11707076398798
6848,2.3391412184992078e-07,0.9999231100082397,0.0,17.292951583862305,48.83646011352539,-123.55435300873336,48.11707076398798
6849,2.3391412184992078e-07,0.9999231100082397,0.0,17.292951583862305,48.83646011352539,-123.55435300873336,48.11707076398798
6850,2.3391412184992078e-07,0.9999231100082397,0.0,17.292951583862305,48.83646011352539,-123.55435300873336,48.11707076398798
6851,2.3391412184992078e-07,0.9999231100082397,0.0,17.292951583862305,48.83646011352539,-123.55435300873336,48.11707076398798
6852,2.3391412184992078e-07,0.9999231100082397,0.0,17.292951583862305,48.83646011352539,-123.55435300873336,48.11707076398798
6853,2.3391412184992078e-07,0.9999231100082397,0.0,17.292951583862305,48.83646011352539,-123.55435300873336,48.11707076398798
6854,2.3391412184992078e-07,0.9999231100082397,0.0,17.292951583862305,48.83646011352539,-123.55435300873336,48.11707076398798
6855,0.06436597555875778,0.04824129119515419,0.0,17.88799476623535,171.2104034423828,-123.55395300873336,48.11707076398798
6856,0.06436597555875778,0.04824129119515419,0.0,17.88799476623535,171.2104034423828,-123.55395300873336,48.11707076398798
6857,0.06436597555875778,0.04824129119515419,0.0,17.88799476623535,171.2104034423828,-123.55395300873336,48.11707076398798
6858,0.06436597555875778,0.04824129119515419,0.0,17.88799476623535,171.2104034423828,-123.55395300873336,48.11707076398798
6859,0.06436597555875778,0.04824129119515419,0.0,17.88799476623535,171.2104034423828,-123.55395300873336,48.11707076398798
6860,0.06436597555875778,0.04824129119515419,0.0,17.88799476623535,171.2104034423828,-123.55395300873336,48.11707076398798
6861,0.06436597555875778,0.04824129119515419,0.0,17.88799476623535,171.2104034423828,-123.55395300873336,48.11707076398798
6862,0.06436597555875778,0.04824129119515419,0.0,17.88799476623535,171.2104034423828,-123.55395300873336,48.11707076398798
6863,0.06436597555875778,0.04824129119515419,0.0,17.88799476623535,171.2104034423828,-123.55395300873336,48.11707076398798
6864,0.06436597555875778,0.04824129119515419,0.0,17.88799476623535,171.2104034423828,-123.55395300873336,48.11707076398798
6865,3.5777550237980904e-06,0.9862861037254333,0.0,18.43144416809082,54.037025451660156,-123.55355300873336,48.11707076398798
6866,3.5777550237980904e-06,0.9862861037254333,0.0,18.43144416809082,54.037025451660156,-123.55355300873336,48.11707076398798
6867,3.5777550237980904e-06,0.9862861037254333,0.0,18.43144416809082,54.037025451660156,-123.55355300873336,48.11707076398798
6868,3.5777550237980904e-06,0.9862861037254333,0.0,18.43144416809082,54.037025451660156,-123.55355300873336,48.11707076398798
6869,3.5777550237980904e-06,0.9862861037254333,0.0,18.43144416809082,54.037025451660156,-123.55355300873336,48.11707076398798
6870,3.5777550237980904e-06,0.9862861037254333,0.0,18.43144416809082,54.037025451660156,-123.55355300873336,48.11707076398798
6871,3.5777550237980904e-06,0.9862861037254333,0.0,18.43144416809082,54.037025451660156,-123.55355300873336,48.11707076398798
6872,3.5777550237980904e-06,0.9862861037254333,0.0,18.43144416809082,54.037025451660156,-123.55355300873336,48.11707076398798
6873,3.5777550237980904e-06,0.9862861037254333,0.0,18.43144416809082,54.037025451660156,-123.55355300873336,48.11707076398798
6874,3.5777550237980904e-06,0.9862861037254333,0.0,18.43144416809082,54.037025451660156,-123.55355300873336,48.11707076398798
6875,0.10591362416744232,0.6927546858787537,0.0,17.055686950683594,120.2081527709961,-123.55315300873336,48.11707076398798
6876,0.10591362416744232,0.6927546858787537,0.0,17.055686950683594,120.2081527709961,-123.55315300873336,48.11707076398798
6877,0.10591362416744232,0.6927546858787537,0.0,17.055686950683594,120.2081527709961,-123.55315300873336,48.11707076398798
6878,0.10591362416744232,0.6927546858787537,0.0,17.055686950683594,120.2081527709961,-123.55315300873336,48.11707076398798
6879,0.10591362416744232,0.6927546858787537,0.0,17.055686950683594,120.2081527709961,-123.55315300873336,48.11707076398798
6880,0.10591362416744232,0.6927546858787537,0.0,17.055686950683594,120.2081527709961,-123.55315300873336,48.11707076398798
6881,0.10591362416744232,0.6927546858787537,0.0,17.055686950683594,120.2081527709961,-123.55315300873336,48.11707076398798
6882,0.10591362416744232,0.6927546858787537,0.0,17.055686950683594,120.2081527709961,-123.55315300873336,48.11707076398798
6883,0.10591362416744232,0.6927546858787537,0.0,17.055686950683594,120.2081527709961,-123.55315300873336,48.11707076398798
6884,0.10591362416744232,0.6927546858787537,0.0,17.055686950683594,120.2081527709961,-123.55315300873336,48.11707076398798
6885,0.9999997615814209,5.1130950851074886e-06,0.0,19.690000534057617,315.2268981933594,-123.55275300873336,48.11707076398798
6886,0.9999997615814209,5.1130950851074886e-06,0.0,19.690000534057617,315.2268981933594,-123.55275300873336,48.11707076398798
6887,0.9999997615814209,5.1130950851074886e-06,0.0,19.690000534057617,315.2268981933594,-123.55275300873336,48.11707076398798
6888,0.9999997615814209,5.1130950851074886e-06,0.0,19.690000534057617,315.2268981933594,-123.55275300873336,48.11707076398798
6889,0.9999997615814209,5.1130950851074886e-06,0.0,19.690000534057617,315.2268981933594,-123.55275300873336,48.11707076398798
6890,0.9999997615814209,5.1130950851074886e-06,0.0,19.690000534057617,315.2268981933594,-123.55275300873336,48.11707076398798
6891,0.9999997615814209,5.1130950851074886e-06,0.0,19.690000534057617,315.2268981933594,-123.55275300873336,48.11707076398798
6892,0.9999997615814209,5.1130950851074886e-06,0.0,19.690000534057617,315.2268981933594,-123.55275300873336,48.11707076398798
6893,0.9999997615814209,5.1130950851074886e-06,0.0,19.690000534057617,315.2268981933594,-123.55275300873336,48.11707076398798
6894,0.9999997615814209,5.1130950851074886e-06,0.0,19.690000534057617,315.2268981933594,-123.55275300873336,48.11707076398798
6895,0.999992847442627,9.011562724481337e-06,0.0,19.1200008392334,531.3379516601562,-123.55235300873336,48.11707076398798
6896,0.999992847442627,9.011562724481337e-06,0.0,19.1200008392334,531.3379516601562,-123.55235300873336,48.11707076398798
6897,0.999992847442627,9.011562724481337e-06,0.0,19.1200008392334,531.3379516601562,-123.55235300873336,48.11707076398798
6898,0.999992847442627,9.011562724481337e-06,0.0,19.1200008392334,531.3379516601562,-123.55235300873336,48.11707076398798
6899,0.999992847442627,9.011562724481337e-06,0.0,19.1200008392334,531.3379516601562,-123.55235300873336,48.11707076398798
6900,0.999992847442627,9.011562724481337e-06,0.0,19.1200008392334,531.3379516601562,-123.55235300873336,48.11707076398798
6901,0.999992847442627,9.011562724481337e-06,0.0,19.1200008392334,531.3379516601562,-123.55235300873336,48.11707076398798
6902,0.999992847442627,9.011562724481337e-06,0.0,19.1200008392334,531.3379516601562,-123.55235300873336,48.11707076398798
6903,0.999992847442627,9.011562724481337e-06,0.0,19.1200008392334,531.3379516601562,-123.55235300873336,48.11707076398798
6904,0.999992847442627,9.011562724481337e-06,0.0,19.1200008392334,531.3379516601562,-123.55235300873336,48.11707076398798
6905,0.9999958276748657,1.0091037438542116e-05,0.0,18.709999084472656,437.4985656738281,-123.55195300873336,48.11707076398798
6906,0.9999958276748657,1.0091037438542116e-05,0.0,18.709999084472656,437.4985656738281,-123.55195300873336,48.11707076398798
6907,0.9999958276748657,1.0091037438542116e-05,0.0,18.709999084472656,437.4985656738281,-123.55195300873336,48.11707076398798
6908,0.9999958276748657,1.0091037438542116e-05,0.0,18.709999084472656,437.4985656738281,-123.55195300873336,48.11707076398798
6909,0.9999958276748657,1.0091037438542116e-05,0.0,18.709999084472656,437.4985656738281,-123.55195300873336,48.11707076398798
6910,0.9999958276748657,1.0091037438542116e-05,0.0,18.709999084472656,437.4985656738281,-123.55195300873336,48.11707076398798
6911,0.9999958276748657,1.0091037438542116e-05,0.0,18.709999084472656,437.4985656738281,-123.55195300873336,48.11707076398798
6912,0.9999958276748657,1.0091037438542116e-05,0.0,18.709999084472656,437.4985656738281,-123.55195300873336,48.11707076398798
6913,0.9999958276748657,1.0091037438542116e-05,0.0,18.709999084472656,437.4985656738281,-123.55195300873336,48.11707076398798
6914,0.9999958276748657,1.0091037438542116e-05,0.0,18.709999084472656,437.4985656738281,-123.55195300873336,48.11707076398798
6915,0.9999996423721313,1.4765938431082759e-05,0.0,18.579999923706055,200.74362182617188,-123.55155300873336,48.11707076398798
6916,0.9999996423721313,1.4765938431082759e-05,0.0,18.579999923706055,200.74362182617188,-123.55155300873336,48.11707076398798
6917,0.9999996423721313,1.4765938431082759e-05,0.0,18.579999923706055,200.74362182617188,-123.55155300873336,48.11707076398798
6918,0.9999996423721313,1.4765938431082759e-05,0.0,18.579999923706055,200.74362182617188,-123.55155300873336,48.11707076398798
6919,0.9999996423721313,1.4765938431082759e-05,0.0,18.579999923706055,200.74362182617188,-123.55155300873336,48.11707076398798
6920,0.9999996423721313,1.4765938431082759e-05,0.0,18.579999923706055,200.74362182617188,-123.55155300873336,48.11707076398798
6921,0.9999996423721313,1.4765938431082759e-05,0.0,18.579999923706055,200.74362182617188,-123.55155300873336,48.11707076398798
6922,0.9999996423721313,1.4765938431082759e-05,0.0,18.579999923706055,200.74362182617188,-123.55155300873336,48.11707076398798
6923,0.9999996423721313,1.4765938431082759e-05,0.0,18.579999923706055,200.74362182617188,-123.55155300873336,48.11707076398798
6924,0.9999996423721313,1.4765938431082759e-05,0.0,18.579999923706055,200.74362182617188,-123.55155300873336,48.11707076398798
6925,0.6843997836112976,0.0014569321647286415,0.0,17.6200008392334,35.44009017944336,-123.55115300873337,48.11707076398798
6926,0.6843997836112976,0.0014569321647286415,0.0,17.6200008392334,35.44009017944336,-123.55115300873337,48.11707076398798
6927,0.6843997836112976,0.0014569321647286415,0.0,17.6200008392334,35.44009017944336,-123.55115300873337,48.11707076398798
6928,0.6843997836112976,0.0014569321647286415,0.0,17.6200008392334,35.44009017944336,-123.55115300873337,48.11707076398798
6929,0.6843997836112976,0.0014569321647286415,0.0,17.6200008392334,35.44009017944336,-123.55115300873337,48.11707076398798
6930,0.6843997836112976,0.0014569321647286415,0.0,17.6200008392334,35.44009017944336,-123.55115300873337,48.11707076398798
6931,0.6843997836112976,0.0014569321647286415,0.0,17.6200008392334,35.44009017944336,-123.55115300873337,48.11707076398798
6932,0.6843997836112976,0.0014569321647286415,0.0,17.6200008392334,35.44009017944336,-123.55115300873337,48.11707076398798
6933,0.6843997836112976,0.0014569321647286415,0.0,17.6200008392334,35.44009017944336,-123.55115300873337,48.11707076398798
6934,0.6843997836112976,0.0014569321647286415,0.0,17.6200008392334,35.44009017944336,-123.55115300873337,48.11707076398798
6935,0.062287211418151855,0.9697441458702087,0.0,17.054141998291016,114.16216278076172,-123.55435300873336,48.11667076398798
6936,0.062287211418151855,0.9697441458702087,0.0,17.054141998291016,114.16216278076172,-123.55435300873336,48.11667076398798
6937,0.062287211418151855,0.9697441458702087,0.0,17.054141998291016,114.16216278076172,-123.55435300873336,48.11667076398798
6938,0.062287211418151855,0.9697441458702087,0.0,17.054141998291016,114.16216278076172,-123.55435300873336,48.11667076398798
6939,0.062287211418151855,0.9697441458702087,0.0,17.054141998291016,114.16216278076172,-123.55435300873336,48.11667076398798
6940,0.062287211418151855,0.9697441458702087,0.0,17.054141998291016,114.16216278076172,-123.55435300873336,48.11667076398798
6941,0.062287211418151855,0.9697441458702087,0.0,17.054141998291016,114.16216278076172,-123.55435300873336,48.11667076398798
6942,0.062287211418151855,0.9697441458702087,0.0,17.054141998291016,114.16216278076172,-123.55435300873336,48.11667076398798
6943,0.062287211418151855,0.9697441458702087,0.0,17.054141998291016,114.16216278076172,-123.55435300873336,48.11667076398798
6944,0.062287211418151855,0.9697441458702087,0.0,17.054141998291016,114.16216278076172,-123.55435300873336,48.11667076398798
6945,0.6721850633621216,0.0023239010479301214,0.0,18.400493621826172,112.2541732788086,-123.55395300873336,48.11667076398798
6946,0.6721850633621216,0.0023239010479301214,0.0,18.400493621826172,112.2541732788086,-123.55395300873336,48.11667076398798
6947,0.6721850633621216,0.0023239010479301214,0.0,18.400493621826172,112.2541732788086,-123.55395300873336,48.11667076398798
6948,0.6721850633621216,0.0023239010479301214,0.0,18.400493621826172,112.2541732788086,-123.55395300873336,48.11667076398798
6949,0.6721850633621216,0.0023239010479301214,0.0,18.400493621826172,112.2541732788086,-123.55395300873336,48.11667076398798
6950,0.6721850633621216,0.0023239010479301214,0.0,18.400493621826172,112.2541732788086,-123.55395300873336,48.11667076398798
6951,0.6721850633621216,0.0023239010479301214,0.0,18.400493621826172,112.2541732788086,-123.55395300873336,48.11667076398798
6952,0.6721850633621216,0.0023239010479301214,0.0,18.400493621826172,112.2541732788086,-123.55395300873336,48.11667076398798
6953,0.6721850633621216,0.0023239010479301214,0.0,18.400493621826172,112.2541732788086,-123.55395300873336,48.11667076398798
6954,0.6721850633621216,0.0023239010479301214,0.0,18.400493621826172,112.2541732788086,-123.55395300873336,48.11667076398798
6955,0.0013679411495104432,0.0003013268578797579,1.0,18.684362411499023,239.1024932861328,-123.55355300873336,48.11667076398798
6956,0.0013679411495104432,0.0003013268578797579,1.0,18.684362411499023,239.1024932861328,-123.55355300873336,48.11667076398798
6957,0.0013679411495104432,0.0003013268578797579,1.0,18.684362411499023,239.1024932861328,-123.55355300873336,48.11667076398798
6958,0.0013679411495104432,0.0003013268578797579,1.0,18.684362411499023,239.1024932861328,-123.55355300873336,48.11667076398798
6959,0.0013679411495104432,0.0003013268578797579,1.0,18.684362411499023,239.1024932861328,-123.55355300873336,48.11667076398798
6960,0.0013679411495104432,0.0003013268578797579,1.0,18.684362411499023,239.1024932861328,-123.55355300873336,48.11667076398798
6961,0.0013679411495104432,0.0003013268578797579,1.0,18.684362411499023,239.1024932861328,-123.55355300873336,48.11667076398798
6962,0.0013679411495104432,0.0003013268578797579,1.0,18.684362411499023,239.1024932861328,-123.55355300873336,48.11667076398798
6963,0.0013679411495104432,0.0003013268578797579,1.0,18.684362411499023,239.1024932861328,-123.55355300873336,48.11667076398798
6964,0.0013679411495104432,0.0003013268578797579,1.0,18.684362411499023,239.1024932861328,-123.55355300873336,48.11667076398798
6965,2.3292908224448183e-07,0.9997244477272034,0.0,18.26906967163086,37.121421813964844,-123.55315300873336,48.11667076398798
6966,2.3292908224448183e-07,0.9997244477272034,0.0,18.26906967163086,37.121421813964844,-123.55315300873336,48.11667076398798
6967,2.3292908224448183e-07,0.9997244477272034,0.0,18.26906967163086,37.121421813964844,-123.55315300873336,48.11667076398798
6968,2.3292908224448183e-07,0.9997244477272034,0.0,18.26906967163086,37.121421813964844,-123.55315300873336,48.11667076398798
6969,2.3292908224448183e-07,0.9997244477272034,0.0,18.26906967163086,37.121421813964844,-123.55315300873336,48.11667076398798
6970,2.3292908224448183e-07,0.9997244477272034,0.0,18.26906967163086,37.121421813964844,-123.55315300873336,48.11667076398798
6971,2.3292908224448183e-07,0.9997244477272034,0.0,18.26906967163086,37.121421813964844,-123.55315300873336,48.11667076398798
6972,2.3292908224448183e-07,0.9997244477272034,0.0,18.26906967163086,37.121421813964844,-123.55315300873336,48.11667076398798
6973,2.3292908224448183e-07,0.9997244477272034,0.0,18.26906967163086,37.121421813964844,-123.55315300873336,48.11667076398798
6974,2.3292908224448183e-07,0.9997244477272034,0.0,18.26906967163086,37.121421813964844,-123.55315300873336,48.11667076398798
6975,7.967362034833059e-05,0.993380069732666,0.0,17.624305725097656,186.531494140625,-123.55275300873336,48.11667076398798
6976,7.967362034833059e-05,0.993380069732666,0.0,17.624305725097656,186.531494140625,-123.55275300873336,48.11667076398798
6977,7.967362034833059e-05,0.993380069732666,0.0,17.624305725097656,186.531494140625,-123.55275300873336,48.11667076398798
6978,7.967362034833059e-05,0.993380069732666,0.0,17.624305725097656,186.531494140625,-123.55275300873336,48.11667076398798
6979,7.967362034833059e-05,0.993380069732666,0.0,17.624305725097656,186.531494140625,-123.55275300873336,48.11667076398798
6980,7.967362034833059e-05,0.993380069732666,0.0,17.624305725097656,186.531494140625,-123.55275300873336,48.11667076398798
6981,7.967362034833059e-05,0.993380069732666,0.0,17.624305725097656,186.531494140625,-123.55275300873336,48.11667076398798
6982,7.967362034833059e-05,0.993380069732666,0.0,17.624305725097656,186.531494140625,-123.55275300873336,48.11667076398798
6983,7.967362034833059e-05,0.993380069732666,0.0,17.624305725097656,186.531494140625,-123.55275300873336,48.11667076398798
6984,7.967362034833059e-05,0.993380069732666,0.0,17.624305725097656,186.531494140625,-123.55275300873336,48.11667076398798
6985,0.9999897480010986,2.2293246729532257e-05,0.0,19.579999923706055,414.849365234375,-123.55235300873336,48.11667076398798
6986,0.9999897480010986,2.2293246729532257e-05,0.0,19.579999923706055,414.849365234375,-123.55235300873336,48.11667076398798
6987,0.9999897480010986,2.2293246729532257e-05,0.0,19.579999923706055,414.849365234375,-123.55235300873336,48.11667076398798
6988,0.9999897480010986,2.2293246729532257e-05,0.0,19.579999923706055,414.849365234375,-123.55235300873336,48.11667076398798
6989,0.9999897480010986,2.2293246729532257e-05,0.0,19.579999923706055,414.849365234375,-123.55235300873336,48.11667076398798
6990,0.9999897480010986,2.2293246729532257e-05,0.0,19.579999923706055,414.849365234375,-123.55235300873336,48.11667076398798
6991,0.9999897480010986,2.2293246729532257e-05,0.0,19.579999923706055,414.849365234375,-123.55235300873336,48.11667076398798
6992,0.9999897480010986,2.2293246729532257e-05,0.0,19.579999923706055,414.849365234375,-123.55235300873336,48.11667076398798
6993,0.9999897480010986,2.2293246729532257e-05,0.0,19.579999923706055,414.849365234375,-123.55235300873336,48.11667076398798
6994,0.9999897480010986,2.2293246729532257e-05,0.0,19.579999923706055,414.849365234375,-123.55235300873336,48.11667076398798
6995,1.0,1.2563739801407792e-05,0.0,18.760000228881836,317.279052734375,-123.55195300873336,48.11667076398798
6996,1.0,1.2563739801407792e-05,0.0,18.760000228881836,317.279052734375,-123.55195300873336,48.11667076398798
6997,1.0,1.2563739801407792e-05,0.0,18.760000228881836,317.279052734375,-123.55195300873336,48.11667076398798
6998,1.0,1.2563739801407792e-05,0.0,18.760000228881836,317.279052734375,-123.55195300873336,48.11667076398798
6999,1.0,1.2563739801407792e-05,0.0,18.760000228881836,317.279052734375,-123.55195300873336,48.11667076398798
7000,1.0,1.2563739801407792e-05,0.0,18.760000228881836,317.279052734375,-123.55195300873336,48.11667076398798
7001,1.0,1.2563739801407792e-05,0.0,18.760000228881836,317.279052734375,-123.55195300873336,48.11667076398798
7002,1.0,1.2563739801407792e-05,0.0,18.760000228881836,317.279052734375,-123.55195300873336,48.11667076398798
7003,1.0,1.2563739801407792e-05,0.0,18.760000228881836,317.279052734375,-123.55195300873336,48.11667076398798
7004,1.0,1.2563739801407792e-05,0.0,18.760000228881836,317.279052734375,-123.55195300873336,48.11667076398798
7005,0.9999618530273438,9.583136125002056e-05,0.0,18.579999923706055,91.67878723144531,-123.55155300873336,48.11667076398798
7006,0.9999618530273438,9.583136125002056e-05,0.0,18.579999923706055,91.67878723144531,-123.55155300873336,48.11667076398798
7007,0.9999618530273438,9.583136125002056e-05,0.0,18.579999923706055,91.67878723144531,-123.55155300873336,48.11667076398798
7008,0.9999618530273438,9.583136125002056e-05,0.0,18.579999923706055,91.67878723144531,-123.55155300873336,48.11667076398798
7009,0.9999618530273438,9.583136125002056e-05,0.0,18.579999923706055,91.67878723144531,-123.55155300873336,48.11667076398798
7010,0.9999618530273438,9.583136125002056e-05,0.0,18.579999923706055,91.67878723144531,-123.55155300873336,48.11667076398798
7011,0.9999618530273438,9.583136125002056e-05,0.0,18.579999923706055,91.67878723144531,-123.55155300873336,48.11667076398798
7012,0.9999618530273438,9.583136125002056e-05,0.0,18.579999923706055,91.67878723144531,-123.55155300873336,48.11667076398798
7013,0.9999618530273438,9.583136125002056e-05,0.0,18.579999923706055,91.67878723144531,-123.55155300873336,48.11667076398798
7014,0.9999618530273438,9.583136125002056e-05,0.0,18.579999923706055,91.67878723144531,-123.55155300873336,48.11667076398798
7015,0.0,0.0,0.0,0.0,130.0,-123.55115300873337,48.11667076398798
7016,6.5833914959512185e-06,0.9989660978317261,0.0,17.629013061523438,10.770329475402832,-123.55395300873336,48.116270763987984
7017,6.5833914959512185e-06,0.9989660978317261,0.0,17.629013061523438,10.770329475402832,-123.55395300873336,48.116270763987984
7018,6.5833914959512185e-06,0.9989660978317261,0.0,17.629013061523438,10.770329475402832,-123.55395300873336,48.116270763987984
7019,6.5833914959512185e-06,0.9989660978317261,0.0,17.629013061523438,10.770329475402832,-123.55395300873336,48.116270763987984
7020,6.5833914959512185e-06,0.9989660978317261,0.0,17.629013061523438,10.770329475402832,-123.55395300873336,48.116270763987984
7021,6.5833914959512185e-06,0.9989660978317261,0.0,17.629013061523438,10.770329475402832,-123.55395300873336,48.116270763987984
7022,6.5833914959512185e-06,0.9989660978317261,0.0,17.629013061523438,10.770329475402832,-123.55395300873336,48.116270763987984
7023,6.5833914959512185e-06,0.9989660978317261,0.0,17.629013061523438,10.770329475402832,-123.55395300873336,48.116270763987984
7024,6.5833914959512185e-06,0.9989660978317261,0.0,17.629013061523438,10.770329475402832,-123.55395300873336,48.116270763987984
7025,6.5833914959512185e-06,0.9989660978317261,0.0,17.629013061523438,10.770329475402832,-123.55395300873336,48.116270763987984
7026,1.0,1.2950662494404241e-05,0.0,19.299999237060547,209.75462341308594,-123.55355300873336,48.116270763987984
7027,1.0,1.2950662494404241e-05,0.0,19.299999237060547,209.75462341308594,-123.55355300873336,48.116270763987984
7028,1.0,1.2950662494404241e-05,0.0,19.299999237060547,209.75462341308594,-123.55355300873336,48.116270763987984
7029,1.0,1.2950662494404241e-05,0.0,19.299999237060547,209.75462341308594,-123.55355300873336,48.116270763987984
7030,1.0,1.2950662494404241e-05,0.0,19.299999237060547,209.75462341308594,-123.55355300873336,48.116270763987984
7031,1.0,1.2950662494404241e-05,0.0,19.299999237060547,209.75462341308594,-123.55355300873336,48.116270763987984
7032,1.0,1.2950662494404241e-05,0.0,19.299999237060547,209.75462341308594,-123.55355300873336,48.116270763987984
7033,1.0,1.2950662494404241e-05,0.0,19.299999237060547,209.75462341308594,-123.55355300873336,48.116270763987984
7034,1.0,1.2950662494404241e-05,0.0,19.299999237060547,209.75462341308594,-123.55355300873336,48.116270763987984
7035,1.0,1.2950662494404241e-05,0.0,19.299999237060547,209.75462341308594,-123.55355300873336,48.116270763987984
7036,1.451769321647589e-06,0.9102739691734314,0.0,19.23557472229004,135.48431396484375,-123.55315300873336,48.116270763987984
7037,1.451769321647589e-06,0.9102739691734314,0.0,19.23557472229004,135.48431396484375,-123.55315300873336,48.116270763987984
7038,1.451769321647589e-06,0.9102739691734314,0.0,19.23557472229004,135.48431396484375,-123.55315300873336,48.116270763987984
7039,1.451769321647589e-06,0.9102739691734314,0.0,19.23557472229004,135.48431396484375,-123.55315300873336,48.116270763987984
7040,1.451769321647589e-06,0.9102739691734314,0.0,19.23557472229004,135.48431396484375,-123.55315300873336,48.116270763987984
7041,1.451769321647589e-06,0.9102739691734314,0.0,19.23557472229004,135.48431396484375,-123.55315300873336,48.116270763987984
7042,1.451769321647589e-06,0.9102739691734314,0.0,19.23557472229004,135.48431396484375,-123.55315300873336,48.116270763987984
7043,1.451769321647589e-06,0.9102739691734314,0.0,19.23557472229004,135.48431396484375,-123.55315300873336,48.116270763987984
7044,1.451769321647589e-06,0.9102739691734314,0.0,19.23557472229004,135.48431396484375,-123.55315300873336,48.116270763987984
7045,1.451769321647589e-06,0.9102739691734314,0.0,19.23557472229004,135.48431396484375,-123.55315300873336,48.116270763987984
7046,5.127324129716726e-06,0.9988321661949158,0.0,18.04779624938965,115.41230773925781,-123.55275300873336,48.116270763987984
7047,5.127324129716726e-06,0.9988321661949158,0.0,18.04779624938965,115.41230773925781,-123.55275300873336,48.116270763987984
7048,5.127324129716726e-06,0.9988321661949158,0.0,18.04779624938965,115.41230773925781,-123.55275300873336,48.116270763987984
7049,5.127324129716726e-06,0.9988321661949158,0.0,18.04779624938965,115.41230773925781,-123.55275300873336,48.116270763987984
7050,5.127324129716726e-06,0.9988321661949158,0.0,18.04779624938965,115.41230773925781,-123.55275300873336,48.116270763987984
7051,5.127324129716726e-06,0.9988321661949158,0.0,18.04779624938965,115.41230773925781,-123.55275300873336,48.116270763987984
7052,5.127324129716726e-06,0.9988321661949158,0.0,18.04779624938965,115.41230773925781,-123.55275300873336,48.116270763987984
7053,5.127324129716726e-06,0.9988321661949158,0.0,18.04779624938965,115.41230773925781,-123.55275300873336,48.116270763987984
7054,5.127324129716726e-06,0.9988321661949158,0.0,18.04779624938965,115.41230773925781,-123.55275300873336,48.116270763987984
7055,5.127324129716726e-06,0.9988321661949158,0.0,18.04779624938965,115.41230773925781,-123.55275300873336,48.116270763987984
7056,0.9678621292114258,0.000125770311569795,0.0,20.010000228881836,367.98370361328125,-123.55235300873336,48.116270763987984
7057,0.9678621292114258,0.000125770311569795,0.0,20.010000228881836,367.98370361328125,-123.55235300873336,48.116270763987984
7058,0.9678621292114258,0.000125770311569795,0.0,20.010000228881836,367.98370361328125,-123.55235300873336,48.116270763987984
7059,0.9678621292114258,0.000125770311569795,0.0,20.010000228881836,367.98370361328125,-123.55235300873336,48.116270763987984
7060,0.9678621292114258,0.000125770311569795,0.0,20.010000228881836,367.98370361328125,-123.55235300873336,48.116270763987984
7061,0.9678621292114258,0.000125770311569795,0.0,20.010000228881836,367.98370361328125,-123.55235300873336,48.116270763987984
7062,0.9678621292114258,0.000125770311569795,0.0,20.010000228881836,367.98370361328125,-123.55235300873336,48.116270763987984
7063,0.9678621292114258,0.000125770311569795,0.0,20.010000228881836,367.98370361328125,-123.55235300873336,48.116270763987984
7064,0.9678621292114258,0.000125770311569795,0.0,20.010000228881836,367.98370361328125,-123.55235300873336,48.116270763987984
7065,0.9678621292114258,0.000125770311569795,0.0,20.010000228881836,367.98370361328125,-123.55235300873336,48.116270763987984
7066,1.0,1.2253944987605792e-05,0.0,19.0,187.62728881835938,-123.55195300873336,48.116270763987984
7067,1.0,1.2253944987605792e-05,0.0,19.0,187.62728881835938,-123.55195300873336,48.116270763987984
7068,1.0,1.2253944987605792e-05,0.0,19.0,187.62728881835938,-123.55195300873336,48.116270763987984
7069,1.0,1.2253944987605792e-05,0.0,19.0,187.62728881835938,-123.55195300873336,48.116270763987984
7070,1.0,1.2253944987605792e-05,0.0,19.0,187.62728881835938,-123.55195300873336,48.116270763987984
7071,1.0,1.2253944987605792e-05,0.0,19.0,187.62728881835938,-123.55195300873336,48.116270763987984
7072,1.0,1.2253944987605792e-05,0.0,19.0,187.62728881835938,-123.55195300873336,48.116270763987984
7073,1.0,1.2253944987605792e-05,0.0,19.0,187.62728881835938,-123.55195300873336,48.116270763987984
7074,1.0,1.2253944987605792e-05,0.0,19.0,187.62728881835938,-123.55195300873336,48.116270763987984
7075,1.0,1.2253944987605792e-05,0.0,19.0,187.62728881835938,-123.55195300873336,48.116270763987984
7076,0.9993000030517578,5.906367368879728e-05,0.0,18.1299991607666,31.30495262145996,-123.55155300873336,48.116270763987984
7077,0.9993000030517578,5.906367368879728e-05,0.0,18.1299991607666,31.30495262145996,-123.55155300873336,48.116270763987984
7078,0.9993000030517578,5.906367368879728e-05,0.0,18.1299991607666,31.30495262145996,-123.55155300873336,48.116270763987984
7079,0.9993000030517578,5.906367368879728e-05,0.0,18.1299991607666,31.30495262145996,-123.55155300873336,48.116270763987984
7080,0.9993000030517578,5.906367368879728e-05,0.0,18.1299991607666,31.30495262145996,-123.55155300873336,48.116270763987984
7081,0.9993000030517578,5.906367368879728e-05,0.0,18.1299991607666,31.30495262145996,-123.55155300873336,48.116270763987984
7082,0.9993000030517578,5.906367368879728e-05,0.0,18.1299991607666,31.30495262145996,-123.55155300873336,48.116270763987984
7083,0.9993000030517578,5.906367368879728e-05,0.0,18.1299991607666,31.30495262145996,-123.55155300873336,48.116270763987984
7084,0.9993000030517578,5.906367368879728e-05,0.0,18.1299991607666,31.30495262145996,-123.55155300873336,48.116270763987984
7085,0.9993000030517578,5.906367368879728e-05,0.0,18.1299991607666,31.30495262145996,-123.55155300873336,48.116270763987984
7086,6.416210453608073e-06,0.7301030158996582,0.0,18.130094528198242,57.982757568359375,-123.55355300873336,48.115870763987985
7087,6.416210453608073e-06,0.7301030158996582,0.0,18.130094528198242,57.982757568359375,-123.55355300873336,48.115870763987985
7088,6.416210453608073e-06,0.7301030158996582,0.0,18.130094528198242,57.982757568359375,-123.55355300873336,48.115870763987985
7089,6.416210453608073e-06,0.7301030158996582,0.0,18.130094528198242,57.982757568359375,-123.55355300873336,48.115870763987985
7090,6.416210453608073e-06,0.7301030158996582,0.0,18.130094528198242,57.982757568359375,-123.55355300873336,48.115870763987985
7091,6.416210453608073e-06,0.7301030158996582,0.0,18.130094528198242,57.982757568359375,-123.55355300873336,48.115870763987985
7092,6.416210453608073e-06,0.7301030158996582,0.0,18.130094528198242,57.982757568359375,-123.55355300873336,48.115870763987985
7093,6.416210453608073e-06,0.7301030158996582,0.0,18.130094528198242,57.982757568359375,-123.55355300873336,48.115870763987985
7094,6.416210453608073e-06,0.7301030158996582,0.0,18.130094528198242,57.982757568359375,-123.55355300873336,48.115870763987985
7095,6.416210453608073e-06,0.7301030158996582,0.0,18.130094528198242,57.982757568359375,-123.55355300873336,48.115870763987985
7096,0.0013763124588876963,0.0016196143114939332,1.0,18.99022102355957,163.68873596191406,-123.55315300873336,48.115870763987985
7097,0.0013763124588876963,0.0016196143114939332,1.0,18.99022102355957,163.68873596191406,-123.55315300873336,48.115870763987985
7098,0.0013763124588876963,0.0016196143114939332,1.0,18.99022102355957,163.68873596191406,-123.55315300873336,48.115870763987985
7099,0.0013763124588876963,0.0016196143114939332,1.0,18.99022102355957,163.68873596191406,-123.55315300873336,48.115870763987985
7100,0.0013763124588876963,0.0016196143114939332,1.0,18.99022102355957,163.68873596191406,-123.55315300873336,48.115870763987985
7101,0.0013763124588876963,0.0016196143114939332,1.0,18.99022102355957,163.68873596191406,-123.55315300873336,48.115870763987985
7102,0.0013763124588876963,0.0016196143114939332,1.0,18.99022102355957,163.68873596191406,-123.55315300873336,48.115870763987985
7103,0.0013763124588876963,0.0016196143114939332,1.0,18.99022102355957,163.68873596191406,-123.55315300873336,48.115870763987985
7104,0.0013763124588876963,0.0016196143114939332,1.0,18.99022102355957,163.68873596191406,-123.55315300873336,48.115870763987985
7105,0.0013763124588876963,0.0016196143114939332,1.0,18.99022102355957,163.68873596191406,-123.55315300873336,48.115870763987985
7106,1.7483572491983068e-06,0.18961288034915924,0.0,18.39179801940918,87.96590423583984,-123.55275300873336,48.115870763987985
7107,1.7483572491983068e-06,0.18961288034915924,0.0,18.39179801940918,87.96590423583984,-123.55275300873336,48.115870763987985
7108,1.7483572491983068e-06,0.18961288034915924,0.0,18.39179801940918,87.96590423583984,-123.55275300873336,48.115870763987985
7109,1.7483572491983068e-06,0.18961288034915924,0.0,18.39179801940918,87.96590423583984,-123.55275300873336,48.115870763987985
7110,1.7483572491983068e-06,0.18961288034915924,0.0,18.39179801940918,87.96590423583984,-123.55275300873336,48.115870763987985
7111,1.7483572491983068e-06,0.18961288034915924,0.0,18.39179801940918,87.96590423583984,-123.55275300873336,48.115870763987985
7112,1.7483572491983068e-06,0.18961288034915924,0.0,18.39179801940918,87.96590423583984,-123.55275300873336,48.115870763987985
7113,1.7483572491983068e-06,0.18961288034915924,0.0,18.39179801940918,87.96590423583984,-123.55275300873336,48.115870763987985
7114,1.7483572491983068e-06,0.18961288034915924,0.0,18.39179801940918,87.96590423583984,-123.55275300873336,48.115870763987985
7115,1.7483572491983068e-06,0.18961288034915924,0.0,18.39179801940918,87.96590423583984,-123.55275300873336,48.115870763987985
7116,0.9996575117111206,3.782845305977389e-05,0.0,19.56999969482422,196.49172973632812,-123.55235300873336,48.115870763987985
7117,0.9996575117111206,3.782845305977389e-05,0.0,19.56999969482422,196.49172973632812,-123.55235300873336,48.115870763987985
7118,0.9996575117111206,3.782845305977389e-05,0.0,19.56999969482422,196.49172973632812,-123.55235300873336,48.115870763987985
7119,0.9996575117111206,3.782845305977389e-05,0.0,19.56999969482422,196.49172973632812,-123.55235300873336,48.115870763987985
7120,0.9996575117111206,3.782845305977389e-05,0.0,19.56999969482422,196.49172973632812,-123.55235300873336,48.115870763987985
7121,0.9996575117111206,3.782845305977389e-05,0.0,19.56999969482422,196.49172973632812,-123.55235300873336,48.115870763987985
7122,0.9996575117111206,3.782845305977389e-05,0.0,19.56999969482422,196.49172973632812,-123.55235300873336,48.115870763987985
7123,0.9996575117111206,3.782845305977389e-05,0.0,19.56999969482422,196.49172973632812,-123.55235300873336,48.115870763987985
7124,0.9996575117111206,3.782845305977389e-05,0.0,19.56999969482422,196.49172973632812,-123.55235300873336,48.115870763987985
7125,0.9996575117111206,3.782845305977389e-05,0.0,19.56999969482422,196.49172973632812,-123.55235300873336,48.115870763987985
7126,0.008862235583364964,0.0003661260998342186,0.0,18.639999389648438,19.10497283935547,-123.55195300873336,48.115870763987985
7127,0.008862235583364964,0.0003661260998342186,0.0,18.639999389648438,19.10497283935547,-123.55195300873336,48.115870763987985
7128,0.008862235583364964,0.0003661260998342186,0.0,18.639999389648438,19.10497283935547,-123.55195300873336,48.115870763987985
7129,0.008862235583364964,0.0003661260998342186,0.0,18.639999389648438,19.10497283935547,-123.55195300873336,48.115870763987985
7130,0.008862235583364964,0.0003661260998342186,0.0,18.639999389648438,19.10497283935547,-123.55195300873336,48.115870763987985
7131,0.008862235583364964,0.0003661260998342186,0.0,18.639999389648438,19.10497283935547,-123.55195300873336,48.115870763987985
7132,0.008862235583364964,0.0003661260998342186,0.0,18.639999389648438,19.10497283935547,-123.55195300873336,48.115870763987985
7133,0.008862235583364964,0.0003661260998342186,0.0,18.639999389648438,19.10497283935547,-123.55195300873336,48.115870763987985
7134,0.008862235583364964,0.0003661260998342186,0.0,18.639999389648438,19.10497283935547,-123.55195300873336,48.115870763987985
7135,0.008862235583364964,0.0003661260998342186,0.0,18.639999389648438,19.10497283935547,-123.55195300873336,48.115870763987985
7136,0.0,0.0,0.0,0.0,166.5082550048828,-123.55155300873336,48.115870763987985
7137,0.0,0.0,0.0,0.0,130.8739776611328,-123.55355300873336,48.115470763987986
7138,9.151065114565426e-07,0.15423369407653809,0.0,18.185550689697266,32.526912689208984,-123.55315300873336,48.115470763987986
7139,9.151065114565426e-07,0.15423369407653809,0.0,18.185550689697266,32.526912689208984,-123.55315300873336,48.115470763987986
7140,9.151065114565426e-07,0.15423369407653809,0.0,18.185550689697266,32.526912689208984,-123.55315300873336,48.115470763987986
7141,9.151065114565426e-07,0.15423369407653809,0.0,18.185550689697266,32.526912689208984,-123.55315300873336,48.115470763987986
7142,9.151065114565426e-07,0.15423369407653809,0.0,18.185550689697266,32.526912689208984,-123.55315300873336,48.115470763987986
7143,9.151065114565426e-07,0.15423369407653809,0.0,18.185550689697266,32.526912689208984,-123.55315300873336,48.115470763987986
7144,9.151065114565426e-07,0.15423369407653809,0.0,18.185550689697266,32.526912689208984,-123.55315300873336,48.115470763987986
7145,9.151065114565426e-07,0.15423369407653809,0.0,18.185550689697266,32.526912689208984,-123.55315300873336,48.115470763987986
7146,9.151065114565426e-07,0.15423369407653809,0.0,18.185550689697266,32.526912689208984,-123.55315300873336,48.115470763987986
7147,9.151065114565426e-07,0.15423369407653809,0.0,18.185550689697266,32.526912689208984,-123.55315300873336,48.115470763987986
7148,7.790443987687468e-07,0.31139495968818665,0.0,18.497861862182617,77.82030487060547,-123.55275300873336,48.115470763987986
7149,7.790443987687468e-07,0.31139495968818665,0.0,18.497861862182617,77.82030487060547,-123.55275300873336,48.115470763987986
7150,7.790443987687468e-07,0.31139495968818665,0.0,18.497861862182617,77.82030487060547,-123.55275300873336,48.115470763987986
7151,7.790443987687468e-07,0.31139495968818665,0.0,18.497861862182617,77.82030487060547,-123.55275300873336,48.115470763987986
7152,7.790443987687468e-07,0.31139495968818665,0.0,18.497861862182617,77.82030487060547,-123.55275300873336,48.115470763987986
7153,7.790443987687468e-07,0.31139495968818665,0.0,18.497861862182617,77.82030487060547,-123.55275300873336,48.115470763987986
7154,7.790443987687468e-07,0.31139495968818665,0.0,18.497861862182617,77.82030487060547,-123.55275300873336,48.115470763987986
7155,7.790443987687468e-07,0.31139495968818665,0.0,18.497861862182617,77.82030487060547,-123.55275300873336,48.115470763987986
7156,7.790443987687468e-07,0.31139495968818665,0.0,18.497861862182617,77.82030487060547,-123.55275300873336,48.115470763987986
7157,7.790443987687468e-07,0.31139495968818665,0.0,18.497861862182617,77.82030487060547,-123.55275300873336,48.115470763987986
7158,8.557485125493258e-05,0.00036969484062865376,0.0,18.854604721069336,26.925823211669922,-123.55235300873336,48.115470763987986
7159,8.557485125493258e-05,0.00036969484062865376,0.0,18.854604721069336,26.925823211669922,-123.55235300873336,48.115470763987986
7160,8.557485125493258e-05,0.00036969484062865376,0.0,18.854604721069336,26.925823211669922,-123.55235300873336,48.115470763987986
7161,8.557485125493258e-05,0.00036969484062865376,0.0,18.854604721069336,26.925823211669922,-123.55235300873336,48.115470763987986
7162,8.557485125493258e-05,0.00036969484062865376,0.0,18.854604721069336,26.925823211669922,-123.55235300873336,48.115470763987986
7163,8.557485125493258e-05,0.00036969484062865376,0.0,18.854604721069336,26.925823211669922,-123.55235300873336,48.115470763987986
7164,8.557485125493258e-05,0.00036969484062865376,0.0,18.854604721069336,26.925823211669922,-123.55235300873336,48.115470763987986
7165,8.557485125493258e-05,0.00036969484062865376,0.0,18.854604721069336,26.925823211669922,-123.55235300873336,48.115470763987986
7166,8.557485125493258e-05,0.00036969484062865376,0.0,18.854604721069336,26.925823211669922,-123.55235300873336,48.115470763987986
7167,8.557485125493258e-05,0.00036969484062865376,0.0,18.854604721069336,26.925823211669922,-123.55235300873336,48.115470763987986
7168,0.0,0.0,0.0,0.0,154.98387145996094,-123.55195300873336,48.115470763987986
7169,0.0,0.0,0.0,0.0,154.98387145996094,-123.55195300873336,48.115470763987986
7170,5.3496937653108034e-06,0.967902660369873,0.0,18.07752227783203,87.46427917480469,-123.55315300873336,48.11507076398799
7171,5.3496937653108034e-06,0.967902660369873,0.0,18.07752227783203,87.46427917480469,-123.55315300873336,48.11507076398799
7172,5.3496937653108034e-06,0.967902660369873,0.0,18.07752227783203,87.46427917480469,-123.55315300873336,48.11507076398799
7173,5.3496937653108034e-06,0.967902660369873,0.0,18.07752227783203,87.46427917480469,-123.55315300873336,48.11507076398799
7174,5.3496937653108034e-06,0.967902660369873,0.0,18.07752227783203,87.46427917480469,-123.55315300873336,48.11507076398799
7175,5.3496937653108034e-06,0.967902660369873,0.0,18.07752227783203,87.46427917480469,-123.55315300873336,48.11507076398799
7176,5.3496937653108034e-06,0.967902660369873,0.0,18.07752227783203,87.46427917480469,-123.55315300873336,48.11507076398799
7177,5.3496937653108034e-06,0.967902660369873,0.0,18.07752227783203,87.46427917480469,-123.55315300873336,48.11507076398799
7178,5.3496937653108034e-06,0.967902660369873,0.0,18.07752227783203,87.46427917480469,-123.55315300873336,48.11507076398799
7179,5.3496937653108034e-06,0.967902660369873,0.0,18.07752227783203,87.46427917480469,-123.55315300873336,48.11507076398799
7180,5.104989213577937e-07,0.013868994079530239,0.0,18.090900421142578,151.79591369628906,-123.55275300873336,48.11507076398799
7181,5.104989213577937e-07,0.013868994079530239,0.0,18.090900421142578,151.79591369628906,-123.55275300873336,48.11507076398799
7182,5.104989213577937e-07,0.013868994079530239,0.0,18.090900421142578,151.79591369628906,-123.55275300873336,48.11507076398799
7183,5.104989213577937e-07,0.013868994079530239,0.0,18.090900421142578,151.79591369628906,-123.55275300873336,48.11507076398799
7184,5.104989213577937e-07,0.013868994079530239,0.0,18.090900421142578,151.79591369628906,-123.55275300873336,48.11507076398799
7185,5.104989213577937e-07,0.013868994079530239,0.0,18.090900421142578,151.79591369628906,-123.55275300873336,48.11507076398799
7186,5.104989213577937e-07,0.013868994079530239,0.0,18.090900421142578,151.79591369628906,-123.55275300873336,48.11507076398799
7187,5.104989213577937e-07,0.013868994079530239,0.0,18.090900421142578,151.79591369628906,-123.55275300873336,48.11507076398799
7188,5.104989213577937e-07,0.013868994079530239,0.0,18.090900421142578,151.79591369628906,-123.55275300873336,48.11507076398799
7189,5.104989213577937e-07,0.013868994079530239,0.0,18.090900421142578,151.79591369628906,-123.55275300873336,48.11507076398799
7190,0.0,0.0,0.0,0.0,189.28285217285156,-123.55355300873336,48.11467076398799
7191,0.0,0.0,0.0,0.0,189.28285217285156,-123.55355300873336,48.11467076398799
7192,0.0,0.0,0.0,0.0,189.28285217285156,-123.55355300873336,48.11467076398799
7193,0.0,0.0,0.0,0.0,189.28285217285156,-123.55355300873336,48.11467076398799
7194,1.2342161426204257e-07,0.014392850920557976,0.0,18.933513641357422,20.59126091003418,-123.55315300873336,48.11467076398799
7195,1.2342161426204257e-07,0.014392850920557976,0.0,18.933513641357422,20.59126091003418,-123.55315300873336,48.11467076398799
7196,1.2342161426204257e-07,0.014392850920557976,0.0,18.933513641357422,20.59126091003418,-123.55315300873336,48.11467076398799
7197,1.2342161426204257e-07,0.014392850920557976,0.0,18.933513641357422,20.59126091003418,-123.55315300873336,48.11467076398799
7198,1.2342161426204257e-07,0.014392850920557976,0.0,18.933513641357422,20.59126091003418,-123.55315300873336,48.11467076398799
7199,1.2342161426204257e-07,0.014392850920557976,0.0,18.933513641357422,20.59126091003418,-123.55315300873336,48.11467076398799
7200,1.2342161426204257e-07,0.014392850920557976,0.0,18.933513641357422,20.59126091003418,-123.55315300873336,48.11467076398799
7201,1.2342161426204257e-07,0.014392850920557976,0.0,18.933513641357422,20.59126091003418,-123.55315300873336,48.11467076398799
7202,1.2342161426204257e-07,0.014392850920557976,0.0,18.933513641357422,20.59126091003418,-123.55315300873336,48.11467076398799
7203,1.2342161426204257e-07,0.014392850920557976,0.0,18.933513641357422,20.59126091003418,-123.55315300873336,48.11467076398799
7204,0.0,0.0,0.0,0.0,240.85264587402344,-123.55275300873336,48.11467076398799
7205,0.0,0.0,0.0,0.0,240.85264587402344,-123.55275300873336,48.11467076398799
7206,0.0,0.0,0.0,0.0,240.85264587402344,-123.55275300873336,48.11467076398799
7207,0.0,0.0,0.0,0.0,240.85264587402344,-123.55275300873336,48.11467076398799
7208,0.0,0.0,0.0,0.0,240.85264587402344,-123.55275300873336,48.11467076398799
7209,0.9981202483177185,0.004933816380798817,0.0,20.100000381469727,233.40309143066406,-123.55395300873336,48.11427076398799
7210,0.9981202483177185,0.004933816380798817,0.0,20.100000381469727,233.40309143066406,-123.55395300873336,48.11427076398799
7211,0.9981202483177185,0.004933816380798817,0.0,20.100000381469727,233.40309143066406,-123.55395300873336,48.11427076398799
7212,7.777154920063367e-09,0.562936007976532,0.0,19.197187423706055,27.80287742614746,-123.55355300873336,48.11427076398799
7213,7.777154920063367e-09,0.562936007976532,0.0,19.197187423706055,27.80287742614746,-123.55355300873336,48.11427076398799
7214,7.777154920063367e-09,0.562936007976532,0.0,19.197187423706055,27.80287742614746,-123.55355300873336,48.11427076398799
7215,7.777154920063367e-09,0.562936007976532,0.0,19.197187423706055,27.80287742614746,-123.55355300873336,48.11427076398799
7216,7.777154920063367e-09,0.562936007976532,0.0,19.197187423706055,27.80287742614746,-123.55355300873336,48.11427076398799
7217,7.777154920063367e-09,0.562936007976532,0.0,19.197187423706055,27.80287742614746,-123.55355300873336,48.11427076398799
7218,7.777154920063367e-09,0.562936007976532,0.0,19.197187423706055,27.80287742614746,-123.55355300873336,48.11427076398799
7219,7.777154920063367e-09,0.562936007976532,0.0,19.197187423706055,27.80287742614746,-123.55355300873336,48.11427076398799
7220,7.777154920063367e-09,0.562936007976532,0.0,19.197187423706055,27.80287742614746,-123.55355300873336,48.11427076398799
7221,7.777154920063367e-09,0.562936007976532,0.0,19.197187423706055,27.80287742614746,-123.55355300873336,48.11427076398799
7222,0.0019878989551216364,0.000669207307510078,0.0,18.26018714904785,168.88458251953125,-123.55315300873336,48.11427076398799
7223,0.0019878989551216364,0.000669207307510078,0.0,18.26018714904785,168.88458251953125,-123.55315300873336,48.11427076398799
7224,0.0019878989551216364,0.000669207307510078,0.0,18.26018714904785,168.88458251953125,-123.55315300873336,48.11427076398799
7225,0.0019878989551216364,0.000669207307510078,0.0,18.26018714904785,168.88458251953125,-123.55315300873336,48.11427076398799
7226,0.0019878989551216364,0.000669207307510078,0.0,18.26018714904785,168.88458251953125,-123.55315300873336,48.11427076398799
7227,0.0019878989551216364,0.000669207307510078,0.0,18.26018714904785,168.88458251953125,-123.55315300873336,48.11427076398799
7228,0.0019878989551216364,0.000669207307510078,0.0,18.26018714904785,168.88458251953125,-123.55315300873336,48.11427076398799
7229,0.0019878989551216364,0.000669207307510078,0.0,18.26018714904785,168.88458251953125,-123.55315300873336,48.11427076398799
7230,0.0019878989551216364,0.000669207307510078,0.0,18.26018714904785,168.88458251953125,-123.55315300873336,48.11427076398799
7231,0.0001937441120389849,1.885847086668946e-05,0.0,18.441247940063477,51.855567932128906,-123.55395300873336,48.11387076398799
7232,0.0001937441120389849,1.885847086668946e-05,0.0,18.441247940063477,51.855567932128906,-123.55395300873336,48.11387076398799
7233,0.0001937441120389849,1.885847086668946e-05,0.0,18.441247940063477,51.855567932128906,-123.55395300873336,48.11387076398799
7234,0.0001937441120389849,1.885847086668946e-05,0.0,18.441247940063477,51.855567932128906,-123.55395300873336,48.11387076398799
7235,0.0001937441120389849,1.885847086668946e-05,0.0,18.441247940063477,51.855567932128906,-123.55395300873336,48.11387076398799
7236,0.0001937441120389849,1.885847086668946e-05,0.0,18.441247940063477,51.855567932128906,-123.55395300873336,48.11387076398799
7237,0.0001937441120389849,1.885847086668946e-05,0.0,18.441247940063477,51.855567932128906,-123.55395300873336,48.11387076398799
7238,0.0001937441120389849,1.885847086668946e-05,0.0,18.441247940063477,51.855567932128906,-123.55395300873336,48.11387076398799
7239,0.0001937441120389849,1.885847086668946e-05,0.0,18.441247940063477,51.855567932128906,-123.55395300873336,48.11387076398799
7240,0.0001937441120389849,1.885847086668946e-05,0.0,18.441247940063477,51.855567932128906,-123.55395300873336,48.11387076398799
7241,0.0019212280167266726,0.9908499717712402,0.0,18.405000686645508,122.4132308959961,-123.55355300873336,48.11387076398799
7242,0.0019212280167266726,0.9908499717712402,0.0,18.405000686645508,122.4132308959961,-123.55355300873336,48.11387076398799
7243,0.0019212280167266726,0.9908499717712402,0.0,18.405000686645508,122.4132308959961,-123.55355300873336,48.11387076398799
7244,0.0019212280167266726,0.9908499717712402,0.0,18.405000686645508,122.4132308959961,-123.55355300873336,48.11387076398799
7245,0.0019212280167266726,0.9908499717712402,0.0,18.405000686645508,122.4132308959961,-123.55355300873336,48.11387076398799
7246,0.0019212280167266726,0.9908499717712402,0.0,18.405000686645508,122.4132308959961,-123.55355300873336,48.11387076398799
7247,0.0019212280167266726,0.9908499717712402,0.0,18.405000686645508,122.4132308959961,-123.55355300873336,48.11387076398799
7248,0.0019212280167266726,0.9908499717712402,0.0,18.405000686645508,122.4132308959961,-123.55355300873336,48.11387076398799
7249,0.0019212280167266726,0.9908499717712402,0.0,18.405000686645508,122.4132308959961,-123.55355300873336,48.11387076398799
7250,0.0019212280167266726,0.9908499717712402,0.0,18.405000686645508,122.4132308959961,-123.55355300873336,48.11387076398799
7251,8.15833336673677e-05,0.9763221740722656,0.0,18.360599517822266,88.1192398071289,-123.55435300873336,48.11347076398799
7252,8.15833336673677e-05,0.9763221740722656,0.0,18.360599517822266,88.1192398071289,-123.55435300873336,48.11347076398799
7253,8.15833336673677e-05,0.9763221740722656,0.0,18.360599517822266,88.1192398071289,-123.55435300873336,48.11347076398799
7254,8.15833336673677e-05,0.9763221740722656,0.0,18.360599517822266,88.1192398071289,-123.55435300873336,48.11347076398799
7255,8.15833336673677e-05,0.9763221740722656,0.0,18.360599517822266,88.1192398071289,-123.55435300873336,48.11347076398799
7256,8.15833336673677e-05,0.9763221740722656,0.0,18.360599517822266,88.1192398071289,-123.55435300873336,48.11347076398799
7257,8.15833336673677e-05,0.9763221740722656,0.0,18.360599517822266,88.1192398071289,-123.55435300873336,48.11347076398799
7258,8.15833336673677e-05,0.9763221740722656,0.0,18.360599517822266,88.1192398071289,-123.55435300873336,48.11347076398799
7259,8.15833336673677e-05,0.9763221740722656,0.0,18.360599517822266,88.1192398071289,-123.55435300873336,48.11347076398799
7260,8.15833336673677e-05,0.9763221740722656,0.0,18.360599517822266,88.1192398071289,-123.55435300873336,48.11347076398799
7261,1.6957595505573408e-07,0.878575325012207,0.0,19.171886444091797,125.93649291992188,-123.55395300873336,48.11347076398799
7262,1.6957595505573408e-07,0.878575325012207,0.0,19.171886444091797,125.93649291992188,-123.55395300873336,48.11347076398799
7263,1.6957595505573408e-07,0.878575325012207,0.0,19.171886444091797,125.93649291992188,-123.55395300873336,48.11347076398799
7264,1.6957595505573408e-07,0.878575325012207,0.0,19.171886444091797,125.93649291992188,-123.55395300873336,48.11347076398799
7265,1.6957595505573408e-07,0.878575325012207,0.0,19.171886444091797,125.93649291992188,-123.55395300873336,48.11347076398799
7266,1.6957595505573408e-07,0.878575325012207,0.0,19.171886444091797,125.93649291992188,-123.55395300873336,48.11347076398799
7267,1.6957595505573408e-07,0.878575325012207,0.0,19.171886444091797,125.93649291992188,-123.55395300873336,48.11347076398799
7268,1.6957595505573408e-07,0.878575325012207,0.0,19.171886444091797,125.93649291992188,-123.55395300873336,48.11347076398799
7269,1.6957595505573408e-07,0.878575325012207,0.0,19.171886444091797,125.93649291992188,-123.55395300873336,48.11347076398799
7270,1.6957595505573408e-07,0.878575325012207,0.0,19.171886444091797,125.93649291992188,-123.55395300873336,48.11347076398799
7271,0.06452765315771103,0.6605992913246155,0.0,18.963558197021484,338.1153564453125,-123.55475300873336,48.11307076398799
7272,0.06452765315771103,0.6605992913246155,0.0,18.963558197021484,338.1153564453125,-123.55475300873336,48.11307076398799
7273,0.06452765315771103,0.6605992913246155,0.0,18.963558197021484,338.1153564453125,-123.55475300873336,48.11307076398799
7274,0.06452765315771103,0.6605992913246155,0.0,18.963558197021484,338.1153564453125,-123.55475300873336,48.11307076398799
7275,0.06452765315771103,0.6605992913246155,0.0,18.963558197021484,338.1153564453125,-123.55475300873336,48.11307076398799
7276,0.06452765315771103,0.6605992913246155,0.0,18.963558197021484,338.1153564453125,-123.55475300873336,48.11307076398799
7277,0.06452765315771103,0.6605992913246155,0.0,18.963558197021484,338.1153564453125,-123.55475300873336,48.11307076398799
7278,0.06452765315771103,0.6605992913246155,0.0,18.963558197021484,338.1153564453125,-123.55475300873336,48.11307076398799
7279,0.06452765315771103,0.6605992913246155,0.0,18.963558197021484,338.1153564453125,-123.55475300873336,48.11307076398799
7280,0.06452765315771103,0.6605992913246155,0.0,18.963558197021484,338.1153564453125,-123.55475300873336,48.11307076398799
7281,6.790828138036886e-06,0.018313566222786903,0.0,18.990856170654297,88.45903015136719,-123.55435300873336,48.11307076398799
7282,6.790828138036886e-06,0.018313566222786903,0.0,18.990856170654297,88.45903015136719,-123.55435300873336,48.11307076398799
7283,6.790828138036886e-06,0.018313566222786903,0.0,18.990856170654297,88.45903015136719,-123.55435300873336,48.11307076398799
7284,6.790828138036886e-06,0.018313566222786903,0.0,18.990856170654297,88.45903015136719,-123.55435300873336,48.11307076398799
7285,6.790828138036886e-06,0.018313566222786903,0.0,18.990856170654297,88.45903015136719,-123.55435300873336,48.11307076398799
7286,6.790828138036886e-06,0.018313566222786903,0.0,18.990856170654297,88.45903015136719,-123.55435300873336,48.11307076398799
7287,6.790828138036886e-06,0.018313566222786903,0.0,18.990856170654297,88.45903015136719,-123.55435300873336,48.11307076398799
7288,6.790828138036886e-06,0.018313566222786903,0.0,18.990856170654297,88.45903015136719,-123.55435300873336,48.11307076398799
7289,6.790828138036886e-06,0.018313566222786903,0.0,18.990856170654297,88.45903015136719,-123.55435300873336,48.11307076398799
7290,6.790828138036886e-06,0.018313566222786903,0.0,18.990856170654297,88.45903015136719,-123.55435300873336,48.11307076398799
7291,8.571482226216176e-07,0.9867543578147888,0.0,19.864269256591797,27.20294189453125,-123.55395300873336,48.11307076398799
7292,8.571482226216176e-07,0.9867543578147888,0.0,19.864269256591797,27.20294189453125,-123.55395300873336,48.11307076398799
7293,8.571482226216176e-07,0.9867543578147888,0.0,19.864269256591797,27.20294189453125,-123.55395300873336,48.11307076398799
7294,8.571482226216176e-07,0.9867543578147888,0.0,19.864269256591797,27.20294189453125,-123.55395300873336,48.11307076398799
7295,8.571482226216176e-07,0.9867543578147888,0.0,19.864269256591797,27.20294189453125,-123.55395300873336,48.11307076398799
7296,8.571482226216176e-07,0.9867543578147888,0.0,19.864269256591797,27.20294189453125,-123.55395300873336,48.11307076398799
7297,8.571482226216176e-07,0.9867543578147888,0.0,19.864269256591797,27.20294189453125,-123.55395300873336,48.11307076398799
7298,8.571482226216176e-07,0.9867543578147888,0.0,19.864269256591797,27.20294189453125,-123.55395300873336,48.11307076398799
7299,8.571482226216176e-07,0.9867543578147888,0.0,19.864269256591797,27.20294189453125,-123.55395300873336,48.11307076398799
7300,8.571482226216176e-07,0.9867543578147888,0.0,19.864269256591797,27.20294189453125,-123.55395300873336,48.11307076398799
7301,0.15457427501678467,0.5561899542808533,0.0,19.46419906616211,69.83551788330078,-123.55355300873336,48.11307076398799
7302,0.15457427501678467,0.5561899542808533,0.0,19.46419906616211,69.83551788330078,-123.55355300873336,48.11307076398799
7303,0.15457427501678467,0.5561899542808533,0.0,19.46419906616211,69.83551788330078,-123.55355300873336,48.11307076398799
7304,0.15457427501678467,0.5561899542808533,0.0,19.46419906616211,69.83551788330078,-123.55355300873336,48.11307076398799
7305,0.15457427501678467,0.5561899542808533,0.0,19.46419906616211,69.83551788330078,-123.55355300873336,48.11307076398799
7306,0.15457427501678467,0.5561899542808533,0.0,19.46419906616211,69.83551788330078,-123.55355300873336,48.11307076398799
7307,0.15457427501678467,0.5561899542808533,0.0,19.46419906616211,69.83551788330078,-123.55355300873336,48.11307076398799
7308,0.15457427501678467,0.5561899542808533,0.0,19.46419906616211,69.83551788330078,-123.55355300873336,48.11307076398799
7309,0.15457427501678467,0.5561899542808533,0.0,19.46419906616211,69.83551788330078,-123.55355300873336,48.11307076398799
7310,0.15457427501678467,0.5561899542808533,0.0,19.46419906616211,69.83551788330078,-123.55355300873336,48.11307076398799
7311,0.0,0.0,0.0,0.0,408.9449768066406,-123.55475300873336,48.11267076398799
7312,0.0,0.0,0.0,0.0,408.9449768066406,-123.55475300873336,48.11267076398799
7313,0.0,0.0,0.0,0.0,408.9449768066406,-123.55475300873336,48.11267076398799
7314,0.0,0.0,0.0,0.0,408.9449768066406,-123.55475300873336,48.11267076398799
7315,0.0,0.0,0.0,0.0,408.9449768066406,-123.55475300873336,48.11267076398799
7316,0.0,0.0,0.0,0.0,408.9449768066406,-123.55475300873336,48.11267076398799
7317,0.0,0.0,0.0,0.0,408.9449768066406,-123.55475300873336,48.11267076398799
7318,0.0,0.0,0.0,0.0,408.9449768066406,-123.55475300873336,48.11267076398799
7319,0.0,0.0,0.0,0.0,408.9449768066406,-123.55475300873336,48.11267076398799
7320,3.41020968335215e-05,0.2656390964984894,0.0,19.233440399169922,184.81613159179688,-123.55435300873336,48.11267076398799
7321,3.41020968335215e-05,0.2656390964984894,0.0,19.233440399169922,184.81613159179688,-123.55435300873336,48.11267076398799
7322,3.41020968335215e-05,0.2656390964984894,0.0,19.233440399169922,184.81613159179688,-123.55435300873336,48.11267076398799
7323,3.41020968335215e-05,0.2656390964984894,0.0,19.233440399169922,184.81613159179688,-123.55435300873336,48.11267076398799
7324,3.41020968335215e-05,0.2656390964984894,0.0,19.233440399169922,184.81613159179688,-123.55435300873336,48.11267076398799
7325,3.41020968335215e-05,0.2656390964984894,0.0,19.233440399169922,184.81613159179688,-123.55435300873336,48.11267076398799
7326,3.41020968335215e-05,0.2656390964984894,0.0,19.233440399169922,184.81613159179688,-123.55435300873336,48.11267076398799
7327,3.41020968335215e-05,0.2656390964984894,0.0,19.233440399169922,184.81613159179688,-123.55435300873336,48.11267076398799
7328,3.41020968335215e-05,0.2656390964984894,0.0,19.233440399169922,184.81613159179688,-123.55435300873336,48.11267076398799
7329,3.41020968335215e-05,0.2656390964984894,0.0,19.233440399169922,184.81613159179688,-123.55435300873336,48.11267076398799
7330,3.0793373753112974e-06,0.6203320622444153,0.0,19.265583038330078,62.09669876098633,-123.55395300873336,48.11267076398799
7331,3.0793373753112974e-06,0.6203320622444153,0.0,19.265583038330078,62.09669876098633,-123.55395300873336,48.11267076398799
7332,3.0793373753112974e-06,0.6203320622444153,0.0,19.265583038330078,62.09669876098633,-123.55395300873336,48.11267076398799
7333,3.0793373753112974e-06,0.6203320622444153,0.0,19.265583038330078,62.09669876098633,-123.55395300873336,48.11267076398799
7334,3.0793373753112974e-06,0.6203320622444153,0.0,19.265583038330078,62.09669876098633,-123.55395300873336,48.11267076398799
7335,3.0793373753112974e-06,0.6203320622444153,0.0,19.265583038330078,62.09669876098633,-123.55395300873336,48.11267076398799
7336,3.0793373753112974e-06,0.6203320622444153,0.0,19.265583038330078,62.09669876098633,-123.55395300873336,48.11267076398799
7337,3.0793373753112974e-06,0.6203320622444153,0.0,19.265583038330078,62.09669876098633,-123.55395300873336,48.11267076398799
7338,3.0793373753112974e-06,0.6203320622444153,0.0,19.265583038330078,62.09669876098633,-123.55395300873336,48.11267076398799
7339,3.0793373753112974e-06,0.6203320622444153,0.0,19.265583038330078,62.09669876098633,-123.55395300873336,48.11267076398799
7340,0.0005835693445987999,0.0017631256487220526,0.0,20.08844757080078,143.54441833496094,-123.55355300873336,48.11267076398799
7341,0.0005835693445987999,0.0017631256487220526,0.0,20.08844757080078,143.54441833496094,-123.55355300873336,48.11267076398799
7342,0.0005835693445987999,0.0017631256487220526,0.0,20.08844757080078,143.54441833496094,-123.55355300873336,48.11267076398799
7343,0.0005835693445987999,0.0017631256487220526,0.0,20.08844757080078,143.54441833496094,-123.55355300873336,48.11267076398799
7344,0.0005835693445987999,0.0017631256487220526,0.0,20.08844757080078,143.54441833496094,-123.55355300873336,48.11267076398799
7345,0.0005835693445987999,0.0017631256487220526,0.0,20.08844757080078,143.54441833496094,-123.55355300873336,48.11267076398799
7346,0.0005835693445987999,0.0017631256487220526,0.0,20.08844757080078,143.54441833496094,-123.55355300873336,48.11267076398799
7347,0.0005835693445987999,0.0017631256487220526,0.0,20.08844757080078,143.54441833496094,-123.55355300873336,48.11267076398799
7348,0.0005835693445987999,0.0017631256487220526,0.0,20.08844757080078,143.54441833496094,-123.55355300873336,48.11267076398799
7349,0.0005835693445987999,0.0017631256487220526,0.0,20.08844757080078,143.54441833496094,-123.55355300873336,48.11267076398799
7350,0.9563499093055725,0.0003020107978954911,0.0,20.15413475036621,48.79549026489258,-123.55315300873336,48.11267076398799
7351,0.9563499093055725,0.0003020107978954911,0.0,20.15413475036621,48.79549026489258,-123.55315300873336,48.11267076398799
7352,0.9563499093055725,0.0003020107978954911,0.0,20.15413475036621,48.79549026489258,-123.55315300873336,48.11267076398799
7353,0.9563499093055725,0.0003020107978954911,0.0,20.15413475036621,48.79549026489258,-123.55315300873336,48.11267076398799
7354,0.9563499093055725,0.0003020107978954911,0.0,20.15413475036621,48.79549026489258,-123.55315300873336,48.11267076398799
7355,0.9563499093055725,0.0003020107978954911,0.0,20.15413475036621,48.79549026489258,-123.55315300873336,48.11267076398799
7356,0.9563499093055725,0.0003020107978954911,0.0,20.15413475036621,48.79549026489258,-123.55315300873336,48.11267076398799
7357,1.6397286799474386e-06,0.9826598167419434,0.0,20.1200008392334,292.7968444824219,-123.55435300873336,48.11227076398799
7358,1.6397286799474386e-06,0.9826598167419434,0.0,20.1200008392334,292.7968444824219,-123.55435300873336,48.11227076398799
7359,1.6397286799474386e-06,0.9826598167419434,0.0,20.1200008392334,292.7968444824219,-123.55435300873336,48.11227076398799
7360,1.6397286799474386e-06,0.9826598167419434,0.0,20.1200008392334,292.7968444824219,-123.55435300873336,48.11227076398799
7361,1.6397286799474386e-06,0.9826598167419434,0.0,20.1200008392334,292.7968444824219,-123.55435300873336,48.11227076398799
7362,1.6397286799474386e-06,0.9826598167419434,0.0,20.1200008392334,292.7968444824219,-123.55435300873336,48.11227076398799
7363,1.6397286799474386e-06,0.9826598167419434,0.0,20.1200008392334,292.7968444824219,-123.55435300873336,48.11227076398799
7364,1.6397286799474386e-06,0.9826598167419434,0.0,20.1200008392334,292.7968444824219,-123.55435300873336,48.11227076398799
7365,1.6397286799474386e-06,0.9826598167419434,0.0,20.1200008392334,292.7968444824219,-123.55435300873336,48.11227076398799
7366,1.6397286799474386e-06,0.9826598167419434,0.0,20.1200008392334,292.7968444824219,-123.55435300873336,48.11227076398799
7367,0.0019212334882467985,0.023537777364253998,0.0,19.770000457763672,132.5745086669922,-123.55395300873336,48.11227076398799
7368,0.0019212334882467985,0.023537777364253998,0.0,19.770000457763672,132.5745086669922,-123.55395300873336,48.11227076398799
7369,0.0019212334882467985,0.023537777364253998,0.0,19.770000457763672,132.5745086669922,-123.55395300873336,48.11227076398799
7370,0.0019212334882467985,0.023537777364253998,0.0,19.770000457763672,132.5745086669922,-123.55395300873336,48.11227076398799
7371,0.0019212334882467985,0.023537777364253998,0.0,19.770000457763672,132.5745086669922,-123.55395300873336,48.11227076398799
7372,0.0019212334882467985,0.023537777364253998,0.0,19.770000457763672,132.5745086669922,-123.55395300873336,48.11227076398799
7373,0.0019212334882467985,0.023537777364253998,0.0,19.770000457763672,132.5745086669922,-123.55395300873336,48.11227076398799
7374,0.0019212334882467985,0.023537777364253998,0.0,19.770000457763672,132.5745086669922,-123.55395300873336,48.11227076398799
7375,0.0019212334882467985,0.023537777364253998,0.0,19.770000457763672,132.5745086669922,-123.55395300873336,48.11227076398799
7376,0.0019212334882467985,0.023537777364253998,0.0,19.770000457763672,132.5745086669922,-123.55395300873336,48.11227076398799
7377,9.048439096659422e-06,0.003050338476896286,0.0,19.117704391479492,3.0,-123.55355300873336,48.11227076398799
7378,9.048439096659422e-06,0.003050338476896286,0.0,19.117704391479492,3.0,-123.55355300873336,48.11227076398799
7379,9.048439096659422e-06,0.003050338476896286,0.0,19.117704391479492,3.0,-123.55355300873336,48.11227076398799
7380,9.048439096659422e-06,0.003050338476896286,0.0,19.117704391479492,3.0,-123.55355300873336,48.11227076398799
7381,9.048439096659422e-06,0.003050338476896286,0.0,19.117704391479492,3.0,-123.55355300873336,48.11227076398799
7382,9.048439096659422e-06,0.003050338476896286,0.0,19.117704391479492,3.0,-123.55355300873336,48.11227076398799
7383,9.048439096659422e-06,0.003050338476896286,0.0,19.117704391479492,3.0,-123.55355300873336,48.11227076398799
7384,9.048439096659422e-06,0.003050338476896286,0.0,19.117704391479492,3.0,-123.55355300873336,48.11227076398799
7385,9.048439096659422e-06,0.003050338476896286,0.0,19.117704391479492,3.0,-123.55355300873336,48.11227076398799
7386,9.048439096659422e-06,0.003050338476896286,0.0,19.117704391479492,3.0,-123.55355300873336,48.11227076398799
7387,1.501490805821959e-05,0.03484594449400902,0.0,18.79641342163086,105.84894561767578,-123.55315300873336,48.11227076398799
7388,1.501490805821959e-05,0.03484594449400902,0.0,18.79641342163086,105.84894561767578,-123.55315300873336,48.11227076398799
7389,1.501490805821959e-05,0.03484594449400902,0.0,18.79641342163086,105.84894561767578,-123.55315300873336,48.11227076398799
7390,1.501490805821959e-05,0.03484594449400902,0.0,18.79641342163086,105.84894561767578,-123.55315300873336,48.11227076398799
7391,1.501490805821959e-05,0.03484594449400902,0.0,18.79641342163086,105.84894561767578,-123.55315300873336,48.11227076398799
7392,1.501490805821959e-05,0.03484594449400902,0.0,18.79641342163086,105.84894561767578,-123.55315300873336,48.11227076398799
7393,1.501490805821959e-05,0.03484594449400902,0.0,18.79641342163086,105.84894561767578,-123.55315300873336,48.11227076398799
7394,1.501490805821959e-05,0.03484594449400902,0.0,18.79641342163086,105.84894561767578,-123.55315300873336,48.11227076398799
7395,1.501490805821959e-05,0.03484594449400902,0.0,18.79641342163086,105.84894561767578,-123.55315300873336,48.11227076398799
7396,1.501490805821959e-05,0.03484594449400902,0.0,18.79641342163086,105.84894561767578,-123.55315300873336,48.11227076398799
7397,0.00017859152285382152,0.0005395020125433803,1.0,20.799999237060547,128.72451782226562,-123.55275300873336,48.11227076398799
7398,0.00017859152285382152,0.0005395020125433803,1.0,20.799999237060547,128.72451782226562,-123.55275300873336,48.11227076398799
7399,0.00017859152285382152,0.0005395020125433803,1.0,20.799999237060547,128.72451782226562,-123.55275300873336,48.11227076398799
7400,0.00017859152285382152,0.0005395020125433803,1.0,20.799999237060547,128.72451782226562,-123.55275300873336,48.11227076398799
7401,0.00017859152285382152,0.0005395020125433803,1.0,20.799999237060547,128.72451782226562,-123.55275300873336,48.11227076398799
7402,0.00017859152285382152,0.0005395020125433803,1.0,20.799999237060547,128.72451782226562,-123.55275300873336,48.11227076398799
7403,0.00017859152285382152,0.0005395020125433803,1.0,20.799999237060547,128.72451782226562,-123.55275300873336,48.11227076398799
7404,0.00017859152285382152,0.0005395020125433803,1.0,20.799999237060547,128.72451782226562,-123.55275300873336,48.11227076398799
7405,0.00017859152285382152,0.0005395020125433803,1.0,20.799999237060547,128.72451782226562,-123.55275300873336,48.11227076398799
7406,0.004885141272097826,0.8734337687492371,0.0,20.059999465942383,344.74627685546875,-123.55395300873336,48.111870763987994
7407,0.004885141272097826,0.8734337687492371,0.0,20.059999465942383,344.74627685546875,-123.55395300873336,48.111870763987994
7408,0.004885141272097826,0.8734337687492371,0.0,20.059999465942383,344.74627685546875,-123.55395300873336,48.111870763987994
7409,0.004885141272097826,0.8734337687492371,0.0,20.059999465942383,344.74627685546875,-123.55395300873336,48.111870763987994
7410,0.004885141272097826,0.8734337687492371,0.0,20.059999465942383,344.74627685546875,-123.55395300873336,48.111870763987994
7411,0.004885141272097826,0.8734337687492371,0.0,20.059999465942383,344.74627685546875,-123.55395300873336,48.111870763987994
7412,0.004885141272097826,0.8734337687492371,0.0,20.059999465942383,344.74627685546875,-123.55395300873336,48.111870763987994
7413,0.004885141272097826,0.8734337687492371,0.0,20.059999465942383,344.74627685546875,-123.55395300873336,48.111870763987994
7414,0.004885141272097826,0.8734337687492371,0.0,20.059999465942383,344.74627685546875,-123.55395300873336,48.111870763987994
7415,0.004885141272097826,0.8734337687492371,0.0,20.059999465942383,344.74627685546875,-123.55395300873336,48.111870763987994
7416,0.9998959302902222,0.000240920897340402,0.0,21.229999542236328,227.55438232421875,-123.55355300873336,48.111870763987994
7417,0.9998959302902222,0.000240920897340402,0.0,21.229999542236328,227.55438232421875,-123.55355300873336,48.111870763987994
7418,0.9998959302902222,0.000240920897340402,0.0,21.229999542236328,227.55438232421875,-123.55355300873336,48.111870763987994
7419,0.9998959302902222,0.000240920897340402,0.0,21.229999542236328,227.55438232421875,-123.55355300873336,48.111870763987994
7420,0.9998959302902222,0.000240920897340402,0.0,21.229999542236328,227.55438232421875,-123.55355300873336,48.111870763987994
7421,0.9998959302902222,0.000240920897340402,0.0,21.229999542236328,227.55438232421875,-123.55355300873336,48.111870763987994
7422,0.9998959302902222,0.000240920897340402,0.0,21.229999542236328,227.55438232421875,-123.55355300873336,48.111870763987994
7423,0.9998959302902222,0.000240920897340402,0.0,21.229999542236328,227.55438232421875,-123.55355300873336,48.111870763987994
7424,0.9998959302902222,0.000240920897340402,0.0,21.229999542236328,227.55438232421875,-123.55355300873336,48.111870763987994
7425,0.9998959302902222,0.000240920897340402,0.0,21.229999542236328,227.55438232421875,-123.55355300873336,48.111870763987994
7426,3.953571194870165e-06,0.0022103122901171446,0.0,20.3799991607666,128.15615844726562,-123.55315300873336,48.111870763987994
7427,3.953571194870165e-06,0.0022103122901171446,0.0,20.3799991607666,128.15615844726562,-123.55315300873336,48.111870763987994
7428,3.953571194870165e-06,0.0022103122901171446,0.0,20.3799991607666,128.15615844726562,-123.55315300873336,48.111870763987994
7429,3.953571194870165e-06,0.0022103122901171446,0.0,20.3799991607666,128.15615844726562,-123.55315300873336,48.111870763987994
7430,3.953571194870165e-06,0.0022103122901171446,0.0,20.3799991607666,128.15615844726562,-123.55315300873336,48.111870763987994
7431,3.953571194870165e-06,0.0022103122901171446,0.0,20.3799991607666,128.15615844726562,-123.55315300873336,48.111870763987994
7432,3.953571194870165e-06,0.0022103122901171446,0.0,20.3799991607666,128.15615844726562,-123.55315300873336,48.111870763987994
7433,3.953571194870165e-06,0.0022103122901171446,0.0,20.3799991607666,128.15615844726562,-123.55315300873336,48.111870763987994
7434,3.953571194870165e-06,0.0022103122901171446,0.0,20.3799991607666,128.15615844726562,-123.55315300873336,48.111870763987994
7435,3.953571194870165e-06,0.0022103122901171446,0.0,20.3799991607666,128.15615844726562,-123.55315300873336,48.111870763987994
7436,6.9471743699978106e-06,0.00013242302520666271,0.0,19.88825035095215,42.379241943359375,-123.55275300873336,48.111870763987994
7437,6.9471743699978106e-06,0.00013242302520666271,0.0,19.88825035095215,42.379241943359375,-123.55275300873336,48.111870763987994
7438,6.9471743699978106e-06,0.00013242302520666271,0.0,19.88825035095215,42.379241943359375,-123.55275300873336,48.111870763987994
7439,6.9471743699978106e-06,0.00013242302520666271,0.0,19.88825035095215,42.379241943359375,-123.55275300873336,48.111870763987994
7440,6.9471743699978106e-06,0.00013242302520666271,0.0,19.88825035095215,42.379241943359375,-123.55275300873336,48.111870763987994
7441,6.9471743699978106e-06,0.00013242302520666271,0.0,19.88825035095215,42.379241943359375,-123.55275300873336,48.111870763987994
7442,6.9471743699978106e-06,0.00013242302520666271,0.0,19.88825035095215,42.379241943359375,-123.55275300873336,48.111870763987994
7443,6.9471743699978106e-06,0.00013242302520666271,0.0,19.88825035095215,42.379241943359375,-123.55275300873336,48.111870763987994
7444,6.9471743699978106e-06,0.00013242302520666271,0.0,19.88825035095215,42.379241943359375,-123.55275300873336,48.111870763987994
7445,6.9471743699978106e-06,0.00013242302520666271,0.0,19.88825035095215,42.379241943359375,-123.55275300873336,48.111870763987994
7446,5.415542545961216e-06,0.03218300640583038,0.0,20.436588287353516,45.54119110107422,-123.55235300873336,48.111870763987994
7447,5.415542545961216e-06,0.03218300640583038,0.0,20.436588287353516,45.54119110107422,-123.55235300873336,48.111870763987994
7448,5.415542545961216e-06,0.03218300640583038,0.0,20.436588287353516,45.54119110107422,-123.55235300873336,48.111870763987994
7449,5.415542545961216e-06,0.03218300640583038,0.0,20.436588287353516,45.54119110107422,-123.55235300873336,48.111870763987994
7450,5.415542545961216e-06,0.03218300640583038,0.0,20.436588287353516,45.54119110107422,-123.55235300873336,48.111870763987994
7451,5.415542545961216e-06,0.03218300640583038,0.0,20.436588287353516,45.54119110107422,-123.55235300873336,48.111870763987994
7452,5.415542545961216e-06,0.03218300640583038,0.0,20.436588287353516,45.54119110107422,-123.55235300873336,48.111870763987994
7453,5.415542545961216e-06,0.03218300640583038,0.0,20.436588287353516,45.54119110107422,-123.55235300873336,48.111870763987994
7454,5.415542545961216e-06,0.03218300640583038,0.0,20.436588287353516,45.54119110107422,-123.55235300873336,48.111870763987994
7455,5.415542545961216e-06,0.03218300640583038,0.0,20.436588287353516,45.54119110107422,-123.55235300873336,48.111870763987994
7456,0.0015599961625412107,0.0011183726601302624,0.0,22.649999618530273,147.07821655273438,-123.55195300873336,48.111870763987994
7457,0.0015599961625412107,0.0011183726601302624,0.0,22.649999618530273,147.07821655273438,-123.55195300873336,48.111870763987994
7458,0.0,0.0,0.0,0.0,462.3948669433594,-123.55355300873336,48.111470763987995
7459,0.0,0.0,0.0,0.0,462.3948669433594,-123.55355300873336,48.111470763987995
7460,0.0008919655811041594,0.9991267323493958,0.0,20.09061050415039,365.2464904785156,-123.55315300873336,48.111470763987995
7461,0.0008919655811041594,0.9991267323493958,0.0,20.09061050415039,365.2464904785156,-123.55315300873336,48.111470763987995
7462,0.0008919655811041594,0.9991267323493958,0.0,20.09061050415039,365.2464904785156,-123.55315300873336,48.111470763987995
7463,0.0008919655811041594,0.9991267323493958,0.0,20.09061050415039,365.2464904785156,-123.55315300873336,48.111470763987995
7464,0.0008919655811041594,0.9991267323493958,0.0,20.09061050415039,365.2464904785156,-123.55315300873336,48.111470763987995
7465,0.0008919655811041594,0.9991267323493958,0.0,20.09061050415039,365.2464904785156,-123.55315300873336,48.111470763987995
7466,0.0008919655811041594,0.9991267323493958,0.0,20.09061050415039,365.2464904785156,-123.55315300873336,48.111470763987995
7467,0.0008919655811041594,0.9991267323493958,0.0,20.09061050415039,365.2464904785156,-123.55315300873336,48.111470763987995
7468,0.0008919655811041594,0.9991267323493958,0.0,20.09061050415039,365.2464904785156,-123.55315300873336,48.111470763987995
7469,0.0008919655811041594,0.9991267323493958,0.0,20.09061050415039,365.2464904785156,-123.55315300873336,48.111470763987995
7470,0.019977644085884094,8.436288044322282e-05,0.0,21.90999984741211,284.29034423828125,-123.55275300873336,48.111470763987995
7471,0.019977644085884094,8.436288044322282e-05,0.0,21.90999984741211,284.29034423828125,-123.55275300873336,48.111470763987995
7472,0.019977644085884094,8.436288044322282e-05,0.0,21.90999984741211,284.29034423828125,-123.55275300873336,48.111470763987995
7473,0.019977644085884094,8.436288044322282e-05,0.0,21.90999984741211,284.29034423828125,-123.55275300873336,48.111470763987995
7474,0.019977644085884094,8.436288044322282e-05,0.0,21.90999984741211,284.29034423828125,-123.55275300873336,48.111470763987995
7475,0.019977644085884094,8.436288044322282e-05,0.0,21.90999984741211,284.29034423828125,-123.55275300873336,48.111470763987995
7476,0.019977644085884094,8.436288044322282e-05,0.0,21.90999984741211,284.29034423828125,-123.55275300873336,48.111470763987995
7477,0.019977644085884094,8.436288044322282e-05,0.0,21.90999984741211,284.29034423828125,-123.55275300873336,48.111470763987995
7478,0.019977644085884094,8.436288044322282e-05,0.0,21.90999984741211,284.29034423828125,-123.55275300873336,48.111470763987995
7479,0.019977644085884094,8.436288044322282e-05,0.0,21.90999984741211,284.29034423828125,-123.55275300873336,48.111470763987995
7480,0.9715487957000732,0.00018384870782028884,0.0,22.1299991607666,187.64060974121094,-123.55235300873336,48.111470763987995
7481,0.9715487957000732,0.00018384870782028884,0.0,22.1299991607666,187.64060974121094,-123.55235300873336,48.111470763987995
7482,0.9715487957000732,0.00018384870782028884,0.0,22.1299991607666,187.64060974121094,-123.55235300873336,48.111470763987995
7483,0.9715487957000732,0.00018384870782028884,0.0,22.1299991607666,187.64060974121094,-123.55235300873336,48.111470763987995
7484,0.9715487957000732,0.00018384870782028884,0.0,22.1299991607666,187.64060974121094,-123.55235300873336,48.111470763987995
7485,0.9715487957000732,0.00018384870782028884,0.0,22.1299991607666,187.64060974121094,-123.55235300873336,48.111470763987995
7486,0.9715487957000732,0.00018384870782028884,0.0,22.1299991607666,187.64060974121094,-123.55235300873336,48.111470763987995
7487,0.9715487957000732,0.00018384870782028884,0.0,22.1299991607666,187.64060974121094,-123.55235300873336,48.111470763987995
7488,0.9715487957000732,0.00018384870782028884,0.0,22.1299991607666,187.64060974121094,-123.55235300873336,48.111470763987995
7489,0.9715487957000732,0.00018384870782028884,0.0,22.1299991607666,187.64060974121094,-123.55235300873336,48.111470763987995
7490,1.2283184105399414e-06,0.9194678068161011,0.0,21.051088333129883,86.92525482177734,-123.55195300873336,48.111470763987995
7491,1.2283184105399414e-06,0.9194678068161011,0.0,21.051088333129883,86.92525482177734,-123.55195300873336,48.111470763987995
7492,1.2283184105399414e-06,0.9194678068161011,0.0,21.051088333129883,86.92525482177734,-123.55195300873336,48.111470763987995
7493,1.2283184105399414e-06,0.9194678068161011,0.0,21.051088333129883,86.92525482177734,-123.55195300873336,48.111470763987995
7494,1.2283184105399414e-06,0.9194678068161011,0.0,21.051088333129883,86.92525482177734,-123.55195300873336,48.111470763987995
7495,1.2283184105399414e-06,0.9194678068161011,0.0,21.051088333129883,86.92525482177734,-123.55195300873336,48.111470763987995
7496,1.2283184105399414e-06,0.9194678068161011,0.0,21.051088333129883,86.92525482177734,-123.55195300873336,48.111470763987995
7497,1.2283184105399414e-06,0.9194678068161011,0.0,21.051088333129883,86.92525482177734,-123.55195300873336,48.111470763987995
7498,1.2283184105399414e-06,0.9194678068161011,0.0,21.051088333129883,86.92525482177734,-123.55195300873336,48.111470763987995
7499,1.2283184105399414e-06,0.9194678068161011,0.0,21.051088333129883,86.92525482177734,-123.55195300873336,48.111470763987995
7500,3.9118921790759487e-07,0.9908605813980103,0.0,21.281448364257812,2.8284270763397217,-123.55155300873336,48.111470763987995
7501,3.9118921790759487e-07,0.9908605813980103,0.0,21.281448364257812,2.8284270763397217,-123.55155300873336,48.111470763987995
7502,3.9118921790759487e-07,0.9908605813980103,0.0,21.281448364257812,2.8284270763397217,-123.55155300873336,48.111470763987995
7503,3.9118921790759487e-07,0.9908605813980103,0.0,21.281448364257812,2.8284270763397217,-123.55155300873336,48.111470763987995
7504,3.9118921790759487e-07,0.9908605813980103,0.0,21.281448364257812,2.8284270763397217,-123.55155300873336,48.111470763987995
7505,3.9118921790759487e-07,0.9908605813980103,0.0,21.281448364257812,2.8284270763397217,-123.55155300873336,48.111470763987995
7506,3.9118921790759487e-07,0.9908605813980103,0.0,21.281448364257812,2.8284270763397217,-123.55155300873336,48.111470763987995
7507,3.9118921790759487e-07,0.9908605813980103,0.0,21.281448364257812,2.8284270763397217,-123.55155300873336,48.111470763987995
7508,3.9118921790759487e-07,0.9908605813980103,0.0,21.281448364257812,2.8284270763397217,-123.55155300873336,48.111470763987995
7509,3.9118921790759487e-07,0.9908605813980103,0.0,21.281448364257812,2.8284270763397217,-123.55155300873336,48.111470763987995
7510,2.8004313534779612e-08,0.9995256662368774,0.0,20.68189239501953,77.79460144042969,-123.55115300873337,48.111470763987995
7511,2.8004313534779612e-08,0.9995256662368774,0.0,20.68189239501953,77.79460144042969,-123.55115300873337,48.111470763987995
7512,2.8004313534779612e-08,0.9995256662368774,0.0,20.68189239501953,77.79460144042969,-123.55115300873337,48.111470763987995
7513,2.8004313534779612e-08,0.9995256662368774,0.0,20.68189239501953,77.79460144042969,-123.55115300873337,48.111470763987995
7514,2.8004313534779612e-08,0.9995256662368774,0.0,20.68189239501953,77.79460144042969,-123.55115300873337,48.111470763987995
7515,2.8004313534779612e-08,0.9995256662368774,0.0,20.68189239501953,77.79460144042969,-123.55115300873337,48.111470763987995
7516,2.8004313534779612e-08,0.9995256662368774,0.0,20.68189239501953,77.79460144042969,-123.55115300873337,48.111470763987995
7517,2.8004313534779612e-08,0.9995256662368774,0.0,20.68189239501953,77.79460144042969,-123.55115300873337,48.111470763987995
7518,2.8004313534779612e-08,0.9995256662368774,0.0,20.68189239501953,77.79460144042969,-123.55115300873337,48.111470763987995
7519,2.8004313534779612e-08,0.9995256662368774,0.0,20.68189239501953,77.79460144042969,-123.55115300873337,48.111470763987995
7520,0.0,0.0,0.0,0.0,155.32225036621094,-123.55075300873337,48.111470763987995
7521,0.0,0.0,0.0,0.0,523.2561645507812,-123.55275300873336,48.111070763987996
7522,0.05243982374668121,0.005110743921250105,0.0,21.11664581298828,421.4949645996094,-123.55235300873336,48.111070763987996
7523,0.05243982374668121,0.005110743921250105,0.0,21.11664581298828,421.4949645996094,-123.55235300873336,48.111070763987996
7524,0.05243982374668121,0.005110743921250105,0.0,21.11664581298828,421.4949645996094,-123.55235300873336,48.111070763987996
7525,0.05243982374668121,0.005110743921250105,0.0,21.11664581298828,421.4949645996094,-123.55235300873336,48.111070763987996
7526,0.05243982374668121,0.005110743921250105,0.0,21.11664581298828,421.4949645996094,-123.55235300873336,48.111070763987996
7527,0.05243982374668121,0.005110743921250105,0.0,21.11664581298828,421.4949645996094,-123.55235300873336,48.111070763987996
7528,0.05243982374668121,0.005110743921250105,0.0,21.11664581298828,421.4949645996094,-123.55235300873336,48.111070763987996
7529,0.05243982374668121,0.005110743921250105,0.0,21.11664581298828,421.4949645996094,-123.55235300873336,48.111070763987996
7530,0.05243982374668121,0.005110743921250105,0.0,21.11664581298828,421.4949645996094,-123.55235300873336,48.111070763987996
7531,0.05243982374668121,0.005110743921250105,0.0,21.11664581298828,421.4949645996094,-123.55235300873336,48.111070763987996
7532,0.9951905012130737,0.00014854159962851554,0.0,22.600000381469727,327.4828186035156,-123.55195300873336,48.111070763987996
7533,0.9951905012130737,0.00014854159962851554,0.0,22.600000381469727,327.4828186035156,-123.55195300873336,48.111070763987996
7534,0.9951905012130737,0.00014854159962851554,0.0,22.600000381469727,327.4828186035156,-123.55195300873336,48.111070763987996
7535,0.9951905012130737,0.00014854159962851554,0.0,22.600000381469727,327.4828186035156,-123.55195300873336,48.111070763987996
7536,0.9951905012130737,0.00014854159962851554,0.0,22.600000381469727,327.4828186035156,-123.55195300873336,48.111070763987996
7537,0.9951905012130737,0.00014854159962851554,0.0,22.600000381469727,327.4828186035156,-123.55195300873336,48.111070763987996
7538,0.9951905012130737,0.00014854159962851554,0.0,22.600000381469727,327.4828186035156,-123.55195300873336,48.111070763987996
7539,0.9951905012130737,0.00014854159962851554,0.0,22.600000381469727,327.4828186035156,-123.55195300873336,48.111070763987996
7540,0.9951905012130737,0.00014854159962851554,0.0,22.600000381469727,327.4828186035156,-123.55195300873336,48.111070763987996
7541,0.9951905012130737,0.00014854159962851554,0.0,22.600000381469727,327.4828186035156,-123.55195300873336,48.111070763987996
7542,0.44808804988861084,0.0002682272461242974,0.0,22.84000015258789,243.18922424316406,-123.55155300873336,48.111070763987996
7543,0.44808804988861084,0.0002682272461242974,0.0,22.84000015258789,243.18922424316406,-123.55155300873336,48.111070763987996
7544,0.44808804988861084,0.0002682272461242974,0.0,22.84000015258789,243.18922424316406,-123.55155300873336,48.111070763987996
7545,0.44808804988861084,0.0002682272461242974,0.0,22.84000015258789,243.18922424316406,-123.55155300873336,48.111070763987996
7546,0.44808804988861084,0.0002682272461242974,0.0,22.84000015258789,243.18922424316406,-123.55155300873336,48.111070763987996
7547,0.44808804988861084,0.0002682272461242974,0.0,22.84000015258789,243.18922424316406,-123.55155300873336,48.111070763987996
7548,0.44808804988861084,0.0002682272461242974,0.0,22.84000015258789,243.18922424316406,-123.55155300873336,48.111070763987996
7549,0.44808804988861084,0.0002682272461242974,0.0,22.84000015258789,243.18922424316406,-123.55155300873336,48.111070763987996
7550,0.44808804988861084,0.0002682272461242974,0.0,22.84000015258789,243.18922424316406,-123.55155300873336,48.111070763987996
7551,0.44808804988861084,0.0002682272461242974,0.0,22.84000015258789,243.18922424316406,-123.55155300873336,48.111070763987996
7552,0.507145881652832,0.00146797439083457,0.0,23.1200008392334,164.4384307861328,-123.55115300873337,48.111070763987996
7553,0.507145881652832,0.00146797439083457,0.0,23.1200008392334,164.4384307861328,-123.55115300873337,48.111070763987996
7554,0.507145881652832,0.00146797439083457,0.0,23.1200008392334,164.4384307861328,-123.55115300873337,48.111070763987996
7555,0.507145881652832,0.00146797439083457,0.0,23.1200008392334,164.4384307861328,-123.55115300873337,48.111070763987996
7556,0.507145881652832,0.00146797439083457,0.0,23.1200008392334,164.4384307861328,-123.55115300873337,48.111070763987996
7557,0.507145881652832,0.00146797439083457,0.0,23.1200008392334,164.4384307861328,-123.55115300873337,48.111070763987996
7558,0.507145881652832,0.00146797439083457,0.0,23.1200008392334,164.4384307861328,-123.55115300873337,48.111070763987996
7559,0.507145881652832,0.00146797439083457,0.0,23.1200008392334,164.4384307861328,-123.55115300873337,48.111070763987996
7560,0.507145881652832,0.00146797439083457,0.0,23.1200008392334,164.4384307861328,-123.55115300873337,48.111070763987996
7561,0.507145881652832,0.00146797439083457,0.0,23.1200008392334,164.4384307861328,-123.55115300873337,48.111070763987996
7562,2.7409973313297087e-07,0.9936599135398865,0.0,22.75250244140625,70.8307876586914,-123.55075300873337,48.111070763987996
7563,2.7409973313297087e-07,0.9936599135398865,0.0,22.75250244140625,70.8307876586914,-123.55075300873337,48.111070763987996
7564,2.7409973313297087e-07,0.9936599135398865,0.0,22.75250244140625,70.8307876586914,-123.55075300873337,48.111070763987996
7565,2.7409973313297087e-07,0.9936599135398865,0.0,22.75250244140625,70.8307876586914,-123.55075300873337,48.111070763987996
7566,2.7409973313297087e-07,0.9936599135398865,0.0,22.75250244140625,70.8307876586914,-123.55075300873337,48.111070763987996
7567,2.7409973313297087e-07,0.9936599135398865,0.0,22.75250244140625,70.8307876586914,-123.55075300873337,48.111070763987996
7568,2.7409973313297087e-07,0.9936599135398865,0.0,22.75250244140625,70.8307876586914,-123.55075300873337,48.111070763987996
7569,2.7409973313297087e-07,0.9936599135398865,0.0,22.75250244140625,70.8307876586914,-123.55075300873337,48.111070763987996
7570,2.7409973313297087e-07,0.9936599135398865,0.0,22.75250244140625,70.8307876586914,-123.55075300873337,48.111070763987996
7571,2.7409973313297087e-07,0.9936599135398865,0.0,22.75250244140625,70.8307876586914,-123.55075300873337,48.111070763987996
7572,1.755677772052877e-07,0.9821970462799072,0.0,21.27065086364746,49.09175109863281,-123.55035300873337,48.111070763987996
7573,1.755677772052877e-07,0.9821970462799072,0.0,21.27065086364746,49.09175109863281,-123.55035300873337,48.111070763987996
7574,1.755677772052877e-07,0.9821970462799072,0.0,21.27065086364746,49.09175109863281,-123.55035300873337,48.111070763987996
7575,1.755677772052877e-07,0.9821970462799072,0.0,21.27065086364746,49.09175109863281,-123.55035300873337,48.111070763987996
7576,1.755677772052877e-07,0.9821970462799072,0.0,21.27065086364746,49.09175109863281,-123.55035300873337,48.111070763987996
7577,1.755677772052877e-07,0.9821970462799072,0.0,21.27065086364746,49.09175109863281,-123.55035300873337,48.111070763987996
7578,1.755677772052877e-07,0.9821970462799072,0.0,21.27065086364746,49.09175109863281,-123.55035300873337,48.111070763987996
7579,1.755677772052877e-07,0.9821970462799072,0.0,21.27065086364746,49.09175109863281,-123.55035300873337,48.111070763987996
7580,1.755677772052877e-07,0.9821970462799072,0.0,21.27065086364746,49.09175109863281,-123.55035300873337,48.111070763987996
7581,1.755677772052877e-07,0.9821970462799072,0.0,21.27065086364746,49.09175109863281,-123.55035300873337,48.111070763987996
7582,0.0,0.0,0.0,0.0,567.2080688476562,-123.55195300873336,48.110670763988
7583,0.04350532591342926,0.0009718997171148658,0.0,21.979999542236328,483.8026428222656,-123.55155300873336,48.110670763988
7584,0.04350532591342926,0.0009718997171148658,0.0,21.979999542236328,483.8026428222656,-123.55155300873336,48.110670763988
7585,0.04350532591342926,0.0009718997171148658,0.0,21.979999542236328,483.8026428222656,-123.55155300873336,48.110670763988
7586,0.04350532591342926,0.0009718997171148658,0.0,21.979999542236328,483.8026428222656,-123.55155300873336,48.110670763988
7587,0.04350532591342926,0.0009718997171148658,0.0,21.979999542236328,483.8026428222656,-123.55155300873336,48.110670763988
7588,0.04350532591342926,0.0009718997171148658,0.0,21.979999542236328,483.8026428222656,-123.55155300873336,48.110670763988
7589,7.33902706997469e-05,0.004260368645191193,0.0,22.219999313354492,384.40081787109375,-123.55115300873337,48.110670763988
7590,7.33902706997469e-05,0.004260368645191193,0.0,22.219999313354492,384.40081787109375,-123.55115300873337,48.110670763988
7591,7.33902706997469e-05,0.004260368645191193,0.0,22.219999313354492,384.40081787109375,-123.55115300873337,48.110670763988
7592,7.33902706997469e-05,0.004260368645191193,0.0,22.219999313354492,384.40081787109375,-123.55115300873337,48.110670763988
7593,7.33902706997469e-05,0.004260368645191193,0.0,22.219999313354492,384.40081787109375,-123.55115300873337,48.110670763988
7594,7.33902706997469e-05,0.004260368645191193,0.0,22.219999313354492,384.40081787109375,-123.55115300873337,48.110670763988
7595,7.33902706997469e-05,0.004260368645191193,0.0,22.219999313354492,384.40081787109375,-123.55115300873337,48.110670763988
7596,7.33902706997469e-05,0.004260368645191193,0.0,22.219999313354492,384.40081787109375,-123.55115300873337,48.110670763988
7597,7.33902706997469e-05,0.004260368645191193,0.0,22.219999313354492,384.40081787109375,-123.55115300873337,48.110670763988
7598,7.33902706997469e-05,0.004260368645191193,0.0,22.219999313354492,384.40081787109375,-123.55115300873337,48.110670763988
7599,1.5614663425367326e-05,0.003292796667665243,0.0,23.520000457763672,179.01116943359375,-123.55075300873337,48.110670763988
7600,1.5614663425367326e-05,0.003292796667665243,0.0,23.520000457763672,179.01116943359375,-123.55075300873337,48.110670763988
7601,1.5614663425367326e-05,0.003292796667665243,0.0,23.520000457763672,179.01116943359375,-123.55075300873337,48.110670763988
7602,1.5614663425367326e-05,0.003292796667665243,0.0,23.520000457763672,179.01116943359375,-123.55075300873337,48.110670763988
7603,1.5614663425367326e-05,0.003292796667665243,0.0,23.520000457763672,179.01116943359375,-123.55075300873337,48.110670763988
7604,1.5614663425367326e-05,0.003292796667665243,0.0,23.520000457763672,179.01116943359375,-123.55075300873337,48.110670763988
7605,1.5614663425367326e-05,0.003292796667665243,0.0,23.520000457763672,179.01116943359375,-123.55075300873337,48.110670763988
7606,1.5614663425367326e-05,0.003292796667665243,0.0,23.520000457763672,179.01116943359375,-123.55075300873337,48.110670763988
7607,1.5614663425367326e-05,0.003292796667665243,0.0,23.520000457763672,179.01116943359375,-123.55075300873337,48.110670763988
7608,1.5614663425367326e-05,0.003292796667665243,0.0,23.520000457763672,179.01116943359375,-123.55075300873337,48.110670763988
7609,1.8556294207883184e-06,0.8423811197280884,0.0,21.358278274536133,12.727922439575195,-123.55035300873337,48.110670763988
7610,1.8556294207883184e-06,0.8423811197280884,0.0,21.358278274536133,12.727922439575195,-123.55035300873337,48.110670763988
7611,1.8556294207883184e-06,0.8423811197280884,0.0,21.358278274536133,12.727922439575195,-123.55035300873337,48.110670763988
7612,1.8556294207883184e-06,0.8423811197280884,0.0,21.358278274536133,12.727922439575195,-123.55035300873337,48.110670763988
7613,1.8556294207883184e-06,0.8423811197280884,0.0,21.358278274536133,12.727922439575195,-123.55035300873337,48.110670763988
7614,1.8556294207883184e-06,0.8423811197280884,0.0,21.358278274536133,12.727922439575195,-123.55035300873337,48.110670763988
7615,1.8556294207883184e-06,0.8423811197280884,0.0,21.358278274536133,12.727922439575195,-123.55035300873337,48.110670763988
7616,1.8556294207883184e-06,0.8423811197280884,0.0,21.358278274536133,12.727922439575195,-123.55035300873337,48.110670763988
7617,1.8556294207883184e-06,0.8423811197280884,0.0,21.358278274536133,12.727922439575195,-123.55035300873337,48.110670763988
7618,1.8556294207883184e-06,0.8423811197280884,0.0,21.358278274536133,12.727922439575195,-123.55035300873337,48.110670763988
7619,8.523673500349105e-07,0.01951836422085762,0.0,23.25994110107422,35.510562896728516,-123.54995300873337,48.110670763988
7620,8.523673500349105e-07,0.01951836422085762,0.0,23.25994110107422,35.510562896728516,-123.54995300873337,48.110670763988
7621,8.523673500349105e-07,0.01951836422085762,0.0,23.25994110107422,35.510562896728516,-123.54995300873337,48.110670763988
7622,8.523673500349105e-07,0.01951836422085762,0.0,23.25994110107422,35.510562896728516,-123.54995300873337,48.110670763988
7623,8.523673500349105e-07,0.01951836422085762,0.0,23.25994110107422,35.510562896728516,-123.54995300873337,48.110670763988
7624,8.523673500349105e-07,0.01951836422085762,0.0,23.25994110107422,35.510562896728516,-123.54995300873337,48.110670763988
7625,8.523673500349105e-07,0.01951836422085762,0.0,23.25994110107422,35.510562896728516,-123.54995300873337,48.110670763988
7626,8.523673500349105e-07,0.01951836422085762,0.0,23.25994110107422,35.510562896728516,-123.54995300873337,48.110670763988
7627,8.523673500349105e-07,0.01951836422085762,0.0,23.25994110107422,35.510562896728516,-123.54995300873337,48.110670763988
7628,8.523673500349105e-07,0.01951836422085762,0.0,23.25994110107422,35.510562896728516,-123.54995300873337,48.110670763988
7629,9.903186537485453e-07,0.02181072160601616,0.0,22.86151123046875,158.3982391357422,-123.54955300873337,48.110670763988
7630,9.903186537485453e-07,0.02181072160601616,0.0,22.86151123046875,158.3982391357422,-123.54955300873337,48.110670763988
7631,9.903186537485453e-07,0.02181072160601616,0.0,22.86151123046875,158.3982391357422,-123.54955300873337,48.110670763988
7632,9.903186537485453e-07,0.02181072160601616,0.0,22.86151123046875,158.3982391357422,-123.54955300873337,48.110670763988
7633,9.903186537485453e-07,0.02181072160601616,0.0,22.86151123046875,158.3982391357422,-123.54955300873337,48.110670763988
7634,9.903186537485453e-07,0.02181072160601616,0.0,22.86151123046875,158.3982391357422,-123.54955300873337,48.110670763988
7635,9.903186537485453e-07,0.02181072160601616,0.0,22.86151123046875,158.3982391357422,-123.54955300873337,48.110670763988
7636,9.903186537485453e-07,0.02181072160601616,0.0,22.86151123046875,158.3982391357422,-123.54955300873337,48.110670763988
7637,9.903186537485453e-07,0.02181072160601616,0.0,22.86151123046875,158.3982391357422,-123.54955300873337,48.110670763988
7638,9.903186537485453e-07,0.02181072160601616,0.0,22.86151123046875,158.3982391357422,-123.54955300873337,48.110670763988
7639,0.0,0.0,0.0,0.0,228.60008239746094,-123.55115300873337,48.110270763988
7640,0.0,0.0,0.0,0.0,228.60008239746094,-123.55115300873337,48.110270763988
7641,0.0,0.0,0.0,0.0,228.60008239746094,-123.55115300873337,48.110270763988
7642,2.1624485668780835e-07,0.9999910593032837,0.0,21.158536911010742,27.80287742614746,-123.55075300873337,48.110270763988
7643,2.1624485668780835e-07,0.9999910593032837,0.0,21.158536911010742,27.80287742614746,-123.55075300873337,48.110270763988
7644,2.1624485668780835e-07,0.9999910593032837,0.0,21.158536911010742,27.80287742614746,-123.55075300873337,48.110270763988
7645,2.1624485668780835e-07,0.9999910593032837,0.0,21.158536911010742,27.80287742614746,-123.55075300873337,48.110270763988
7646,2.1624485668780835e-07,0.9999910593032837,0.0,21.158536911010742,27.80287742614746,-123.55075300873337,48.110270763988
7647,2.1624485668780835e-07,0.9999910593032837,0.0,21.158536911010742,27.80287742614746,-123.55075300873337,48.110270763988
7648,2.1624485668780835e-07,0.9999910593032837,0.0,21.158536911010742,27.80287742614746,-123.55075300873337,48.110270763988
7649,2.1624485668780835e-07,0.9999910593032837,0.0,21.158536911010742,27.80287742614746,-123.55075300873337,48.110270763988
7650,2.1624485668780835e-07,0.9999910593032837,0.0,21.158536911010742,27.80287742614746,-123.55075300873337,48.110270763988
7651,2.1624485668780835e-07,0.9999910593032837,0.0,21.158536911010742,27.80287742614746,-123.55075300873337,48.110270763988
7652,0.9999829530715942,6.439431217586389e-06,0.0,23.229999542236328,176.01136779785156,-123.55035300873337,48.110270763988
7653,0.9999829530715942,6.439431217586389e-06,0.0,23.229999542236328,176.01136779785156,-123.55035300873337,48.110270763988
7654,0.9999829530715942,6.439431217586389e-06,0.0,23.229999542236328,176.01136779785156,-123.55035300873337,48.110270763988
7655,0.9999829530715942,6.439431217586389e-06,0.0,23.229999542236328,176.01136779785156,-123.55035300873337,48.110270763988
7656,0.9999829530715942,6.439431217586389e-06,0.0,23.229999542236328,176.01136779785156,-123.55035300873337,48.110270763988
7657,0.9999829530715942,6.439431217586389e-06,0.0,23.229999542236328,176.01136779785156,-123.55035300873337,48.110270763988
7658,0.9999829530715942,6.439431217586389e-06,0.0,23.229999542236328,176.01136779785156,-123.55035300873337,48.110270763988
7659,0.9999829530715942,6.439431217586389e-06,0.0,23.229999542236328,176.01136779785156,-123.55035300873337,48.110270763988
7660,0.9999829530715942,6.439431217586389e-06,0.0,23.229999542236328,176.01136779785156,-123.55035300873337,48.110270763988
7661,0.9999829530715942,6.439431217586389e-06,0.0,23.229999542236328,176.01136779785156,-123.55035300873337,48.110270763988
7662,8.087858441285789e-05,0.040472809225320816,0.0,23.009519577026367,63.90618133544922,-123.54995300873337,48.110270763988
7663,8.087858441285789e-05,0.040472809225320816,0.0,23.009519577026367,63.90618133544922,-123.54995300873337,48.110270763988
7664,8.087858441285789e-05,0.040472809225320816,0.0,23.009519577026367,63.90618133544922,-123.54995300873337,48.110270763988
7665,8.087858441285789e-05,0.040472809225320816,0.0,23.009519577026367,63.90618133544922,-123.54995300873337,48.110270763988
7666,8.087858441285789e-05,0.040472809225320816,0.0,23.009519577026367,63.90618133544922,-123.54995300873337,48.110270763988
7667,8.087858441285789e-05,0.040472809225320816,0.0,23.009519577026367,63.90618133544922,-123.54995300873337,48.110270763988
7668,8.087858441285789e-05,0.040472809225320816,0.0,23.009519577026367,63.90618133544922,-123.54995300873337,48.110270763988
7669,8.087858441285789e-05,0.040472809225320816,0.0,23.009519577026367,63.90618133544922,-123.54995300873337,48.110270763988
7670,8.087858441285789e-05,0.040472809225320816,0.0,23.009519577026367,63.90618133544922,-123.54995300873337,48.110270763988
7671,8.087858441285789e-05,0.040472809225320816,0.0,23.009519577026367,63.90618133544922,-123.54995300873337,48.110270763988
7672,0.0,0.0,0.0,0.0,171.59254455566406,-123.54955300873337,48.110270763988
7673,0.0,0.0,0.0,0.0,171.59254455566406,-123.54955300873337,48.110270763988
7674,0.0,0.0,0.0,0.0,411.36358642578125,-123.54915300873337,48.110270763988
7675,0.0,0.0,0.0,0.0,661.2299194335938,-123.54875300873337,48.110270763988
7676,0.0,0.0,0.0,0.0,151.11915588378906,-123.55115300873337,48.109870763988
7677,0.0,0.0,0.0,0.0,151.11915588378906,-123.55115300873337,48.109870763988
7678,0.0,0.0,0.0,0.0,151.11915588378906,-123.55115300873337,48.109870763988
7679,0.0,0.0,0.0,0.0,151.11915588378906,-123.55115300873337,48.109870763988
7680,0.0,0.0,0.0,0.0,151.11915588378906,-123.55115300873337,48.109870763988
7681,0.0,0.0,0.0,0.0,151.11915588378906,-123.55115300873337,48.109870763988
7682,0.0,0.0,0.0,0.0,151.11915588378906,-123.55115300873337,48.109870763988
7683,0.0,0.0,0.0,0.0,151.11915588378906,-123.55115300873337,48.109870763988
7684,0.0,0.0,0.0,0.0,151.11915588378906,-123.55115300873337,48.109870763988
7685,3.429541663990676e-07,0.9985606074333191,0.0,22.02356719970703,103.0,-123.55075300873337,48.109870763988
7686,3.429541663990676e-07,0.9985606074333191,0.0,22.02356719970703,103.0,-123.55075300873337,48.109870763988
7687,3.429541663990676e-07,0.9985606074333191,0.0,22.02356719970703,103.0,-123.55075300873337,48.109870763988
7688,3.429541663990676e-07,0.9985606074333191,0.0,22.02356719970703,103.0,-123.55075300873337,48.109870763988
7689,3.429541663990676e-07,0.9985606074333191,0.0,22.02356719970703,103.0,-123.55075300873337,48.109870763988
7690,3.429541663990676e-07,0.9985606074333191,0.0,22.02356719970703,103.0,-123.55075300873337,48.109870763988
7691,3.429541663990676e-07,0.9985606074333191,0.0,22.02356719970703,103.0,-123.55075300873337,48.109870763988
7692,3.429541663990676e-07,0.9985606074333191,0.0,22.02356719970703,103.0,-123.55075300873337,48.109870763988
7693,3.429541663990676e-07,0.9985606074333191,0.0,22.02356719970703,103.0,-123.55075300873337,48.109870763988
7694,3.429541663990676e-07,0.9985606074333191,0.0,22.02356719970703,103.0,-123.55075300873337,48.109870763988
7695,8.417130629823077e-06,0.024010762572288513,0.0,22.898555755615234,84.148681640625,-123.55035300873337,48.109870763988
7696,8.417130629823077e-06,0.024010762572288513,0.0,22.898555755615234,84.148681640625,-123.55035300873337,48.109870763988
7697,8.417130629823077e-06,0.024010762572288513,0.0,22.898555755615234,84.148681640625,-123.55035300873337,48.109870763988
7698,8.417130629823077e-06,0.024010762572288513,0.0,22.898555755615234,84.148681640625,-123.55035300873337,48.109870763988
7699,8.417130629823077e-06,0.024010762572288513,0.0,22.898555755615234,84.148681640625,-123.55035300873337,48.109870763988
7700,8.417130629823077e-06,0.024010762572288513,0.0,22.898555755615234,84.148681640625,-123.55035300873337,48.109870763988
7701,8.417130629823077e-06,0.024010762572288513,0.0,22.898555755615234,84.148681640625,-123.55035300873337,48.109870763988
7702,8.417130629823077e-06,0.024010762572288513,0.0,22.898555755615234,84.148681640625,-123.55035300873337,48.109870763988
7703,8.417130629823077e-06,0.024010762572288513,0.0,22.898555755615234,84.148681640625,-123.55035300873337,48.109870763988
7704,8.417130629823077e-06,0.024010762572288513,0.0,22.898555755615234,84.148681640625,-123.55035300873337,48.109870763988
7705,0.0,0.0,0.0,0.0,99.63935089111328,-123.54995300873337,48.109870763988
7706,0.0,0.0,0.0,0.0,99.63935089111328,-123.54995300873337,48.109870763988
7707,0.0,0.0,0.0,0.0,99.63935089111328,-123.54995300873337,48.109870763988
7708,0.0,0.0,0.0,0.0,99.63935089111328,-123.54995300873337,48.109870763988
7709,0.0,0.0,0.0,0.0,99.63935089111328,-123.54995300873337,48.109870763988
7710,0.0,0.0,0.0,0.0,99.63935089111328,-123.54995300873337,48.109870763988
7711,0.0,0.0,0.0,0.0,290.19305419921875,-123.54955300873337,48.109870763988
7712,0.9873301982879639,0.10466968268156052,0.0,22.513816833496094,154.8289337158203,-123.55115300873337,48.109470763988
7713,0.9873301982879639,0.10466968268156052,0.0,22.513816833496094,154.8289337158203,-123.55115300873337,48.109470763988
7714,0.9873301982879639,0.10466968268156052,0.0,22.513816833496094,154.8289337158203,-123.55115300873337,48.109470763988
7715,0.9873301982879639,0.10466968268156052,0.0,22.513816833496094,154.8289337158203,-123.55115300873337,48.109470763988
7716,0.9873301982879639,0.10466968268156052,0.0,22.513816833496094,154.8289337158203,-123.55115300873337,48.109470763988
7717,0.9873301982879639,0.10466968268156052,0.0,22.513816833496094,154.8289337158203,-123.55115300873337,48.109470763988
7718,0.9873301982879639,0.10466968268156052,0.0,22.513816833496094,154.8289337158203,-123.55115300873337,48.109470763988
7719,0.9873301982879639,0.10466968268156052,0.0,22.513816833496094,154.8289337158203,-123.55115300873337,48.109470763988
7720,0.9873301982879639,0.10466968268156052,0.0,22.513816833496094,154.8289337158203,-123.55115300873337,48.109470763988
7721,0.9873301982879639,0.10466968268156052,0.0,22.513816833496094,154.8289337158203,-123.55115300873337,48.109470763988
7722,1.3896776181354653e-05,0.6913182735443115,0.0,23.219144821166992,63.06346130371094,-123.55075300873337,48.109470763988
7723,1.3896776181354653e-05,0.6913182735443115,0.0,23.219144821166992,63.06346130371094,-123.55075300873337,48.109470763988
7724,1.3896776181354653e-05,0.6913182735443115,0.0,23.219144821166992,63.06346130371094,-123.55075300873337,48.109470763988
7725,1.3896776181354653e-05,0.6913182735443115,0.0,23.219144821166992,63.06346130371094,-123.55075300873337,48.109470763988
7726,1.3896776181354653e-05,0.6913182735443115,0.0,23.219144821166992,63.06346130371094,-123.55075300873337,48.109470763988
7727,1.3896776181354653e-05,0.6913182735443115,0.0,23.219144821166992,63.06346130371094,-123.55075300873337,48.109470763988
7728,1.3896776181354653e-05,0.6913182735443115,0.0,23.219144821166992,63.06346130371094,-123.55075300873337,48.109470763988
7729,1.3896776181354653e-05,0.6913182735443115,0.0,23.219144821166992,63.06346130371094,-123.55075300873337,48.109470763988
7730,1.3896776181354653e-05,0.6913182735443115,0.0,23.219144821166992,63.06346130371094,-123.55075300873337,48.109470763988
7731,1.3896776181354653e-05,0.6913182735443115,0.0,23.219144821166992,63.06346130371094,-123.55075300873337,48.109470763988
7732,0.00018133752746507525,0.9963561296463013,0.0,23.135047912597656,91.21951293945312,-123.55035300873337,48.109470763988
7733,0.00018133752746507525,0.9963561296463013,0.0,23.135047912597656,91.21951293945312,-123.55035300873337,48.109470763988
7734,0.00018133752746507525,0.9963561296463013,0.0,23.135047912597656,91.21951293945312,-123.55035300873337,48.109470763988
7735,0.00018133752746507525,0.9963561296463013,0.0,23.135047912597656,91.21951293945312,-123.55035300873337,48.109470763988
7736,0.00018133752746507525,0.9963561296463013,0.0,23.135047912597656,91.21951293945312,-123.55035300873337,48.109470763988
7737,0.00018133752746507525,0.9963561296463013,0.0,23.135047912597656,91.21951293945312,-123.55035300873337,48.109470763988
7738,0.00018133752746507525,0.9963561296463013,0.0,23.135047912597656,91.21951293945312,-123.55035300873337,48.109470763988
7739,0.00018133752746507525,0.9963561296463013,0.0,23.135047912597656,91.21951293945312,-123.55035300873337,48.109470763988
7740,0.00018133752746507525,0.9963561296463013,0.0,23.135047912597656,91.21951293945312,-123.55035300873337,48.109470763988
7741,0.00018133752746507525,0.9963561296463013,0.0,23.135047912597656,91.21951293945312,-123.55035300873337,48.109470763988
7742,3.6044227158527065e-07,0.9999967813491821,0.0,22.85483741760254,118.359619140625,-123.55115300873337,48.109070763988
7743,3.6044227158527065e-07,0.9999967813491821,0.0,22.85483741760254,118.359619140625,-123.55115300873337,48.109070763988
7744,3.6044227158527065e-07,0.9999967813491821,0.0,22.85483741760254,118.359619140625,-123.55115300873337,48.109070763988
7745,3.6044227158527065e-07,0.9999967813491821,0.0,22.85483741760254,118.359619140625,-123.55115300873337,48.109070763988
7746,3.6044227158527065e-07,0.9999967813491821,0.0,22.85483741760254,118.359619140625,-123.55115300873337,48.109070763988
7747,3.6044227158527065e-07,0.9999967813491821,0.0,22.85483741760254,118.359619140625,-123.55115300873337,48.109070763988
7748,3.6044227158527065e-07,0.9999967813491821,0.0,22.85483741760254,118.359619140625,-123.55115300873337,48.109070763988
7749,3.6044227158527065e-07,0.9999967813491821,0.0,22.85483741760254,118.359619140625,-123.55115300873337,48.109070763988
7750,3.6044227158527065e-07,0.9999967813491821,0.0,22.85483741760254,118.359619140625,-123.55115300873337,48.109070763988
7751,3.6044227158527065e-07,0.9999967813491821,0.0,22.85483741760254,118.359619140625,-123.55115300873337,48.109070763988
7752,4.8628271542838775e-06,0.979756772518158,0.0,23.306045532226562,129.07362365722656,-123.55075300873337,48.109070763988
7753,4.8628271542838775e-06,0.979756772518158,0.0,23.306045532226562,129.07362365722656,-123.55075300873337,48.109070763988
7754,4.8628271542838775e-06,0.979756772518158,0.0,23.306045532226562,129.07362365722656,-123.55075300873337,48.109070763988
7755,4.8628271542838775e-06,0.979756772518158,0.0,23.306045532226562,129.07362365722656,-123.55075300873337,48.109070763988
7756,4.8628271542838775e-06,0.979756772518158,0.0,23.306045532226562,129.07362365722656,-123.55075300873337,48.109070763988
7757,4.8628271542838775e-06,0.979756772518158,0.0,23.306045532226562,129.07362365722656,-123.55075300873337,48.109070763988
7758,4.8628271542838775e-06,0.979756772518158,0.0,23.306045532226562,129.07362365722656,-123.55075300873337,48.109070763988
7759,4.8628271542838775e-06,0.979756772518158,0.0,23.306045532226562,129.07362365722656,-123.55075300873337,48.109070763988
7760,4.8628271542838775e-06,0.979756772518158,0.0,23.306045532226562,129.07362365722656,-123.55075300873337,48.109070763988
7761,4.8628271542838775e-06,0.979756772518158,0.0,23.306045532226562,129.07362365722656,-123.55075300873337,48.109070763988
7762,0.0,0.0,0.0,0.0,278.9587707519531,-123.55035300873337,48.109070763988
7763,3.567921339708846e-06,0.048981983214616776,0.0,23.44376564025879,67.26811981201172,-123.55115300873337,48.108670763988
7764,3.567921339708846e-06,0.048981983214616776,0.0,23.44376564025879,67.26811981201172,-123.55115300873337,48.108670763988
7765,3.567921339708846e-06,0.048981983214616776,0.0,23.44376564025879,67.26811981201172,-123.55115300873337,48.108670763988
7766,3.567921339708846e-06,0.048981983214616776,0.0,23.44376564025879,67.26811981201172,-123.55115300873337,48.108670763988
7767,3.567921339708846e-06,0.048981983214616776,0.0,23.44376564025879,67.26811981201172,-123.55115300873337,48.108670763988
7768,3.567921339708846e-06,0.048981983214616776,0.0,23.44376564025879,67.26811981201172,-123.55115300873337,48.108670763988
7769,3.567921339708846e-06,0.048981983214616776,0.0,23.44376564025879,67.26811981201172,-123.55115300873337,48.108670763988
7770,3.567921339708846e-06,0.048981983214616776,0.0,23.44376564025879,67.26811981201172,-123.55115300873337,48.108670763988
7771,3.567921339708846e-06,0.048981983214616776,0.0,23.44376564025879,67.26811981201172,-123.55115300873337,48.108670763988
7772,3.567921339708846e-06,0.048981983214616776,0.0,23.44376564025879,67.26811981201172,-123.55115300873337,48.108670763988
7773,0.0019248961471021175,0.0130161102861166,0.0,23.451915740966797,184.14125061035156,-123.55075300873337,48.108670763988
7774,0.0019248961471021175,0.0130161102861166,0.0,23.451915740966797,184.14125061035156,-123.55075300873337,48.108670763988
7775,0.0019248961471021175,0.0130161102861166,0.0,23.451915740966797,184.14125061035156,-123.55075300873337,48.108670763988
7776,0.0019248961471021175,0.0130161102861166,0.0,23.451915740966797,184.14125061035156,-123.55075300873337,48.108670763988
7777,0.0019248961471021175,0.0130161102861166,0.0,23.451915740966797,184.14125061035156,-123.55075300873337,48.108670763988
7778,0.0019248961471021175,0.0130161102861166,0.0,23.451915740966797,184.14125061035156,-123.55075300873337,48.108670763988
7779,0.0019248961471021175,0.0130161102861166,0.0,23.451915740966797,184.14125061035156,-123.55075300873337,48.108670763988
7780,0.0019248961471021175,0.0130161102861166,0.0,23.451915740966797,184.14125061035156,-123.55075300873337,48.108670763988
7781,0.0019248961471021175,0.0130161102861166,0.0,23.451915740966797,184.14125061035156,-123.55075300873337,48.108670763988
7782,0.0019248961471021175,0.0130161102861166,0.0,23.451915740966797,184.14125061035156,-123.55075300873337,48.108670763988
7783,0.0,0.0,0.0,0.0,434.4306640625,-123.55035300873337,48.108670763988
7784,2.5467885279795155e-05,0.9944592714309692,0.0,23.300039291381836,45.0,-123.55115300873337,48.108270763988
7785,2.5467885279795155e-05,0.9944592714309692,0.0,23.300039291381836,45.0,-123.55115300873337,48.108270763988
7786,2.5467885279795155e-05,0.9944592714309692,0.0,23.300039291381836,45.0,-123.55115300873337,48.108270763988
7787,2.5467885279795155e-05,0.9944592714309692,0.0,23.300039291381836,45.0,-123.55115300873337,48.108270763988
7788,2.5467885279795155e-05,0.9944592714309692,0.0,23.300039291381836,45.0,-123.55115300873337,48.108270763988
7789,2.5467885279795155e-05,0.9944592714309692,0.0,23.300039291381836,45.0,-123.55115300873337,48.108270763988
7790,2.5467885279795155e-05,0.9944592714309692,0.0,23.300039291381836,45.0,-123.55115300873337,48.108270763988
7791,2.5467885279795155e-05,0.9944592714309692,0.0,23.300039291381836,45.0,-123.55115300873337,48.108270763988
7792,2.5467885279795155e-05,0.9944592714309692,0.0,23.300039291381836,45.0,-123.55115300873337,48.108270763988
7793,2.5467885279795155e-05,0.9944592714309692,0.0,23.300039291381836,45.0,-123.55115300873337,48.108270763988
7794,0.0,0.0,0.0,0.0,209.28927612304688,-123.55075300873337,48.108270763988
7795,0.0,0.0,0.0,0.0,209.28927612304688,-123.55075300873337,48.108270763988
7796,0.0,0.0,0.0,0.0,209.28927612304688,-123.55075300873337,48.108270763988
7797,0.0,0.0,0.0,0.0,209.28927612304688,-123.55075300873337,48.108270763988
7798,0.0,0.0,0.0,0.0,209.28927612304688,-123.55075300873337,48.108270763988
7799,0.0,0.0,0.0,0.0,209.28927612304688,-123.55075300873337,48.108270763988
7800,0.0,0.0,0.0,0.0,209.28927612304688,-123.55075300873337,48.108270763988
7801,0.0,0.0,0.0,0.0,209.28927612304688,-123.55075300873337,48.108270763988
7802,0.0,0.0,0.0,0.0,209.28927612304688,-123.55075300873337,48.108270763988
7803,0.0,0.0,0.0,0.0,463.1306457519531,-123.55035300873337,48.108270763988
7804,3.0806270387984114e-06,0.9996426105499268,0.0,22.964824676513672,30.4138126373291,-123.55115300873337,48.107870763988004
7805,3.0806270387984114e-06,0.9996426105499268,0.0,22.964824676513672,30.4138126373291,-123.55115300873337,48.107870763988004
7806,3.0806270387984114e-06,0.9996426105499268,0.0,22.964824676513672,30.4138126373291,-123.55115300873337,48.107870763988004
7807,3.0806270387984114e-06,0.9996426105499268,0.0,22.964824676513672,30.4138126373291,-123.55115300873337,48.107870763988004
7808,3.0806270387984114e-06,0.9996426105499268,0.0,22.964824676513672,30.4138126373291,-123.55115300873337,48.107870763988004
7809,3.0806270387984114e-06,0.9996426105499268,0.0,22.964824676513672,30.4138126373291,-123.55115300873337,48.107870763988004
7810,3.0806270387984114e-06,0.9996426105499268,0.0,22.964824676513672,30.4138126373291,-123.55115300873337,48.107870763988004
7811,3.0806270387984114e-06,0.9996426105499268,0.0,22.964824676513672,30.4138126373291,-123.55115300873337,48.107870763988004
7812,3.0806270387984114e-06,0.9996426105499268,0.0,22.964824676513672,30.4138126373291,-123.55115300873337,48.107870763988004
7813,3.0806270387984114e-06,0.9996426105499268,0.0,22.964824676513672,30.4138126373291,-123.55115300873337,48.107870763988004
7814,0.0,0.0,0.0,0.0,222.89907836914062,-123.55075300873337,48.107870763988004
7815,0.0,0.0,0.0,0.0,222.89907836914062,-123.55075300873337,48.107870763988004
7816,0.0,0.0,0.0,0.0,222.89907836914062,-123.55075300873337,48.107870763988004
7817,0.0,0.0,0.0,0.0,247.31558227539062,-123.55155300873336,48.107470763988005
7818,0.0,0.0,0.0,0.0,247.31558227539062,-123.55155300873336,48.107470763988005
7819,0.0,0.0,0.0,0.0,247.31558227539062,-123.55155300873336,48.107470763988005
7820,0.0,0.0,0.0,0.0,247.31558227539062,-123.55155300873336,48.107470763988005
7821,0.0,0.0,0.0,0.0,247.31558227539062,-123.55155300873336,48.107470763988005
7822,4.415250805323012e-05,0.9941149950027466,0.0,24.12272071838379,2.0,-123.55115300873337,48.107470763988005
7823,4.415250805323012e-05,0.9941149950027466,0.0,24.12272071838379,2.0,-123.55115300873337,48.107470763988005
7824,4.415250805323012e-05,0.9941149950027466,0.0,24.12272071838379,2.0,-123.55115300873337,48.107470763988005
7825,4.415250805323012e-05,0.9941149950027466,0.0,24.12272071838379,2.0,-123.55115300873337,48.107470763988005
7826,4.415250805323012e-05,0.9941149950027466,0.0,24.12272071838379,2.0,-123.55115300873337,48.107470763988005
7827,4.415250805323012e-05,0.9941149950027466,0.0,24.12272071838379,2.0,-123.55115300873337,48.107470763988005
7828,4.415250805323012e-05,0.9941149950027466,0.0,24.12272071838379,2.0,-123.55115300873337,48.107470763988005
7829,4.415250805323012e-05,0.9941149950027466,0.0,24.12272071838379,2.0,-123.55115300873337,48.107470763988005
7830,4.415250805323012e-05,0.9941149950027466,0.0,24.12272071838379,2.0,-123.55115300873337,48.107470763988005
7831,4.415250805323012e-05,0.9941149950027466,0.0,24.12272071838379,2.0,-123.55115300873337,48.107470763988005
7832,0.0,0.0,0.0,0.0,252.00991821289062,-123.55075300873337,48.107470763988005
7833,0.0,0.0,0.0,0.0,211.4639434814453,-123.55155300873336,48.107070763988006
7834,0.0,0.0,0.0,0.0,211.4639434814453,-123.55155300873336,48.107070763988006
7835,0.0,0.0,0.0,0.0,211.4639434814453,-123.55155300873336,48.107070763988006
7836,0.0,0.0,0.0,0.0,211.4639434814453,-123.55155300873336,48.107070763988006
7837,0.0,0.0,0.0,0.0,211.4639434814453,-123.55155300873336,48.107070763988006
7838,0.00026401449576951563,0.990995466709137,0.0,23.437610626220703,42.0,-123.55115300873337,48.107070763988006
7839,0.00026401449576951563,0.990995466709137,0.0,23.437610626220703,42.0,-123.55115300873337,48.107070763988006
7840,0.00026401449576951563,0.990995466709137,0.0,23.437610626220703,42.0,-123.55115300873337,48.107070763988006
7841,0.00026401449576951563,0.990995466709137,0.0,23.437610626220703,42.0,-123.55115300873337,48.107070763988006
7842,0.00026401449576951563,0.990995466709137,0.0,23.437610626220703,42.0,-123.55115300873337,48.107070763988006
7843,0.00026401449576951563,0.990995466709137,0.0,23.437610626220703,42.0,-123.55115300873337,48.107070763988006
7844,0.00026401449576951563,0.990995466709137,0.0,23.437610626220703,42.0,-123.55115300873337,48.107070763988006
7845,0.00026401449576951563,0.990995466709137,0.0,23.437610626220703,42.0,-123.55115300873337,48.107070763988006
7846,0.00026401449576951563,0.990995466709137,0.0,23.437610626220703,42.0,-123.55115300873337,48.107070763988006
7847,0.00026401449576951563,0.990995466709137,0.0,23.437610626220703,42.0,-123.55115300873337,48.107070763988006
7848,0.9999957084655762,6.424788443837315e-05,0.0,23.633333206176758,179.2010040283203,-123.55155300873336,48.10667076398801
7849,0.9999957084655762,6.424788443837315e-05,0.0,23.633333206176758,179.2010040283203,-123.55155300873336,48.10667076398801
7850,0.9999957084655762,6.424788443837315e-05,0.0,23.633333206176758,179.2010040283203,-123.55155300873336,48.10667076398801
7851,0.9999957084655762,6.424788443837315e-05,0.0,23.633333206176758,179.2010040283203,-123.55155300873336,48.10667076398801
7852,0.9999957084655762,6.424788443837315e-05,0.0,23.633333206176758,179.2010040283203,-123.55155300873336,48.10667076398801
7853,0.9999957084655762,6.424788443837315e-05,0.0,23.633333206176758,179.2010040283203,-123.55155300873336,48.10667076398801
7854,0.9999957084655762,6.424788443837315e-05,0.0,23.633333206176758,179.2010040283203,-123.55155300873336,48.10667076398801
7855,0.9999957084655762,6.424788443837315e-05,0.0,23.633333206176758,179.2010040283203,-123.55155300873336,48.10667076398801
7856,0.15026408433914185,0.9224007725715637,0.0,23.618505477905273,72.36711883544922,-123.55115300873337,48.10667076398801
7857,0.15026408433914185,0.9224007725715637,0.0,23.618505477905273,72.36711883544922,-123.55115300873337,48.10667076398801
7858,0.15026408433914185,0.9224007725715637,0.0,23.618505477905273,72.36711883544922,-123.55115300873337,48.10667076398801
7859,0.15026408433914185,0.9224007725715637,0.0,23.618505477905273,72.36711883544922,-123.55115300873337,48.10667076398801
7860,0.15026408433914185,0.9224007725715637,0.0,23.618505477905273,72.36711883544922,-123.55115300873337,48.10667076398801
7861,0.15026408433914185,0.9224007725715637,0.0,23.618505477905273,72.36711883544922,-123.55115300873337,48.10667076398801
7862,0.15026408433914185,0.9224007725715637,0.0,23.618505477905273,72.36711883544922,-123.55115300873337,48.10667076398801
7863,0.15026408433914185,0.9224007725715637,0.0,23.618505477905273,72.36711883544922,-123.55115300873337,48.10667076398801
7864,0.15026408433914185,0.9224007725715637,0.0,23.618505477905273,72.36711883544922,-123.55115300873337,48.10667076398801
7865,0.15026408433914185,0.9224007725715637,0.0,23.618505477905273,72.36711883544922,-123.55115300873337,48.10667076398801
7866,0.00022799613361712545,0.9992430210113525,0.0,24.571884155273438,115.20850372314453,-123.55155300873336,48.10627076398801
7867,0.00022799613361712545,0.9992430210113525,0.0,24.571884155273438,115.20850372314453,-123.55155300873336,48.10627076398801
7868,0.00022799613361712545,0.9992430210113525,0.0,24.571884155273438,115.20850372314453,-123.55155300873336,48.10627076398801
7869,0.00022799613361712545,0.9992430210113525,0.0,24.571884155273438,115.20850372314453,-123.55155300873336,48.10627076398801
7870,0.00022799613361712545,0.9992430210113525,0.0,24.571884155273438,115.20850372314453,-123.55155300873336,48.10627076398801
7871,0.00022799613361712545,0.9992430210113525,0.0,24.571884155273438,115.20850372314453,-123.55155300873336,48.10627076398801
7872,0.00022799613361712545,0.9992430210113525,0.0,24.571884155273438,115.20850372314453,-123.55155300873336,48.10627076398801
7873,0.00022799613361712545,0.9992430210113525,0.0,24.571884155273438,115.20850372314453,-123.55155300873336,48.10627076398801
7874,0.00022799613361712545,0.9992430210113525,0.0,24.571884155273438,115.20850372314453,-123.55155300873336,48.10627076398801
7875,0.00022799613361712545,0.9992430210113525,0.0,24.571884155273438,115.20850372314453,-123.55155300873336,48.10627076398801
7876,0.0,0.0,0.0,0.0,131.4686279296875,-123.55115300873337,48.10627076398801
7877,0.0,0.0,0.0,0.0,131.4686279296875,-123.55115300873337,48.10627076398801
7878,0.0,0.0,0.0,0.0,131.4686279296875,-123.55115300873337,48.10627076398801
7879,0.0,0.0,0.0,0.0,131.4686279296875,-123.55115300873337,48.10627076398801
7880,0.0,0.0,0.0,0.0,131.4686279296875,-123.55115300873337,48.10627076398801
7881,0.0,0.0,0.0,0.0,131.4686279296875,-123.55115300873337,48.10627076398801
7882,1.1244800361964735e-06,0.999832272529602,0.0,24.465225219726562,45.607017517089844,-123.55155300873336,48.10587076398801
7883,1.1244800361964735e-06,0.999832272529602,0.0,24.465225219726562,45.607017517089844,-123.55155300873336,48.10587076398801
7884,1.1244800361964735e-06,0.999832272529602,0.0,24.465225219726562,45.607017517089844,-123.55155300873336,48.10587076398801
7885,1.1244800361964735e-06,0.999832272529602,0.0,24.465225219726562,45.607017517089844,-123.55155300873336,48.10587076398801
7886,1.1244800361964735e-06,0.999832272529602,0.0,24.465225219726562,45.607017517089844,-123.55155300873336,48.10587076398801
7887,1.1244800361964735e-06,0.999832272529602,0.0,24.465225219726562,45.607017517089844,-123.55155300873336,48.10587076398801
7888,1.1244800361964735e-06,0.999832272529602,0.0,24.465225219726562,45.607017517089844,-123.55155300873336,48.10587076398801
7889,1.1244800361964735e-06,0.999832272529602,0.0,24.465225219726562,45.607017517089844,-123.55155300873336,48.10587076398801
7890,1.1244800361964735e-06,0.999832272529602,0.0,24.465225219726562,45.607017517089844,-123.55155300873336,48.10587076398801
7891,1.1244800361964735e-06,0.999832272529602,0.0,24.465225219726562,45.607017517089844,-123.55155300873336,48.10587076398801
7892,0.0,0.0,0.0,0.0,221.56263732910156,-123.55195300873336,48.10547076398801
7893,3.532603543021651e-08,0.9668092131614685,0.0,24.057018280029297,22.803508758544922,-123.55155300873336,48.10547076398801
7894,3.532603543021651e-08,0.9668092131614685,0.0,24.057018280029297,22.803508758544922,-123.55155300873336,48.10547076398801
7895,3.532603543021651e-08,0.9668092131614685,0.0,24.057018280029297,22.803508758544922,-123.55155300873336,48.10547076398801
7896,3.532603543021651e-08,0.9668092131614685,0.0,24.057018280029297,22.803508758544922,-123.55155300873336,48.10547076398801
7897,3.532603543021651e-08,0.9668092131614685,0.0,24.057018280029297,22.803508758544922,-123.55155300873336,48.10547076398801
7898,3.532603543021651e-08,0.9668092131614685,0.0,24.057018280029297,22.803508758544922,-123.55155300873336,48.10547076398801
7899,3.532603543021651e-08,0.9668092131614685,0.0,24.057018280029297,22.803508758544922,-123.55155300873336,48.10547076398801
7900,3.532603543021651e-08,0.9668092131614685,0.0,24.057018280029297,22.803508758544922,-123.55155300873336,48.10547076398801
7901,3.532603543021651e-08,0.9668092131614685,0.0,24.057018280029297,22.803508758544922,-123.55155300873336,48.10547076398801
7902,3.532603543021651e-08,0.9668092131614685,0.0,24.057018280029297,22.803508758544922,-123.55155300873336,48.10547076398801
7903,0.0,0.0,0.0,0.0,106.8877944946289,-123.55195300873336,48.10507076398801
7904,0.0,0.0,0.0,0.0,106.8877944946289,-123.55195300873336,48.10507076398801
7905,0.0,0.0,0.0,0.0,106.8877944946289,-123.55195300873336,48.10507076398801
7906,0.0,0.0,0.0,0.0,106.8877944946289,-123.55195300873336,48.10507076398801
7907,0.0,0.0,0.0,0.0,106.8877944946289,-123.55195300873336,48.10507076398801
7908,0.0,0.0,0.0,0.0,106.8877944946289,-123.55195300873336,48.10507076398801
7909,0.0,0.0,0.0,0.0,106.8877944946289,-123.55195300873336,48.10507076398801
7910,0.0,0.0,0.0,0.0,106.8877944946289,-123.55195300873336,48.10507076398801
7911,0.0,0.0,0.0,0.0,106.8877944946289,-123.55195300873336,48.10507076398801
7912,0.49296578764915466,0.1924651563167572,0.0,24.1400089263916,93.96276092529297,-123.55155300873336,48.10507076398801
7913,0.49296578764915466,0.1924651563167572,0.0,24.1400089263916,93.96276092529297,-123.55155300873336,48.10507076398801
7914,0.49296578764915466,0.1924651563167572,0.0,24.1400089263916,93.96276092529297,-123.55155300873336,48.10507076398801
7915,0.49296578764915466,0.1924651563167572,0.0,24.1400089263916,93.96276092529297,-123.55155300873336,48.10507076398801
7916,0.49296578764915466,0.1924651563167572,0.0,24.1400089263916,93.96276092529297,-123.55155300873336,48.10507076398801
7917,0.49296578764915466,0.1924651563167572,0.0,24.1400089263916,93.96276092529297,-123.55155300873336,48.10507076398801
7918,0.49296578764915466,0.1924651563167572,0.0,24.1400089263916,93.96276092529297,-123.55155300873336,48.10507076398801
7919,0.49296578764915466,0.1924651563167572,0.0,24.1400089263916,93.96276092529297,-123.55155300873336,48.10507076398801
7920,0.49296578764915466,0.1924651563167572,0.0,24.1400089263916,93.96276092529297,-123.55155300873336,48.10507076398801
7921,7.60951588745229e-05,0.7746831178665161,0.0,24.479999542236328,10.29563045501709,-123.55235300873336,48.10467076398801
7922,7.60951588745229e-05,0.7746831178665161,0.0,24.479999542236328,10.29563045501709,-123.55235300873336,48.10467076398801
7923,7.60951588745229e-05,0.7746831178665161,0.0,24.479999542236328,10.29563045501709,-123.55235300873336,48.10467076398801
7924,7.60951588745229e-05,0.7746831178665161,0.0,24.479999542236328,10.29563045501709,-123.55235300873336,48.10467076398801
7925,7.60951588745229e-05,0.7746831178665161,0.0,24.479999542236328,10.29563045501709,-123.55235300873336,48.10467076398801
7926,7.60951588745229e-05,0.7746831178665161,0.0,24.479999542236328,10.29563045501709,-123.55235300873336,48.10467076398801
7927,7.60951588745229e-05,0.7746831178665161,0.0,24.479999542236328,10.29563045501709,-123.55235300873336,48.10467076398801
7928,7.60951588745229e-05,0.7746831178665161,0.0,24.479999542236328,10.29563045501709,-123.55235300873336,48.10467076398801
7929,7.60951588745229e-05,0.7746831178665161,0.0,24.479999542236328,10.29563045501709,-123.55235300873336,48.10467076398801
7930,0.0002750335552264005,0.9896060228347778,0.0,24.15634536743164,104.93807983398438,-123.55195300873336,48.10467076398801
7931,0.0002750335552264005,0.9896060228347778,0.0,24.15634536743164,104.93807983398438,-123.55195300873336,48.10467076398801
7932,0.0002750335552264005,0.9896060228347778,0.0,24.15634536743164,104.93807983398438,-123.55195300873336,48.10467076398801
7933,0.0002750335552264005,0.9896060228347778,0.0,24.15634536743164,104.93807983398438,-123.55195300873336,48.10467076398801
7934,0.0002750335552264005,0.9896060228347778,0.0,24.15634536743164,104.93807983398438,-123.55195300873336,48.10467076398801
7935,0.0002750335552264005,0.9896060228347778,0.0,24.15634536743164,104.93807983398438,-123.55195300873336,48.10467076398801
7936,0.0002750335552264005,0.9896060228347778,0.0,24.15634536743164,104.93807983398438,-123.55195300873336,48.10467076398801
7937,0.0002750335552264005,0.9896060228347778,0.0,24.15634536743164,104.93807983398438,-123.55195300873336,48.10467076398801
7938,0.0002750335552264005,0.9896060228347778,0.0,24.15634536743164,104.93807983398438,-123.55195300873336,48.10467076398801
7939,0.0002750335552264005,0.9896060228347778,0.0,24.15634536743164,104.93807983398438,-123.55195300873336,48.10467076398801
7940,0.0,0.0,0.0,0.0,146.37281799316406,-123.55155300873336,48.10467076398801
7941,0.0,0.0,0.0,0.0,146.37281799316406,-123.55155300873336,48.10467076398801
7942,0.0,0.0,0.0,0.0,146.37281799316406,-123.55155300873336,48.10467076398801
7943,0.0,0.0,0.0,0.0,29.529645919799805,-123.55315300873336,48.10427076398801
7944,0.0,0.0,0.0,0.0,29.529645919799805,-123.55315300873336,48.10427076398801
7945,0.0,0.0,0.0,0.0,29.529645919799805,-123.55315300873336,48.10427076398801
7946,0.0,0.0,0.0,0.0,29.529645919799805,-123.55315300873336,48.10427076398801
7947,0.0,0.0,0.0,0.0,29.529645919799805,-123.55315300873336,48.10427076398801
7948,0.0,0.0,0.0,0.0,29.529645919799805,-123.55315300873336,48.10427076398801
7949,0.0,0.0,0.0,0.0,29.529645919799805,-123.55315300873336,48.10427076398801
7950,1.0,3.0355773560586385e-05,0.0,26.170000076293945,98.18350219726562,-123.55275300873336,48.10427076398801
7951,1.0,3.0355773560586385e-05,0.0,26.170000076293945,98.18350219726562,-123.55275300873336,48.10427076398801
7952,1.0,3.0355773560586385e-05,0.0,26.170000076293945,98.18350219726562,-123.55275300873336,48.10427076398801
7953,1.0,3.0355773560586385e-05,0.0,26.170000076293945,98.18350219726562,-123.55275300873336,48.10427076398801
7954,1.0,3.0355773560586385e-05,0.0,26.170000076293945,98.18350219726562,-123.55275300873336,48.10427076398801
7955,1.0,3.0355773560586385e-05,0.0,26.170000076293945,98.18350219726562,-123.55275300873336,48.10427076398801
7956,1.0,3.0355773560586385e-05,0.0,26.170000076293945,98.18350219726562,-123.55275300873336,48.10427076398801
7957,1.0,3.0355773560586385e-05,0.0,26.170000076293945,98.18350219726562,-123.55275300873336,48.10427076398801
7958,1.0,3.0355773560586385e-05,0.0,26.170000076293945,98.18350219726562,-123.55275300873336,48.10427076398801
7959,0.9999994039535522,1.0489552551007364e-05,0.0,25.8700008392334,222.6970977783203,-123.55235300873336,48.10427076398801
7960,0.9999994039535522,1.0489552551007364e-05,0.0,25.8700008392334,222.6970977783203,-123.55235300873336,48.10427076398801
7961,0.9999994039535522,1.0489552551007364e-05,0.0,25.8700008392334,222.6970977783203,-123.55235300873336,48.10427076398801
7962,0.9999994039535522,1.0489552551007364e-05,0.0,25.8700008392334,222.6970977783203,-123.55235300873336,48.10427076398801
7963,0.9999994039535522,1.0489552551007364e-05,0.0,25.8700008392334,222.6970977783203,-123.55235300873336,48.10427076398801
7964,0.9999994039535522,1.0489552551007364e-05,0.0,25.8700008392334,222.6970977783203,-123.55235300873336,48.10427076398801
7965,0.9999994039535522,1.0489552551007364e-05,0.0,25.8700008392334,222.6970977783203,-123.55235300873336,48.10427076398801
7966,0.9999994039535522,1.0489552551007364e-05,0.0,25.8700008392334,222.6970977783203,-123.55235300873336,48.10427076398801
7967,0.9999994039535522,1.0489552551007364e-05,0.0,25.8700008392334,222.6970977783203,-123.55235300873336,48.10427076398801
7968,0.9999990463256836,6.089254839025671e-06,0.0,25.06999969482422,177.2484130859375,-123.55195300873336,48.10427076398801
7969,0.9999990463256836,6.089254839025671e-06,0.0,25.06999969482422,177.2484130859375,-123.55195300873336,48.10427076398801
7970,0.9999990463256836,6.089254839025671e-06,0.0,25.06999969482422,177.2484130859375,-123.55195300873336,48.10427076398801
7971,0.9999990463256836,6.089254839025671e-06,0.0,25.06999969482422,177.2484130859375,-123.55195300873336,48.10427076398801
7972,0.9999990463256836,6.089254839025671e-06,0.0,25.06999969482422,177.2484130859375,-123.55195300873336,48.10427076398801
7973,0.9999990463256836,6.089254839025671e-06,0.0,25.06999969482422,177.2484130859375,-123.55195300873336,48.10427076398801
7974,0.9999990463256836,6.089254839025671e-06,0.0,25.06999969482422,177.2484130859375,-123.55195300873336,48.10427076398801
7975,0.9999990463256836,6.089254839025671e-06,0.0,25.06999969482422,177.2484130859375,-123.55195300873336,48.10427076398801
7976,0.9999990463256836,6.089254839025671e-06,0.0,25.06999969482422,177.2484130859375,-123.55195300873336,48.10427076398801
7977,0.9999990463256836,6.089254839025671e-06,0.0,25.06999969482422,177.2484130859375,-123.55195300873336,48.10427076398801
7978,5.916914960835129e-05,0.9994379878044128,0.0,25.170440673828125,15.264337539672852,-123.55155300873336,48.10427076398801
7979,5.916914960835129e-05,0.9994379878044128,0.0,25.170440673828125,15.264337539672852,-123.55155300873336,48.10427076398801
7980,5.916914960835129e-05,0.9994379878044128,0.0,25.170440673828125,15.264337539672852,-123.55155300873336,48.10427076398801
7981,5.916914960835129e-05,0.9994379878044128,0.0,25.170440673828125,15.264337539672852,-123.55155300873336,48.10427076398801
7982,5.916914960835129e-05,0.9994379878044128,0.0,25.170440673828125,15.264337539672852,-123.55155300873336,48.10427076398801
7983,5.916914960835129e-05,0.9994379878044128,0.0,25.170440673828125,15.264337539672852,-123.55155300873336,48.10427076398801
7984,5.916914960835129e-05,0.9994379878044128,0.0,25.170440673828125,15.264337539672852,-123.55155300873336,48.10427076398801
7985,5.916914960835129e-05,0.9994379878044128,0.0,25.170440673828125,15.264337539672852,-123.55155300873336,48.10427076398801
7986,5.916914960835129e-05,0.9994379878044128,0.0,25.170440673828125,15.264337539672852,-123.55155300873336,48.10427076398801
7987,5.916914960835129e-05,0.9994379878044128,0.0,25.170440673828125,15.264337539672852,-123.55155300873336,48.10427076398801
7988,0.0,0.0,0.0,0.0,102.53292083740234,-123.55395300873336,48.10387076398801
7989,0.9984785914421082,1.5122785953280982e-05,0.0,26.440000534057617,59.36328887939453,-123.55355300873336,48.10387076398801
7990,0.9984785914421082,1.5122785953280982e-05,0.0,26.440000534057617,59.36328887939453,-123.55355300873336,48.10387076398801
7991,0.9984785914421082,1.5122785953280982e-05,0.0,26.440000534057617,59.36328887939453,-123.55355300873336,48.10387076398801
7992,0.9984785914421082,1.5122785953280982e-05,0.0,26.440000534057617,59.36328887939453,-123.55355300873336,48.10387076398801
7993,0.9984785914421082,1.5122785953280982e-05,0.0,26.440000534057617,59.36328887939453,-123.55355300873336,48.10387076398801
7994,0.9984785914421082,1.5122785953280982e-05,0.0,26.440000534057617,59.36328887939453,-123.55355300873336,48.10387076398801
7995,0.9984785914421082,1.5122785953280982e-05,0.0,26.440000534057617,59.36328887939453,-123.55355300873336,48.10387076398801
7996,0.9984785914421082,1.5122785953280982e-05,0.0,26.440000534057617,59.36328887939453,-123.55355300873336,48.10387076398801
7997,0.9984785914421082,1.5122785953280982e-05,0.0,26.440000534057617,59.36328887939453,-123.55355300873336,48.10387076398801
7998,1.0,1.7208978533744812e-05,0.0,27.209999084472656,190.37857055664062,-123.55315300873336,48.10387076398801
7999,1.0,1.7208978533744812e-05,0.0,27.209999084472656,190.37857055664062,-123.55315300873336,48.10387076398801
8000,1.0,1.7208978533744812e-05,0.0,27.209999084472656,190.37857055664062,-123.55315300873336,48.10387076398801
8001,1.0,1.7208978533744812e-05,0.0,27.209999084472656,190.37857055664062,-123.55315300873336,48.10387076398801
8002,1.0,1.7208978533744812e-05,0.0,27.209999084472656,190.37857055664062,-123.55315300873336,48.10387076398801
8003,1.0,1.7208978533744812e-05,0.0,27.209999084472656,190.37857055664062,-123.55315300873336,48.10387076398801
8004,1.0,1.7208978533744812e-05,0.0,27.209999084472656,190.37857055664062,-123.55315300873336,48.10387076398801
8005,1.0,1.7208978533744812e-05,0.0,27.209999084472656,190.37857055664062,-123.55315300873336,48.10387076398801
8006,1.0,1.7208978533744812e-05,0.0,27.209999084472656,190.37857055664062,-123.55315300873336,48.10387076398801
8007,1.0,1.749766852299217e-05,0.0,26.459999084472656,184.78366088867188,-123.55275300873336,48.10387076398801
8008,1.0,1.749766852299217e-05,0.0,26.459999084472656,184.78366088867188,-123.55275300873336,48.10387076398801
8009,1.0,1.749766852299217e-05,0.0,26.459999084472656,184.78366088867188,-123.55275300873336,48.10387076398801
8010,1.0,1.749766852299217e-05,0.0,26.459999084472656,184.78366088867188,-123.55275300873336,48.10387076398801
8011,1.0,1.749766852299217e-05,0.0,26.459999084472656,184.78366088867188,-123.55275300873336,48.10387076398801
8012,1.0,1.749766852299217e-05,0.0,26.459999084472656,184.78366088867188,-123.55275300873336,48.10387076398801
8013,1.0,1.749766852299217e-05,0.0,26.459999084472656,184.78366088867188,-123.55275300873336,48.10387076398801
8014,1.0,1.749766852299217e-05,0.0,26.459999084472656,184.78366088867188,-123.55275300873336,48.10387076398801
8015,1.0,1.749766852299217e-05,0.0,26.459999084472656,184.78366088867188,-123.55275300873336,48.10387076398801
8016,1.0,7.608928626723355e-06,0.0,25.790000915527344,214.03271484375,-123.55235300873336,48.10387076398801
8017,1.0,7.608928626723355e-06,0.0,25.790000915527344,214.03271484375,-123.55235300873336,48.10387076398801
8018,1.0,7.608928626723355e-06,0.0,25.790000915527344,214.03271484375,-123.55235300873336,48.10387076398801
8019,1.0,7.608928626723355e-06,0.0,25.790000915527344,214.03271484375,-123.55235300873336,48.10387076398801
8020,1.0,7.608928626723355e-06,0.0,25.790000915527344,214.03271484375,-123.55235300873336,48.10387076398801
8021,1.0,7.608928626723355e-06,0.0,25.790000915527344,214.03271484375,-123.55235300873336,48.10387076398801
8022,1.0,7.608928626723355e-06,0.0,25.790000915527344,214.03271484375,-123.55235300873336,48.10387076398801
8023,1.0,7.608928626723355e-06,0.0,25.790000915527344,214.03271484375,-123.55235300873336,48.10387076398801
8024,1.0,7.608928626723355e-06,0.0,25.790000915527344,214.03271484375,-123.55235300873336,48.10387076398801
8025,0.9999960660934448,1.117727060773177e-05,0.0,25.639999389648438,225.5393524169922,-123.55195300873336,48.10387076398801
8026,0.9999960660934448,1.117727060773177e-05,0.0,25.639999389648438,225.5393524169922,-123.55195300873336,48.10387076398801
8027,0.9999960660934448,1.117727060773177e-05,0.0,25.639999389648438,225.5393524169922,-123.55195300873336,48.10387076398801
8028,0.9999960660934448,1.117727060773177e-05,0.0,25.639999389648438,225.5393524169922,-123.55195300873336,48.10387076398801
8029,0.9999960660934448,1.117727060773177e-05,0.0,25.639999389648438,225.5393524169922,-123.55195300873336,48.10387076398801
8030,0.9999960660934448,1.117727060773177e-05,0.0,25.639999389648438,225.5393524169922,-123.55195300873336,48.10387076398801
8031,0.9999960660934448,1.117727060773177e-05,0.0,25.639999389648438,225.5393524169922,-123.55195300873336,48.10387076398801
8032,0.9999960660934448,1.117727060773177e-05,0.0,25.639999389648438,225.5393524169922,-123.55195300873336,48.10387076398801
8033,0.9999960660934448,1.117727060773177e-05,0.0,25.639999389648438,225.5393524169922,-123.55195300873336,48.10387076398801
8034,1.5170104461503797e-06,0.9174521565437317,0.0,24.47303581237793,14.142135620117188,-123.55155300873336,48.10387076398801
8035,1.5170104461503797e-06,0.9174521565437317,0.0,24.47303581237793,14.142135620117188,-123.55155300873336,48.10387076398801
8036,1.5170104461503797e-06,0.9174521565437317,0.0,24.47303581237793,14.142135620117188,-123.55155300873336,48.10387076398801
8037,1.5170104461503797e-06,0.9174521565437317,0.0,24.47303581237793,14.142135620117188,-123.55155300873336,48.10387076398801
8038,1.5170104461503797e-06,0.9174521565437317,0.0,24.47303581237793,14.142135620117188,-123.55155300873336,48.10387076398801
8039,1.5170104461503797e-06,0.9174521565437317,0.0,24.47303581237793,14.142135620117188,-123.55155300873336,48.10387076398801
8040,1.5170104461503797e-06,0.9174521565437317,0.0,24.47303581237793,14.142135620117188,-123.55155300873336,48.10387076398801
8041,1.5170104461503797e-06,0.9174521565437317,0.0,24.47303581237793,14.142135620117188,-123.55155300873336,48.10387076398801
8042,1.5170104461503797e-06,0.9174521565437317,0.0,24.47303581237793,14.142135620117188,-123.55155300873336,48.10387076398801
8043,1.5170104461503797e-06,0.9174521565437317,0.0,24.47303581237793,14.142135620117188,-123.55155300873336,48.10387076398801
8044,1.9996589344373206e-06,0.8349879384040833,0.0,26.579999923706055,148.31385803222656,-123.55435300873336,48.103470763988014
8045,1.9996589344373206e-06,0.8349879384040833,0.0,26.579999923706055,148.31385803222656,-123.55435300873336,48.103470763988014
8046,1.9996589344373206e-06,0.8349879384040833,0.0,26.579999923706055,148.31385803222656,-123.55435300873336,48.103470763988014
8047,1.9996589344373206e-06,0.8349879384040833,0.0,26.579999923706055,148.31385803222656,-123.55435300873336,48.103470763988014
8048,1.9996589344373206e-06,0.8349879384040833,0.0,26.579999923706055,148.31385803222656,-123.55435300873336,48.103470763988014
8049,1.9996589344373206e-06,0.8349879384040833,0.0,26.579999923706055,148.31385803222656,-123.55435300873336,48.103470763988014
8050,1.9996589344373206e-06,0.8349879384040833,0.0,26.579999923706055,148.31385803222656,-123.55435300873336,48.103470763988014
8051,1.9996589344373206e-06,0.8349879384040833,0.0,26.579999923706055,148.31385803222656,-123.55435300873336,48.103470763988014
8052,1.9996589344373206e-06,0.8349879384040833,0.0,26.579999923706055,148.31385803222656,-123.55435300873336,48.103470763988014
8053,1.9996589344373206e-06,0.8349879384040833,0.0,26.579999923706055,148.31385803222656,-123.55435300873336,48.103470763988014
8054,3.94780272472417e-06,0.39387238025665283,0.0,26.489999771118164,59.4810905456543,-123.55395300873336,48.103470763988014
8055,3.94780272472417e-06,0.39387238025665283,0.0,26.489999771118164,59.4810905456543,-123.55395300873336,48.103470763988014
8056,3.94780272472417e-06,0.39387238025665283,0.0,26.489999771118164,59.4810905456543,-123.55395300873336,48.103470763988014
8057,3.94780272472417e-06,0.39387238025665283,0.0,26.489999771118164,59.4810905456543,-123.55395300873336,48.103470763988014
8058,3.94780272472417e-06,0.39387238025665283,0.0,26.489999771118164,59.4810905456543,-123.55395300873336,48.103470763988014
8059,3.94780272472417e-06,0.39387238025665283,0.0,26.489999771118164,59.4810905456543,-123.55395300873336,48.103470763988014
8060,3.94780272472417e-06,0.39387238025665283,0.0,26.489999771118164,59.4810905456543,-123.55395300873336,48.103470763988014
8061,3.94780272472417e-06,0.39387238025665283,0.0,26.489999771118164,59.4810905456543,-123.55395300873336,48.103470763988014
8062,3.94780272472417e-06,0.39387238025665283,0.0,26.489999771118164,59.4810905456543,-123.55395300873336,48.103470763988014
8063,3.94780272472417e-06,0.39387238025665283,0.0,26.489999771118164,59.4810905456543,-123.55395300873336,48.103470763988014
8064,1.654361653891101e-06,0.9893074631690979,0.0,26.1200008392334,44.0,-123.55355300873336,48.103470763988014
8065,1.654361653891101e-06,0.9893074631690979,0.0,26.1200008392334,44.0,-123.55355300873336,48.103470763988014
8066,1.654361653891101e-06,0.9893074631690979,0.0,26.1200008392334,44.0,-123.55355300873336,48.103470763988014
8067,1.654361653891101e-06,0.9893074631690979,0.0,26.1200008392334,44.0,-123.55355300873336,48.103470763988014
8068,1.654361653891101e-06,0.9893074631690979,0.0,26.1200008392334,44.0,-123.55355300873336,48.103470763988014
8069,1.654361653891101e-06,0.9893074631690979,0.0,26.1200008392334,44.0,-123.55355300873336,48.103470763988014
8070,1.654361653891101e-06,0.9893074631690979,0.0,26.1200008392334,44.0,-123.55355300873336,48.103470763988014
8071,1.654361653891101e-06,0.9893074631690979,0.0,26.1200008392334,44.0,-123.55355300873336,48.103470763988014
8072,1.654361653891101e-06,0.9893074631690979,0.0,26.1200008392334,44.0,-123.55355300873336,48.103470763988014
8073,1.654361653891101e-06,0.9893074631690979,0.0,26.1200008392334,44.0,-123.55355300873336,48.103470763988014
8074,3.3079197692131856e-07,0.7779871821403503,0.0,25.559059143066406,16.552946090698242,-123.55315300873336,48.103470763988014
8075,3.3079197692131856e-07,0.7779871821403503,0.0,25.559059143066406,16.552946090698242,-123.55315300873336,48.103470763988014
8076,3.3079197692131856e-07,0.7779871821403503,0.0,25.559059143066406,16.552946090698242,-123.55315300873336,48.103470763988014
8077,3.3079197692131856e-07,0.7779871821403503,0.0,25.559059143066406,16.552946090698242,-123.55315300873336,48.103470763988014
8078,3.3079197692131856e-07,0.7779871821403503,0.0,25.559059143066406,16.552946090698242,-123.55315300873336,48.103470763988014
8079,3.3079197692131856e-07,0.7779871821403503,0.0,25.559059143066406,16.552946090698242,-123.55315300873336,48.103470763988014
8080,3.3079197692131856e-07,0.7779871821403503,0.0,25.559059143066406,16.552946090698242,-123.55315300873336,48.103470763988014
8081,3.3079197692131856e-07,0.7779871821403503,0.0,25.559059143066406,16.552946090698242,-123.55315300873336,48.103470763988014
8082,3.3079197692131856e-07,0.7779871821403503,0.0,25.559059143066406,16.552946090698242,-123.55315300873336,48.103470763988014
8083,3.3079197692131856e-07,0.7779871821403503,0.0,25.559059143066406,16.552946090698242,-123.55315300873336,48.103470763988014
8084,8.788231934886426e-05,0.0026751933619379997,1.0,26.051612854003906,67.89698028564453,-123.55275300873336,48.103470763988014
8085,8.788231934886426e-05,0.0026751933619379997,1.0,26.051612854003906,67.89698028564453,-123.55275300873336,48.103470763988014
8086,8.788231934886426e-05,0.0026751933619379997,1.0,26.051612854003906,67.89698028564453,-123.55275300873336,48.103470763988014
8087,8.788231934886426e-05,0.0026751933619379997,1.0,26.051612854003906,67.89698028564453,-123.55275300873336,48.103470763988014
8088,8.788231934886426e-05,0.0026751933619379997,1.0,26.051612854003906,67.89698028564453,-123.55275300873336,48.103470763988014
8089,8.788231934886426e-05,0.0026751933619379997,1.0,26.051612854003906,67.89698028564453,-123.55275300873336,48.103470763988014
8090,8.788231934886426e-05,0.0026751933619379997,1.0,26.051612854003906,67.89698028564453,-123.55275300873336,48.103470763988014
8091,8.788231934886426e-05,0.0026751933619379997,1.0,26.051612854003906,67.89698028564453,-123.55275300873336,48.103470763988014
8092,8.788231934886426e-05,0.0026751933619379997,1.0,26.051612854003906,67.89698028564453,-123.55275300873336,48.103470763988014
8093,8.788231934886426e-05,0.0026751933619379997,1.0,26.051612854003906,67.89698028564453,-123.55275300873336,48.103470763988014
8094,0.00017792249855119735,0.003544095903635025,1.0,25.41353988647461,38.327537536621094,-123.55235300873336,48.103470763988014
8095,0.00017792249855119735,0.003544095903635025,1.0,25.41353988647461,38.327537536621094,-123.55235300873336,48.103470763988014
8096,0.00017792249855119735,0.003544095903635025,1.0,25.41353988647461,38.327537536621094,-123.55235300873336,48.103470763988014
8097,0.00017792249855119735,0.003544095903635025,1.0,25.41353988647461,38.327537536621094,-123.55235300873336,48.103470763988014
8098,0.00017792249855119735,0.003544095903635025,1.0,25.41353988647461,38.327537536621094,-123.55235300873336,48.103470763988014
8099,0.00017792249855119735,0.003544095903635025,1.0,25.41353988647461,38.327537536621094,-123.55235300873336,48.103470763988014
8100,0.00017792249855119735,0.003544095903635025,1.0,25.41353988647461,38.327537536621094,-123.55235300873336,48.103470763988014
8101,0.00017792249855119735,0.003544095903635025,1.0,25.41353988647461,38.327537536621094,-123.55235300873336,48.103470763988014
8102,0.00017792249855119735,0.003544095903635025,1.0,25.41353988647461,38.327537536621094,-123.55235300873336,48.103470763988014
8103,0.00017792249855119735,0.003544095903635025,1.0,25.41353988647461,38.327537536621094,-123.55235300873336,48.103470763988014
8104,1.4855570995564449e-08,0.7726024389266968,0.0,25.410499572753906,9.486832618713379,-123.55195300873336,48.103470763988014
8105,1.4855570995564449e-08,0.7726024389266968,0.0,25.410499572753906,9.486832618713379,-123.55195300873336,48.103470763988014
8106,1.4855570995564449e-08,0.7726024389266968,0.0,25.410499572753906,9.486832618713379,-123.55195300873336,48.103470763988014
8107,1.4855570995564449e-08,0.7726024389266968,0.0,25.410499572753906,9.486832618713379,-123.55195300873336,48.103470763988014
8108,1.4855570995564449e-08,0.7726024389266968,0.0,25.410499572753906,9.486832618713379,-123.55195300873336,48.103470763988014
8109,1.4855570995564449e-08,0.7726024389266968,0.0,25.410499572753906,9.486832618713379,-123.55195300873336,48.103470763988014
8110,1.4855570995564449e-08,0.7726024389266968,0.0,25.410499572753906,9.486832618713379,-123.55195300873336,48.103470763988014
8111,1.4855570995564449e-08,0.7726024389266968,0.0,25.410499572753906,9.486832618713379,-123.55195300873336,48.103470763988014
8112,1.4855570995564449e-08,0.7726024389266968,0.0,25.410499572753906,9.486832618713379,-123.55195300873336,48.103470763988014
8113,1.4855570995564449e-08,0.7726024389266968,0.0,25.410499572753906,9.486832618713379,-123.55195300873336,48.103470763988014
8114,5.314606369211106e-06,0.40892472863197327,0.0,25.058761596679688,124.45079040527344,-123.55155300873336,48.103470763988014
8115,5.314606369211106e-06,0.40892472863197327,0.0,25.058761596679688,124.45079040527344,-123.55155300873336,48.103470763988014
8116,5.314606369211106e-06,0.40892472863197327,0.0,25.058761596679688,124.45079040527344,-123.55155300873336,48.103470763988014
8117,5.314606369211106e-06,0.40892472863197327,0.0,25.058761596679688,124.45079040527344,-123.55155300873336,48.103470763988014
8118,5.314606369211106e-06,0.40892472863197327,0.0,25.058761596679688,124.45079040527344,-123.55155300873336,48.103470763988014
8119,5.314606369211106e-06,0.40892472863197327,0.0,25.058761596679688,124.45079040527344,-123.55155300873336,48.103470763988014
8120,5.314606369211106e-06,0.40892472863197327,0.0,25.058761596679688,124.45079040527344,-123.55155300873336,48.103470763988014
8121,5.314606369211106e-06,0.40892472863197327,0.0,25.058761596679688,124.45079040527344,-123.55155300873336,48.103470763988014
8122,5.314606369211106e-06,0.40892472863197327,0.0,25.058761596679688,124.45079040527344,-123.55155300873336,48.103470763988014
8123,5.314606369211106e-06,0.40892472863197327,0.0,25.058761596679688,124.45079040527344,-123.55155300873336,48.103470763988014
8124,0.0,0.0,0.0,0.0,146.68673706054688,-123.55515300873336,48.103070763988015
8125,0.0,0.0,0.0,0.0,146.68673706054688,-123.55515300873336,48.103070763988015
8126,0.0,0.0,0.0,0.0,146.68673706054688,-123.55515300873336,48.103070763988015
8127,0.0,0.0,0.0,0.0,146.68673706054688,-123.55515300873336,48.103070763988015
8128,0.0,0.0,0.0,0.0,146.68673706054688,-123.55515300873336,48.103070763988015
8129,0.0,0.0,0.0,0.0,146.68673706054688,-123.55515300873336,48.103070763988015
8130,0.0,0.0,0.0,0.0,146.68673706054688,-123.55515300873336,48.103070763988015
8131,4.284488319683533e-09,0.9857601523399353,0.0,26.559999465942383,25.495098114013672,-123.55475300873336,48.103070763988015
8132,4.284488319683533e-09,0.9857601523399353,0.0,26.559999465942383,25.495098114013672,-123.55475300873336,48.103070763988015
8133,4.284488319683533e-09,0.9857601523399353,0.0,26.559999465942383,25.495098114013672,-123.55475300873336,48.103070763988015
8134,4.284488319683533e-09,0.9857601523399353,0.0,26.559999465942383,25.495098114013672,-123.55475300873336,48.103070763988015
8135,4.284488319683533e-09,0.9857601523399353,0.0,26.559999465942383,25.495098114013672,-123.55475300873336,48.103070763988015
8136,4.284488319683533e-09,0.9857601523399353,0.0,26.559999465942383,25.495098114013672,-123.55475300873336,48.103070763988015
8137,4.284488319683533e-09,0.9857601523399353,0.0,26.559999465942383,25.495098114013672,-123.55475300873336,48.103070763988015
8138,4.284488319683533e-09,0.9857601523399353,0.0,26.559999465942383,25.495098114013672,-123.55475300873336,48.103070763988015
8139,4.284488319683533e-09,0.9857601523399353,0.0,26.559999465942383,25.495098114013672,-123.55475300873336,48.103070763988015
8140,4.284488319683533e-09,0.9857601523399353,0.0,26.559999465942383,25.495098114013672,-123.55475300873336,48.103070763988015
8141,2.379921897954773e-05,0.8019266128540039,0.0,26.540000915527344,92.02716827392578,-123.55435300873336,48.103070763988015
8142,2.379921897954773e-05,0.8019266128540039,0.0,26.540000915527344,92.02716827392578,-123.55435300873336,48.103070763988015
8143,2.379921897954773e-05,0.8019266128540039,0.0,26.540000915527344,92.02716827392578,-123.55435300873336,48.103070763988015
8144,2.379921897954773e-05,0.8019266128540039,0.0,26.540000915527344,92.02716827392578,-123.55435300873336,48.103070763988015
8145,2.379921897954773e-05,0.8019266128540039,0.0,26.540000915527344,92.02716827392578,-123.55435300873336,48.103070763988015
8146,2.379921897954773e-05,0.8019266128540039,0.0,26.540000915527344,92.02716827392578,-123.55435300873336,48.103070763988015
8147,2.379921897954773e-05,0.8019266128540039,0.0,26.540000915527344,92.02716827392578,-123.55435300873336,48.103070763988015
8148,2.379921897954773e-05,0.8019266128540039,0.0,26.540000915527344,92.02716827392578,-123.55435300873336,48.103070763988015
8149,2.379921897954773e-05,0.8019266128540039,0.0,26.540000915527344,92.02716827392578,-123.55435300873336,48.103070763988015
8150,2.379921897954773e-05,0.8019266128540039,0.0,26.540000915527344,92.02716827392578,-123.55435300873336,48.103070763988015
8151,0.0,0.0,0.0,0.0,167.60072326660156,-123.55395300873336,48.103070763988015
8152,0.0,0.0,0.0,0.0,167.60072326660156,-123.55395300873336,48.103070763988015
8153,0.0,0.0,0.0,0.0,167.60072326660156,-123.55395300873336,48.103070763988015
8154,0.0,0.0,0.0,0.0,167.60072326660156,-123.55395300873336,48.103070763988015
8155,0.0,0.0,0.0,0.0,167.60072326660156,-123.55395300873336,48.103070763988015
8156,0.0,0.0,0.0,0.0,167.60072326660156,-123.55395300873336,48.103070763988015
8157,0.0,0.0,0.0,0.0,207.15211486816406,-123.55355300873336,48.103070763988015
8158,0.0,0.0,0.0,0.0,207.15211486816406,-123.55355300873336,48.103070763988015
8159,0.0,0.0,0.0,0.0,207.15211486816406,-123.55355300873336,48.103070763988015
8160,0.0,0.0,0.0,0.0,207.15211486816406,-123.55355300873336,48.103070763988015
8161,0.0,0.0,0.0,0.0,207.15211486816406,-123.55355300873336,48.103070763988015
8162,0.0,0.0,0.0,0.0,207.15211486816406,-123.55355300873336,48.103070763988015
8163,0.0,0.0,0.0,0.0,207.15211486816406,-123.55355300873336,48.103070763988015
8164,0.0,0.0,0.0,0.0,165.2210693359375,-123.55315300873336,48.103070763988015
8165,0.0,0.0,0.0,0.0,90.93404388427734,-123.55275300873336,48.103070763988015
8166,0.0,0.0,0.0,0.0,90.93404388427734,-123.55275300873336,48.103070763988015
8167,0.0,0.0,0.0,0.0,90.93404388427734,-123.55275300873336,48.103070763988015
8168,0.0,0.0,0.0,0.0,90.93404388427734,-123.55275300873336,48.103070763988015
8169,0.0,0.0,0.0,0.0,90.93404388427734,-123.55275300873336,48.103070763988015
8170,0.0,0.0,0.0,0.0,90.93404388427734,-123.55275300873336,48.103070763988015
8171,0.0,0.0,0.0,0.0,90.93404388427734,-123.55275300873336,48.103070763988015
8172,0.9974147081375122,0.00120852782856673,0.0,24.989999771118164,84.01190185546875,-123.55235300873336,48.103070763988015
8173,0.9974147081375122,0.00120852782856673,0.0,24.989999771118164,84.01190185546875,-123.55235300873336,48.103070763988015
8174,0.9974147081375122,0.00120852782856673,0.0,24.989999771118164,84.01190185546875,-123.55235300873336,48.103070763988015
8175,0.9974147081375122,0.00120852782856673,0.0,24.989999771118164,84.01190185546875,-123.55235300873336,48.103070763988015
8176,0.9974147081375122,0.00120852782856673,0.0,24.989999771118164,84.01190185546875,-123.55235300873336,48.103070763988015
8177,0.9974147081375122,0.00120852782856673,0.0,24.989999771118164,84.01190185546875,-123.55235300873336,48.103070763988015
8178,0.9974147081375122,0.00120852782856673,0.0,24.989999771118164,84.01190185546875,-123.55235300873336,48.103070763988015
8179,0.9974147081375122,0.00120852782856673,0.0,24.989999771118164,84.01190185546875,-123.55235300873336,48.103070763988015
8180,0.9974147081375122,0.00120852782856673,0.0,24.989999771118164,84.01190185546875,-123.55235300873336,48.103070763988015
8181,0.0,0.0,0.0,0.0,155.5956268310547,-123.55195300873336,48.103070763988015
8182,0.0,0.0,0.0,0.0,155.5956268310547,-123.55195300873336,48.103070763988015
8183,0.0,0.0,0.0,0.0,155.5956268310547,-123.55195300873336,48.103070763988015
8184,8.905743925424758e-06,0.05728212743997574,0.0,26.933128356933594,67.11929321289062,-123.55555300873336,48.102670763988016
8185,8.905743925424758e-06,0.05728212743997574,0.0,26.933128356933594,67.11929321289062,-123.55555300873336,48.102670763988016
8186,8.905743925424758e-06,0.05728212743997574,0.0,26.933128356933594,67.11929321289062,-123.55555300873336,48.102670763988016
8187,8.905743925424758e-06,0.05728212743997574,0.0,26.933128356933594,67.11929321289062,-123.55555300873336,48.102670763988016
8188,8.905743925424758e-06,0.05728212743997574,0.0,26.933128356933594,67.11929321289062,-123.55555300873336,48.102670763988016
8189,8.905743925424758e-06,0.05728212743997574,0.0,26.933128356933594,67.11929321289062,-123.55555300873336,48.102670763988016
8190,8.905743925424758e-06,0.05728212743997574,0.0,26.933128356933594,67.11929321289062,-123.55555300873336,48.102670763988016
8191,8.905743925424758e-06,0.05728212743997574,0.0,26.933128356933594,67.11929321289062,-123.55555300873336,48.102670763988016
8192,8.905743925424758e-06,0.05728212743997574,0.0,26.933128356933594,67.11929321289062,-123.55555300873336,48.102670763988016
8193,8.905743925424758e-06,0.05728212743997574,0.0,26.933128356933594,67.11929321289062,-123.55555300873336,48.102670763988016
8194,5.118828994454816e-05,0.08275512605905533,0.0,26.56999969482422,68.60028839111328,-123.55515300873336,48.102670763988016
8195,5.118828994454816e-05,0.08275512605905533,0.0,26.56999969482422,68.60028839111328,-123.55515300873336,48.102670763988016
8196,5.118828994454816e-05,0.08275512605905533,0.0,26.56999969482422,68.60028839111328,-123.55515300873336,48.102670763988016
8197,5.118828994454816e-05,0.08275512605905533,0.0,26.56999969482422,68.60028839111328,-123.55515300873336,48.102670763988016
8198,5.118828994454816e-05,0.08275512605905533,0.0,26.56999969482422,68.60028839111328,-123.55515300873336,48.102670763988016
8199,5.118828994454816e-05,0.08275512605905533,0.0,26.56999969482422,68.60028839111328,-123.55515300873336,48.102670763988016
8200,5.118828994454816e-05,0.08275512605905533,0.0,26.56999969482422,68.60028839111328,-123.55515300873336,48.102670763988016
8201,5.118828994454816e-05,0.08275512605905533,0.0,26.56999969482422,68.60028839111328,-123.55515300873336,48.102670763988016
8202,5.118828994454816e-05,0.08275512605905533,0.0,26.56999969482422,68.60028839111328,-123.55515300873336,48.102670763988016
8203,5.118828994454816e-05,0.08275512605905533,0.0,26.56999969482422,68.60028839111328,-123.55515300873336,48.102670763988016
8204,0.11428984999656677,0.00041920808143913746,0.0,26.670000076293945,80.95059967041016,-123.55635300873335,48.10227076398802
8205,0.11428984999656677,0.00041920808143913746,0.0,26.670000076293945,80.95059967041016,-123.55635300873335,48.10227076398802
8206,0.11428984999656677,0.00041920808143913746,0.0,26.670000076293945,80.95059967041016,-123.55635300873335,48.10227076398802
8207,0.11428984999656677,0.00041920808143913746,0.0,26.670000076293945,80.95059967041016,-123.55635300873335,48.10227076398802
8208,0.11428984999656677,0.00041920808143913746,0.0,26.670000076293945,80.95059967041016,-123.55635300873335,48.10227076398802
8209,0.11428984999656677,0.00041920808143913746,0.0,26.670000076293945,80.95059967041016,-123.55635300873335,48.10227076398802
8210,0.11428984999656677,0.00041920808143913746,0.0,26.670000076293945,80.95059967041016,-123.55635300873335,48.10227076398802
8211,0.11428984999656677,0.00041920808143913746,0.0,26.670000076293945,80.95059967041016,-123.55635300873335,48.10227076398802
8212,0.11428984999656677,0.00041920808143913746,0.0,26.670000076293945,80.95059967041016,-123.55635300873335,48.10227076398802
8213,0.11428984999656677,0.00041920808143913746,0.0,26.670000076293945,80.95059967041016,-123.55635300873335,48.10227076398802
8214,1.774130760168191e-05,0.0038536700885742903,0.0,26.6299991607666,35.7770881652832,-123.55595300873335,48.10227076398802
8215,1.774130760168191e-05,0.0038536700885742903,0.0,26.6299991607666,35.7770881652832,-123.55595300873335,48.10227076398802
8216,1.774130760168191e-05,0.0038536700885742903,0.0,26.6299991607666,35.7770881652832,-123.55595300873335,48.10227076398802
8217,1.774130760168191e-05,0.0038536700885742903,0.0,26.6299991607666,35.7770881652832,-123.55595300873335,48.10227076398802
8218,1.774130760168191e-05,0.0038536700885742903,0.0,26.6299991607666,35.7770881652832,-123.55595300873335,48.10227076398802
8219,1.774130760168191e-05,0.0038536700885742903,0.0,26.6299991607666,35.7770881652832,-123.55595300873335,48.10227076398802
8220,1.774130760168191e-05,0.0038536700885742903,0.0,26.6299991607666,35.7770881652832,-123.55595300873335,48.10227076398802
8221,1.774130760168191e-05,0.0038536700885742903,0.0,26.6299991607666,35.7770881652832,-123.55595300873335,48.10227076398802
8222,1.774130760168191e-05,0.0038536700885742903,0.0,26.6299991607666,35.7770881652832,-123.55595300873335,48.10227076398802
8223,1.774130760168191e-05,0.0038536700885742903,0.0,26.6299991607666,35.7770881652832,-123.55595300873335,48.10227076398802
8224,0.0,0.0,0.0,0.0,152.9477081298828,-123.55555300873336,48.10227076398802
8225,0.0,0.0,0.0,0.0,152.9477081298828,-123.55555300873336,48.10227076398802
8226,0.0,0.0,0.0,0.0,152.9477081298828,-123.55555300873336,48.10227076398802
8227,0.0,0.0,0.0,0.0,152.9477081298828,-123.55555300873336,48.10227076398802
8228,0.0,0.0,0.0,0.0,152.9477081298828,-123.55555300873336,48.10227076398802
8229,0.0,0.0,0.0,0.0,152.9477081298828,-123.55555300873336,48.10227076398802
8230,0.0,0.0,0.0,0.0,163.35543823242188,-123.55715300873335,48.10187076398802
8231,1.412959250046697e-06,0.6296983957290649,0.0,26.65999984741211,7.071067810058594,-123.55675300873335,48.10187076398802
8232,1.412959250046697e-06,0.6296983957290649,0.0,26.65999984741211,7.071067810058594,-123.55675300873335,48.10187076398802
8233,1.412959250046697e-06,0.6296983957290649,0.0,26.65999984741211,7.071067810058594,-123.55675300873335,48.10187076398802
8234,1.412959250046697e-06,0.6296983957290649,0.0,26.65999984741211,7.071067810058594,-123.55675300873335,48.10187076398802
8235,1.412959250046697e-06,0.6296983957290649,0.0,26.65999984741211,7.071067810058594,-123.55675300873335,48.10187076398802
8236,1.412959250046697e-06,0.6296983957290649,0.0,26.65999984741211,7.071067810058594,-123.55675300873335,48.10187076398802
8237,1.412959250046697e-06,0.6296983957290649,0.0,26.65999984741211,7.071067810058594,-123.55675300873335,48.10187076398802
8238,1.412959250046697e-06,0.6296983957290649,0.0,26.65999984741211,7.071067810058594,-123.55675300873335,48.10187076398802
8239,1.412959250046697e-06,0.6296983957290649,0.0,26.65999984741211,7.071067810058594,-123.55675300873335,48.10187076398802
8240,1.412959250046697e-06,0.6296983957290649,0.0,26.65999984741211,7.071067810058594,-123.55675300873335,48.10187076398802
8241,0.9996100068092346,9.394967491971329e-05,0.0,26.690000534057617,134.52508544921875,-123.55635300873335,48.10187076398802
8242,0.9996100068092346,9.394967491971329e-05,0.0,26.690000534057617,134.52508544921875,-123.55635300873335,48.10187076398802
8243,0.9996100068092346,9.394967491971329e-05,0.0,26.690000534057617,134.52508544921875,-123.55635300873335,48.10187076398802
8244,0.9996100068092346,9.394967491971329e-05,0.0,26.690000534057617,134.52508544921875,-123.55635300873335,48.10187076398802
8245,0.9996100068092346,9.394967491971329e-05,0.0,26.690000534057617,134.52508544921875,-123.55635300873335,48.10187076398802
8246,0.9996100068092346,9.394967491971329e-05,0.0,26.690000534057617,134.52508544921875,-123.55635300873335,48.10187076398802
8247,0.9996100068092346,9.394967491971329e-05,0.0,26.690000534057617,134.52508544921875,-123.55635300873335,48.10187076398802
8248,0.9996100068092346,9.394967491971329e-05,0.0,26.690000534057617,134.52508544921875,-123.55635300873335,48.10187076398802
8249,0.0,0.0,0.0,0.0,148.492431640625,-123.55755300873335,48.10147076398802
8250,0.0,0.0,0.0,0.0,148.492431640625,-123.55755300873335,48.10147076398802
8251,0.0,0.0,0.0,0.0,148.492431640625,-123.55755300873335,48.10147076398802
8252,0.0,0.0,0.0,0.0,148.492431640625,-123.55755300873335,48.10147076398802
8253,0.0,0.0,0.0,0.0,148.492431640625,-123.55755300873335,48.10147076398802
8254,0.0,0.0,0.0,0.0,148.492431640625,-123.55755300873335,48.10147076398802
8255,0.0,0.0,0.0,0.0,148.492431640625,-123.55755300873335,48.10147076398802
8256,0.0,0.0,0.0,0.0,148.492431640625,-123.55755300873335,48.10147076398802
8257,0.44565239548683167,0.0010654741199687123,0.0,26.639999389648438,25.238859176635742,-123.55715300873335,48.10147076398802
8258,0.44565239548683167,0.0010654741199687123,0.0,26.639999389648438,25.238859176635742,-123.55715300873335,48.10147076398802
8259,0.44565239548683167,0.0010654741199687123,0.0,26.639999389648438,25.238859176635742,-123.55715300873335,48.10147076398802
8260,0.44565239548683167,0.0010654741199687123,0.0,26.639999389648438,25.238859176635742,-123.55715300873335,48.10147076398802
8261,0.44565239548683167,0.0010654741199687123,0.0,26.639999389648438,25.238859176635742,-123.55715300873335,48.10147076398802
8262,0.44565239548683167,0.0010654741199687123,0.0,26.639999389648438,25.238859176635742,-123.55715300873335,48.10147076398802
8263,0.44565239548683167,0.0010654741199687123,0.0,26.639999389648438,25.238859176635742,-123.55715300873335,48.10147076398802
8264,0.44565239548683167,0.0010654741199687123,0.0,26.639999389648438,25.238859176635742,-123.55715300873335,48.10147076398802
8265,0.44565239548683167,0.0010654741199687123,0.0,26.639999389648438,25.238859176635742,-123.55715300873335,48.10147076398802
8266,0.44565239548683167,0.0010654741199687123,0.0,26.639999389648438,25.238859176635742,-123.55715300873335,48.10147076398802
8267,0.0,0.0,0.0,0.0,156.3105926513672,-123.55795300873335,48.10107076398802
8268,0.0,0.0,0.0,0.0,156.3105926513672,-123.55795300873335,48.10107076398802
8269,0.0,0.0,0.0,0.0,156.3105926513672,-123.55795300873335,48.10107076398802
8270,0.0,0.0,0.0,0.0,156.3105926513672,-123.55795300873335,48.10107076398802
8271,0.0,0.0,0.0,0.0,156.3105926513672,-123.55795300873335,48.10107076398802
8272,0.004578154068440199,0.0010490851709619164,1.0,26.770000457763672,27.58622932434082,-123.55755300873335,48.10107076398802
8273,0.004578154068440199,0.0010490851709619164,1.0,26.770000457763672,27.58622932434082,-123.55755300873335,48.10107076398802
8274,0.004578154068440199,0.0010490851709619164,1.0,26.770000457763672,27.58622932434082,-123.55755300873335,48.10107076398802
8275,0.004578154068440199,0.0010490851709619164,1.0,26.770000457763672,27.58622932434082,-123.55755300873335,48.10107076398802
8276,0.004578154068440199,0.0010490851709619164,1.0,26.770000457763672,27.58622932434082,-123.55755300873335,48.10107076398802
8277,0.004578154068440199,0.0010490851709619164,1.0,26.770000457763672,27.58622932434082,-123.55755300873335,48.10107076398802
8278,0.004578154068440199,0.0010490851709619164,1.0,26.770000457763672,27.58622932434082,-123.55755300873335,48.10107076398802
8279,0.004578154068440199,0.0010490851709619164,1.0,26.770000457763672,27.58622932434082,-123.55755300873335,48.10107076398802
8280,0.004578154068440199,0.0010490851709619164,1.0,26.770000457763672,27.58622932434082,-123.55755300873335,48.10107076398802
8281,0.004578154068440199,0.0010490851709619164,1.0,26.770000457763672,27.58622932434082,-123.55755300873335,48.10107076398802
8282,0.01681780256330967,0.08926048129796982,0.0,27.06999969482422,7.211102485656738,-123.55795300873335,48.10067076398802
8283,0.01681780256330967,0.08926048129796982,0.0,27.06999969482422,7.211102485656738,-123.55795300873335,48.10067076398802
8284,0.01681780256330967,0.08926048129796982,0.0,27.06999969482422,7.211102485656738,-123.55795300873335,48.10067076398802
8285,0.01681780256330967,0.08926048129796982,0.0,27.06999969482422,7.211102485656738,-123.55795300873335,48.10067076398802
8286,0.01681780256330967,0.08926048129796982,0.0,27.06999969482422,7.211102485656738,-123.55795300873335,48.10067076398802
8287,0.01681780256330967,0.08926048129796982,0.0,27.06999969482422,7.211102485656738,-123.55795300873335,48.10067076398802
8288,0.01681780256330967,0.08926048129796982,0.0,27.06999969482422,7.211102485656738,-123.55795300873335,48.10067076398802
8289,0.01681780256330967,0.08926048129796982,0.0,27.06999969482422,7.211102485656738,-123.55795300873335,48.10067076398802
8290,0.01681780256330967,0.08926048129796982,0.0,27.06999969482422,7.211102485656738,-123.55795300873335,48.10067076398802
8291,0.01681780256330967,0.08926048129796982,0.0,27.06999969482422,7.211102485656738,-123.55795300873335,48.10067076398802
8292,0.00012145557411713526,0.9971106052398682,0.0,27.459999084472656,86.33075714111328,-123.55835300873335,48.10027076398802
8293,0.00012145557411713526,0.9971106052398682,0.0,27.459999084472656,86.33075714111328,-123.55835300873335,48.10027076398802
8294,0.00012145557411713526,0.9971106052398682,0.0,27.459999084472656,86.33075714111328,-123.55835300873335,48.10027076398802
8295,0.00012145557411713526,0.9971106052398682,0.0,27.459999084472656,86.33075714111328,-123.55835300873335,48.10027076398802
8296,0.00012145557411713526,0.9971106052398682,0.0,27.459999084472656,86.33075714111328,-123.55835300873335,48.10027076398802
8297,0.00012145557411713526,0.9971106052398682,0.0,27.459999084472656,86.33075714111328,-123.55835300873335,48.10027076398802
8298,0.00012145557411713526,0.9971106052398682,0.0,27.459999084472656,86.33075714111328,-123.55835300873335,48.10027076398802
8299,0.00012145557411713526,0.9971106052398682,0.0,27.459999084472656,86.33075714111328,-123.55835300873335,48.10027076398802
8300,0.00012145557411713526,0.9971106052398682,0.0,27.459999084472656,86.33075714111328,-123.55835300873335,48.10027076398802
8301,0.00012145557411713526,0.9971106052398682,0.0,27.459999084472656,86.33075714111328,-123.55835300873335,48.10027076398802
8302,0.9999998807907104,1.1375047506589908e-05,0.0,28.510000228881836,142.8740692138672,-123.55795300873335,48.10027076398802
8303,0.9999998807907104,1.1375047506589908e-05,0.0,28.510000228881836,142.8740692138672,-123.55795300873335,48.10027076398802
8304,0.9999998807907104,1.1375047506589908e-05,0.0,28.510000228881836,142.8740692138672,-123.55795300873335,48.10027076398802
8305,0.9999998807907104,1.1375047506589908e-05,0.0,28.510000228881836,142.8740692138672,-123.55795300873335,48.10027076398802
8306,0.9999998807907104,1.1375047506589908e-05,0.0,28.510000228881836,142.8740692138672,-123.55795300873335,48.10027076398802
8307,0.0015824836445972323,0.9587551355361938,0.0,27.969999313354492,4.4721360206604,-123.55835300873335,48.09987076398802
8308,0.0015824836445972323,0.9587551355361938,0.0,27.969999313354492,4.4721360206604,-123.55835300873335,48.09987076398802
8309,0.0015824836445972323,0.9587551355361938,0.0,27.969999313354492,4.4721360206604,-123.55835300873335,48.09987076398802
8310,0.0015824836445972323,0.9587551355361938,0.0,27.969999313354492,4.4721360206604,-123.55835300873335,48.09987076398802
8311,0.0015824836445972323,0.9587551355361938,0.0,27.969999313354492,4.4721360206604,-123.55835300873335,48.09987076398802
8312,0.0015824836445972323,0.9587551355361938,0.0,27.969999313354492,4.4721360206604,-123.55835300873335,48.09987076398802
8313,0.0015824836445972323,0.9587551355361938,0.0,27.969999313354492,4.4721360206604,-123.55835300873335,48.09987076398802
8314,0.0015824836445972323,0.9587551355361938,0.0,27.969999313354492,4.4721360206604,-123.55835300873335,48.09987076398802
8315,0.0015824836445972323,0.9587551355361938,0.0,27.969999313354492,4.4721360206604,-123.55835300873335,48.09987076398802
8316,0.0015824836445972323,0.9587551355361938,0.0,27.969999313354492,4.4721360206604,-123.55835300873335,48.09987076398802
8317,0.0,0.0,0.0,0.0,237.36048889160156,-123.55795300873335,48.09987076398802
8318,0.0,0.0,0.0,0.0,237.36048889160156,-123.55795300873335,48.09987076398802
8319,2.831102756317705e-05,0.9933518171310425,0.0,28.31999969482422,21.189620971679688,-123.55835300873335,48.09947076398802
8320,2.831102756317705e-05,0.9933518171310425,0.0,28.31999969482422,21.189620971679688,-123.55835300873335,48.09947076398802
8321,2.831102756317705e-05,0.9933518171310425,0.0,28.31999969482422,21.189620971679688,-123.55835300873335,48.09947076398802
8322,2.831102756317705e-05,0.9933518171310425,0.0,28.31999969482422,21.189620971679688,-123.55835300873335,48.09947076398802
8323,2.831102756317705e-05,0.9933518171310425,0.0,28.31999969482422,21.189620971679688,-123.55835300873335,48.09947076398802
8324,2.831102756317705e-05,0.9933518171310425,0.0,28.31999969482422,21.189620971679688,-123.55835300873335,48.09947076398802
8325,2.831102756317705e-05,0.9933518171310425,0.0,28.31999969482422,21.189620971679688,-123.55835300873335,48.09947076398802
8326,2.831102756317705e-05,0.9933518171310425,0.0,28.31999969482422,21.189620971679688,-123.55835300873335,48.09947076398802
8327,2.831102756317705e-05,0.9933518171310425,0.0,28.31999969482422,21.189620971679688,-123.55835300873335,48.09947076398802
8328,2.831102756317705e-05,0.9933518171310425,0.0,28.31999969482422,21.189620971679688,-123.55835300873335,48.09947076398802
8329,0.0,0.0,0.0,0.0,220.3270263671875,-123.55795300873335,48.09947076398802
8330,1.1222130524402019e-05,0.9998181462287903,0.0,28.43000030517578,97.71898651123047,-123.55835300873335,48.099070763988024
8331,1.1222130524402019e-05,0.9998181462287903,0.0,28.43000030517578,97.71898651123047,-123.55835300873335,48.099070763988024
8332,1.1222130524402019e-05,0.9998181462287903,0.0,28.43000030517578,97.71898651123047,-123.55835300873335,48.099070763988024
8333,1.1222130524402019e-05,0.9998181462287903,0.0,28.43000030517578,97.71898651123047,-123.55835300873335,48.099070763988024
8334,1.1222130524402019e-05,0.9998181462287903,0.0,28.43000030517578,97.71898651123047,-123.55835300873335,48.099070763988024
8335,1.1222130524402019e-05,0.9998181462287903,0.0,28.43000030517578,97.71898651123047,-123.55835300873335,48.099070763988024
8336,1.1222130524402019e-05,0.9998181462287903,0.0,28.43000030517578,97.71898651123047,-123.55835300873335,48.099070763988024
8337,1.1222130524402019e-05,0.9998181462287903,0.0,28.43000030517578,97.71898651123047,-123.55835300873335,48.099070763988024
8338,1.1222130524402019e-05,0.9998181462287903,0.0,28.43000030517578,97.71898651123047,-123.55835300873335,48.099070763988024
8339,1.1222130524402019e-05,0.9998181462287903,0.0,28.43000030517578,97.71898651123047,-123.55835300873335,48.099070763988024
8340,0.9999769926071167,0.0002339002094231546,0.0,28.600000381469727,143.89231872558594,-123.55795300873335,48.099070763988024
8341,0.9999769926071167,0.0002339002094231546,0.0,28.600000381469727,143.89231872558594,-123.55795300873335,48.099070763988024
8342,0.9999769926071167,0.0002339002094231546,0.0,28.600000381469727,143.89231872558594,-123.55795300873335,48.099070763988024
8343,0.9999769926071167,0.0002339002094231546,0.0,28.600000381469727,143.89231872558594,-123.55795300873335,48.099070763988024
8344,0.938086211681366,0.08863573521375656,0.0,28.440000534057617,180.2720184326172,-123.55835300873335,48.098670763988025
8345,0.938086211681366,0.08863573521375656,0.0,28.440000534057617,180.2720184326172,-123.55835300873335,48.098670763988025
8346,0.938086211681366,0.08863573521375656,0.0,28.440000534057617,180.2720184326172,-123.55835300873335,48.098670763988025
8347,0.938086211681366,0.08863573521375656,0.0,28.440000534057617,180.2720184326172,-123.55835300873335,48.098670763988025
8348,0.938086211681366,0.08863573521375656,0.0,28.440000534057617,180.2720184326172,-123.55835300873335,48.098670763988025
8349,0.938086211681366,0.08863573521375656,0.0,28.440000534057617,180.2720184326172,-123.55835300873335,48.098670763988025
8350,0.938086211681366,0.08863573521375656,0.0,28.440000534057617,180.2720184326172,-123.55835300873335,48.098670763988025
8351,0.938086211681366,0.08863573521375656,0.0,28.440000534057617,180.2720184326172,-123.55835300873335,48.098670763988025
8352,0.938086211681366,0.08863573521375656,0.0,28.440000534057617,180.2720184326172,-123.55835300873335,48.098670763988025
8353,2.2623302356805652e-05,0.9999575614929199,0.0,28.3799991607666,51.865211486816406,-123.55795300873335,48.098670763988025
8354,2.2623302356805652e-05,0.9999575614929199,0.0,28.3799991607666,51.865211486816406,-123.55795300873335,48.098670763988025
8355,2.2623302356805652e-05,0.9999575614929199,0.0,28.3799991607666,51.865211486816406,-123.55795300873335,48.098670763988025
8356,2.2623302356805652e-05,0.9999575614929199,0.0,28.3799991607666,51.865211486816406,-123.55795300873335,48.098670763988025
8357,2.2623302356805652e-05,0.9999575614929199,0.0,28.3799991607666,51.865211486816406,-123.55795300873335,48.098670763988025
8358,2.2623302356805652e-05,0.9999575614929199,0.0,28.3799991607666,51.865211486816406,-123.55795300873335,48.098670763988025
8359,2.2623302356805652e-05,0.9999575614929199,0.0,28.3799991607666,51.865211486816406,-123.55795300873335,48.098670763988025
8360,2.2623302356805652e-05,0.9999575614929199,0.0,28.3799991607666,51.865211486816406,-123.55795300873335,48.098670763988025
8361,2.2623302356805652e-05,0.9999575614929199,0.0,28.3799991607666,51.865211486816406,-123.55795300873335,48.098670763988025
8362,2.2623302356805652e-05,0.9999575614929199,0.0,28.3799991607666,51.865211486816406,-123.55795300873335,48.098670763988025
8363,0.9999964237213135,4.593004996422678e-05,0.0,44.58000183105469,282.6517333984375,-123.55835300873335,48.098270763988026
8364,3.3411592426091374e-07,0.9999308586120605,0.0,28.530000686645508,59.03388977050781,-123.55795300873335,48.098270763988026
8365,3.3411592426091374e-07,0.9999308586120605,0.0,28.530000686645508,59.03388977050781,-123.55795300873335,48.098270763988026
8366,3.3411592426091374e-07,0.9999308586120605,0.0,28.530000686645508,59.03388977050781,-123.55795300873335,48.098270763988026
8367,3.3411592426091374e-07,0.9999308586120605,0.0,28.530000686645508,59.03388977050781,-123.55795300873335,48.098270763988026
8368,3.3411592426091374e-07,0.9999308586120605,0.0,28.530000686645508,59.03388977050781,-123.55795300873335,48.098270763988026
8369,3.3411592426091374e-07,0.9999308586120605,0.0,28.530000686645508,59.03388977050781,-123.55795300873335,48.098270763988026
8370,3.3411592426091374e-07,0.9999308586120605,0.0,28.530000686645508,59.03388977050781,-123.55795300873335,48.098270763988026
8371,3.3411592426091374e-07,0.9999308586120605,0.0,28.530000686645508,59.03388977050781,-123.55795300873335,48.098270763988026
8372,3.3411592426091374e-07,0.9999308586120605,0.0,28.530000686645508,59.03388977050781,-123.55795300873335,48.098270763988026
8373,3.3411592426091374e-07,0.9999308586120605,0.0,28.530000686645508,59.03388977050781,-123.55795300873335,48.098270763988026
8374,0.9999997615814209,8.824038377497345e-05,0.0,29.06999969482422,164.17672729492188,-123.55755300873335,48.098270763988026
8375,0.9999997615814209,8.824038377497345e-05,0.0,29.06999969482422,164.17672729492188,-123.55755300873335,48.098270763988026
8376,0.9999425411224365,9.846068860497326e-05,0.0,30.149999618530273,180.6792755126953,-123.55795300873335,48.09787076398803
8377,6.993453212089662e-07,0.9999432563781738,0.0,28.579999923706055,12.727922439575195,-123.55755300873335,48.09787076398803
8378,6.993453212089662e-07,0.9999432563781738,0.0,28.579999923706055,12.727922439575195,-123.55755300873335,48.09787076398803
8379,6.993453212089662e-07,0.9999432563781738,0.0,28.579999923706055,12.727922439575195,-123.55755300873335,48.09787076398803
8380,6.993453212089662e-07,0.9999432563781738,0.0,28.579999923706055,12.727922439575195,-123.55755300873335,48.09787076398803
8381,6.993453212089662e-07,0.9999432563781738,0.0,28.579999923706055,12.727922439575195,-123.55755300873335,48.09787076398803
8382,6.993453212089662e-07,0.9999432563781738,0.0,28.579999923706055,12.727922439575195,-123.55755300873335,48.09787076398803
8383,6.993453212089662e-07,0.9999432563781738,0.0,28.579999923706055,12.727922439575195,-123.55755300873335,48.09787076398803
8384,6.993453212089662e-07,0.9999432563781738,0.0,28.579999923706055,12.727922439575195,-123.55755300873335,48.09787076398803
8385,6.993453212089662e-07,0.9999432563781738,0.0,28.579999923706055,12.727922439575195,-123.55755300873335,48.09787076398803
8386,6.993453212089662e-07,0.9999432563781738,0.0,28.579999923706055,12.727922439575195,-123.55755300873335,48.09787076398803
8387,0.9999998807907104,0.00013683957513421774,0.0,29.31999969482422,161.4434814453125,-123.55755300873335,48.09747076398803
8388,9.743712325871456e-07,0.9995771050453186,0.0,28.6299991607666,16.278820037841797,-123.55715300873335,48.09747076398803
8389,9.743712325871456e-07,0.9995771050453186,0.0,28.6299991607666,16.278820037841797,-123.55715300873335,48.09747076398803
8390,9.743712325871456e-07,0.9995771050453186,0.0,28.6299991607666,16.278820037841797,-123.55715300873335,48.09747076398803
8391,9.743712325871456e-07,0.9995771050453186,0.0,28.6299991607666,16.278820037841797,-123.55715300873335,48.09747076398803
8392,9.743712325871456e-07,0.9995771050453186,0.0,28.6299991607666,16.278820037841797,-123.55715300873335,48.09747076398803
8393,9.743712325871456e-07,0.9995771050453186,0.0,28.6299991607666,16.278820037841797,-123.55715300873335,48.09747076398803
8394,9.743712325871456e-07,0.9995771050453186,0.0,28.6299991607666,16.278820037841797,-123.55715300873335,48.09747076398803
8395,9.743712325871456e-07,0.9995771050453186,0.0,28.6299991607666,16.278820037841797,-123.55715300873335,48.09747076398803
8396,9.743712325871456e-07,0.9995771050453186,0.0,28.6299991607666,16.278820037841797,-123.55715300873335,48.09747076398803
8397,9.743712325871456e-07,0.9995771050453186,0.0,28.6299991607666,16.278820037841797,-123.55715300873335,48.09747076398803
8398,0.9999994039535522,4.351338793640025e-05,0.0,39.7400016784668,196.79684448242188,-123.55675300873335,48.09747076398803
8399,0.9993938207626343,0.0005059689283370972,0.0,30.520000457763672,161.19863891601562,-123.55715300873335,48.09707076398803
8400,0.9993938207626343,0.0005059689283370972,0.0,30.520000457763672,161.19863891601562,-123.55715300873335,48.09707076398803
8401,3.029848727464923e-08,0.9999412298202515,0.0,28.700000762939453,36.400550842285156,-123.55675300873335,48.09707076398803
8402,3.029848727464923e-08,0.9999412298202515,0.0,28.700000762939453,36.400550842285156,-123.55675300873335,48.09707076398803
8403,3.029848727464923e-08,0.9999412298202515,0.0,28.700000762939453,36.400550842285156,-123.55675300873335,48.09707076398803
8404,3.029848727464923e-08,0.9999412298202515,0.0,28.700000762939453,36.400550842285156,-123.55675300873335,48.09707076398803
8405,3.029848727464923e-08,0.9999412298202515,0.0,28.700000762939453,36.400550842285156,-123.55675300873335,48.09707076398803
8406,3.029848727464923e-08,0.9999412298202515,0.0,28.700000762939453,36.400550842285156,-123.55675300873335,48.09707076398803
8407,3.029848727464923e-08,0.9999412298202515,0.0,28.700000762939453,36.400550842285156,-123.55675300873335,48.09707076398803
8408,3.029848727464923e-08,0.9999412298202515,0.0,28.700000762939453,36.400550842285156,-123.55675300873335,48.09707076398803
8409,3.029848727464923e-08,0.9999412298202515,0.0,28.700000762939453,36.400550842285156,-123.55675300873335,48.09707076398803
8410,3.029848727464923e-08,0.9999412298202515,0.0,28.700000762939453,36.400550842285156,-123.55675300873335,48.09707076398803
8411,0.9352192282676697,0.3060232698917389,0.0,28.940000534057617,120.60265350341797,-123.55675300873335,48.09667076398803
8412,0.9352192282676697,0.3060232698917389,0.0,28.940000534057617,120.60265350341797,-123.55675300873335,48.09667076398803
8413,0.9352192282676697,0.3060232698917389,0.0,28.940000534057617,120.60265350341797,-123.55675300873335,48.09667076398803
8414,0.9352192282676697,0.3060232698917389,0.0,28.940000534057617,120.60265350341797,-123.55675300873335,48.09667076398803
8415,0.9352192282676697,0.3060232698917389,0.0,28.940000534057617,120.60265350341797,-123.55675300873335,48.09667076398803
8416,0.9352192282676697,0.3060232698917389,0.0,28.940000534057617,120.60265350341797,-123.55675300873335,48.09667076398803
8417,0.9352192282676697,0.3060232698917389,0.0,28.940000534057617,120.60265350341797,-123.55675300873335,48.09667076398803
8418,0.9352192282676697,0.3060232698917389,0.0,28.940000534057617,120.60265350341797,-123.55675300873335,48.09667076398803
8419,0.9352192282676697,0.3060232698917389,0.0,28.940000534057617,120.60265350341797,-123.55675300873335,48.09667076398803
8420,1.2331341167737264e-05,0.9980881810188293,0.0,29.079999923706055,82.80096435546875,-123.55635300873335,48.09667076398803
8421,1.2331341167737264e-05,0.9980881810188293,0.0,29.079999923706055,82.80096435546875,-123.55635300873335,48.09667076398803
8422,1.2331341167737264e-05,0.9980881810188293,0.0,29.079999923706055,82.80096435546875,-123.55635300873335,48.09667076398803
8423,1.2331341167737264e-05,0.9980881810188293,0.0,29.079999923706055,82.80096435546875,-123.55635300873335,48.09667076398803
8424,1.2331341167737264e-05,0.9980881810188293,0.0,29.079999923706055,82.80096435546875,-123.55635300873335,48.09667076398803
8425,1.2331341167737264e-05,0.9980881810188293,0.0,29.079999923706055,82.80096435546875,-123.55635300873335,48.09667076398803
8426,1.2331341167737264e-05,0.9980881810188293,0.0,29.079999923706055,82.80096435546875,-123.55635300873335,48.09667076398803
8427,1.2331341167737264e-05,0.9980881810188293,0.0,29.079999923706055,82.80096435546875,-123.55635300873335,48.09667076398803
8428,1.2331341167737264e-05,0.9980881810188293,0.0,29.079999923706055,82.80096435546875,-123.55635300873335,48.09667076398803
8429,1.2331341167737264e-05,0.9980881810188293,0.0,29.079999923706055,82.80096435546875,-123.55635300873335,48.09667076398803
8430,0.0,0.0,0.0,0.0,40.853397369384766,-123.55635300873335,48.09627076398803
8431,0.0,0.0,0.0,0.0,40.853397369384766,-123.55635300873335,48.09627076398803
8432,0.0,0.0,0.0,0.0,40.853397369384766,-123.55635300873335,48.09627076398803
8433,0.0,0.0,0.0,0.0,40.853397369384766,-123.55635300873335,48.09627076398803
8434,0.0,0.0,0.0,0.0,40.853397369384766,-123.55635300873335,48.09627076398803
8435,0.0,0.0,0.0,0.0,40.853397369384766,-123.55635300873335,48.09627076398803
8436,0.0,0.0,0.0,0.0,40.853397369384766,-123.55635300873335,48.09627076398803
8437,0.0,0.0,0.0,0.0,40.853397369384766,-123.55635300873335,48.09627076398803
8438,0.0,0.0,0.0,0.0,194.9974365234375,-123.55595300873335,48.09627076398803
8439,0.0,0.0,0.0,0.0,194.9974365234375,-123.55595300873335,48.09627076398803
8440,0.0,0.0,0.0,0.0,111.61093139648438,-123.55635300873335,48.09587076398803
8441,0.0,0.0,0.0,0.0,111.61093139648438,-123.55635300873335,48.09587076398803
8442,0.0,0.0,0.0,0.0,111.61093139648438,-123.55635300873335,48.09587076398803
8443,0.0,0.0,0.0,0.0,111.61093139648438,-123.55635300873335,48.09587076398803
8444,0.0,0.0,0.0,0.0,137.10215759277344,-123.55595300873335,48.09587076398803
8445,0.0,0.0,0.0,0.0,137.10215759277344,-123.55595300873335,48.09587076398803
8446,0.0,0.0,0.0,0.0,82.71033477783203,-123.55595300873335,48.09547076398803
