,dat_veg,dat_water,dat_wood,dat_dem,dat_dist,x,y
0,0.0,0.0,0.0,0.0,558.1227416992188,-123.56355300873334,48.14467076398792
1,0.0,0.0,0.0,0.0,558.1227416992188,-123.56355300873334,48.14467076398792
2,0.0,0.0,0.0,0.0,558.1227416992188,-123.56355300873334,48.14467076398792
3,0.0,0.0,0.0,0.0,349.3365173339844,-123.56315300873334,48.14467076398792
4,0.0,0.0,0.0,0.0,349.3365173339844,-123.56315300873334,48.14467076398792
5,0.0,0.0,0.0,0.0,349.3365173339844,-123.56315300873334,48.14467076398792
6,0.0,0.0,0.0,0.0,250.19992065429688,-123.56275300873334,48.14467076398792
7,0.0,0.0,0.0,0.0,250.19992065429688,-123.56275300873334,48.14467076398792
8,0.0,0.0,0.0,0.0,250.19992065429688,-123.56275300873334,48.14467076398792
9,0.0,0.0,0.0,0.0,364.2760009765625,-123.56235300873334,48.14467076398792
10,0.0,0.0,0.0,0.0,364.2760009765625,-123.56235300873334,48.14467076398792
11,0.0,0.0,0.0,0.0,754.0166015625,-123.56395300873334,48.14427076398792
12,0.0,0.0,0.0,0.0,499.0250549316406,-123.56355300873334,48.14427076398792
13,0.0,0.0,0.0,0.0,499.0250549316406,-123.56355300873334,48.14427076398792
14,0.0,0.0,0.0,0.0,499.0250549316406,-123.56355300873334,48.14427076398792
15,0.0,0.0,0.0,0.0,499.0250549316406,-123.56355300873334,48.14427076398792
16,0.0,0.0,0.0,0.0,499.0250549316406,-123.56355300873334,48.14427076398792
17,0.0,0.0,0.0,0.0,499.0250549316406,-123.56355300873334,48.14427076398792
18,0.0,0.0,0.0,0.0,499.0250549316406,-123.56355300873334,48.14427076398792
19,1.6309097190969624e-05,0.05844183638691902,0.0,2.6474621295928955,244.0512237548828,-123.56315300873334,48.14427076398792
20,1.6309097190969624e-05,0.05844183638691902,0.0,2.6474621295928955,244.0512237548828,-123.56315300873334,48.14427076398792
21,1.6309097190969624e-05,0.05844183638691902,0.0,2.6474621295928955,244.0512237548828,-123.56315300873334,48.14427076398792
22,1.6309097190969624e-05,0.05844183638691902,0.0,2.6474621295928955,244.0512237548828,-123.56315300873334,48.14427076398792
23,1.6309097190969624e-05,0.05844183638691902,0.0,2.6474621295928955,244.0512237548828,-123.56315300873334,48.14427076398792
24,1.6309097190969624e-05,0.05844183638691902,0.0,2.6474621295928955,244.0512237548828,-123.56315300873334,48.14427076398792
25,1.6309097190969624e-05,0.05844183638691902,0.0,2.6474621295928955,244.0512237548828,-123.56315300873334,48.14427076398792
26,1.6309097190969624e-05,0.05844183638691902,0.0,2.6474621295928955,244.0512237548828,-123.56315300873334,48.14427076398792
27,1.6309097190969624e-05,0.05844183638691902,0.0,2.6474621295928955,244.0512237548828,-123.56315300873334,48.14427076398792
28,1.6309097190969624e-05,0.05844183638691902,0.0,2.6474621295928955,244.0512237548828,-123.56315300873334,48.14427076398792
29,1.2442665138223674e-05,0.1254781037569046,0.0,1.2100000381469727,6.324555397033691,-123.56275300873334,48.14427076398792
30,1.2442665138223674e-05,0.1254781037569046,0.0,1.2100000381469727,6.324555397033691,-123.56275300873334,48.14427076398792
31,1.2442665138223674e-05,0.1254781037569046,0.0,1.2100000381469727,6.324555397033691,-123.56275300873334,48.14427076398792
32,1.2442665138223674e-05,0.1254781037569046,0.0,1.2100000381469727,6.324555397033691,-123.56275300873334,48.14427076398792
33,1.2442665138223674e-05,0.1254781037569046,0.0,1.2100000381469727,6.324555397033691,-123.56275300873334,48.14427076398792
34,1.2442665138223674e-05,0.1254781037569046,0.0,1.2100000381469727,6.324555397033691,-123.56275300873334,48.14427076398792
35,1.2442665138223674e-05,0.1254781037569046,0.0,1.2100000381469727,6.324555397033691,-123.56275300873334,48.14427076398792
36,1.2442665138223674e-05,0.1254781037569046,0.0,1.2100000381469727,6.324555397033691,-123.56275300873334,48.14427076398792
37,1.2442665138223674e-05,0.1254781037569046,0.0,1.2100000381469727,6.324555397033691,-123.56275300873334,48.14427076398792
38,1.2442665138223674e-05,0.1254781037569046,0.0,1.2100000381469727,6.324555397033691,-123.56275300873334,48.14427076398792
39,0.0,0.0,0.0,0.0,234.3416290283203,-123.56235300873334,48.14427076398792
40,0.0,0.0,0.0,0.0,234.3416290283203,-123.56235300873334,48.14427076398792
41,0.0,0.0,0.0,0.0,234.3416290283203,-123.56235300873334,48.14427076398792
42,0.0,0.0,0.0,0.0,234.3416290283203,-123.56235300873334,48.14427076398792
43,0.0,0.0,0.0,0.0,234.3416290283203,-123.56235300873334,48.14427076398792
44,0.0,0.0,0.0,0.0,449.1069030761719,-123.56195300873334,48.14427076398792
45,0.0,0.0,0.0,0.0,449.1069030761719,-123.56195300873334,48.14427076398792
46,0.0,0.0,0.0,0.0,797.5687866210938,-123.56395300873334,48.14387076398792
47,0.0,0.0,0.0,0.0,562.5949096679688,-123.56355300873334,48.14387076398792
48,0.0,0.0,0.0,0.0,562.5949096679688,-123.56355300873334,48.14387076398792
49,0.0,0.0,0.0,0.0,334.5160827636719,-123.56315300873334,48.14387076398792
50,0.0,0.0,0.0,0.0,334.5160827636719,-123.56315300873334,48.14387076398792
51,0.0,0.0,0.0,0.0,334.5160827636719,-123.56315300873334,48.14387076398792
52,0.0,0.0,0.0,0.0,334.5160827636719,-123.56315300873334,48.14387076398792
53,0.0,0.0,0.0,0.0,334.5160827636719,-123.56315300873334,48.14387076398792
54,0.0,0.0,0.0,0.0,334.5160827636719,-123.56315300873334,48.14387076398792
55,0.0,0.0,0.0,0.0,334.5160827636719,-123.56315300873334,48.14387076398792
56,0.0,0.0,0.0,0.0,334.5160827636719,-123.56315300873334,48.14387076398792
57,0.0,0.0,0.0,0.0,334.5160827636719,-123.56315300873334,48.14387076398792
58,8.596126463089604e-06,0.009718429297208786,0.0,2.814225912094116,115.37763977050781,-123.56275300873334,48.14387076398792
59,8.596126463089604e-06,0.009718429297208786,0.0,2.814225912094116,115.37763977050781,-123.56275300873334,48.14387076398792
60,8.596126463089604e-06,0.009718429297208786,0.0,2.814225912094116,115.37763977050781,-123.56275300873334,48.14387076398792
61,8.596126463089604e-06,0.009718429297208786,0.0,2.814225912094116,115.37763977050781,-123.56275300873334,48.14387076398792
62,8.596126463089604e-06,0.009718429297208786,0.0,2.814225912094116,115.37763977050781,-123.56275300873334,48.14387076398792
63,8.596126463089604e-06,0.009718429297208786,0.0,2.814225912094116,115.37763977050781,-123.56275300873334,48.14387076398792
64,8.596126463089604e-06,0.009718429297208786,0.0,2.814225912094116,115.37763977050781,-123.56275300873334,48.14387076398792
65,8.596126463089604e-06,0.009718429297208786,0.0,2.814225912094116,115.37763977050781,-123.56275300873334,48.14387076398792
66,8.596126463089604e-06,0.009718429297208786,0.0,2.814225912094116,115.37763977050781,-123.56275300873334,48.14387076398792
67,8.596126463089604e-06,0.009718429297208786,0.0,2.814225912094116,115.37763977050781,-123.56275300873334,48.14387076398792
68,0.025034481659531593,0.49590981006622314,0.0,2.3469645977020264,95.13148498535156,-123.56235300873334,48.14387076398792
69,0.025034481659531593,0.49590981006622314,0.0,2.3469645977020264,95.13148498535156,-123.56235300873334,48.14387076398792
70,0.025034481659531593,0.49590981006622314,0.0,2.3469645977020264,95.13148498535156,-123.56235300873334,48.14387076398792
71,0.025034481659531593,0.49590981006622314,0.0,2.3469645977020264,95.13148498535156,-123.56235300873334,48.14387076398792
72,0.025034481659531593,0.49590981006622314,0.0,2.3469645977020264,95.13148498535156,-123.56235300873334,48.14387076398792
73,0.025034481659531593,0.49590981006622314,0.0,2.3469645977020264,95.13148498535156,-123.56235300873334,48.14387076398792
74,0.025034481659531593,0.49590981006622314,0.0,2.3469645977020264,95.13148498535156,-123.56235300873334,48.14387076398792
75,0.025034481659531593,0.49590981006622314,0.0,2.3469645977020264,95.13148498535156,-123.56235300873334,48.14387076398792
76,0.025034481659531593,0.49590981006622314,0.0,2.3469645977020264,95.13148498535156,-123.56235300873334,48.14387076398792
77,0.025034481659531593,0.49590981006622314,0.0,2.3469645977020264,95.13148498535156,-123.56235300873334,48.14387076398792
78,0.0,0.0,0.0,0.0,222.78465270996094,-123.56195300873334,48.14387076398792
79,0.0,0.0,0.0,0.0,222.78465270996094,-123.56195300873334,48.14387076398792
80,0.0,0.0,0.0,0.0,222.78465270996094,-123.56195300873334,48.14387076398792
81,0.0,0.0,0.0,0.0,222.78465270996094,-123.56195300873334,48.14387076398792
82,0.0,0.0,0.0,0.0,375.6008605957031,-123.56155300873334,48.14387076398792
83,0.0,0.0,0.0,0.0,562.7655029296875,-123.56115300873334,48.14387076398792
84,0.0,0.0,0.0,0.0,625.3870849609375,-123.56435300873333,48.14347076398792
85,0.0,0.0,0.0,0.0,576.7850341796875,-123.56395300873334,48.14347076398792
86,0.0,0.0,0.0,0.0,576.7850341796875,-123.56395300873334,48.14347076398792
87,0.10222932696342468,0.002252645557746291,0.0,2.366580009460449,463.9622802734375,-123.56355300873334,48.14347076398792
88,0.10222932696342468,0.002252645557746291,0.0,2.366580009460449,463.9622802734375,-123.56355300873334,48.14347076398792
89,0.10222932696342468,0.002252645557746291,0.0,2.366580009460449,463.9622802734375,-123.56355300873334,48.14347076398792
90,0.10222932696342468,0.002252645557746291,0.0,2.366580009460449,463.9622802734375,-123.56355300873334,48.14347076398792
91,0.10222932696342468,0.002252645557746291,0.0,2.366580009460449,463.9622802734375,-123.56355300873334,48.14347076398792
92,0.10222932696342468,0.002252645557746291,0.0,2.366580009460449,463.9622802734375,-123.56355300873334,48.14347076398792
93,0.10222932696342468,0.002252645557746291,0.0,2.366580009460449,463.9622802734375,-123.56355300873334,48.14347076398792
94,0.10222932696342468,0.002252645557746291,0.0,2.366580009460449,463.9622802734375,-123.56355300873334,48.14347076398792
95,0.10222932696342468,0.002252645557746291,0.0,2.366580009460449,463.9622802734375,-123.56355300873334,48.14347076398792
96,0.10222932696342468,0.002252645557746291,0.0,2.366580009460449,463.9622802734375,-123.56355300873334,48.14347076398792
97,2.7334601327311248e-05,0.00031288241734728217,0.0,2.969529151916504,291.3314208984375,-123.56315300873334,48.14347076398792
98,2.7334601327311248e-05,0.00031288241734728217,0.0,2.969529151916504,291.3314208984375,-123.56315300873334,48.14347076398792
99,2.7334601327311248e-05,0.00031288241734728217,0.0,2.969529151916504,291.3314208984375,-123.56315300873334,48.14347076398792
100,2.7334601327311248e-05,0.00031288241734728217,0.0,2.969529151916504,291.3314208984375,-123.56315300873334,48.14347076398792
101,2.7334601327311248e-05,0.00031288241734728217,0.0,2.969529151916504,291.3314208984375,-123.56315300873334,48.14347076398792
102,2.7334601327311248e-05,0.00031288241734728217,0.0,2.969529151916504,291.3314208984375,-123.56315300873334,48.14347076398792
103,2.7334601327311248e-05,0.00031288241734728217,0.0,2.969529151916504,291.3314208984375,-123.56315300873334,48.14347076398792
104,2.7334601327311248e-05,0.00031288241734728217,0.0,2.969529151916504,291.3314208984375,-123.56315300873334,48.14347076398792
105,2.7334601327311248e-05,0.00031288241734728217,0.0,2.969529151916504,291.3314208984375,-123.56315300873334,48.14347076398792
106,2.7334601327311248e-05,0.00031288241734728217,0.0,2.969529151916504,291.3314208984375,-123.56315300873334,48.14347076398792
107,1.080435231415322e-05,0.35114723443984985,0.0,3.0401508808135986,123.04470825195312,-123.56275300873334,48.14347076398792
108,1.080435231415322e-05,0.35114723443984985,0.0,3.0401508808135986,123.04470825195312,-123.56275300873334,48.14347076398792
109,1.080435231415322e-05,0.35114723443984985,0.0,3.0401508808135986,123.04470825195312,-123.56275300873334,48.14347076398792
110,1.080435231415322e-05,0.35114723443984985,0.0,3.0401508808135986,123.04470825195312,-123.56275300873334,48.14347076398792
111,1.080435231415322e-05,0.35114723443984985,0.0,3.0401508808135986,123.04470825195312,-123.56275300873334,48.14347076398792
112,1.080435231415322e-05,0.35114723443984985,0.0,3.0401508808135986,123.04470825195312,-123.56275300873334,48.14347076398792
113,1.080435231415322e-05,0.35114723443984985,0.0,3.0401508808135986,123.04470825195312,-123.56275300873334,48.14347076398792
114,1.080435231415322e-05,0.35114723443984985,0.0,3.0401508808135986,123.04470825195312,-123.56275300873334,48.14347076398792
115,1.080435231415322e-05,0.35114723443984985,0.0,3.0401508808135986,123.04470825195312,-123.56275300873334,48.14347076398792
116,1.080435231415322e-05,0.35114723443984985,0.0,3.0401508808135986,123.04470825195312,-123.56275300873334,48.14347076398792
117,3.5574225876189303e-07,0.9998212456703186,0.0,3.1894519329071045,12.041594505310059,-123.56235300873334,48.14347076398792
118,3.5574225876189303e-07,0.9998212456703186,0.0,3.1894519329071045,12.041594505310059,-123.56235300873334,48.14347076398792
119,3.5574225876189303e-07,0.9998212456703186,0.0,3.1894519329071045,12.041594505310059,-123.56235300873334,48.14347076398792
120,3.5574225876189303e-07,0.9998212456703186,0.0,3.1894519329071045,12.041594505310059,-123.56235300873334,48.14347076398792
121,3.5574225876189303e-07,0.9998212456703186,0.0,3.1894519329071045,12.041594505310059,-123.56235300873334,48.14347076398792
122,3.5574225876189303e-07,0.9998212456703186,0.0,3.1894519329071045,12.041594505310059,-123.56235300873334,48.14347076398792
123,3.5574225876189303e-07,0.9998212456703186,0.0,3.1894519329071045,12.041594505310059,-123.56235300873334,48.14347076398792
124,3.5574225876189303e-07,0.9998212456703186,0.0,3.1894519329071045,12.041594505310059,-123.56235300873334,48.14347076398792
125,3.5574225876189303e-07,0.9998212456703186,0.0,3.1894519329071045,12.041594505310059,-123.56235300873334,48.14347076398792
126,3.5574225876189303e-07,0.9998212456703186,0.0,3.1894519329071045,12.041594505310059,-123.56235300873334,48.14347076398792
127,0.9348775744438171,0.026488034054636955,0.0,2.3469645977020264,20.248456954956055,-123.56195300873334,48.14347076398792
128,0.9348775744438171,0.026488034054636955,0.0,2.3469645977020264,20.248456954956055,-123.56195300873334,48.14347076398792
129,0.9348775744438171,0.026488034054636955,0.0,2.3469645977020264,20.248456954956055,-123.56195300873334,48.14347076398792
130,0.9348775744438171,0.026488034054636955,0.0,2.3469645977020264,20.248456954956055,-123.56195300873334,48.14347076398792
131,0.9348775744438171,0.026488034054636955,0.0,2.3469645977020264,20.248456954956055,-123.56195300873334,48.14347076398792
132,0.9348775744438171,0.026488034054636955,0.0,2.3469645977020264,20.248456954956055,-123.56195300873334,48.14347076398792
133,0.9348775744438171,0.026488034054636955,0.0,2.3469645977020264,20.248456954956055,-123.56195300873334,48.14347076398792
134,0.9348775744438171,0.026488034054636955,0.0,2.3469645977020264,20.248456954956055,-123.56195300873334,48.14347076398792
135,0.0,0.0,0.0,0.0,222.647705078125,-123.56155300873334,48.14347076398792
136,0.0,0.0,0.0,0.0,474.08544921875,-123.56115300873334,48.14347076398792
137,0.0,0.0,0.0,0.0,404.9222106933594,-123.56475300873333,48.14307076398792
138,0.0,0.0,0.0,0.0,371.5588684082031,-123.56435300873333,48.14307076398792
139,0.0,0.0,0.0,0.0,371.5588684082031,-123.56435300873333,48.14307076398792
140,0.0,0.0,0.0,0.0,371.5588684082031,-123.56435300873333,48.14307076398792
141,0.0,0.0,0.0,0.0,371.5588684082031,-123.56435300873333,48.14307076398792
142,0.0,0.0,0.0,0.0,371.5588684082031,-123.56435300873333,48.14307076398792
143,0.0,0.0,0.0,0.0,329.7347412109375,-123.56395300873334,48.14307076398792
144,0.0,0.0,0.0,0.0,329.7347412109375,-123.56395300873334,48.14307076398792
145,0.0,0.0,0.0,0.0,329.7347412109375,-123.56395300873334,48.14307076398792
146,0.0,0.0,0.0,0.0,329.7347412109375,-123.56395300873334,48.14307076398792
147,0.0,0.0,0.0,0.0,329.7347412109375,-123.56395300873334,48.14307076398792
148,0.0,0.0,0.0,0.0,329.7347412109375,-123.56395300873334,48.14307076398792
149,0.0,0.0,0.0,0.0,329.7347412109375,-123.56395300873334,48.14307076398792
150,0.0,0.0,0.0,0.0,329.7347412109375,-123.56395300873334,48.14307076398792
151,0.0,0.0,0.0,0.0,329.7347412109375,-123.56395300873334,48.14307076398792
152,2.1676343749277294e-05,0.00048378383507952094,0.0,3.3427796363830566,248.51559448242188,-123.56355300873334,48.14307076398792
153,2.1676343749277294e-05,0.00048378383507952094,0.0,3.3427796363830566,248.51559448242188,-123.56355300873334,48.14307076398792
154,2.1676343749277294e-05,0.00048378383507952094,0.0,3.3427796363830566,248.51559448242188,-123.56355300873334,48.14307076398792
155,2.1676343749277294e-05,0.00048378383507952094,0.0,3.3427796363830566,248.51559448242188,-123.56355300873334,48.14307076398792
156,2.1676343749277294e-05,0.00048378383507952094,0.0,3.3427796363830566,248.51559448242188,-123.56355300873334,48.14307076398792
157,2.1676343749277294e-05,0.00048378383507952094,0.0,3.3427796363830566,248.51559448242188,-123.56355300873334,48.14307076398792
158,2.1676343749277294e-05,0.00048378383507952094,0.0,3.3427796363830566,248.51559448242188,-123.56355300873334,48.14307076398792
159,2.1676343749277294e-05,0.00048378383507952094,0.0,3.3427796363830566,248.51559448242188,-123.56355300873334,48.14307076398792
160,2.1676343749277294e-05,0.00048378383507952094,0.0,3.3427796363830566,248.51559448242188,-123.56355300873334,48.14307076398792
161,2.1676343749277294e-05,0.00048378383507952094,0.0,3.3427796363830566,248.51559448242188,-123.56355300873334,48.14307076398792
162,2.254213541164063e-05,0.05346238240599632,0.0,2.473954677581787,112.05802154541016,-123.56315300873334,48.14307076398792
163,2.254213541164063e-05,0.05346238240599632,0.0,2.473954677581787,112.05802154541016,-123.56315300873334,48.14307076398792
164,2.254213541164063e-05,0.05346238240599632,0.0,2.473954677581787,112.05802154541016,-123.56315300873334,48.14307076398792
165,2.254213541164063e-05,0.05346238240599632,0.0,2.473954677581787,112.05802154541016,-123.56315300873334,48.14307076398792
166,2.254213541164063e-05,0.05346238240599632,0.0,2.473954677581787,112.05802154541016,-123.56315300873334,48.14307076398792
167,2.254213541164063e-05,0.05346238240599632,0.0,2.473954677581787,112.05802154541016,-123.56315300873334,48.14307076398792
168,2.254213541164063e-05,0.05346238240599632,0.0,2.473954677581787,112.05802154541016,-123.56315300873334,48.14307076398792
169,2.254213541164063e-05,0.05346238240599632,0.0,2.473954677581787,112.05802154541016,-123.56315300873334,48.14307076398792
170,2.254213541164063e-05,0.05346238240599632,0.0,2.473954677581787,112.05802154541016,-123.56315300873334,48.14307076398792
171,2.254213541164063e-05,0.05346238240599632,0.0,2.473954677581787,112.05802154541016,-123.56315300873334,48.14307076398792
172,0.33724159002304077,0.06760802119970322,0.0,2.8036670684814453,67.88224792480469,-123.56275300873334,48.14307076398792
173,0.33724159002304077,0.06760802119970322,0.0,2.8036670684814453,67.88224792480469,-123.56275300873334,48.14307076398792
174,0.33724159002304077,0.06760802119970322,0.0,2.8036670684814453,67.88224792480469,-123.56275300873334,48.14307076398792
175,0.33724159002304077,0.06760802119970322,0.0,2.8036670684814453,67.88224792480469,-123.56275300873334,48.14307076398792
176,0.33724159002304077,0.06760802119970322,0.0,2.8036670684814453,67.88224792480469,-123.56275300873334,48.14307076398792
177,0.33724159002304077,0.06760802119970322,0.0,2.8036670684814453,67.88224792480469,-123.56275300873334,48.14307076398792
178,0.33724159002304077,0.06760802119970322,0.0,2.8036670684814453,67.88224792480469,-123.56275300873334,48.14307076398792
179,0.33724159002304077,0.06760802119970322,0.0,2.8036670684814453,67.88224792480469,-123.56275300873334,48.14307076398792
180,0.33724159002304077,0.06760802119970322,0.0,2.8036670684814453,67.88224792480469,-123.56275300873334,48.14307076398792
181,0.33724159002304077,0.06760802119970322,0.0,2.8036670684814453,67.88224792480469,-123.56275300873334,48.14307076398792
182,0.9999735355377197,0.00015339555102400482,0.0,3.240000009536743,154.1590118408203,-123.56235300873334,48.14307076398792
183,0.9999735355377197,0.00015339555102400482,0.0,3.240000009536743,154.1590118408203,-123.56235300873334,48.14307076398792
184,0.9999735355377197,0.00015339555102400482,0.0,3.240000009536743,154.1590118408203,-123.56235300873334,48.14307076398792
185,0.9999735355377197,0.00015339555102400482,0.0,3.240000009536743,154.1590118408203,-123.56235300873334,48.14307076398792
186,0.9999735355377197,0.00015339555102400482,0.0,3.240000009536743,154.1590118408203,-123.56235300873334,48.14307076398792
187,0.9999735355377197,0.00015339555102400482,0.0,3.240000009536743,154.1590118408203,-123.56235300873334,48.14307076398792
188,0.9999735355377197,0.00015339555102400482,0.0,3.240000009536743,154.1590118408203,-123.56235300873334,48.14307076398792
189,0.9999735355377197,0.00015339555102400482,0.0,3.240000009536743,154.1590118408203,-123.56235300873334,48.14307076398792
190,0.9999735355377197,0.00015339555102400482,0.0,3.240000009536743,154.1590118408203,-123.56235300873334,48.14307076398792
191,0.9999735355377197,0.00015339555102400482,0.0,3.240000009536743,154.1590118408203,-123.56235300873334,48.14307076398792
192,0.9994682669639587,0.0002646513166837394,0.0,2.740000009536743,98.89894104003906,-123.56195300873334,48.14307076398792
193,0.9994682669639587,0.0002646513166837394,0.0,2.740000009536743,98.89894104003906,-123.56195300873334,48.14307076398792
194,0.9994682669639587,0.0002646513166837394,0.0,2.740000009536743,98.89894104003906,-123.56195300873334,48.14307076398792
195,0.9994682669639587,0.0002646513166837394,0.0,2.740000009536743,98.89894104003906,-123.56195300873334,48.14307076398792
196,0.9994682669639587,0.0002646513166837394,0.0,2.740000009536743,98.89894104003906,-123.56195300873334,48.14307076398792
197,0.9994682669639587,0.0002646513166837394,0.0,2.740000009536743,98.89894104003906,-123.56195300873334,48.14307076398792
198,0.9994682669639587,0.0002646513166837394,0.0,2.740000009536743,98.89894104003906,-123.56195300873334,48.14307076398792
199,0.9994682669639587,0.0002646513166837394,0.0,2.740000009536743,98.89894104003906,-123.56195300873334,48.14307076398792
200,0.9994682669639587,0.0002646513166837394,0.0,2.740000009536743,98.89894104003906,-123.56195300873334,48.14307076398792
201,0.9994682669639587,0.0002646513166837394,0.0,2.740000009536743,98.89894104003906,-123.56195300873334,48.14307076398792
202,0.0,0.0,0.0,0.0,295.0542297363281,-123.56155300873334,48.14307076398792
203,0.0,0.0,0.0,0.0,295.0542297363281,-123.56155300873334,48.14307076398792
204,0.0,0.0,0.0,0.0,295.0542297363281,-123.56155300873334,48.14307076398792
205,0.0,0.0,0.0,0.0,295.0542297363281,-123.56155300873334,48.14307076398792
206,0.0,0.0,0.0,0.0,295.0542297363281,-123.56155300873334,48.14307076398792
207,0.0,0.0,0.0,0.0,295.0542297363281,-123.56155300873334,48.14307076398792
208,0.0,0.0,0.0,0.0,295.0542297363281,-123.56155300873334,48.14307076398792
209,0.0,0.0,0.0,0.0,295.0542297363281,-123.56155300873334,48.14307076398792
210,0.0,0.0,0.0,0.0,229.9239044189453,-123.56515300873333,48.14267076398792
211,0.0,0.0,0.0,0.0,229.9239044189453,-123.56515300873333,48.14267076398792
212,0.0,0.0,0.0,0.0,229.9239044189453,-123.56515300873333,48.14267076398792
213,0.0,0.0,0.0,0.0,153.57408142089844,-123.56475300873333,48.14267076398792
214,0.0,0.0,0.0,0.0,153.57408142089844,-123.56475300873333,48.14267076398792
215,0.0,0.0,0.0,0.0,153.57408142089844,-123.56475300873333,48.14267076398792
216,0.0,0.0,0.0,0.0,153.57408142089844,-123.56475300873333,48.14267076398792
217,0.0,0.0,0.0,0.0,153.57408142089844,-123.56475300873333,48.14267076398792
218,0.0,0.0,0.0,0.0,153.57408142089844,-123.56475300873333,48.14267076398792
219,0.0,0.0,0.0,0.0,153.57408142089844,-123.56475300873333,48.14267076398792
220,0.0,0.0,0.0,0.0,153.57408142089844,-123.56475300873333,48.14267076398792
221,0.0,0.0,0.0,0.0,153.57408142089844,-123.56475300873333,48.14267076398792
222,3.464641122263856e-05,0.0383167527616024,0.0,2.8700063228607178,117.83463287353516,-123.56435300873333,48.14267076398792
223,3.464641122263856e-05,0.0383167527616024,0.0,2.8700063228607178,117.83463287353516,-123.56435300873333,48.14267076398792
224,3.464641122263856e-05,0.0383167527616024,0.0,2.8700063228607178,117.83463287353516,-123.56435300873333,48.14267076398792
225,3.464641122263856e-05,0.0383167527616024,0.0,2.8700063228607178,117.83463287353516,-123.56435300873333,48.14267076398792
226,3.464641122263856e-05,0.0383167527616024,0.0,2.8700063228607178,117.83463287353516,-123.56435300873333,48.14267076398792
227,3.464641122263856e-05,0.0383167527616024,0.0,2.8700063228607178,117.83463287353516,-123.56435300873333,48.14267076398792
228,3.464641122263856e-05,0.0383167527616024,0.0,2.8700063228607178,117.83463287353516,-123.56435300873333,48.14267076398792
229,3.464641122263856e-05,0.0383167527616024,0.0,2.8700063228607178,117.83463287353516,-123.56435300873333,48.14267076398792
230,3.464641122263856e-05,0.0383167527616024,0.0,2.8700063228607178,117.83463287353516,-123.56435300873333,48.14267076398792
231,3.464641122263856e-05,0.0383167527616024,0.0,2.8700063228607178,117.83463287353516,-123.56435300873333,48.14267076398792
232,0.0010078008053824306,0.001848350279033184,0.0,3.4611895084381104,80.52328491210938,-123.56395300873334,48.14267076398792
233,0.0010078008053824306,0.001848350279033184,0.0,3.4611895084381104,80.52328491210938,-123.56395300873334,48.14267076398792
234,0.0010078008053824306,0.001848350279033184,0.0,3.4611895084381104,80.52328491210938,-123.56395300873334,48.14267076398792
235,0.0010078008053824306,0.001848350279033184,0.0,3.4611895084381104,80.52328491210938,-123.56395300873334,48.14267076398792
236,0.0010078008053824306,0.001848350279033184,0.0,3.4611895084381104,80.52328491210938,-123.56395300873334,48.14267076398792
237,0.0010078008053824306,0.001848350279033184,0.0,3.4611895084381104,80.52328491210938,-123.56395300873334,48.14267076398792
238,0.0010078008053824306,0.001848350279033184,0.0,3.4611895084381104,80.52328491210938,-123.56395300873334,48.14267076398792
239,0.0010078008053824306,0.001848350279033184,0.0,3.4611895084381104,80.52328491210938,-123.56395300873334,48.14267076398792
240,0.0010078008053824306,0.001848350279033184,0.0,3.4611895084381104,80.52328491210938,-123.56395300873334,48.14267076398792
241,0.0010078008053824306,0.001848350279033184,0.0,3.4611895084381104,80.52328491210938,-123.56395300873334,48.14267076398792
242,1.554535083414521e-05,0.0027124921325594187,0.0,3.2779645919799805,10.770329475402832,-123.56355300873334,48.14267076398792
243,1.554535083414521e-05,0.0027124921325594187,0.0,3.2779645919799805,10.770329475402832,-123.56355300873334,48.14267076398792
244,1.554535083414521e-05,0.0027124921325594187,0.0,3.2779645919799805,10.770329475402832,-123.56355300873334,48.14267076398792
245,1.554535083414521e-05,0.0027124921325594187,0.0,3.2779645919799805,10.770329475402832,-123.56355300873334,48.14267076398792
246,1.554535083414521e-05,0.0027124921325594187,0.0,3.2779645919799805,10.770329475402832,-123.56355300873334,48.14267076398792
247,1.554535083414521e-05,0.0027124921325594187,0.0,3.2779645919799805,10.770329475402832,-123.56355300873334,48.14267076398792
248,1.554535083414521e-05,0.0027124921325594187,0.0,3.2779645919799805,10.770329475402832,-123.56355300873334,48.14267076398792
249,1.554535083414521e-05,0.0027124921325594187,0.0,3.2779645919799805,10.770329475402832,-123.56355300873334,48.14267076398792
250,1.554535083414521e-05,0.0027124921325594187,0.0,3.2779645919799805,10.770329475402832,-123.56355300873334,48.14267076398792
251,1.554535083414521e-05,0.0027124921325594187,0.0,3.2779645919799805,10.770329475402832,-123.56355300873334,48.14267076398792
252,1.8695595827011857e-07,0.10332030057907104,0.0,2.6152186393737793,102.62553405761719,-123.56315300873334,48.14267076398792
253,1.8695595827011857e-07,0.10332030057907104,0.0,2.6152186393737793,102.62553405761719,-123.56315300873334,48.14267076398792
254,1.8695595827011857e-07,0.10332030057907104,0.0,2.6152186393737793,102.62553405761719,-123.56315300873334,48.14267076398792
255,1.8695595827011857e-07,0.10332030057907104,0.0,2.6152186393737793,102.62553405761719,-123.56315300873334,48.14267076398792
256,1.8695595827011857e-07,0.10332030057907104,0.0,2.6152186393737793,102.62553405761719,-123.56315300873334,48.14267076398792
257,1.8695595827011857e-07,0.10332030057907104,0.0,2.6152186393737793,102.62553405761719,-123.56315300873334,48.14267076398792
258,1.8695595827011857e-07,0.10332030057907104,0.0,2.6152186393737793,102.62553405761719,-123.56315300873334,48.14267076398792
259,1.8695595827011857e-07,0.10332030057907104,0.0,2.6152186393737793,102.62553405761719,-123.56315300873334,48.14267076398792
260,1.8695595827011857e-07,0.10332030057907104,0.0,2.6152186393737793,102.62553405761719,-123.56315300873334,48.14267076398792
261,1.8695595827011857e-07,0.10332030057907104,0.0,2.6152186393737793,102.62553405761719,-123.56315300873334,48.14267076398792
262,0.9999974966049194,9.796908852877095e-05,0.0,3.4700000286102295,239.88539123535156,-123.56275300873334,48.14267076398792
263,0.9999974966049194,9.796908852877095e-05,0.0,3.4700000286102295,239.88539123535156,-123.56275300873334,48.14267076398792
264,0.9999974966049194,9.796908852877095e-05,0.0,3.4700000286102295,239.88539123535156,-123.56275300873334,48.14267076398792
265,0.9999974966049194,9.796908852877095e-05,0.0,3.4700000286102295,239.88539123535156,-123.56275300873334,48.14267076398792
266,0.9999974966049194,9.796908852877095e-05,0.0,3.4700000286102295,239.88539123535156,-123.56275300873334,48.14267076398792
267,0.9999974966049194,9.796908852877095e-05,0.0,3.4700000286102295,239.88539123535156,-123.56275300873334,48.14267076398792
268,0.9999974966049194,9.796908852877095e-05,0.0,3.4700000286102295,239.88539123535156,-123.56275300873334,48.14267076398792
269,0.9999974966049194,9.796908852877095e-05,0.0,3.4700000286102295,239.88539123535156,-123.56275300873334,48.14267076398792
270,0.9999974966049194,9.796908852877095e-05,0.0,3.4700000286102295,239.88539123535156,-123.56275300873334,48.14267076398792
271,0.9999974966049194,9.796908852877095e-05,0.0,3.4700000286102295,239.88539123535156,-123.56275300873334,48.14267076398792
272,0.9999969005584717,3.679458313854411e-05,0.0,3.630000114440918,338.8819885253906,-123.56235300873334,48.14267076398792
273,0.9999969005584717,3.679458313854411e-05,0.0,3.630000114440918,338.8819885253906,-123.56235300873334,48.14267076398792
274,0.9999969005584717,3.679458313854411e-05,0.0,3.630000114440918,338.8819885253906,-123.56235300873334,48.14267076398792
275,0.9999969005584717,3.679458313854411e-05,0.0,3.630000114440918,338.8819885253906,-123.56235300873334,48.14267076398792
276,0.9999969005584717,3.679458313854411e-05,0.0,3.630000114440918,338.8819885253906,-123.56235300873334,48.14267076398792
277,0.9999969005584717,3.679458313854411e-05,0.0,3.630000114440918,338.8819885253906,-123.56235300873334,48.14267076398792
278,0.9999969005584717,3.679458313854411e-05,0.0,3.630000114440918,338.8819885253906,-123.56235300873334,48.14267076398792
279,0.9999969005584717,3.679458313854411e-05,0.0,3.630000114440918,338.8819885253906,-123.56235300873334,48.14267076398792
280,0.9999969005584717,3.679458313854411e-05,0.0,3.630000114440918,338.8819885253906,-123.56235300873334,48.14267076398792
281,0.9999969005584717,3.679458313854411e-05,0.0,3.630000114440918,338.8819885253906,-123.56235300873334,48.14267076398792
282,0.9999983310699463,4.616185469785705e-05,0.0,2.6303536891937256,309.3800354003906,-123.56195300873334,48.14267076398792
283,0.9999983310699463,4.616185469785705e-05,0.0,2.6303536891937256,309.3800354003906,-123.56195300873334,48.14267076398792
284,0.9999983310699463,4.616185469785705e-05,0.0,2.6303536891937256,309.3800354003906,-123.56195300873334,48.14267076398792
285,0.9999983310699463,4.616185469785705e-05,0.0,2.6303536891937256,309.3800354003906,-123.56195300873334,48.14267076398792
286,0.9999983310699463,4.616185469785705e-05,0.0,2.6303536891937256,309.3800354003906,-123.56195300873334,48.14267076398792
287,0.9999983310699463,4.616185469785705e-05,0.0,2.6303536891937256,309.3800354003906,-123.56195300873334,48.14267076398792
288,0.9999983310699463,4.616185469785705e-05,0.0,2.6303536891937256,309.3800354003906,-123.56195300873334,48.14267076398792
289,0.9999983310699463,4.616185469785705e-05,0.0,2.6303536891937256,309.3800354003906,-123.56195300873334,48.14267076398792
290,0.9999983310699463,4.616185469785705e-05,0.0,2.6303536891937256,309.3800354003906,-123.56195300873334,48.14267076398792
291,0.9999983310699463,4.616185469785705e-05,0.0,2.6303536891937256,309.3800354003906,-123.56195300873334,48.14267076398792
292,0.0,0.0,0.0,0.0,454.57781982421875,-123.56155300873334,48.14267076398792
293,0.0,0.0,0.0,0.0,454.57781982421875,-123.56155300873334,48.14267076398792
294,0.0,0.0,0.0,0.0,454.57781982421875,-123.56155300873334,48.14267076398792
295,0.0,0.0,0.0,0.0,454.57781982421875,-123.56155300873334,48.14267076398792
296,0.0,0.0,0.0,0.0,454.57781982421875,-123.56155300873334,48.14267076398792
297,0.0,0.0,0.0,0.0,454.57781982421875,-123.56155300873334,48.14267076398792
298,0.0,0.0,0.0,0.0,454.57781982421875,-123.56155300873334,48.14267076398792
299,0.0,0.0,0.0,0.0,655.5737915039062,-123.56115300873334,48.14267076398792
300,0.0,0.0,0.0,0.0,655.5737915039062,-123.56115300873334,48.14267076398792
301,0.0,0.0,0.0,0.0,655.5737915039062,-123.56115300873334,48.14267076398792
302,0.0,0.0,0.0,0.0,655.5737915039062,-123.56115300873334,48.14267076398792
303,0.0,0.0,0.0,0.0,655.5737915039062,-123.56115300873334,48.14267076398792
304,0.0,0.0,0.0,0.0,857.3284301757812,-123.56075300873334,48.14267076398792
305,0.0,0.0,0.0,0.0,1080.8958740234375,-123.56035300873334,48.14267076398792
306,0.0,0.0,0.0,0.0,1080.8958740234375,-123.56035300873334,48.14267076398792
307,0.0,0.0,0.0,0.0,1080.8958740234375,-123.56035300873334,48.14267076398792
308,0.0,0.0,0.0,0.0,1316.4957275390625,-123.55995300873334,48.14267076398792
309,0.0,0.0,0.0,0.0,1316.4957275390625,-123.55995300873334,48.14267076398792
310,0.0,0.0,0.0,0.0,1316.4957275390625,-123.55995300873334,48.14267076398792
311,0.0,0.0,0.0,0.0,1558.2156982421875,-123.55955300873335,48.14267076398792
312,0.0,0.0,0.0,0.0,1558.2156982421875,-123.55955300873335,48.14267076398792
313,0.0,0.0,0.0,0.0,1803.5966796875,-123.55915300873335,48.14267076398792
314,0.0,0.0,0.0,0.0,1803.5966796875,-123.55915300873335,48.14267076398792
315,0.9652462601661682,0.00011084896686952561,0.0,5.019999980926514,222.15760803222656,-123.56555300873333,48.14227076398792
316,0.9652462601661682,0.00011084896686952561,0.0,5.019999980926514,222.15760803222656,-123.56555300873333,48.14227076398792
317,0.9652462601661682,0.00011084896686952561,0.0,5.019999980926514,222.15760803222656,-123.56555300873333,48.14227076398792
318,0.9652462601661682,0.00011084896686952561,0.0,5.019999980926514,222.15760803222656,-123.56555300873333,48.14227076398792
319,0.9652462601661682,0.00011084896686952561,0.0,5.019999980926514,222.15760803222656,-123.56555300873333,48.14227076398792
320,0.9652462601661682,0.00011084896686952561,0.0,5.019999980926514,222.15760803222656,-123.56555300873333,48.14227076398792
321,2.0877070710412227e-05,0.08351428061723709,0.0,4.039031505584717,16.6433162689209,-123.56515300873333,48.14227076398792
322,2.0877070710412227e-05,0.08351428061723709,0.0,4.039031505584717,16.6433162689209,-123.56515300873333,48.14227076398792
323,2.0877070710412227e-05,0.08351428061723709,0.0,4.039031505584717,16.6433162689209,-123.56515300873333,48.14227076398792
324,2.0877070710412227e-05,0.08351428061723709,0.0,4.039031505584717,16.6433162689209,-123.56515300873333,48.14227076398792
325,2.0877070710412227e-05,0.08351428061723709,0.0,4.039031505584717,16.6433162689209,-123.56515300873333,48.14227076398792
326,2.0877070710412227e-05,0.08351428061723709,0.0,4.039031505584717,16.6433162689209,-123.56515300873333,48.14227076398792
327,2.0877070710412227e-05,0.08351428061723709,0.0,4.039031505584717,16.6433162689209,-123.56515300873333,48.14227076398792
328,2.0877070710412227e-05,0.08351428061723709,0.0,4.039031505584717,16.6433162689209,-123.56515300873333,48.14227076398792
329,2.0877070710412227e-05,0.08351428061723709,0.0,4.039031505584717,16.6433162689209,-123.56515300873333,48.14227076398792
330,2.0877070710412227e-05,0.08351428061723709,0.0,4.039031505584717,16.6433162689209,-123.56515300873333,48.14227076398792
331,2.5609388103475794e-05,0.05347926542162895,0.0,3.0813241004943848,97.01546478271484,-123.56475300873333,48.14227076398792
332,2.5609388103475794e-05,0.05347926542162895,0.0,3.0813241004943848,97.01546478271484,-123.56475300873333,48.14227076398792
333,2.5609388103475794e-05,0.05347926542162895,0.0,3.0813241004943848,97.01546478271484,-123.56475300873333,48.14227076398792
334,2.5609388103475794e-05,0.05347926542162895,0.0,3.0813241004943848,97.01546478271484,-123.56475300873333,48.14227076398792
335,2.5609388103475794e-05,0.05347926542162895,0.0,3.0813241004943848,97.01546478271484,-123.56475300873333,48.14227076398792
336,2.5609388103475794e-05,0.05347926542162895,0.0,3.0813241004943848,97.01546478271484,-123.56475300873333,48.14227076398792
337,2.5609388103475794e-05,0.05347926542162895,0.0,3.0813241004943848,97.01546478271484,-123.56475300873333,48.14227076398792
338,2.5609388103475794e-05,0.05347926542162895,0.0,3.0813241004943848,97.01546478271484,-123.56475300873333,48.14227076398792
339,2.5609388103475794e-05,0.05347926542162895,0.0,3.0813241004943848,97.01546478271484,-123.56475300873333,48.14227076398792
340,2.5609388103475794e-05,0.05347926542162895,0.0,3.0813241004943848,97.01546478271484,-123.56475300873333,48.14227076398792
341,8.146803884301335e-05,0.0008965615998022258,0.0,3.7334840297698975,135.0740509033203,-123.56435300873333,48.14227076398792
342,8.146803884301335e-05,0.0008965615998022258,0.0,3.7334840297698975,135.0740509033203,-123.56435300873333,48.14227076398792
343,8.146803884301335e-05,0.0008965615998022258,0.0,3.7334840297698975,135.0740509033203,-123.56435300873333,48.14227076398792
344,8.146803884301335e-05,0.0008965615998022258,0.0,3.7334840297698975,135.0740509033203,-123.56435300873333,48.14227076398792
345,8.146803884301335e-05,0.0008965615998022258,0.0,3.7334840297698975,135.0740509033203,-123.56435300873333,48.14227076398792
346,8.146803884301335e-05,0.0008965615998022258,0.0,3.7334840297698975,135.0740509033203,-123.56435300873333,48.14227076398792
347,8.146803884301335e-05,0.0008965615998022258,0.0,3.7334840297698975,135.0740509033203,-123.56435300873333,48.14227076398792
348,8.146803884301335e-05,0.0008965615998022258,0.0,3.7334840297698975,135.0740509033203,-123.56435300873333,48.14227076398792
349,8.146803884301335e-05,0.0008965615998022258,0.0,3.7334840297698975,135.0740509033203,-123.56435300873333,48.14227076398792
350,8.146803884301335e-05,0.0008965615998022258,0.0,3.7334840297698975,135.0740509033203,-123.56435300873333,48.14227076398792
351,0.009270952083170414,0.0034990813583135605,0.0,3.692307233810425,78.26238250732422,-123.56395300873334,48.14227076398792
352,0.009270952083170414,0.0034990813583135605,0.0,3.692307233810425,78.26238250732422,-123.56395300873334,48.14227076398792
353,0.009270952083170414,0.0034990813583135605,0.0,3.692307233810425,78.26238250732422,-123.56395300873334,48.14227076398792
354,0.009270952083170414,0.0034990813583135605,0.0,3.692307233810425,78.26238250732422,-123.56395300873334,48.14227076398792
355,0.009270952083170414,0.0034990813583135605,0.0,3.692307233810425,78.26238250732422,-123.56395300873334,48.14227076398792
356,0.009270952083170414,0.0034990813583135605,0.0,3.692307233810425,78.26238250732422,-123.56395300873334,48.14227076398792
357,0.009270952083170414,0.0034990813583135605,0.0,3.692307233810425,78.26238250732422,-123.56395300873334,48.14227076398792
358,0.009270952083170414,0.0034990813583135605,0.0,3.692307233810425,78.26238250732422,-123.56395300873334,48.14227076398792
359,0.009270952083170414,0.0034990813583135605,0.0,3.692307233810425,78.26238250732422,-123.56395300873334,48.14227076398792
360,0.009270952083170414,0.0034990813583135605,0.0,3.692307233810425,78.26238250732422,-123.56395300873334,48.14227076398792
361,0.999889612197876,0.00016775525000412017,0.0,3.180000066757202,74.96665954589844,-123.56355300873334,48.14227076398792
362,0.999889612197876,0.00016775525000412017,0.0,3.180000066757202,74.96665954589844,-123.56355300873334,48.14227076398792
363,0.999889612197876,0.00016775525000412017,0.0,3.180000066757202,74.96665954589844,-123.56355300873334,48.14227076398792
364,0.999889612197876,0.00016775525000412017,0.0,3.180000066757202,74.96665954589844,-123.56355300873334,48.14227076398792
365,0.999889612197876,0.00016775525000412017,0.0,3.180000066757202,74.96665954589844,-123.56355300873334,48.14227076398792
366,0.999889612197876,0.00016775525000412017,0.0,3.180000066757202,74.96665954589844,-123.56355300873334,48.14227076398792
367,0.999889612197876,0.00016775525000412017,0.0,3.180000066757202,74.96665954589844,-123.56355300873334,48.14227076398792
368,0.999889612197876,0.00016775525000412017,0.0,3.180000066757202,74.96665954589844,-123.56355300873334,48.14227076398792
369,0.999889612197876,0.00016775525000412017,0.0,3.180000066757202,74.96665954589844,-123.56355300873334,48.14227076398792
370,0.999889612197876,0.00016775525000412017,0.0,3.180000066757202,74.96665954589844,-123.56355300873334,48.14227076398792
371,0.9999858140945435,4.315151818445884e-05,0.0,3.990000009536743,280.43182373046875,-123.56315300873334,48.14227076398792
372,0.9999858140945435,4.315151818445884e-05,0.0,3.990000009536743,280.43182373046875,-123.56315300873334,48.14227076398792
373,0.9999858140945435,4.315151818445884e-05,0.0,3.990000009536743,280.43182373046875,-123.56315300873334,48.14227076398792
374,0.9999858140945435,4.315151818445884e-05,0.0,3.990000009536743,280.43182373046875,-123.56315300873334,48.14227076398792
375,0.9999858140945435,4.315151818445884e-05,0.0,3.990000009536743,280.43182373046875,-123.56315300873334,48.14227076398792
376,0.9999858140945435,4.315151818445884e-05,0.0,3.990000009536743,280.43182373046875,-123.56315300873334,48.14227076398792
377,0.9999858140945435,4.315151818445884e-05,0.0,3.990000009536743,280.43182373046875,-123.56315300873334,48.14227076398792
378,0.9999858140945435,4.315151818445884e-05,0.0,3.990000009536743,280.43182373046875,-123.56315300873334,48.14227076398792
379,0.9999858140945435,4.315151818445884e-05,0.0,3.990000009536743,280.43182373046875,-123.56315300873334,48.14227076398792
380,0.9999858140945435,4.315151818445884e-05,0.0,3.990000009536743,280.43182373046875,-123.56315300873334,48.14227076398792
381,1.0,2.2101587092038244e-05,0.0,4.0,453.8942565917969,-123.56275300873334,48.14227076398792
382,1.0,2.2101587092038244e-05,0.0,4.0,453.8942565917969,-123.56275300873334,48.14227076398792
383,1.0,2.2101587092038244e-05,0.0,4.0,453.8942565917969,-123.56275300873334,48.14227076398792
384,1.0,2.2101587092038244e-05,0.0,4.0,453.8942565917969,-123.56275300873334,48.14227076398792
385,1.0,2.2101587092038244e-05,0.0,4.0,453.8942565917969,-123.56275300873334,48.14227076398792
386,1.0,2.2101587092038244e-05,0.0,4.0,453.8942565917969,-123.56275300873334,48.14227076398792
387,1.0,2.2101587092038244e-05,0.0,4.0,453.8942565917969,-123.56275300873334,48.14227076398792
388,1.0,2.2101587092038244e-05,0.0,4.0,453.8942565917969,-123.56275300873334,48.14227076398792
389,1.0,2.2101587092038244e-05,0.0,4.0,453.8942565917969,-123.56275300873334,48.14227076398792
390,1.0,2.2101587092038244e-05,0.0,4.0,453.8942565917969,-123.56275300873334,48.14227076398792
391,0.9999998807907104,1.7600643332116306e-05,0.0,3.990000009536743,427.2856140136719,-123.56235300873334,48.14227076398792
392,0.9999998807907104,1.7600643332116306e-05,0.0,3.990000009536743,427.2856140136719,-123.56235300873334,48.14227076398792
393,0.9999998807907104,1.7600643332116306e-05,0.0,3.990000009536743,427.2856140136719,-123.56235300873334,48.14227076398792
394,0.9999998807907104,1.7600643332116306e-05,0.0,3.990000009536743,427.2856140136719,-123.56235300873334,48.14227076398792
395,0.9999998807907104,1.7600643332116306e-05,0.0,3.990000009536743,427.2856140136719,-123.56235300873334,48.14227076398792
396,0.9999998807907104,1.7600643332116306e-05,0.0,3.990000009536743,427.2856140136719,-123.56235300873334,48.14227076398792
397,0.9999998807907104,1.7600643332116306e-05,0.0,3.990000009536743,427.2856140136719,-123.56235300873334,48.14227076398792
398,0.9999998807907104,1.7600643332116306e-05,0.0,3.990000009536743,427.2856140136719,-123.56235300873334,48.14227076398792
399,0.9999998807907104,1.7600643332116306e-05,0.0,3.990000009536743,427.2856140136719,-123.56235300873334,48.14227076398792
400,0.9999998807907104,1.7600643332116306e-05,0.0,3.990000009536743,427.2856140136719,-123.56235300873334,48.14227076398792
401,0.9999992847442627,6.576716987183318e-05,0.0,2.9057788848876953,418.542724609375,-123.56195300873334,48.14227076398792
402,0.9999992847442627,6.576716987183318e-05,0.0,2.9057788848876953,418.542724609375,-123.56195300873334,48.14227076398792
403,0.9999992847442627,6.576716987183318e-05,0.0,2.9057788848876953,418.542724609375,-123.56195300873334,48.14227076398792
404,0.9999992847442627,6.576716987183318e-05,0.0,2.9057788848876953,418.542724609375,-123.56195300873334,48.14227076398792
405,0.9999992847442627,6.576716987183318e-05,0.0,2.9057788848876953,418.542724609375,-123.56195300873334,48.14227076398792
406,0.9999992847442627,6.576716987183318e-05,0.0,2.9057788848876953,418.542724609375,-123.56195300873334,48.14227076398792
407,0.9999992847442627,6.576716987183318e-05,0.0,2.9057788848876953,418.542724609375,-123.56195300873334,48.14227076398792
408,0.9999992847442627,6.576716987183318e-05,0.0,2.9057788848876953,418.542724609375,-123.56195300873334,48.14227076398792
409,0.9999992847442627,6.576716987183318e-05,0.0,2.9057788848876953,418.542724609375,-123.56195300873334,48.14227076398792
410,0.9999992847442627,6.576716987183318e-05,0.0,2.9057788848876953,418.542724609375,-123.56195300873334,48.14227076398792
411,0.0,0.0,0.0,0.0,545.7407836914062,-123.56155300873334,48.14227076398792
412,0.0,0.0,0.0,0.0,545.7407836914062,-123.56155300873334,48.14227076398792
413,0.0,0.0,0.0,0.0,545.7407836914062,-123.56155300873334,48.14227076398792
414,0.0,0.0,0.0,0.0,545.7407836914062,-123.56155300873334,48.14227076398792
415,0.0,0.0,0.0,0.0,734.5311279296875,-123.56115300873334,48.14227076398792
416,0.0,0.0,0.0,0.0,734.5311279296875,-123.56115300873334,48.14227076398792
417,0.0,0.0,0.0,0.0,734.5311279296875,-123.56115300873334,48.14227076398792
418,0.0,0.0,0.0,0.0,734.5311279296875,-123.56115300873334,48.14227076398792
419,0.0,0.0,0.0,0.0,933.3820190429688,-123.56075300873334,48.14227076398792
420,0.0,0.0,0.0,0.0,933.3820190429688,-123.56075300873334,48.14227076398792
421,0.0,0.0,0.0,0.0,933.3820190429688,-123.56075300873334,48.14227076398792
422,0.0,0.0,0.0,0.0,933.3820190429688,-123.56075300873334,48.14227076398792
423,0.0,0.0,0.0,0.0,1151.681396484375,-123.56035300873334,48.14227076398792
424,0.0,0.0,0.0,0.0,1151.681396484375,-123.56035300873334,48.14227076398792
425,0.0,0.0,0.0,0.0,1151.681396484375,-123.56035300873334,48.14227076398792
426,0.0,0.0,0.0,0.0,1151.681396484375,-123.56035300873334,48.14227076398792
427,0.0,0.0,0.0,0.0,1383.1575927734375,-123.55995300873334,48.14227076398792
428,0.0,0.0,0.0,0.0,1383.1575927734375,-123.55995300873334,48.14227076398792
429,0.0,0.0,0.0,0.0,1383.1575927734375,-123.55995300873334,48.14227076398792
430,0.0,0.0,0.0,0.0,1383.1575927734375,-123.55995300873334,48.14227076398792
431,0.0,0.0,0.0,0.0,1621.7059326171875,-123.55955300873335,48.14227076398792
432,0.0,0.0,0.0,0.0,1621.7059326171875,-123.55955300873335,48.14227076398792
433,0.0,0.0,0.0,0.0,1621.7059326171875,-123.55955300873335,48.14227076398792
434,0.0,0.0,0.0,0.0,1621.7059326171875,-123.55955300873335,48.14227076398792
435,0.0,0.0,0.0,0.0,1760.34375,-123.55915300873335,48.14227076398792
436,0.0,0.0,0.0,0.0,1760.34375,-123.55915300873335,48.14227076398792
437,0.0,0.0,0.0,0.0,1760.34375,-123.55915300873335,48.14227076398792
438,0.0,0.0,0.0,0.0,1760.34375,-123.55915300873335,48.14227076398792
439,2.7653981305775233e-05,0.010248717851936817,0.0,20.739999771118164,295.1609802246094,-123.56595300873333,48.141870763987924
440,2.7653981305775233e-05,0.010248717851936817,0.0,20.739999771118164,295.1609802246094,-123.56595300873333,48.141870763987924
441,2.7653981305775233e-05,0.010248717851936817,0.0,20.739999771118164,295.1609802246094,-123.56595300873333,48.141870763987924
442,2.365530463066534e-06,0.9055017232894897,0.0,4.120599746704102,81.84130859375,-123.56555300873333,48.141870763987924
443,2.365530463066534e-06,0.9055017232894897,0.0,4.120599746704102,81.84130859375,-123.56555300873333,48.141870763987924
444,2.365530463066534e-06,0.9055017232894897,0.0,4.120599746704102,81.84130859375,-123.56555300873333,48.141870763987924
445,2.365530463066534e-06,0.9055017232894897,0.0,4.120599746704102,81.84130859375,-123.56555300873333,48.141870763987924
446,2.365530463066534e-06,0.9055017232894897,0.0,4.120599746704102,81.84130859375,-123.56555300873333,48.141870763987924
447,2.365530463066534e-06,0.9055017232894897,0.0,4.120599746704102,81.84130859375,-123.56555300873333,48.141870763987924
448,2.365530463066534e-06,0.9055017232894897,0.0,4.120599746704102,81.84130859375,-123.56555300873333,48.141870763987924
449,2.365530463066534e-06,0.9055017232894897,0.0,4.120599746704102,81.84130859375,-123.56555300873333,48.141870763987924
450,2.365530463066534e-06,0.9055017232894897,0.0,4.120599746704102,81.84130859375,-123.56555300873333,48.141870763987924
451,2.365530463066534e-06,0.9055017232894897,0.0,4.120599746704102,81.84130859375,-123.56555300873333,48.141870763987924
452,6.757595656381454e-06,0.8100599050521851,0.0,3.4006805419921875,15.81138801574707,-123.56515300873333,48.141870763987924
453,6.757595656381454e-06,0.8100599050521851,0.0,3.4006805419921875,15.81138801574707,-123.56515300873333,48.141870763987924
454,6.757595656381454e-06,0.8100599050521851,0.0,3.4006805419921875,15.81138801574707,-123.56515300873333,48.141870763987924
455,6.757595656381454e-06,0.8100599050521851,0.0,3.4006805419921875,15.81138801574707,-123.56515300873333,48.141870763987924
456,6.757595656381454e-06,0.8100599050521851,0.0,3.4006805419921875,15.81138801574707,-123.56515300873333,48.141870763987924
457,6.757595656381454e-06,0.8100599050521851,0.0,3.4006805419921875,15.81138801574707,-123.56515300873333,48.141870763987924
458,6.757595656381454e-06,0.8100599050521851,0.0,3.4006805419921875,15.81138801574707,-123.56515300873333,48.141870763987924
459,6.757595656381454e-06,0.8100599050521851,0.0,3.4006805419921875,15.81138801574707,-123.56515300873333,48.141870763987924
460,6.757595656381454e-06,0.8100599050521851,0.0,3.4006805419921875,15.81138801574707,-123.56515300873333,48.141870763987924
461,6.757595656381454e-06,0.8100599050521851,0.0,3.4006805419921875,15.81138801574707,-123.56515300873333,48.141870763987924
462,5.343009434000123e-06,0.03685931861400604,0.0,3.828162908554077,24.515300750732422,-123.56475300873333,48.141870763987924
463,5.343009434000123e-06,0.03685931861400604,0.0,3.828162908554077,24.515300750732422,-123.56475300873333,48.141870763987924
464,5.343009434000123e-06,0.03685931861400604,0.0,3.828162908554077,24.515300750732422,-123.56475300873333,48.141870763987924
465,5.343009434000123e-06,0.03685931861400604,0.0,3.828162908554077,24.515300750732422,-123.56475300873333,48.141870763987924
466,5.343009434000123e-06,0.03685931861400604,0.0,3.828162908554077,24.515300750732422,-123.56475300873333,48.141870763987924
467,5.343009434000123e-06,0.03685931861400604,0.0,3.828162908554077,24.515300750732422,-123.56475300873333,48.141870763987924
468,5.343009434000123e-06,0.03685931861400604,0.0,3.828162908554077,24.515300750732422,-123.56475300873333,48.141870763987924
469,5.343009434000123e-06,0.03685931861400604,0.0,3.828162908554077,24.515300750732422,-123.56475300873333,48.141870763987924
470,5.343009434000123e-06,0.03685931861400604,0.0,3.828162908554077,24.515300750732422,-123.56475300873333,48.141870763987924
471,5.343009434000123e-06,0.03685931861400604,0.0,3.828162908554077,24.515300750732422,-123.56475300873333,48.141870763987924
472,0.9999836683273315,0.001237446558661759,0.0,3.109316110610962,71.47027587890625,-123.56435300873333,48.141870763987924
473,0.9999836683273315,0.001237446558661759,0.0,3.109316110610962,71.47027587890625,-123.56435300873333,48.141870763987924
474,0.9999836683273315,0.001237446558661759,0.0,3.109316110610962,71.47027587890625,-123.56435300873333,48.141870763987924
475,0.9999836683273315,0.001237446558661759,0.0,3.109316110610962,71.47027587890625,-123.56435300873333,48.141870763987924
476,0.9999836683273315,0.001237446558661759,0.0,3.109316110610962,71.47027587890625,-123.56435300873333,48.141870763987924
477,0.9999836683273315,0.001237446558661759,0.0,3.109316110610962,71.47027587890625,-123.56435300873333,48.141870763987924
478,0.9999836683273315,0.001237446558661759,0.0,3.109316110610962,71.47027587890625,-123.56435300873333,48.141870763987924
479,0.9999836683273315,0.001237446558661759,0.0,3.109316110610962,71.47027587890625,-123.56435300873333,48.141870763987924
480,0.9999836683273315,0.001237446558661759,0.0,3.109316110610962,71.47027587890625,-123.56435300873333,48.141870763987924
481,0.9999836683273315,0.001237446558661759,0.0,3.109316110610962,71.47027587890625,-123.56435300873333,48.141870763987924
482,0.9997598528862,0.00020183346350677311,0.0,4.53000020980835,149.3720245361328,-123.56395300873334,48.141870763987924
483,0.9997598528862,0.00020183346350677311,0.0,4.53000020980835,149.3720245361328,-123.56395300873334,48.141870763987924
484,0.9997598528862,0.00020183346350677311,0.0,4.53000020980835,149.3720245361328,-123.56395300873334,48.141870763987924
485,0.9997598528862,0.00020183346350677311,0.0,4.53000020980835,149.3720245361328,-123.56395300873334,48.141870763987924
486,0.9997598528862,0.00020183346350677311,0.0,4.53000020980835,149.3720245361328,-123.56395300873334,48.141870763987924
487,0.9997598528862,0.00020183346350677311,0.0,4.53000020980835,149.3720245361328,-123.56395300873334,48.141870763987924
488,0.9997598528862,0.00020183346350677311,0.0,4.53000020980835,149.3720245361328,-123.56395300873334,48.141870763987924
489,0.9997598528862,0.00020183346350677311,0.0,4.53000020980835,149.3720245361328,-123.56395300873334,48.141870763987924
490,0.9997598528862,0.00020183346350677311,0.0,4.53000020980835,149.3720245361328,-123.56395300873334,48.141870763987924
491,0.9997598528862,0.00020183346350677311,0.0,4.53000020980835,149.3720245361328,-123.56395300873334,48.141870763987924
492,1.0,2.5246597942896187e-05,0.0,4.550000190734863,266.3324890136719,-123.56355300873334,48.141870763987924
493,1.0,2.5246597942896187e-05,0.0,4.550000190734863,266.3324890136719,-123.56355300873334,48.141870763987924
494,1.0,2.5246597942896187e-05,0.0,4.550000190734863,266.3324890136719,-123.56355300873334,48.141870763987924
495,1.0,2.5246597942896187e-05,0.0,4.550000190734863,266.3324890136719,-123.56355300873334,48.141870763987924
496,1.0,2.5246597942896187e-05,0.0,4.550000190734863,266.3324890136719,-123.56355300873334,48.141870763987924
497,1.0,2.5246597942896187e-05,0.0,4.550000190734863,266.3324890136719,-123.56355300873334,48.141870763987924
498,1.0,2.5246597942896187e-05,0.0,4.550000190734863,266.3324890136719,-123.56355300873334,48.141870763987924
499,1.0,2.5246597942896187e-05,0.0,4.550000190734863,266.3324890136719,-123.56355300873334,48.141870763987924
500,1.0,2.5246597942896187e-05,0.0,4.550000190734863,266.3324890136719,-123.56355300873334,48.141870763987924
501,1.0,2.5246597942896187e-05,0.0,4.550000190734863,266.3324890136719,-123.56355300873334,48.141870763987924
502,0.3066059350967407,7.106479461072013e-05,0.0,4.579999923706055,435.1746826171875,-123.56315300873334,48.141870763987924
503,0.3066059350967407,7.106479461072013e-05,0.0,4.579999923706055,435.1746826171875,-123.56315300873334,48.141870763987924
504,0.3066059350967407,7.106479461072013e-05,0.0,4.579999923706055,435.1746826171875,-123.56315300873334,48.141870763987924
505,0.3066059350967407,7.106479461072013e-05,0.0,4.579999923706055,435.1746826171875,-123.56315300873334,48.141870763987924
506,0.3066059350967407,7.106479461072013e-05,0.0,4.579999923706055,435.1746826171875,-123.56315300873334,48.141870763987924
507,0.3066059350967407,7.106479461072013e-05,0.0,4.579999923706055,435.1746826171875,-123.56315300873334,48.141870763987924
508,0.3066059350967407,7.106479461072013e-05,0.0,4.579999923706055,435.1746826171875,-123.56315300873334,48.141870763987924
509,0.3066059350967407,7.106479461072013e-05,0.0,4.579999923706055,435.1746826171875,-123.56315300873334,48.141870763987924
510,0.3066059350967407,7.106479461072013e-05,0.0,4.579999923706055,435.1746826171875,-123.56315300873334,48.141870763987924
511,0.3066059350967407,7.106479461072013e-05,0.0,4.579999923706055,435.1746826171875,-123.56315300873334,48.141870763987924
512,2.063003194052726e-05,4.9001871957443655e-05,0.0,4.460000038146973,423.68975830078125,-123.56275300873334,48.141870763987924
513,2.063003194052726e-05,4.9001871957443655e-05,0.0,4.460000038146973,423.68975830078125,-123.56275300873334,48.141870763987924
514,2.063003194052726e-05,4.9001871957443655e-05,0.0,4.460000038146973,423.68975830078125,-123.56275300873334,48.141870763987924
515,2.063003194052726e-05,4.9001871957443655e-05,0.0,4.460000038146973,423.68975830078125,-123.56275300873334,48.141870763987924
516,2.063003194052726e-05,4.9001871957443655e-05,0.0,4.460000038146973,423.68975830078125,-123.56275300873334,48.141870763987924
517,2.063003194052726e-05,4.9001871957443655e-05,0.0,4.460000038146973,423.68975830078125,-123.56275300873334,48.141870763987924
518,2.063003194052726e-05,4.9001871957443655e-05,0.0,4.460000038146973,423.68975830078125,-123.56275300873334,48.141870763987924
519,2.063003194052726e-05,4.9001871957443655e-05,0.0,4.460000038146973,423.68975830078125,-123.56275300873334,48.141870763987924
520,2.063003194052726e-05,4.9001871957443655e-05,0.0,4.460000038146973,423.68975830078125,-123.56275300873334,48.141870763987924
521,2.063003194052726e-05,4.9001871957443655e-05,0.0,4.460000038146973,423.68975830078125,-123.56275300873334,48.141870763987924
522,1.57744980242569e-05,5.577046249527484e-05,0.0,3.6500000953674316,205.1048583984375,-123.56235300873334,48.141870763987924
523,1.57744980242569e-05,5.577046249527484e-05,0.0,3.6500000953674316,205.1048583984375,-123.56235300873334,48.141870763987924
524,1.57744980242569e-05,5.577046249527484e-05,0.0,3.6500000953674316,205.1048583984375,-123.56235300873334,48.141870763987924
525,1.57744980242569e-05,5.577046249527484e-05,0.0,3.6500000953674316,205.1048583984375,-123.56235300873334,48.141870763987924
526,1.57744980242569e-05,5.577046249527484e-05,0.0,3.6500000953674316,205.1048583984375,-123.56235300873334,48.141870763987924
527,1.57744980242569e-05,5.577046249527484e-05,0.0,3.6500000953674316,205.1048583984375,-123.56235300873334,48.141870763987924
528,1.57744980242569e-05,5.577046249527484e-05,0.0,3.6500000953674316,205.1048583984375,-123.56235300873334,48.141870763987924
529,1.57744980242569e-05,5.577046249527484e-05,0.0,3.6500000953674316,205.1048583984375,-123.56235300873334,48.141870763987924
530,1.57744980242569e-05,5.577046249527484e-05,0.0,3.6500000953674316,205.1048583984375,-123.56235300873334,48.141870763987924
531,1.57744980242569e-05,5.577046249527484e-05,0.0,3.6500000953674316,205.1048583984375,-123.56235300873334,48.141870763987924
532,1.0909151569649111e-05,9.477823914494365e-05,0.0,3.057828426361084,186.20687866210938,-123.56195300873334,48.141870763987924
533,1.0909151569649111e-05,9.477823914494365e-05,0.0,3.057828426361084,186.20687866210938,-123.56195300873334,48.141870763987924
534,1.0909151569649111e-05,9.477823914494365e-05,0.0,3.057828426361084,186.20687866210938,-123.56195300873334,48.141870763987924
535,1.0909151569649111e-05,9.477823914494365e-05,0.0,3.057828426361084,186.20687866210938,-123.56195300873334,48.141870763987924
536,1.0909151569649111e-05,9.477823914494365e-05,0.0,3.057828426361084,186.20687866210938,-123.56195300873334,48.141870763987924
537,1.0909151569649111e-05,9.477823914494365e-05,0.0,3.057828426361084,186.20687866210938,-123.56195300873334,48.141870763987924
538,1.0909151569649111e-05,9.477823914494365e-05,0.0,3.057828426361084,186.20687866210938,-123.56195300873334,48.141870763987924
539,1.0909151569649111e-05,9.477823914494365e-05,0.0,3.057828426361084,186.20687866210938,-123.56195300873334,48.141870763987924
540,1.0909151569649111e-05,9.477823914494365e-05,0.0,3.057828426361084,186.20687866210938,-123.56195300873334,48.141870763987924
541,0.0,0.0,0.0,0.0,374.78662109375,-123.56155300873334,48.141870763987924
542,0.0,0.0,0.0,0.0,374.78662109375,-123.56155300873334,48.141870763987924
543,0.0,0.0,0.0,0.0,374.78662109375,-123.56155300873334,48.141870763987924
544,0.0,0.0,0.0,0.0,374.78662109375,-123.56155300873334,48.141870763987924
545,0.0,0.0,0.0,0.0,582.4705810546875,-123.56115300873334,48.141870763987924
546,0.0,0.0,0.0,0.0,582.4705810546875,-123.56115300873334,48.141870763987924
547,0.0,0.0,0.0,0.0,582.4705810546875,-123.56115300873334,48.141870763987924
548,0.0,0.0,0.0,0.0,582.4705810546875,-123.56115300873334,48.141870763987924
549,0.0,0.0,0.0,0.0,816.35595703125,-123.56075300873334,48.141870763987924
550,0.0,0.0,0.0,0.0,816.35595703125,-123.56075300873334,48.141870763987924
551,0.0,0.0,0.0,0.0,816.35595703125,-123.56075300873334,48.141870763987924
552,0.0,0.0,0.0,0.0,816.35595703125,-123.56075300873334,48.141870763987924
553,0.0,0.0,0.0,0.0,1059.05859375,-123.56035300873334,48.141870763987924
554,0.0,0.0,0.0,0.0,1059.05859375,-123.56035300873334,48.141870763987924
555,0.0,0.0,0.0,0.0,1059.05859375,-123.56035300873334,48.141870763987924
556,0.0,0.0,0.0,0.0,1059.05859375,-123.56035300873334,48.141870763987924
557,0.0,0.0,0.0,0.0,1307.04248046875,-123.55995300873334,48.141870763987924
558,0.0,0.0,0.0,0.0,1307.04248046875,-123.55995300873334,48.141870763987924
559,0.0,0.0,0.0,0.0,1307.04248046875,-123.55995300873334,48.141870763987924
560,0.0,0.0,0.0,0.0,1307.04248046875,-123.55995300873334,48.141870763987924
561,0.0,0.0,0.0,0.0,1443.4129638671875,-123.55955300873335,48.141870763987924
562,0.0,0.0,0.0,0.0,1443.4129638671875,-123.55955300873335,48.141870763987924
563,0.0,0.0,0.0,0.0,1443.4129638671875,-123.55955300873335,48.141870763987924
564,0.0,0.0,0.0,0.0,1443.4129638671875,-123.55955300873335,48.141870763987924
565,0.0,0.0,0.0,0.0,1522.0792236328125,-123.55915300873335,48.141870763987924
566,0.0,0.0,0.0,0.0,1522.0792236328125,-123.55915300873335,48.141870763987924
567,0.0,0.0,0.0,0.0,1522.0792236328125,-123.55915300873335,48.141870763987924
568,0.0,0.0,0.0,0.0,1522.0792236328125,-123.55915300873335,48.141870763987924
569,0.0020805795211344957,0.8131796717643738,0.0,3.631369113922119,200.9004669189453,-123.56595300873333,48.141470763987925
570,0.0020805795211344957,0.8131796717643738,0.0,3.631369113922119,200.9004669189453,-123.56595300873333,48.141470763987925
571,0.0020805795211344957,0.8131796717643738,0.0,3.631369113922119,200.9004669189453,-123.56595300873333,48.141470763987925
572,0.0020805795211344957,0.8131796717643738,0.0,3.631369113922119,200.9004669189453,-123.56595300873333,48.141470763987925
573,0.0020805795211344957,0.8131796717643738,0.0,3.631369113922119,200.9004669189453,-123.56595300873333,48.141470763987925
574,0.0020805795211344957,0.8131796717643738,0.0,3.631369113922119,200.9004669189453,-123.56595300873333,48.141470763987925
575,0.0020805795211344957,0.8131796717643738,0.0,3.631369113922119,200.9004669189453,-123.56595300873333,48.141470763987925
576,0.0020805795211344957,0.8131796717643738,0.0,3.631369113922119,200.9004669189453,-123.56595300873333,48.141470763987925
577,0.0020805795211344957,0.8131796717643738,0.0,3.631369113922119,200.9004669189453,-123.56595300873333,48.141470763987925
578,1.0520710020500701e-05,0.9566459059715271,0.0,3.604625940322876,42.04759216308594,-123.56555300873333,48.141470763987925
579,1.0520710020500701e-05,0.9566459059715271,0.0,3.604625940322876,42.04759216308594,-123.56555300873333,48.141470763987925
580,1.0520710020500701e-05,0.9566459059715271,0.0,3.604625940322876,42.04759216308594,-123.56555300873333,48.141470763987925
581,1.0520710020500701e-05,0.9566459059715271,0.0,3.604625940322876,42.04759216308594,-123.56555300873333,48.141470763987925
582,1.0520710020500701e-05,0.9566459059715271,0.0,3.604625940322876,42.04759216308594,-123.56555300873333,48.141470763987925
583,1.0520710020500701e-05,0.9566459059715271,0.0,3.604625940322876,42.04759216308594,-123.56555300873333,48.141470763987925
584,1.0520710020500701e-05,0.9566459059715271,0.0,3.604625940322876,42.04759216308594,-123.56555300873333,48.141470763987925
585,1.0520710020500701e-05,0.9566459059715271,0.0,3.604625940322876,42.04759216308594,-123.56555300873333,48.141470763987925
586,1.0520710020500701e-05,0.9566459059715271,0.0,3.604625940322876,42.04759216308594,-123.56555300873333,48.141470763987925
587,0.8581382036209106,0.05262983962893486,0.0,3.950000047683716,235.5525360107422,-123.56515300873333,48.141470763987925
588,0.8581382036209106,0.05262983962893486,0.0,3.950000047683716,235.5525360107422,-123.56515300873333,48.141470763987925
589,0.8581382036209106,0.05262983962893486,0.0,3.950000047683716,235.5525360107422,-123.56515300873333,48.141470763987925
590,0.8581382036209106,0.05262983962893486,0.0,3.950000047683716,235.5525360107422,-123.56515300873333,48.141470763987925
591,0.8581382036209106,0.05262983962893486,0.0,3.950000047683716,235.5525360107422,-123.56515300873333,48.141470763987925
592,0.8581382036209106,0.05262983962893486,0.0,3.950000047683716,235.5525360107422,-123.56515300873333,48.141470763987925
593,0.8581382036209106,0.05262983962893486,0.0,3.950000047683716,235.5525360107422,-123.56515300873333,48.141470763987925
594,0.8581382036209106,0.05262983962893486,0.0,3.950000047683716,235.5525360107422,-123.56515300873333,48.141470763987925
595,0.8581382036209106,0.05262983962893486,0.0,3.950000047683716,235.5525360107422,-123.56515300873333,48.141470763987925
596,0.8581382036209106,0.05262983962893486,0.0,3.950000047683716,235.5525360107422,-123.56515300873333,48.141470763987925
597,1.0,1.975646046048496e-05,0.0,4.230000019073486,276.0307922363281,-123.56475300873333,48.141470763987925
598,1.0,1.975646046048496e-05,0.0,4.230000019073486,276.0307922363281,-123.56475300873333,48.141470763987925
599,1.0,1.975646046048496e-05,0.0,4.230000019073486,276.0307922363281,-123.56475300873333,48.141470763987925
600,1.0,1.975646046048496e-05,0.0,4.230000019073486,276.0307922363281,-123.56475300873333,48.141470763987925
601,1.0,1.975646046048496e-05,0.0,4.230000019073486,276.0307922363281,-123.56475300873333,48.141470763987925
602,1.0,1.975646046048496e-05,0.0,4.230000019073486,276.0307922363281,-123.56475300873333,48.141470763987925
603,1.0,1.975646046048496e-05,0.0,4.230000019073486,276.0307922363281,-123.56475300873333,48.141470763987925
604,1.0,1.975646046048496e-05,0.0,4.230000019073486,276.0307922363281,-123.56475300873333,48.141470763987925
605,1.0,1.975646046048496e-05,0.0,4.230000019073486,276.0307922363281,-123.56475300873333,48.141470763987925
606,1.0,1.975646046048496e-05,0.0,4.230000019073486,276.0307922363281,-123.56475300873333,48.141470763987925
607,1.26505929074483e-05,7.680302951484919e-05,0.0,4.260000228881836,319.68109130859375,-123.56435300873333,48.141470763987925
608,1.26505929074483e-05,7.680302951484919e-05,0.0,4.260000228881836,319.68109130859375,-123.56435300873333,48.141470763987925
609,1.26505929074483e-05,7.680302951484919e-05,0.0,4.260000228881836,319.68109130859375,-123.56435300873333,48.141470763987925
610,1.26505929074483e-05,7.680302951484919e-05,0.0,4.260000228881836,319.68109130859375,-123.56435300873333,48.141470763987925
611,1.26505929074483e-05,7.680302951484919e-05,0.0,4.260000228881836,319.68109130859375,-123.56435300873333,48.141470763987925
612,1.26505929074483e-05,7.680302951484919e-05,0.0,4.260000228881836,319.68109130859375,-123.56435300873333,48.141470763987925
613,1.26505929074483e-05,7.680302951484919e-05,0.0,4.260000228881836,319.68109130859375,-123.56435300873333,48.141470763987925
614,1.26505929074483e-05,7.680302951484919e-05,0.0,4.260000228881836,319.68109130859375,-123.56435300873333,48.141470763987925
615,1.26505929074483e-05,7.680302951484919e-05,0.0,4.260000228881836,319.68109130859375,-123.56435300873333,48.141470763987925
616,1.26505929074483e-05,7.680302951484919e-05,0.0,4.260000228881836,319.68109130859375,-123.56435300873333,48.141470763987925
617,0.5,0.5,0.0,3.3984761238098145,388.4945373535156,-123.56395300873334,48.141470763987925
618,0.5,0.5,0.0,3.3984761238098145,388.4945373535156,-123.56395300873334,48.141470763987925
619,0.5,0.5,0.0,3.3984761238098145,388.4945373535156,-123.56395300873334,48.141470763987925
620,0.5,0.5,0.0,3.3984761238098145,388.4945373535156,-123.56395300873334,48.141470763987925
621,0.5,0.5,0.0,3.3984761238098145,388.4945373535156,-123.56395300873334,48.141470763987925
622,0.5,0.5,0.0,3.3984761238098145,388.4945373535156,-123.56395300873334,48.141470763987925
623,0.5,0.5,0.0,3.3984761238098145,388.4945373535156,-123.56395300873334,48.141470763987925
624,0.5,0.5,0.0,3.3984761238098145,388.4945373535156,-123.56395300873334,48.141470763987925
625,0.5,0.5,0.0,3.3984761238098145,388.4945373535156,-123.56395300873334,48.141470763987925
626,0.5,0.5,0.0,3.3984761238098145,388.4945373535156,-123.56395300873334,48.141470763987925
627,0.5,0.5,0.0,4.809999942779541,491.4885559082031,-123.56355300873334,48.141470763987925
628,0.5,0.5,0.0,4.809999942779541,491.4885559082031,-123.56355300873334,48.141470763987925
629,0.5,0.5,0.0,4.809999942779541,491.4885559082031,-123.56355300873334,48.141470763987925
630,0.5,0.5,0.0,4.809999942779541,491.4885559082031,-123.56355300873334,48.141470763987925
631,0.5,0.5,0.0,4.809999942779541,491.4885559082031,-123.56355300873334,48.141470763987925
632,0.5,0.5,0.0,4.809999942779541,491.4885559082031,-123.56355300873334,48.141470763987925
633,0.5,0.5,0.0,4.809999942779541,491.4885559082031,-123.56355300873334,48.141470763987925
634,0.5,0.5,0.0,4.809999942779541,491.4885559082031,-123.56355300873334,48.141470763987925
635,0.5,0.5,0.0,4.809999942779541,491.4885559082031,-123.56355300873334,48.141470763987925
636,0.5,0.5,0.0,4.809999942779541,491.4885559082031,-123.56355300873334,48.141470763987925
637,0.5,0.5,0.0,4.880000114440918,564.2783203125,-123.56315300873334,48.141470763987925
638,0.5,0.5,0.0,4.880000114440918,564.2783203125,-123.56315300873334,48.141470763987925
639,0.5,0.5,0.0,4.880000114440918,564.2783203125,-123.56315300873334,48.141470763987925
640,0.5,0.5,0.0,4.880000114440918,564.2783203125,-123.56315300873334,48.141470763987925
641,0.5,0.5,0.0,4.880000114440918,564.2783203125,-123.56315300873334,48.141470763987925
642,0.5,0.5,0.0,4.880000114440918,564.2783203125,-123.56315300873334,48.141470763987925
643,0.5,0.5,0.0,4.880000114440918,564.2783203125,-123.56315300873334,48.141470763987925
644,0.5,0.5,0.0,4.880000114440918,564.2783203125,-123.56315300873334,48.141470763987925
645,0.5,0.5,0.0,4.880000114440918,564.2783203125,-123.56315300873334,48.141470763987925
646,0.5,0.5,0.0,4.880000114440918,564.2783203125,-123.56315300873334,48.141470763987925
647,0.5,0.5,0.0,4.090000152587891,411.1666259765625,-123.56275300873334,48.141470763987925
648,0.5,0.5,0.0,4.090000152587891,411.1666259765625,-123.56275300873334,48.141470763987925
649,0.5,0.5,0.0,4.090000152587891,411.1666259765625,-123.56275300873334,48.141470763987925
650,0.5,0.5,0.0,4.090000152587891,411.1666259765625,-123.56275300873334,48.141470763987925
651,0.5,0.5,0.0,4.090000152587891,411.1666259765625,-123.56275300873334,48.141470763987925
652,0.5,0.5,0.0,4.090000152587891,411.1666259765625,-123.56275300873334,48.141470763987925
653,0.5,0.5,0.0,4.090000152587891,411.1666259765625,-123.56275300873334,48.141470763987925
654,0.5,0.5,0.0,4.090000152587891,411.1666259765625,-123.56275300873334,48.141470763987925
655,0.5,0.5,0.0,4.090000152587891,411.1666259765625,-123.56275300873334,48.141470763987925
656,0.5,0.5,0.0,4.090000152587891,411.1666259765625,-123.56275300873334,48.141470763987925
657,0.5,0.5,0.0,3.859999895095825,177.80044555664062,-123.56235300873334,48.141470763987925
658,0.5,0.5,0.0,3.859999895095825,177.80044555664062,-123.56235300873334,48.141470763987925
659,0.5,0.5,0.0,3.859999895095825,177.80044555664062,-123.56235300873334,48.141470763987925
660,0.5,0.5,0.0,3.859999895095825,177.80044555664062,-123.56235300873334,48.141470763987925
661,0.5,0.5,0.0,3.859999895095825,177.80044555664062,-123.56235300873334,48.141470763987925
662,0.5,0.5,0.0,3.859999895095825,177.80044555664062,-123.56235300873334,48.141470763987925
663,0.5,0.5,0.0,3.859999895095825,177.80044555664062,-123.56235300873334,48.141470763987925
664,0.5,0.5,0.0,3.859999895095825,177.80044555664062,-123.56235300873334,48.141470763987925
665,0.5,0.5,0.0,3.859999895095825,177.80044555664062,-123.56235300873334,48.141470763987925
666,0.5,0.5,0.0,3.859999895095825,177.80044555664062,-123.56235300873334,48.141470763987925
667,0.5,0.5,0.0,3.2623345851898193,15.55634880065918,-123.56195300873334,48.141470763987925
668,0.5,0.5,0.0,3.2623345851898193,15.55634880065918,-123.56195300873334,48.141470763987925
669,0.5,0.5,0.0,3.2623345851898193,15.55634880065918,-123.56195300873334,48.141470763987925
670,0.5,0.5,0.0,3.2623345851898193,15.55634880065918,-123.56195300873334,48.141470763987925
671,0.5,0.5,0.0,3.2623345851898193,15.55634880065918,-123.56195300873334,48.141470763987925
672,0.5,0.5,0.0,3.2623345851898193,15.55634880065918,-123.56195300873334,48.141470763987925
673,0.5,0.5,0.0,3.2623345851898193,15.55634880065918,-123.56195300873334,48.141470763987925
674,0.5,0.5,0.0,3.2623345851898193,15.55634880065918,-123.56195300873334,48.141470763987925
675,0.5,0.5,0.0,3.2623345851898193,15.55634880065918,-123.56195300873334,48.141470763987925
676,0.0,0.0,0.0,0.0,259.408935546875,-123.56155300873334,48.141470763987925
677,0.0,0.0,0.0,0.0,259.408935546875,-123.56155300873334,48.141470763987925
678,0.0,0.0,0.0,0.0,259.408935546875,-123.56155300873334,48.141470763987925
679,0.0,0.0,0.0,0.0,259.408935546875,-123.56155300873334,48.141470763987925
680,0.0,0.0,0.0,0.0,513.6389770507812,-123.56115300873334,48.141470763987925
681,0.0,0.0,0.0,0.0,513.6389770507812,-123.56115300873334,48.141470763987925
682,0.0,0.0,0.0,0.0,513.6389770507812,-123.56115300873334,48.141470763987925
683,0.0,0.0,0.0,0.0,513.6389770507812,-123.56115300873334,48.141470763987925
684,0.0,0.0,0.0,0.0,768.0442504882812,-123.56075300873334,48.141470763987925
685,0.0,0.0,0.0,0.0,768.0442504882812,-123.56075300873334,48.141470763987925
686,0.0,0.0,0.0,0.0,768.0442504882812,-123.56075300873334,48.141470763987925
687,0.0,0.0,0.0,0.0,768.0442504882812,-123.56075300873334,48.141470763987925
688,0.0,0.0,0.0,0.0,1021.4014892578125,-123.56035300873334,48.141470763987925
689,0.0,0.0,0.0,0.0,1021.4014892578125,-123.56035300873334,48.141470763987925
690,0.0,0.0,0.0,0.0,1021.4014892578125,-123.56035300873334,48.141470763987925
691,0.0,0.0,0.0,0.0,1021.4014892578125,-123.56035300873334,48.141470763987925
692,0.0,0.0,0.0,0.0,1124.6661376953125,-123.55995300873334,48.141470763987925
693,0.0,0.0,0.0,0.0,1124.6661376953125,-123.55995300873334,48.141470763987925
694,0.0,0.0,0.0,0.0,1124.6661376953125,-123.55995300873334,48.141470763987925
695,0.0,0.0,0.0,0.0,1124.6661376953125,-123.55995300873334,48.141470763987925
696,0.0,0.0,0.0,0.0,1196.6875,-123.55955300873335,48.141470763987925
697,0.0,0.0,0.0,0.0,1196.6875,-123.55955300873335,48.141470763987925
698,0.0,0.0,0.0,0.0,1196.6875,-123.55955300873335,48.141470763987925
699,0.0,0.0,0.0,0.0,1196.6875,-123.55955300873335,48.141470763987925
700,0.0,0.0,0.0,0.0,1290.211181640625,-123.55915300873335,48.141470763987925
701,0.0,0.0,0.0,0.0,1290.211181640625,-123.55915300873335,48.141470763987925
702,0.0,0.0,0.0,0.0,1290.211181640625,-123.55915300873335,48.141470763987925
703,0.0,0.0,0.0,0.0,1290.211181640625,-123.55915300873335,48.141470763987925
704,1.4449416084971745e-05,4.1007675463333726e-05,0.0,4.317249774932861,224.32342529296875,-123.56595300873333,48.141070763987926
705,1.4449416084971745e-05,4.1007675463333726e-05,0.0,4.317249774932861,224.32342529296875,-123.56595300873333,48.141070763987926
706,1.4449416084971745e-05,4.1007675463333726e-05,0.0,4.317249774932861,224.32342529296875,-123.56595300873333,48.141070763987926
707,1.4449416084971745e-05,4.1007675463333726e-05,0.0,4.317249774932861,224.32342529296875,-123.56595300873333,48.141070763987926
708,1.4449416084971745e-05,4.1007675463333726e-05,0.0,4.317249774932861,224.32342529296875,-123.56595300873333,48.141070763987926
709,1.4449416084971745e-05,4.1007675463333726e-05,0.0,4.317249774932861,224.32342529296875,-123.56595300873333,48.141070763987926
710,1.4449416084971745e-05,4.1007675463333726e-05,0.0,4.317249774932861,224.32342529296875,-123.56595300873333,48.141070763987926
711,1.4449416084971745e-05,4.1007675463333726e-05,0.0,4.317249774932861,224.32342529296875,-123.56595300873333,48.141070763987926
712,1.4449416084971745e-05,4.1007675463333726e-05,0.0,4.317249774932861,224.32342529296875,-123.56595300873333,48.141070763987926
713,0.00015778747911099344,0.5625487565994263,0.0,4.439963340759277,17.464248657226562,-123.56555300873333,48.141070763987926
714,0.00015778747911099344,0.5625487565994263,0.0,4.439963340759277,17.464248657226562,-123.56555300873333,48.141070763987926
715,0.00015778747911099344,0.5625487565994263,0.0,4.439963340759277,17.464248657226562,-123.56555300873333,48.141070763987926
716,0.00015778747911099344,0.5625487565994263,0.0,4.439963340759277,17.464248657226562,-123.56555300873333,48.141070763987926
717,0.00015778747911099344,0.5625487565994263,0.0,4.439963340759277,17.464248657226562,-123.56555300873333,48.141070763987926
718,0.00015778747911099344,0.5625487565994263,0.0,4.439963340759277,17.464248657226562,-123.56555300873333,48.141070763987926
719,0.00015778747911099344,0.5625487565994263,0.0,4.439963340759277,17.464248657226562,-123.56555300873333,48.141070763987926
720,0.00015778747911099344,0.5625487565994263,0.0,4.439963340759277,17.464248657226562,-123.56555300873333,48.141070763987926
721,0.00015778747911099344,0.5625487565994263,0.0,4.439963340759277,17.464248657226562,-123.56555300873333,48.141070763987926
722,0.9999958276748657,0.0007608363521285355,0.0,4.239999771118164,254.4720001220703,-123.56515300873333,48.141070763987926
723,0.9999958276748657,0.0007608363521285355,0.0,4.239999771118164,254.4720001220703,-123.56515300873333,48.141070763987926
724,0.9999958276748657,0.0007608363521285355,0.0,4.239999771118164,254.4720001220703,-123.56515300873333,48.141070763987926
725,0.9999958276748657,0.0007608363521285355,0.0,4.239999771118164,254.4720001220703,-123.56515300873333,48.141070763987926
726,0.9999958276748657,0.0007608363521285355,0.0,4.239999771118164,254.4720001220703,-123.56515300873333,48.141070763987926
727,0.9999958276748657,0.0007608363521285355,0.0,4.239999771118164,254.4720001220703,-123.56515300873333,48.141070763987926
728,0.9999958276748657,0.0007608363521285355,0.0,4.239999771118164,254.4720001220703,-123.56515300873333,48.141070763987926
729,0.9999958276748657,0.0007608363521285355,0.0,4.239999771118164,254.4720001220703,-123.56515300873333,48.141070763987926
730,0.9999958276748657,0.0007608363521285355,0.0,4.239999771118164,254.4720001220703,-123.56515300873333,48.141070763987926
731,0.9999958276748657,0.0007608363521285355,0.0,4.239999771118164,254.4720001220703,-123.56515300873333,48.141070763987926
732,0.9999874830245972,2.353860872972291e-05,0.0,4.380000114440918,474.22039794921875,-123.56475300873333,48.141070763987926
733,0.9999874830245972,2.353860872972291e-05,0.0,4.380000114440918,474.22039794921875,-123.56475300873333,48.141070763987926
734,0.9999874830245972,2.353860872972291e-05,0.0,4.380000114440918,474.22039794921875,-123.56475300873333,48.141070763987926
735,0.9999874830245972,2.353860872972291e-05,0.0,4.380000114440918,474.22039794921875,-123.56475300873333,48.141070763987926
736,0.9999874830245972,2.353860872972291e-05,0.0,4.380000114440918,474.22039794921875,-123.56475300873333,48.141070763987926
737,0.9999874830245972,2.353860872972291e-05,0.0,4.380000114440918,474.22039794921875,-123.56475300873333,48.141070763987926
738,0.9999874830245972,2.353860872972291e-05,0.0,4.380000114440918,474.22039794921875,-123.56475300873333,48.141070763987926
739,0.9999874830245972,2.353860872972291e-05,0.0,4.380000114440918,474.22039794921875,-123.56475300873333,48.141070763987926
740,0.9999874830245972,2.353860872972291e-05,0.0,4.380000114440918,474.22039794921875,-123.56475300873333,48.141070763987926
741,0.9999874830245972,2.353860872972291e-05,0.0,4.380000114440918,474.22039794921875,-123.56475300873333,48.141070763987926
742,6.789235158066731e-06,7.563467079307884e-05,0.0,4.130000114440918,570.8274536132812,-123.56435300873333,48.141070763987926
743,6.789235158066731e-06,7.563467079307884e-05,0.0,4.130000114440918,570.8274536132812,-123.56435300873333,48.141070763987926
744,6.789235158066731e-06,7.563467079307884e-05,0.0,4.130000114440918,570.8274536132812,-123.56435300873333,48.141070763987926
745,6.789235158066731e-06,7.563467079307884e-05,0.0,4.130000114440918,570.8274536132812,-123.56435300873333,48.141070763987926
746,6.789235158066731e-06,7.563467079307884e-05,0.0,4.130000114440918,570.8274536132812,-123.56435300873333,48.141070763987926
747,6.789235158066731e-06,7.563467079307884e-05,0.0,4.130000114440918,570.8274536132812,-123.56435300873333,48.141070763987926
748,6.789235158066731e-06,7.563467079307884e-05,0.0,4.130000114440918,570.8274536132812,-123.56435300873333,48.141070763987926
749,6.789235158066731e-06,7.563467079307884e-05,0.0,4.130000114440918,570.8274536132812,-123.56435300873333,48.141070763987926
750,6.789235158066731e-06,7.563467079307884e-05,0.0,4.130000114440918,570.8274536132812,-123.56435300873333,48.141070763987926
751,6.789235158066731e-06,7.563467079307884e-05,0.0,4.130000114440918,570.8274536132812,-123.56435300873333,48.141070763987926
752,6.193125591380522e-05,6.936112913535908e-05,0.0,4.0,576.5422973632812,-123.56395300873334,48.141070763987926
753,6.193125591380522e-05,6.936112913535908e-05,0.0,4.0,576.5422973632812,-123.56395300873334,48.141070763987926
754,6.193125591380522e-05,6.936112913535908e-05,0.0,4.0,576.5422973632812,-123.56395300873334,48.141070763987926
755,6.193125591380522e-05,6.936112913535908e-05,0.0,4.0,576.5422973632812,-123.56395300873334,48.141070763987926
756,6.193125591380522e-05,6.936112913535908e-05,0.0,4.0,576.5422973632812,-123.56395300873334,48.141070763987926
757,6.193125591380522e-05,6.936112913535908e-05,0.0,4.0,576.5422973632812,-123.56395300873334,48.141070763987926
758,6.193125591380522e-05,6.936112913535908e-05,0.0,4.0,576.5422973632812,-123.56395300873334,48.141070763987926
759,6.193125591380522e-05,6.936112913535908e-05,0.0,4.0,576.5422973632812,-123.56395300873334,48.141070763987926
760,6.193125591380522e-05,6.936112913535908e-05,0.0,4.0,576.5422973632812,-123.56395300873334,48.141070763987926
761,6.193125591380522e-05,6.936112913535908e-05,0.0,4.0,576.5422973632812,-123.56395300873334,48.141070763987926
762,6.091897830629023e-06,6.0617461713263765e-05,0.0,4.929999828338623,581.160888671875,-123.56355300873334,48.141070763987926
763,6.091897830629023e-06,6.0617461713263765e-05,0.0,4.929999828338623,581.160888671875,-123.56355300873334,48.141070763987926
764,6.091897830629023e-06,6.0617461713263765e-05,0.0,4.929999828338623,581.160888671875,-123.56355300873334,48.141070763987926
765,6.091897830629023e-06,6.0617461713263765e-05,0.0,4.929999828338623,581.160888671875,-123.56355300873334,48.141070763987926
766,6.091897830629023e-06,6.0617461713263765e-05,0.0,4.929999828338623,581.160888671875,-123.56355300873334,48.141070763987926
767,6.091897830629023e-06,6.0617461713263765e-05,0.0,4.929999828338623,581.160888671875,-123.56355300873334,48.141070763987926
768,6.091897830629023e-06,6.0617461713263765e-05,0.0,4.929999828338623,581.160888671875,-123.56355300873334,48.141070763987926
769,6.091897830629023e-06,6.0617461713263765e-05,0.0,4.929999828338623,581.160888671875,-123.56355300873334,48.141070763987926
770,6.091897830629023e-06,6.0617461713263765e-05,0.0,4.929999828338623,581.160888671875,-123.56355300873334,48.141070763987926
771,6.091897830629023e-06,6.0617461713263765e-05,0.0,4.929999828338623,581.160888671875,-123.56355300873334,48.141070763987926
772,1.2536331269075163e-05,5.987359691062011e-05,0.0,4.349999904632568,422.4038391113281,-123.56315300873334,48.141070763987926
773,1.2536331269075163e-05,5.987359691062011e-05,0.0,4.349999904632568,422.4038391113281,-123.56315300873334,48.141070763987926
774,1.2536331269075163e-05,5.987359691062011e-05,0.0,4.349999904632568,422.4038391113281,-123.56315300873334,48.141070763987926
775,1.2536331269075163e-05,5.987359691062011e-05,0.0,4.349999904632568,422.4038391113281,-123.56315300873334,48.141070763987926
776,1.2536331269075163e-05,5.987359691062011e-05,0.0,4.349999904632568,422.4038391113281,-123.56315300873334,48.141070763987926
777,1.2536331269075163e-05,5.987359691062011e-05,0.0,4.349999904632568,422.4038391113281,-123.56315300873334,48.141070763987926
778,1.2536331269075163e-05,5.987359691062011e-05,0.0,4.349999904632568,422.4038391113281,-123.56315300873334,48.141070763987926
779,1.2536331269075163e-05,5.987359691062011e-05,0.0,4.349999904632568,422.4038391113281,-123.56315300873334,48.141070763987926
780,1.2536331269075163e-05,5.987359691062011e-05,0.0,4.349999904632568,422.4038391113281,-123.56315300873334,48.141070763987926
781,1.2536331269075163e-05,5.987359691062011e-05,0.0,4.349999904632568,422.4038391113281,-123.56315300873334,48.141070763987926
782,8.825491022435017e-06,5.791902367491275e-05,0.0,5.0,204.3648681640625,-123.56275300873334,48.141070763987926
783,8.825491022435017e-06,5.791902367491275e-05,0.0,5.0,204.3648681640625,-123.56275300873334,48.141070763987926
784,8.825491022435017e-06,5.791902367491275e-05,0.0,5.0,204.3648681640625,-123.56275300873334,48.141070763987926
785,8.825491022435017e-06,5.791902367491275e-05,0.0,5.0,204.3648681640625,-123.56275300873334,48.141070763987926
786,8.825491022435017e-06,5.791902367491275e-05,0.0,5.0,204.3648681640625,-123.56275300873334,48.141070763987926
787,8.825491022435017e-06,5.791902367491275e-05,0.0,5.0,204.3648681640625,-123.56275300873334,48.141070763987926
788,8.825491022435017e-06,5.791902367491275e-05,0.0,5.0,204.3648681640625,-123.56275300873334,48.141070763987926
789,8.825491022435017e-06,5.791902367491275e-05,0.0,5.0,204.3648681640625,-123.56275300873334,48.141070763987926
790,8.825491022435017e-06,5.791902367491275e-05,0.0,5.0,204.3648681640625,-123.56275300873334,48.141070763987926
791,8.825491022435017e-06,5.791902367491275e-05,0.0,5.0,204.3648681640625,-123.56275300873334,48.141070763987926
792,7.759711479593534e-06,5.088842590339482e-05,0.0,4.099999904632568,91.59148406982422,-123.56235300873334,48.141070763987926
793,7.759711479593534e-06,5.088842590339482e-05,0.0,4.099999904632568,91.59148406982422,-123.56235300873334,48.141070763987926
794,7.759711479593534e-06,5.088842590339482e-05,0.0,4.099999904632568,91.59148406982422,-123.56235300873334,48.141070763987926
795,7.759711479593534e-06,5.088842590339482e-05,0.0,4.099999904632568,91.59148406982422,-123.56235300873334,48.141070763987926
796,7.759711479593534e-06,5.088842590339482e-05,0.0,4.099999904632568,91.59148406982422,-123.56235300873334,48.141070763987926
797,7.759711479593534e-06,5.088842590339482e-05,0.0,4.099999904632568,91.59148406982422,-123.56235300873334,48.141070763987926
798,7.759711479593534e-06,5.088842590339482e-05,0.0,4.099999904632568,91.59148406982422,-123.56235300873334,48.141070763987926
799,7.759711479593534e-06,5.088842590339482e-05,0.0,4.099999904632568,91.59148406982422,-123.56235300873334,48.141070763987926
800,7.759711479593534e-06,5.088842590339482e-05,0.0,4.099999904632568,91.59148406982422,-123.56235300873334,48.141070763987926
801,7.759711479593534e-06,5.088842590339482e-05,0.0,4.099999904632568,91.59148406982422,-123.56235300873334,48.141070763987926
802,9.702109309728257e-06,6.470471271313727e-05,0.0,3.720654249191284,8.062257766723633,-123.56195300873334,48.141070763987926
803,9.702109309728257e-06,6.470471271313727e-05,0.0,3.720654249191284,8.062257766723633,-123.56195300873334,48.141070763987926
804,9.702109309728257e-06,6.470471271313727e-05,0.0,3.720654249191284,8.062257766723633,-123.56195300873334,48.141070763987926
805,9.702109309728257e-06,6.470471271313727e-05,0.0,3.720654249191284,8.062257766723633,-123.56195300873334,48.141070763987926
806,9.702109309728257e-06,6.470471271313727e-05,0.0,3.720654249191284,8.062257766723633,-123.56195300873334,48.141070763987926
807,9.702109309728257e-06,6.470471271313727e-05,0.0,3.720654249191284,8.062257766723633,-123.56195300873334,48.141070763987926
808,9.702109309728257e-06,6.470471271313727e-05,0.0,3.720654249191284,8.062257766723633,-123.56195300873334,48.141070763987926
809,9.702109309728257e-06,6.470471271313727e-05,0.0,3.720654249191284,8.062257766723633,-123.56195300873334,48.141070763987926
810,9.702109309728257e-06,6.470471271313727e-05,0.0,3.720654249191284,8.062257766723633,-123.56195300873334,48.141070763987926
811,9.702109309728257e-06,6.470471271313727e-05,0.0,3.720654249191284,8.062257766723633,-123.56195300873334,48.141070763987926
812,0.0,0.0,0.0,0.0,245.5218963623047,-123.56155300873334,48.141070763987926
813,0.0,0.0,0.0,0.0,245.5218963623047,-123.56155300873334,48.141070763987926
814,0.0,0.0,0.0,0.0,245.5218963623047,-123.56155300873334,48.141070763987926
815,0.0,0.0,0.0,0.0,245.5218963623047,-123.56155300873334,48.141070763987926
816,0.0,0.0,0.0,0.0,499.9620056152344,-123.56115300873334,48.141070763987926
817,0.0,0.0,0.0,0.0,499.9620056152344,-123.56115300873334,48.141070763987926
818,0.0,0.0,0.0,0.0,499.9620056152344,-123.56115300873334,48.141070763987926
819,0.0,0.0,0.0,0.0,499.9620056152344,-123.56115300873334,48.141070763987926
820,0.0,0.0,0.0,0.0,754.4653930664062,-123.56075300873334,48.141070763987926
821,0.0,0.0,0.0,0.0,754.4653930664062,-123.56075300873334,48.141070763987926
822,0.0,0.0,0.0,0.0,754.4653930664062,-123.56075300873334,48.141070763987926
823,0.0,0.0,0.0,0.0,754.4653930664062,-123.56075300873334,48.141070763987926
824,0.0,0.0,0.0,0.0,836.5560302734375,-123.56035300873334,48.141070763987926
825,0.0,0.0,0.0,0.0,836.5560302734375,-123.56035300873334,48.141070763987926
826,0.0,0.0,0.0,0.0,836.5560302734375,-123.56035300873334,48.141070763987926
827,0.0,0.0,0.0,0.0,836.5560302734375,-123.56035300873334,48.141070763987926
828,0.0,0.0,0.0,0.0,878.9021606445312,-123.55995300873334,48.141070763987926
829,0.0,0.0,0.0,0.0,878.9021606445312,-123.55995300873334,48.141070763987926
830,0.0,0.0,0.0,0.0,878.9021606445312,-123.55995300873334,48.141070763987926
831,0.0,0.0,0.0,0.0,878.9021606445312,-123.55995300873334,48.141070763987926
832,0.0,0.0,0.0,0.0,954.1488647460938,-123.55955300873335,48.141070763987926
833,0.0,0.0,0.0,0.0,954.1488647460938,-123.55955300873335,48.141070763987926
834,0.0,0.0,0.0,0.0,954.1488647460938,-123.55955300873335,48.141070763987926
835,0.0,0.0,0.0,0.0,954.1488647460938,-123.55955300873335,48.141070763987926
836,0.0,0.0,0.0,0.0,1064.896728515625,-123.55915300873335,48.141070763987926
837,0.0,0.0,0.0,0.0,1064.896728515625,-123.55915300873335,48.141070763987926
838,0.0,0.0,0.0,0.0,1064.896728515625,-123.55915300873335,48.141070763987926
839,0.0,0.0,0.0,0.0,1064.896728515625,-123.55915300873335,48.141070763987926
840,1.1709921636793297e-05,0.0001131122189690359,0.0,5.599999904632568,312.52520751953125,-123.56595300873333,48.14067076398793
841,1.1709921636793297e-05,0.0001131122189690359,0.0,5.599999904632568,312.52520751953125,-123.56595300873333,48.14067076398793
842,1.1709921636793297e-05,0.0001131122189690359,0.0,5.599999904632568,312.52520751953125,-123.56595300873333,48.14067076398793
843,1.1709921636793297e-05,0.0001131122189690359,0.0,5.599999904632568,312.52520751953125,-123.56595300873333,48.14067076398793
844,1.1709921636793297e-05,0.0001131122189690359,0.0,5.599999904632568,312.52520751953125,-123.56595300873333,48.14067076398793
845,1.1709921636793297e-05,0.0001131122189690359,0.0,5.599999904632568,312.52520751953125,-123.56595300873333,48.14067076398793
846,1.5399449694086798e-05,5.551592039410025e-05,0.0,3.8709676265716553,87.3670425415039,-123.56555300873333,48.14067076398793
847,1.5399449694086798e-05,5.551592039410025e-05,0.0,3.8709676265716553,87.3670425415039,-123.56555300873333,48.14067076398793
848,1.5399449694086798e-05,5.551592039410025e-05,0.0,3.8709676265716553,87.3670425415039,-123.56555300873333,48.14067076398793
849,1.5399449694086798e-05,5.551592039410025e-05,0.0,3.8709676265716553,87.3670425415039,-123.56555300873333,48.14067076398793
850,1.5399449694086798e-05,5.551592039410025e-05,0.0,3.8709676265716553,87.3670425415039,-123.56555300873333,48.14067076398793
851,1.5399449694086798e-05,5.551592039410025e-05,0.0,3.8709676265716553,87.3670425415039,-123.56555300873333,48.14067076398793
852,1.5399449694086798e-05,5.551592039410025e-05,0.0,3.8709676265716553,87.3670425415039,-123.56555300873333,48.14067076398793
853,1.5399449694086798e-05,5.551592039410025e-05,0.0,3.8709676265716553,87.3670425415039,-123.56555300873333,48.14067076398793
854,1.5399449694086798e-05,5.551592039410025e-05,0.0,3.8709676265716553,87.3670425415039,-123.56555300873333,48.14067076398793
855,0.0006802687421441078,0.560718834400177,0.0,4.203638076782227,118.81077575683594,-123.56515300873333,48.14067076398793
856,0.0006802687421441078,0.560718834400177,0.0,4.203638076782227,118.81077575683594,-123.56515300873333,48.14067076398793
857,0.0006802687421441078,0.560718834400177,0.0,4.203638076782227,118.81077575683594,-123.56515300873333,48.14067076398793
858,0.0006802687421441078,0.560718834400177,0.0,4.203638076782227,118.81077575683594,-123.56515300873333,48.14067076398793
859,0.0006802687421441078,0.560718834400177,0.0,4.203638076782227,118.81077575683594,-123.56515300873333,48.14067076398793
860,0.0006802687421441078,0.560718834400177,0.0,4.203638076782227,118.81077575683594,-123.56515300873333,48.14067076398793
861,0.0006802687421441078,0.560718834400177,0.0,4.203638076782227,118.81077575683594,-123.56515300873333,48.14067076398793
862,0.0006802687421441078,0.560718834400177,0.0,4.203638076782227,118.81077575683594,-123.56515300873333,48.14067076398793
863,0.0006802687421441078,0.560718834400177,0.0,4.203638076782227,118.81077575683594,-123.56515300873333,48.14067076398793
864,0.9999798536300659,0.00221415632404387,0.0,5.119999885559082,291.2953796386719,-123.56475300873333,48.14067076398793
865,0.9999798536300659,0.00221415632404387,0.0,5.119999885559082,291.2953796386719,-123.56475300873333,48.14067076398793
866,0.9999798536300659,0.00221415632404387,0.0,5.119999885559082,291.2953796386719,-123.56475300873333,48.14067076398793
867,0.9999798536300659,0.00221415632404387,0.0,5.119999885559082,291.2953796386719,-123.56475300873333,48.14067076398793
868,0.9999798536300659,0.00221415632404387,0.0,5.119999885559082,291.2953796386719,-123.56475300873333,48.14067076398793
869,0.9999798536300659,0.00221415632404387,0.0,5.119999885559082,291.2953796386719,-123.56475300873333,48.14067076398793
870,0.9999798536300659,0.00221415632404387,0.0,5.119999885559082,291.2953796386719,-123.56475300873333,48.14067076398793
871,0.9999798536300659,0.00221415632404387,0.0,5.119999885559082,291.2953796386719,-123.56475300873333,48.14067076398793
872,0.9999798536300659,0.00221415632404387,0.0,5.119999885559082,291.2953796386719,-123.56475300873333,48.14067076398793
873,0.9999798536300659,0.00221415632404387,0.0,5.119999885559082,291.2953796386719,-123.56475300873333,48.14067076398793
874,2.568668655555939e-08,0.00016506528481841087,0.0,4.539999961853027,336.8827819824219,-123.56435300873333,48.14067076398793
875,2.568668655555939e-08,0.00016506528481841087,0.0,4.539999961853027,336.8827819824219,-123.56435300873333,48.14067076398793
876,2.568668655555939e-08,0.00016506528481841087,0.0,4.539999961853027,336.8827819824219,-123.56435300873333,48.14067076398793
877,2.568668655555939e-08,0.00016506528481841087,0.0,4.539999961853027,336.8827819824219,-123.56435300873333,48.14067076398793
878,2.568668655555939e-08,0.00016506528481841087,0.0,4.539999961853027,336.8827819824219,-123.56435300873333,48.14067076398793
879,2.568668655555939e-08,0.00016506528481841087,0.0,4.539999961853027,336.8827819824219,-123.56435300873333,48.14067076398793
880,2.568668655555939e-08,0.00016506528481841087,0.0,4.539999961853027,336.8827819824219,-123.56435300873333,48.14067076398793
881,2.568668655555939e-08,0.00016506528481841087,0.0,4.539999961853027,336.8827819824219,-123.56435300873333,48.14067076398793
882,2.568668655555939e-08,0.00016506528481841087,0.0,4.539999961853027,336.8827819824219,-123.56435300873333,48.14067076398793
883,2.568668655555939e-08,0.00016506528481841087,0.0,4.539999961853027,336.8827819824219,-123.56435300873333,48.14067076398793
884,5.649905688187573e-06,0.00011712778359651566,0.0,4.769999980926514,322.9690246582031,-123.56395300873334,48.14067076398793
885,5.649905688187573e-06,0.00011712778359651566,0.0,4.769999980926514,322.9690246582031,-123.56395300873334,48.14067076398793
886,5.649905688187573e-06,0.00011712778359651566,0.0,4.769999980926514,322.9690246582031,-123.56395300873334,48.14067076398793
887,5.649905688187573e-06,0.00011712778359651566,0.0,4.769999980926514,322.9690246582031,-123.56395300873334,48.14067076398793
888,5.649905688187573e-06,0.00011712778359651566,0.0,4.769999980926514,322.9690246582031,-123.56395300873334,48.14067076398793
889,5.649905688187573e-06,0.00011712778359651566,0.0,4.769999980926514,322.9690246582031,-123.56395300873334,48.14067076398793
890,5.649905688187573e-06,0.00011712778359651566,0.0,4.769999980926514,322.9690246582031,-123.56395300873334,48.14067076398793
891,5.649905688187573e-06,0.00011712778359651566,0.0,4.769999980926514,322.9690246582031,-123.56395300873334,48.14067076398793
892,5.649905688187573e-06,0.00011712778359651566,0.0,4.769999980926514,322.9690246582031,-123.56395300873334,48.14067076398793
893,5.649905688187573e-06,0.00011712778359651566,0.0,4.769999980926514,322.9690246582031,-123.56395300873334,48.14067076398793
894,1.203797728166478e-09,0.00016109079297166318,0.0,3.8170394897460938,331.0014953613281,-123.56355300873334,48.14067076398793
895,1.203797728166478e-09,0.00016109079297166318,0.0,3.8170394897460938,331.0014953613281,-123.56355300873334,48.14067076398793
896,1.203797728166478e-09,0.00016109079297166318,0.0,3.8170394897460938,331.0014953613281,-123.56355300873334,48.14067076398793
897,1.203797728166478e-09,0.00016109079297166318,0.0,3.8170394897460938,331.0014953613281,-123.56355300873334,48.14067076398793
898,1.203797728166478e-09,0.00016109079297166318,0.0,3.8170394897460938,331.0014953613281,-123.56355300873334,48.14067076398793
899,1.203797728166478e-09,0.00016109079297166318,0.0,3.8170394897460938,331.0014953613281,-123.56355300873334,48.14067076398793
900,1.203797728166478e-09,0.00016109079297166318,0.0,3.8170394897460938,331.0014953613281,-123.56355300873334,48.14067076398793
901,1.203797728166478e-09,0.00016109079297166318,0.0,3.8170394897460938,331.0014953613281,-123.56355300873334,48.14067076398793
902,1.203797728166478e-09,0.00016109079297166318,0.0,3.8170394897460938,331.0014953613281,-123.56355300873334,48.14067076398793
903,1.203797728166478e-09,0.00016109079297166318,0.0,3.8170394897460938,331.0014953613281,-123.56355300873334,48.14067076398793
904,1.498739976568686e-08,0.0001512936141807586,0.0,4.099999904632568,271.7738037109375,-123.56315300873334,48.14067076398793
905,1.498739976568686e-08,0.0001512936141807586,0.0,4.099999904632568,271.7738037109375,-123.56315300873334,48.14067076398793
906,1.498739976568686e-08,0.0001512936141807586,0.0,4.099999904632568,271.7738037109375,-123.56315300873334,48.14067076398793
907,1.498739976568686e-08,0.0001512936141807586,0.0,4.099999904632568,271.7738037109375,-123.56315300873334,48.14067076398793
908,1.498739976568686e-08,0.0001512936141807586,0.0,4.099999904632568,271.7738037109375,-123.56315300873334,48.14067076398793
909,1.498739976568686e-08,0.0001512936141807586,0.0,4.099999904632568,271.7738037109375,-123.56315300873334,48.14067076398793
910,1.498739976568686e-08,0.0001512936141807586,0.0,4.099999904632568,271.7738037109375,-123.56315300873334,48.14067076398793
911,1.498739976568686e-08,0.0001512936141807586,0.0,4.099999904632568,271.7738037109375,-123.56315300873334,48.14067076398793
912,1.498739976568686e-08,0.0001512936141807586,0.0,4.099999904632568,271.7738037109375,-123.56315300873334,48.14067076398793
913,1.498739976568686e-08,0.0001512936141807586,0.0,4.099999904632568,271.7738037109375,-123.56315300873334,48.14067076398793
914,6.628522442042595e-08,0.00015348537999670953,0.0,4.679999828338623,139.86422729492188,-123.56275300873334,48.14067076398793
915,6.628522442042595e-08,0.00015348537999670953,0.0,4.679999828338623,139.86422729492188,-123.56275300873334,48.14067076398793
916,6.628522442042595e-08,0.00015348537999670953,0.0,4.679999828338623,139.86422729492188,-123.56275300873334,48.14067076398793
917,6.628522442042595e-08,0.00015348537999670953,0.0,4.679999828338623,139.86422729492188,-123.56275300873334,48.14067076398793
918,6.628522442042595e-08,0.00015348537999670953,0.0,4.679999828338623,139.86422729492188,-123.56275300873334,48.14067076398793
919,6.628522442042595e-08,0.00015348537999670953,0.0,4.679999828338623,139.86422729492188,-123.56275300873334,48.14067076398793
920,6.628522442042595e-08,0.00015348537999670953,0.0,4.679999828338623,139.86422729492188,-123.56275300873334,48.14067076398793
921,6.628522442042595e-08,0.00015348537999670953,0.0,4.679999828338623,139.86422729492188,-123.56275300873334,48.14067076398793
922,6.628522442042595e-08,0.00015348537999670953,0.0,4.679999828338623,139.86422729492188,-123.56275300873334,48.14067076398793
923,6.628522442042595e-08,0.00015348537999670953,0.0,4.679999828338623,139.86422729492188,-123.56275300873334,48.14067076398793
924,0.0,0.0,0.0,0.0,91.78779602050781,-123.56235300873334,48.14067076398793
925,0.0,0.0,0.0,0.0,91.78779602050781,-123.56235300873334,48.14067076398793
926,0.0,0.0,0.0,0.0,91.78779602050781,-123.56235300873334,48.14067076398793
927,0.0,0.0,0.0,0.0,91.78779602050781,-123.56235300873334,48.14067076398793
928,0.0,0.0,0.0,0.0,91.78779602050781,-123.56235300873334,48.14067076398793
929,0.0,0.0,0.0,0.0,213.78494262695312,-123.56195300873334,48.14067076398793
930,0.0,0.0,0.0,0.0,213.78494262695312,-123.56195300873334,48.14067076398793
931,0.0,0.0,0.0,0.0,213.78494262695312,-123.56195300873334,48.14067076398793
932,0.0,0.0,0.0,0.0,213.78494262695312,-123.56195300873334,48.14067076398793
933,0.0,0.0,0.0,0.0,338.2366027832031,-123.56155300873334,48.14067076398793
934,0.0,0.0,0.0,0.0,338.2366027832031,-123.56155300873334,48.14067076398793
935,0.0,0.0,0.0,0.0,338.2366027832031,-123.56155300873334,48.14067076398793
936,0.0,0.0,0.0,0.0,338.2366027832031,-123.56155300873334,48.14067076398793
937,0.0,0.0,0.0,0.0,553.0903930664062,-123.56115300873334,48.14067076398793
938,0.0,0.0,0.0,0.0,553.0903930664062,-123.56115300873334,48.14067076398793
939,0.0,0.0,0.0,0.0,553.0903930664062,-123.56115300873334,48.14067076398793
940,0.0,0.0,0.0,0.0,553.0903930664062,-123.56115300873334,48.14067076398793
941,0.0,0.0,0.0,0.0,592.3799438476562,-123.56075300873334,48.14067076398793
942,0.0,0.0,0.0,0.0,592.3799438476562,-123.56075300873334,48.14067076398793
943,0.0,0.0,0.0,0.0,592.3799438476562,-123.56075300873334,48.14067076398793
944,0.0,0.0,0.0,0.0,592.3799438476562,-123.56075300873334,48.14067076398793
945,0.0,0.0,0.0,0.0,583.0514526367188,-123.56035300873334,48.14067076398793
946,0.0,0.0,0.0,0.0,583.0514526367188,-123.56035300873334,48.14067076398793
947,0.0,0.0,0.0,0.0,583.0514526367188,-123.56035300873334,48.14067076398793
948,0.0,0.0,0.0,0.0,583.0514526367188,-123.56035300873334,48.14067076398793
949,0.0,0.0,0.0,0.0,641.3119506835938,-123.55995300873334,48.14067076398793
950,0.0,0.0,0.0,0.0,641.3119506835938,-123.55995300873334,48.14067076398793
951,0.0,0.0,0.0,0.0,641.3119506835938,-123.55995300873334,48.14067076398793
952,0.0,0.0,0.0,0.0,641.3119506835938,-123.55995300873334,48.14067076398793
953,0.0,0.0,0.0,0.0,720.908447265625,-123.55955300873335,48.14067076398793
954,0.0,0.0,0.0,0.0,720.908447265625,-123.55955300873335,48.14067076398793
955,0.0,0.0,0.0,0.0,720.908447265625,-123.55955300873335,48.14067076398793
956,0.0,0.0,0.0,0.0,720.908447265625,-123.55955300873335,48.14067076398793
957,0.5,0.5,0.0,35.20000076293945,442.4522705078125,-123.56595300873333,48.14027076398793
958,1.4861692761769518e-05,8.223584154620767e-05,0.0,7.710000038146973,236.44873046875,-123.56555300873333,48.14027076398793
959,1.4861692761769518e-05,8.223584154620767e-05,0.0,7.710000038146973,236.44873046875,-123.56555300873333,48.14027076398793
960,1.4861692761769518e-05,8.223584154620767e-05,0.0,7.710000038146973,236.44873046875,-123.56555300873333,48.14027076398793
961,1.4861692761769518e-05,8.223584154620767e-05,0.0,7.710000038146973,236.44873046875,-123.56555300873333,48.14027076398793
962,1.4861692761769518e-05,8.223584154620767e-05,0.0,7.710000038146973,236.44873046875,-123.56555300873333,48.14027076398793
963,1.4861692761769518e-05,8.223584154620767e-05,0.0,7.710000038146973,236.44873046875,-123.56555300873333,48.14027076398793
964,1.4861692761769518e-05,8.223584154620767e-05,0.0,7.710000038146973,236.44873046875,-123.56555300873333,48.14027076398793
965,1.4861692761769518e-05,8.223584154620767e-05,0.0,7.710000038146973,236.44873046875,-123.56555300873333,48.14027076398793
966,1.4861692761769518e-05,8.223584154620767e-05,0.0,7.710000038146973,236.44873046875,-123.56555300873333,48.14027076398793
967,0.005304835271090269,0.1917864829301834,0.0,4.363609313964844,29.681644439697266,-123.56515300873333,48.14027076398793
968,0.005304835271090269,0.1917864829301834,0.0,4.363609313964844,29.681644439697266,-123.56515300873333,48.14027076398793
969,0.005304835271090269,0.1917864829301834,0.0,4.363609313964844,29.681644439697266,-123.56515300873333,48.14027076398793
970,0.005304835271090269,0.1917864829301834,0.0,4.363609313964844,29.681644439697266,-123.56515300873333,48.14027076398793
971,0.005304835271090269,0.1917864829301834,0.0,4.363609313964844,29.681644439697266,-123.56515300873333,48.14027076398793
972,0.005304835271090269,0.1917864829301834,0.0,4.363609313964844,29.681644439697266,-123.56515300873333,48.14027076398793
973,0.005304835271090269,0.1917864829301834,0.0,4.363609313964844,29.681644439697266,-123.56515300873333,48.14027076398793
974,0.005304835271090269,0.1917864829301834,0.0,4.363609313964844,29.681644439697266,-123.56515300873333,48.14027076398793
975,0.005304835271090269,0.1917864829301834,0.0,4.363609313964844,29.681644439697266,-123.56515300873333,48.14027076398793
976,0.9960131645202637,0.7655737996101379,0.0,4.710000038146973,46.097721099853516,-123.56475300873333,48.14027076398793
977,0.9960131645202637,0.7655737996101379,0.0,4.710000038146973,46.097721099853516,-123.56475300873333,48.14027076398793
978,0.9960131645202637,0.7655737996101379,0.0,4.710000038146973,46.097721099853516,-123.56475300873333,48.14027076398793
979,0.9960131645202637,0.7655737996101379,0.0,4.710000038146973,46.097721099853516,-123.56475300873333,48.14027076398793
980,0.9960131645202637,0.7655737996101379,0.0,4.710000038146973,46.097721099853516,-123.56475300873333,48.14027076398793
981,0.9960131645202637,0.7655737996101379,0.0,4.710000038146973,46.097721099853516,-123.56475300873333,48.14027076398793
982,0.9960131645202637,0.7655737996101379,0.0,4.710000038146973,46.097721099853516,-123.56475300873333,48.14027076398793
983,0.9960131645202637,0.7655737996101379,0.0,4.710000038146973,46.097721099853516,-123.56475300873333,48.14027076398793
984,0.9960131645202637,0.7655737996101379,0.0,4.710000038146973,46.097721099853516,-123.56475300873333,48.14027076398793
985,0.9960131645202637,0.7655737996101379,0.0,4.710000038146973,46.097721099853516,-123.56475300873333,48.14027076398793
986,0.999692440032959,0.01954636536538601,0.0,5.090000152587891,84.48076629638672,-123.56435300873333,48.14027076398793
987,0.999692440032959,0.01954636536538601,0.0,5.090000152587891,84.48076629638672,-123.56435300873333,48.14027076398793
988,0.999692440032959,0.01954636536538601,0.0,5.090000152587891,84.48076629638672,-123.56435300873333,48.14027076398793
989,0.999692440032959,0.01954636536538601,0.0,5.090000152587891,84.48076629638672,-123.56435300873333,48.14027076398793
990,0.999692440032959,0.01954636536538601,0.0,5.090000152587891,84.48076629638672,-123.56435300873333,48.14027076398793
991,0.999692440032959,0.01954636536538601,0.0,5.090000152587891,84.48076629638672,-123.56435300873333,48.14027076398793
992,0.999692440032959,0.01954636536538601,0.0,5.090000152587891,84.48076629638672,-123.56435300873333,48.14027076398793
993,0.999692440032959,0.01954636536538601,0.0,5.090000152587891,84.48076629638672,-123.56435300873333,48.14027076398793
994,0.999692440032959,0.01954636536538601,0.0,5.090000152587891,84.48076629638672,-123.56435300873333,48.14027076398793
995,0.999692440032959,0.01954636536538601,0.0,5.090000152587891,84.48076629638672,-123.56435300873333,48.14027076398793
996,0.9991480112075806,0.00030916728428564966,0.0,5.340000152587891,69.58448028564453,-123.56395300873334,48.14027076398793
997,0.9991480112075806,0.00030916728428564966,0.0,5.340000152587891,69.58448028564453,-123.56395300873334,48.14027076398793
998,0.9991480112075806,0.00030916728428564966,0.0,5.340000152587891,69.58448028564453,-123.56395300873334,48.14027076398793
999,0.9991480112075806,0.00030916728428564966,0.0,5.340000152587891,69.58448028564453,-123.56395300873334,48.14027076398793
1000,0.9991480112075806,0.00030916728428564966,0.0,5.340000152587891,69.58448028564453,-123.56395300873334,48.14027076398793
1001,0.9991480112075806,0.00030916728428564966,0.0,5.340000152587891,69.58448028564453,-123.56395300873334,48.14027076398793
1002,0.9991480112075806,0.00030916728428564966,0.0,5.340000152587891,69.58448028564453,-123.56395300873334,48.14027076398793
1003,0.9991480112075806,0.00030916728428564966,0.0,5.340000152587891,69.58448028564453,-123.56395300873334,48.14027076398793
1004,0.9991480112075806,0.00030916728428564966,0.0,5.340000152587891,69.58448028564453,-123.56395300873334,48.14027076398793
1005,0.9991480112075806,0.00030916728428564966,0.0,5.340000152587891,69.58448028564453,-123.56395300873334,48.14027076398793
1006,0.9999516010284424,0.0005524699809029698,0.0,4.929999828338623,76.00657653808594,-123.56355300873334,48.14027076398793
1007,0.9999516010284424,0.0005524699809029698,0.0,4.929999828338623,76.00657653808594,-123.56355300873334,48.14027076398793
1008,0.9999516010284424,0.0005524699809029698,0.0,4.929999828338623,76.00657653808594,-123.56355300873334,48.14027076398793
1009,0.9999516010284424,0.0005524699809029698,0.0,4.929999828338623,76.00657653808594,-123.56355300873334,48.14027076398793
1010,0.9999516010284424,0.0005524699809029698,0.0,4.929999828338623,76.00657653808594,-123.56355300873334,48.14027076398793
1011,0.9999516010284424,0.0005524699809029698,0.0,4.929999828338623,76.00657653808594,-123.56355300873334,48.14027076398793
1012,0.9999516010284424,0.0005524699809029698,0.0,4.929999828338623,76.00657653808594,-123.56355300873334,48.14027076398793
1013,0.9999516010284424,0.0005524699809029698,0.0,4.929999828338623,76.00657653808594,-123.56355300873334,48.14027076398793
1014,0.9999516010284424,0.0005524699809029698,0.0,4.929999828338623,76.00657653808594,-123.56355300873334,48.14027076398793
1015,0.9999516010284424,0.0005524699809029698,0.0,4.929999828338623,76.00657653808594,-123.56355300873334,48.14027076398793
1016,0.938158392906189,0.0010595052735880017,0.0,4.679999828338623,26.248809814453125,-123.56315300873334,48.14027076398793
1017,0.938158392906189,0.0010595052735880017,0.0,4.679999828338623,26.248809814453125,-123.56315300873334,48.14027076398793
1018,0.938158392906189,0.0010595052735880017,0.0,4.679999828338623,26.248809814453125,-123.56315300873334,48.14027076398793
1019,0.938158392906189,0.0010595052735880017,0.0,4.679999828338623,26.248809814453125,-123.56315300873334,48.14027076398793
1020,0.938158392906189,0.0010595052735880017,0.0,4.679999828338623,26.248809814453125,-123.56315300873334,48.14027076398793
1021,0.938158392906189,0.0010595052735880017,0.0,4.679999828338623,26.248809814453125,-123.56315300873334,48.14027076398793
1022,0.938158392906189,0.0010595052735880017,0.0,4.679999828338623,26.248809814453125,-123.56315300873334,48.14027076398793
1023,0.938158392906189,0.0010595052735880017,0.0,4.679999828338623,26.248809814453125,-123.56315300873334,48.14027076398793
1024,0.938158392906189,0.0010595052735880017,0.0,4.679999828338623,26.248809814453125,-123.56315300873334,48.14027076398793
1025,0.938158392906189,0.0010595052735880017,0.0,4.679999828338623,26.248809814453125,-123.56315300873334,48.14027076398793
1026,0.9999819993972778,0.00025113389710895717,0.0,5.570000171661377,47.53945541381836,-123.56275300873334,48.14027076398793
1027,0.9999819993972778,0.00025113389710895717,0.0,5.570000171661377,47.53945541381836,-123.56275300873334,48.14027076398793
1028,0.9999819993972778,0.00025113389710895717,0.0,5.570000171661377,47.53945541381836,-123.56275300873334,48.14027076398793
1029,0.9999819993972778,0.00025113389710895717,0.0,5.570000171661377,47.53945541381836,-123.56275300873334,48.14027076398793
1030,0.9999819993972778,0.00025113389710895717,0.0,5.570000171661377,47.53945541381836,-123.56275300873334,48.14027076398793
1031,0.9999819993972778,0.00025113389710895717,0.0,5.570000171661377,47.53945541381836,-123.56275300873334,48.14027076398793
1032,0.9999819993972778,0.00025113389710895717,0.0,5.570000171661377,47.53945541381836,-123.56275300873334,48.14027076398793
1033,0.9999819993972778,0.00025113389710895717,0.0,5.570000171661377,47.53945541381836,-123.56275300873334,48.14027076398793
1034,0.9999819993972778,0.00025113389710895717,0.0,5.570000171661377,47.53945541381836,-123.56275300873334,48.14027076398793
1035,0.9999819993972778,0.00025113389710895717,0.0,5.570000171661377,47.53945541381836,-123.56275300873334,48.14027076398793
1036,0.9896295666694641,0.0031460123136639595,0.0,4.989999771118164,63.82006072998047,-123.56235300873334,48.14027076398793
1037,0.9896295666694641,0.0031460123136639595,0.0,4.989999771118164,63.82006072998047,-123.56235300873334,48.14027076398793
1038,0.9896295666694641,0.0031460123136639595,0.0,4.989999771118164,63.82006072998047,-123.56235300873334,48.14027076398793
1039,0.9896295666694641,0.0031460123136639595,0.0,4.989999771118164,63.82006072998047,-123.56235300873334,48.14027076398793
1040,0.9896295666694641,0.0031460123136639595,0.0,4.989999771118164,63.82006072998047,-123.56235300873334,48.14027076398793
1041,0.9896295666694641,0.0031460123136639595,0.0,4.989999771118164,63.82006072998047,-123.56235300873334,48.14027076398793
1042,0.9896295666694641,0.0031460123136639595,0.0,4.989999771118164,63.82006072998047,-123.56235300873334,48.14027076398793
1043,0.9896295666694641,0.0031460123136639595,0.0,4.989999771118164,63.82006072998047,-123.56235300873334,48.14027076398793
1044,0.9896295666694641,0.0031460123136639595,0.0,4.989999771118164,63.82006072998047,-123.56235300873334,48.14027076398793
1045,0.9896295666694641,0.0031460123136639595,0.0,4.989999771118164,63.82006072998047,-123.56235300873334,48.14027076398793
1046,0.9886124730110168,0.027624545618891716,0.0,5.019999980926514,86.21485137939453,-123.56195300873334,48.14027076398793
1047,0.9886124730110168,0.027624545618891716,0.0,5.019999980926514,86.21485137939453,-123.56195300873334,48.14027076398793
1048,0.9886124730110168,0.027624545618891716,0.0,5.019999980926514,86.21485137939453,-123.56195300873334,48.14027076398793
1049,0.9886124730110168,0.027624545618891716,0.0,5.019999980926514,86.21485137939453,-123.56195300873334,48.14027076398793
1050,0.9886124730110168,0.027624545618891716,0.0,5.019999980926514,86.21485137939453,-123.56195300873334,48.14027076398793
1051,0.9886124730110168,0.027624545618891716,0.0,5.019999980926514,86.21485137939453,-123.56195300873334,48.14027076398793
1052,0.9886124730110168,0.027624545618891716,0.0,5.019999980926514,86.21485137939453,-123.56195300873334,48.14027076398793
1053,0.9886124730110168,0.027624545618891716,0.0,5.019999980926514,86.21485137939453,-123.56195300873334,48.14027076398793
1054,0.0,0.0,0.0,0.0,232.4672088623047,-123.56155300873334,48.14027076398793
1055,0.0,0.0,0.0,0.0,232.4672088623047,-123.56155300873334,48.14027076398793
1056,0.0,0.0,0.0,0.0,232.4672088623047,-123.56155300873334,48.14027076398793
1057,0.0,0.0,0.0,0.0,232.4672088623047,-123.56155300873334,48.14027076398793
1058,0.0,0.0,0.0,0.0,348.36761474609375,-123.56115300873334,48.14027076398793
1059,0.0,0.0,0.0,0.0,348.36761474609375,-123.56115300873334,48.14027076398793
1060,0.0,0.0,0.0,0.0,348.36761474609375,-123.56115300873334,48.14027076398793
1061,0.0,0.0,0.0,0.0,348.36761474609375,-123.56115300873334,48.14027076398793
1062,0.0,0.0,0.0,0.0,343.86187744140625,-123.56075300873334,48.14027076398793
1063,0.0,0.0,0.0,0.0,343.86187744140625,-123.56075300873334,48.14027076398793
1064,0.0,0.0,0.0,0.0,343.86187744140625,-123.56075300873334,48.14027076398793
1065,0.0,0.0,0.0,0.0,343.86187744140625,-123.56075300873334,48.14027076398793
1066,0.0,0.0,0.0,0.0,328.5498352050781,-123.56035300873334,48.14027076398793
1067,0.0,0.0,0.0,0.0,328.5498352050781,-123.56035300873334,48.14027076398793
1068,0.0,0.0,0.0,0.0,328.5498352050781,-123.56035300873334,48.14027076398793
1069,0.0,0.0,0.0,0.0,328.5498352050781,-123.56035300873334,48.14027076398793
1070,0.0,0.0,0.0,0.0,393.20477294921875,-123.55995300873334,48.14027076398793
1071,0.0,0.0,0.0,0.0,393.20477294921875,-123.55995300873334,48.14027076398793
1072,0.0,0.0,0.0,0.0,393.20477294921875,-123.55995300873334,48.14027076398793
1073,0.0,0.0,0.0,0.0,393.20477294921875,-123.55995300873334,48.14027076398793
1074,0.0,0.0,0.0,0.0,495.851806640625,-123.55955300873335,48.14027076398793
1075,0.0,0.0,0.0,0.0,495.851806640625,-123.55955300873335,48.14027076398793
1076,0.0,0.0,0.0,0.0,495.851806640625,-123.55955300873335,48.14027076398793
1077,0.0,0.0,0.0,0.0,495.851806640625,-123.55955300873335,48.14027076398793
1078,2.8315884264884517e-05,0.0002652285620570183,0.0,3.968433141708374,194.1648712158203,-123.56515300873333,48.13987076398793
1079,2.8315884264884517e-05,0.0002652285620570183,0.0,3.968433141708374,194.1648712158203,-123.56515300873333,48.13987076398793
1080,2.8315884264884517e-05,0.0002652285620570183,0.0,3.968433141708374,194.1648712158203,-123.56515300873333,48.13987076398793
1081,2.8315884264884517e-05,0.0002652285620570183,0.0,3.968433141708374,194.1648712158203,-123.56515300873333,48.13987076398793
1082,2.8315884264884517e-05,0.0002652285620570183,0.0,3.968433141708374,194.1648712158203,-123.56515300873333,48.13987076398793
1083,2.8315884264884517e-05,0.0002652285620570183,0.0,3.968433141708374,194.1648712158203,-123.56515300873333,48.13987076398793
1084,2.8315884264884517e-05,0.0002652285620570183,0.0,3.968433141708374,194.1648712158203,-123.56515300873333,48.13987076398793
1085,2.8315884264884517e-05,0.0002652285620570183,0.0,3.968433141708374,194.1648712158203,-123.56515300873333,48.13987076398793
1086,2.8315884264884517e-05,0.0002652285620570183,0.0,3.968433141708374,194.1648712158203,-123.56515300873333,48.13987076398793
1087,4.4986903958488256e-05,0.728445291519165,0.0,4.694150447845459,21.63330841064453,-123.56475300873333,48.13987076398793
1088,4.4986903958488256e-05,0.728445291519165,0.0,4.694150447845459,21.63330841064453,-123.56475300873333,48.13987076398793
1089,4.4986903958488256e-05,0.728445291519165,0.0,4.694150447845459,21.63330841064453,-123.56475300873333,48.13987076398793
1090,4.4986903958488256e-05,0.728445291519165,0.0,4.694150447845459,21.63330841064453,-123.56475300873333,48.13987076398793
1091,4.4986903958488256e-05,0.728445291519165,0.0,4.694150447845459,21.63330841064453,-123.56475300873333,48.13987076398793
1092,4.4986903958488256e-05,0.728445291519165,0.0,4.694150447845459,21.63330841064453,-123.56475300873333,48.13987076398793
1093,4.4986903958488256e-05,0.728445291519165,0.0,4.694150447845459,21.63330841064453,-123.56475300873333,48.13987076398793
1094,4.4986903958488256e-05,0.728445291519165,0.0,4.694150447845459,21.63330841064453,-123.56475300873333,48.13987076398793
1095,4.4986903958488256e-05,0.728445291519165,0.0,4.694150447845459,21.63330841064453,-123.56475300873333,48.13987076398793
1096,0.27696356177330017,0.7333884239196777,0.0,4.935842037200928,83.18653869628906,-123.56435300873333,48.13987076398793
1097,0.27696356177330017,0.7333884239196777,0.0,4.935842037200928,83.18653869628906,-123.56435300873333,48.13987076398793
1098,0.27696356177330017,0.7333884239196777,0.0,4.935842037200928,83.18653869628906,-123.56435300873333,48.13987076398793
1099,0.27696356177330017,0.7333884239196777,0.0,4.935842037200928,83.18653869628906,-123.56435300873333,48.13987076398793
1100,0.27696356177330017,0.7333884239196777,0.0,4.935842037200928,83.18653869628906,-123.56435300873333,48.13987076398793
1101,0.27696356177330017,0.7333884239196777,0.0,4.935842037200928,83.18653869628906,-123.56435300873333,48.13987076398793
1102,0.27696356177330017,0.7333884239196777,0.0,4.935842037200928,83.18653869628906,-123.56435300873333,48.13987076398793
1103,0.27696356177330017,0.7333884239196777,0.0,4.935842037200928,83.18653869628906,-123.56435300873333,48.13987076398793
1104,0.27696356177330017,0.7333884239196777,0.0,4.935842037200928,83.18653869628906,-123.56435300873333,48.13987076398793
1105,0.27696356177330017,0.7333884239196777,0.0,4.935842037200928,83.18653869628906,-123.56435300873333,48.13987076398793
1106,0.9944193959236145,0.04914166033267975,0.0,5.420000076293945,114.28035736083984,-123.56395300873334,48.13987076398793
1107,0.9944193959236145,0.04914166033267975,0.0,5.420000076293945,114.28035736083984,-123.56395300873334,48.13987076398793
1108,0.9944193959236145,0.04914166033267975,0.0,5.420000076293945,114.28035736083984,-123.56395300873334,48.13987076398793
1109,0.9944193959236145,0.04914166033267975,0.0,5.420000076293945,114.28035736083984,-123.56395300873334,48.13987076398793
1110,0.9944193959236145,0.04914166033267975,0.0,5.420000076293945,114.28035736083984,-123.56395300873334,48.13987076398793
1111,0.9944193959236145,0.04914166033267975,0.0,5.420000076293945,114.28035736083984,-123.56395300873334,48.13987076398793
1112,0.9944193959236145,0.04914166033267975,0.0,5.420000076293945,114.28035736083984,-123.56395300873334,48.13987076398793
1113,0.9944193959236145,0.04914166033267975,0.0,5.420000076293945,114.28035736083984,-123.56395300873334,48.13987076398793
1114,0.9944193959236145,0.04914166033267975,0.0,5.420000076293945,114.28035736083984,-123.56395300873334,48.13987076398793
1115,0.9944193959236145,0.04914166033267975,0.0,5.420000076293945,114.28035736083984,-123.56395300873334,48.13987076398793
1116,0.9990680813789368,0.0067419614642858505,0.0,5.880000114440918,126.0,-123.56355300873334,48.13987076398793
1117,0.9990680813789368,0.0067419614642858505,0.0,5.880000114440918,126.0,-123.56355300873334,48.13987076398793
1118,0.9990680813789368,0.0067419614642858505,0.0,5.880000114440918,126.0,-123.56355300873334,48.13987076398793
1119,0.9990680813789368,0.0067419614642858505,0.0,5.880000114440918,126.0,-123.56355300873334,48.13987076398793
1120,0.9990680813789368,0.0067419614642858505,0.0,5.880000114440918,126.0,-123.56355300873334,48.13987076398793
1121,0.9990680813789368,0.0067419614642858505,0.0,5.880000114440918,126.0,-123.56355300873334,48.13987076398793
1122,0.9990680813789368,0.0067419614642858505,0.0,5.880000114440918,126.0,-123.56355300873334,48.13987076398793
1123,0.9990680813789368,0.0067419614642858505,0.0,5.880000114440918,126.0,-123.56355300873334,48.13987076398793
1124,0.9990680813789368,0.0067419614642858505,0.0,5.880000114440918,126.0,-123.56355300873334,48.13987076398793
1125,0.9990680813789368,0.0067419614642858505,0.0,5.880000114440918,126.0,-123.56355300873334,48.13987076398793
1126,0.9996457099914551,6.932026008144021e-05,0.0,5.670000076293945,128.0,-123.56315300873334,48.13987076398793
1127,0.9996457099914551,6.932026008144021e-05,0.0,5.670000076293945,128.0,-123.56315300873334,48.13987076398793
1128,0.9996457099914551,6.932026008144021e-05,0.0,5.670000076293945,128.0,-123.56315300873334,48.13987076398793
1129,0.9996457099914551,6.932026008144021e-05,0.0,5.670000076293945,128.0,-123.56315300873334,48.13987076398793
1130,0.9996457099914551,6.932026008144021e-05,0.0,5.670000076293945,128.0,-123.56315300873334,48.13987076398793
1131,0.9996457099914551,6.932026008144021e-05,0.0,5.670000076293945,128.0,-123.56315300873334,48.13987076398793
1132,0.9996457099914551,6.932026008144021e-05,0.0,5.670000076293945,128.0,-123.56315300873334,48.13987076398793
1133,0.9996457099914551,6.932026008144021e-05,0.0,5.670000076293945,128.0,-123.56315300873334,48.13987076398793
1134,0.9996457099914551,6.932026008144021e-05,0.0,5.670000076293945,128.0,-123.56315300873334,48.13987076398793
1135,0.9996457099914551,6.932026008144021e-05,0.0,5.670000076293945,128.0,-123.56315300873334,48.13987076398793
1136,0.9996188879013062,3.9916489185998216e-05,0.0,5.829999923706055,81.0,-123.56275300873334,48.13987076398793
1137,0.9996188879013062,3.9916489185998216e-05,0.0,5.829999923706055,81.0,-123.56275300873334,48.13987076398793
1138,0.9996188879013062,3.9916489185998216e-05,0.0,5.829999923706055,81.0,-123.56275300873334,48.13987076398793
1139,0.9996188879013062,3.9916489185998216e-05,0.0,5.829999923706055,81.0,-123.56275300873334,48.13987076398793
1140,0.9996188879013062,3.9916489185998216e-05,0.0,5.829999923706055,81.0,-123.56275300873334,48.13987076398793
1141,0.9996188879013062,3.9916489185998216e-05,0.0,5.829999923706055,81.0,-123.56275300873334,48.13987076398793
1142,0.9996188879013062,3.9916489185998216e-05,0.0,5.829999923706055,81.0,-123.56275300873334,48.13987076398793
1143,0.9996188879013062,3.9916489185998216e-05,0.0,5.829999923706055,81.0,-123.56275300873334,48.13987076398793
1144,0.9996188879013062,3.9916489185998216e-05,0.0,5.829999923706055,81.0,-123.56275300873334,48.13987076398793
1145,0.9996188879013062,3.9916489185998216e-05,0.0,5.829999923706055,81.0,-123.56275300873334,48.13987076398793
1146,0.998582124710083,2.7744186809286475e-05,0.0,6.079999923706055,227.20034790039062,-123.56235300873334,48.13987076398793
1147,0.998582124710083,2.7744186809286475e-05,0.0,6.079999923706055,227.20034790039062,-123.56235300873334,48.13987076398793
1148,0.998582124710083,2.7744186809286475e-05,0.0,6.079999923706055,227.20034790039062,-123.56235300873334,48.13987076398793
1149,0.998582124710083,2.7744186809286475e-05,0.0,6.079999923706055,227.20034790039062,-123.56235300873334,48.13987076398793
1150,0.998582124710083,2.7744186809286475e-05,0.0,6.079999923706055,227.20034790039062,-123.56235300873334,48.13987076398793
1151,0.998582124710083,2.7744186809286475e-05,0.0,6.079999923706055,227.20034790039062,-123.56235300873334,48.13987076398793
1152,0.998582124710083,2.7744186809286475e-05,0.0,6.079999923706055,227.20034790039062,-123.56235300873334,48.13987076398793
1153,0.998582124710083,2.7744186809286475e-05,0.0,6.079999923706055,227.20034790039062,-123.56235300873334,48.13987076398793
1154,0.998582124710083,2.7744186809286475e-05,0.0,6.079999923706055,227.20034790039062,-123.56235300873334,48.13987076398793
1155,0.998582124710083,2.7744186809286475e-05,0.0,6.079999923706055,227.20034790039062,-123.56235300873334,48.13987076398793
1156,0.9997099041938782,0.000641216232907027,0.0,5.820000171661377,119.26860809326172,-123.56195300873334,48.13987076398793
1157,0.9997099041938782,0.000641216232907027,0.0,5.820000171661377,119.26860809326172,-123.56195300873334,48.13987076398793
1158,0.9997099041938782,0.000641216232907027,0.0,5.820000171661377,119.26860809326172,-123.56195300873334,48.13987076398793
1159,0.9997099041938782,0.000641216232907027,0.0,5.820000171661377,119.26860809326172,-123.56195300873334,48.13987076398793
1160,0.9997099041938782,0.000641216232907027,0.0,5.820000171661377,119.26860809326172,-123.56195300873334,48.13987076398793
1161,0.9997099041938782,0.000641216232907027,0.0,5.820000171661377,119.26860809326172,-123.56195300873334,48.13987076398793
1162,0.9997099041938782,0.000641216232907027,0.0,5.820000171661377,119.26860809326172,-123.56195300873334,48.13987076398793
1163,0.9997099041938782,0.000641216232907027,0.0,5.820000171661377,119.26860809326172,-123.56195300873334,48.13987076398793
1164,0.9997099041938782,0.000641216232907027,0.0,5.820000171661377,119.26860809326172,-123.56195300873334,48.13987076398793
1165,0.9997099041938782,0.000641216232907027,0.0,5.820000171661377,119.26860809326172,-123.56195300873334,48.13987076398793
1166,3.69226449947746e-06,0.03714505210518837,0.0,4.669510841369629,16.552946090698242,-123.56155300873334,48.13987076398793
1167,3.69226449947746e-06,0.03714505210518837,0.0,4.669510841369629,16.552946090698242,-123.56155300873334,48.13987076398793
1168,3.69226449947746e-06,0.03714505210518837,0.0,4.669510841369629,16.552946090698242,-123.56155300873334,48.13987076398793
1169,3.69226449947746e-06,0.03714505210518837,0.0,4.669510841369629,16.552946090698242,-123.56155300873334,48.13987076398793
1170,3.69226449947746e-06,0.03714505210518837,0.0,4.669510841369629,16.552946090698242,-123.56155300873334,48.13987076398793
1171,3.69226449947746e-06,0.03714505210518837,0.0,4.669510841369629,16.552946090698242,-123.56155300873334,48.13987076398793
1172,3.69226449947746e-06,0.03714505210518837,0.0,4.669510841369629,16.552946090698242,-123.56155300873334,48.13987076398793
1173,3.69226449947746e-06,0.03714505210518837,0.0,4.669510841369629,16.552946090698242,-123.56155300873334,48.13987076398793
1174,3.69226449947746e-06,0.03714505210518837,0.0,4.669510841369629,16.552946090698242,-123.56155300873334,48.13987076398793
1175,3.69226449947746e-06,0.03714505210518837,0.0,4.669510841369629,16.552946090698242,-123.56155300873334,48.13987076398793
1176,0.0,0.0,0.0,0.0,109.11003875732422,-123.56115300873334,48.13987076398793
1177,0.0,0.0,0.0,0.0,109.11003875732422,-123.56115300873334,48.13987076398793
1178,0.0,0.0,0.0,0.0,109.11003875732422,-123.56115300873334,48.13987076398793
1179,0.0,0.0,0.0,0.0,109.11003875732422,-123.56115300873334,48.13987076398793
1180,0.0,0.0,0.0,0.0,121.82364654541016,-123.56075300873334,48.13987076398793
1181,0.0,0.0,0.0,0.0,121.82364654541016,-123.56075300873334,48.13987076398793
1182,0.0,0.0,0.0,0.0,121.82364654541016,-123.56075300873334,48.13987076398793
1183,0.0,0.0,0.0,0.0,121.82364654541016,-123.56075300873334,48.13987076398793
1184,0.0,0.0,0.0,0.0,74.67261505126953,-123.56035300873334,48.13987076398793
1185,0.0,0.0,0.0,0.0,74.67261505126953,-123.56035300873334,48.13987076398793
1186,0.0,0.0,0.0,0.0,74.67261505126953,-123.56035300873334,48.13987076398793
1187,0.0,0.0,0.0,0.0,74.67261505126953,-123.56035300873334,48.13987076398793
1188,0.0,0.0,0.0,0.0,150.71163940429688,-123.55995300873334,48.13987076398793
1189,0.0,0.0,0.0,0.0,150.71163940429688,-123.55995300873334,48.13987076398793
1190,0.0,0.0,0.0,0.0,150.71163940429688,-123.55995300873334,48.13987076398793
1191,0.0,0.0,0.0,0.0,150.71163940429688,-123.55995300873334,48.13987076398793
1192,0.0,0.0,0.0,0.0,150.71163940429688,-123.55995300873334,48.13987076398793
1193,0.0,0.0,0.0,0.0,295.7870788574219,-123.55955300873335,48.13987076398793
1194,0.0,0.0,0.0,0.0,168.44287109375,-123.56435300873333,48.13947076398793
1195,0.0,0.0,0.0,0.0,168.44287109375,-123.56435300873333,48.13947076398793
1196,0.0,0.0,0.0,0.0,168.44287109375,-123.56435300873333,48.13947076398793
1197,0.0,0.0,0.0,0.0,168.44287109375,-123.56435300873333,48.13947076398793
1198,0.0,0.0,0.0,0.0,168.44287109375,-123.56435300873333,48.13947076398793
1199,0.0,0.0,0.0,0.0,168.44287109375,-123.56435300873333,48.13947076398793
1200,6.373303767759353e-05,0.3347330391407013,0.0,4.2398905754089355,139.8070068359375,-123.56395300873334,48.13947076398793
1201,6.373303767759353e-05,0.3347330391407013,0.0,4.2398905754089355,139.8070068359375,-123.56395300873334,48.13947076398793
1202,6.373303767759353e-05,0.3347330391407013,0.0,4.2398905754089355,139.8070068359375,-123.56395300873334,48.13947076398793
1203,6.373303767759353e-05,0.3347330391407013,0.0,4.2398905754089355,139.8070068359375,-123.56395300873334,48.13947076398793
1204,6.373303767759353e-05,0.3347330391407013,0.0,4.2398905754089355,139.8070068359375,-123.56395300873334,48.13947076398793
1205,6.373303767759353e-05,0.3347330391407013,0.0,4.2398905754089355,139.8070068359375,-123.56395300873334,48.13947076398793
1206,6.373303767759353e-05,0.3347330391407013,0.0,4.2398905754089355,139.8070068359375,-123.56395300873334,48.13947076398793
1207,6.373303767759353e-05,0.3347330391407013,0.0,4.2398905754089355,139.8070068359375,-123.56395300873334,48.13947076398793
1208,6.373303767759353e-05,0.3347330391407013,0.0,4.2398905754089355,139.8070068359375,-123.56395300873334,48.13947076398793
1209,6.373303767759353e-05,0.3347330391407013,0.0,4.2398905754089355,139.8070068359375,-123.56395300873334,48.13947076398793
1210,4.4229960622033104e-05,0.6648494601249695,0.0,5.009868621826172,128.015625,-123.56355300873334,48.13947076398793
1211,4.4229960622033104e-05,0.6648494601249695,0.0,5.009868621826172,128.015625,-123.56355300873334,48.13947076398793
1212,4.4229960622033104e-05,0.6648494601249695,0.0,5.009868621826172,128.015625,-123.56355300873334,48.13947076398793
1213,4.4229960622033104e-05,0.6648494601249695,0.0,5.009868621826172,128.015625,-123.56355300873334,48.13947076398793
1214,4.4229960622033104e-05,0.6648494601249695,0.0,5.009868621826172,128.015625,-123.56355300873334,48.13947076398793
1215,4.4229960622033104e-05,0.6648494601249695,0.0,5.009868621826172,128.015625,-123.56355300873334,48.13947076398793
1216,4.4229960622033104e-05,0.6648494601249695,0.0,5.009868621826172,128.015625,-123.56355300873334,48.13947076398793
1217,4.4229960622033104e-05,0.6648494601249695,0.0,5.009868621826172,128.015625,-123.56355300873334,48.13947076398793
1218,4.4229960622033104e-05,0.6648494601249695,0.0,5.009868621826172,128.015625,-123.56355300873334,48.13947076398793
1219,4.4229960622033104e-05,0.6648494601249695,0.0,5.009868621826172,128.015625,-123.56355300873334,48.13947076398793
1220,3.0094886369624874e-06,0.004267754498869181,0.0,5.125163555145264,127.0,-123.56315300873334,48.13947076398793
1221,3.0094886369624874e-06,0.004267754498869181,0.0,5.125163555145264,127.0,-123.56315300873334,48.13947076398793
1222,3.0094886369624874e-06,0.004267754498869181,0.0,5.125163555145264,127.0,-123.56315300873334,48.13947076398793
1223,3.0094886369624874e-06,0.004267754498869181,0.0,5.125163555145264,127.0,-123.56315300873334,48.13947076398793
1224,3.0094886369624874e-06,0.004267754498869181,0.0,5.125163555145264,127.0,-123.56315300873334,48.13947076398793
1225,3.0094886369624874e-06,0.004267754498869181,0.0,5.125163555145264,127.0,-123.56315300873334,48.13947076398793
1226,3.0094886369624874e-06,0.004267754498869181,0.0,5.125163555145264,127.0,-123.56315300873334,48.13947076398793
1227,3.0094886369624874e-06,0.004267754498869181,0.0,5.125163555145264,127.0,-123.56315300873334,48.13947076398793
1228,3.0094886369624874e-06,0.004267754498869181,0.0,5.125163555145264,127.0,-123.56315300873334,48.13947076398793
1229,3.0094886369624874e-06,0.004267754498869181,0.0,5.125163555145264,127.0,-123.56315300873334,48.13947076398793
1230,1.4021537936059758e-05,0.00021916895639151335,0.0,4.702221870422363,83.43260955810547,-123.56275300873334,48.13947076398793
1231,1.4021537936059758e-05,0.00021916895639151335,0.0,4.702221870422363,83.43260955810547,-123.56275300873334,48.13947076398793
1232,1.4021537936059758e-05,0.00021916895639151335,0.0,4.702221870422363,83.43260955810547,-123.56275300873334,48.13947076398793
1233,1.4021537936059758e-05,0.00021916895639151335,0.0,4.702221870422363,83.43260955810547,-123.56275300873334,48.13947076398793
1234,1.4021537936059758e-05,0.00021916895639151335,0.0,4.702221870422363,83.43260955810547,-123.56275300873334,48.13947076398793
1235,1.4021537936059758e-05,0.00021916895639151335,0.0,4.702221870422363,83.43260955810547,-123.56275300873334,48.13947076398793
1236,1.4021537936059758e-05,0.00021916895639151335,0.0,4.702221870422363,83.43260955810547,-123.56275300873334,48.13947076398793
1237,1.4021537936059758e-05,0.00021916895639151335,0.0,4.702221870422363,83.43260955810547,-123.56275300873334,48.13947076398793
1238,1.4021537936059758e-05,0.00021916895639151335,0.0,4.702221870422363,83.43260955810547,-123.56275300873334,48.13947076398793
1239,1.4021537936059758e-05,0.00021916895639151335,0.0,4.702221870422363,83.43260955810547,-123.56275300873334,48.13947076398793
1240,1.5534385511273285e-06,0.8640506267547607,0.0,4.706813335418701,18.027755737304688,-123.56235300873334,48.13947076398793
1241,1.5534385511273285e-06,0.8640506267547607,0.0,4.706813335418701,18.027755737304688,-123.56235300873334,48.13947076398793
1242,1.5534385511273285e-06,0.8640506267547607,0.0,4.706813335418701,18.027755737304688,-123.56235300873334,48.13947076398793
1243,1.5534385511273285e-06,0.8640506267547607,0.0,4.706813335418701,18.027755737304688,-123.56235300873334,48.13947076398793
1244,1.5534385511273285e-06,0.8640506267547607,0.0,4.706813335418701,18.027755737304688,-123.56235300873334,48.13947076398793
1245,1.5534385511273285e-06,0.8640506267547607,0.0,4.706813335418701,18.027755737304688,-123.56235300873334,48.13947076398793
1246,1.5534385511273285e-06,0.8640506267547607,0.0,4.706813335418701,18.027755737304688,-123.56235300873334,48.13947076398793
1247,1.5534385511273285e-06,0.8640506267547607,0.0,4.706813335418701,18.027755737304688,-123.56235300873334,48.13947076398793
1248,1.5534385511273285e-06,0.8640506267547607,0.0,4.706813335418701,18.027755737304688,-123.56235300873334,48.13947076398793
1249,1.5534385511273285e-06,0.8640506267547607,0.0,4.706813335418701,18.027755737304688,-123.56235300873334,48.13947076398793
1250,3.634112744066442e-08,0.9994538426399231,0.0,4.685001373291016,67.08203887939453,-123.56195300873334,48.13947076398793
1251,3.634112744066442e-08,0.9994538426399231,0.0,4.685001373291016,67.08203887939453,-123.56195300873334,48.13947076398793
1252,3.634112744066442e-08,0.9994538426399231,0.0,4.685001373291016,67.08203887939453,-123.56195300873334,48.13947076398793
1253,3.634112744066442e-08,0.9994538426399231,0.0,4.685001373291016,67.08203887939453,-123.56195300873334,48.13947076398793
1254,3.634112744066442e-08,0.9994538426399231,0.0,4.685001373291016,67.08203887939453,-123.56195300873334,48.13947076398793
1255,3.634112744066442e-08,0.9994538426399231,0.0,4.685001373291016,67.08203887939453,-123.56195300873334,48.13947076398793
1256,3.634112744066442e-08,0.9994538426399231,0.0,4.685001373291016,67.08203887939453,-123.56195300873334,48.13947076398793
1257,3.634112744066442e-08,0.9994538426399231,0.0,4.685001373291016,67.08203887939453,-123.56195300873334,48.13947076398793
1258,3.634112744066442e-08,0.9994538426399231,0.0,4.685001373291016,67.08203887939453,-123.56195300873334,48.13947076398793
1259,3.634112744066442e-08,0.9994538426399231,0.0,4.685001373291016,67.08203887939453,-123.56195300873334,48.13947076398793
1260,0.9999997615814209,6.382050196407363e-05,0.0,5.610000133514404,170.17637634277344,-123.56155300873334,48.13947076398793
1261,0.9999997615814209,6.382050196407363e-05,0.0,5.610000133514404,170.17637634277344,-123.56155300873334,48.13947076398793
1262,0.9999997615814209,6.382050196407363e-05,0.0,5.610000133514404,170.17637634277344,-123.56155300873334,48.13947076398793
1263,0.9999997615814209,6.382050196407363e-05,0.0,5.610000133514404,170.17637634277344,-123.56155300873334,48.13947076398793
1264,0.9999997615814209,6.382050196407363e-05,0.0,5.610000133514404,170.17637634277344,-123.56155300873334,48.13947076398793
1265,0.9999997615814209,6.382050196407363e-05,0.0,5.610000133514404,170.17637634277344,-123.56155300873334,48.13947076398793
1266,0.9999997615814209,6.382050196407363e-05,0.0,5.610000133514404,170.17637634277344,-123.56155300873334,48.13947076398793
1267,0.9999997615814209,6.382050196407363e-05,0.0,5.610000133514404,170.17637634277344,-123.56155300873334,48.13947076398793
1268,0.9999997615814209,6.382050196407363e-05,0.0,5.610000133514404,170.17637634277344,-123.56155300873334,48.13947076398793
1269,0.9999997615814209,6.382050196407363e-05,0.0,5.610000133514404,170.17637634277344,-123.56155300873334,48.13947076398793
1270,0.9999645948410034,4.181257463642396e-05,0.0,6.349999904632568,134.39122009277344,-123.56115300873334,48.13947076398793
1271,0.9999645948410034,4.181257463642396e-05,0.0,6.349999904632568,134.39122009277344,-123.56115300873334,48.13947076398793
1272,0.9999645948410034,4.181257463642396e-05,0.0,6.349999904632568,134.39122009277344,-123.56115300873334,48.13947076398793
1273,0.9999645948410034,4.181257463642396e-05,0.0,6.349999904632568,134.39122009277344,-123.56115300873334,48.13947076398793
1274,0.9999645948410034,4.181257463642396e-05,0.0,6.349999904632568,134.39122009277344,-123.56115300873334,48.13947076398793
1275,0.9999645948410034,4.181257463642396e-05,0.0,6.349999904632568,134.39122009277344,-123.56115300873334,48.13947076398793
1276,0.9999645948410034,4.181257463642396e-05,0.0,6.349999904632568,134.39122009277344,-123.56115300873334,48.13947076398793
1277,0.9999645948410034,4.181257463642396e-05,0.0,6.349999904632568,134.39122009277344,-123.56115300873334,48.13947076398793
1278,0.9999645948410034,4.181257463642396e-05,0.0,6.349999904632568,134.39122009277344,-123.56115300873334,48.13947076398793
1279,0.9999645948410034,4.181257463642396e-05,0.0,6.349999904632568,134.39122009277344,-123.56115300873334,48.13947076398793
1280,0.999116837978363,0.0006392099312506616,0.0,6.150000095367432,128.72451782226562,-123.56075300873334,48.13947076398793
1281,0.999116837978363,0.0006392099312506616,0.0,6.150000095367432,128.72451782226562,-123.56075300873334,48.13947076398793
1282,0.999116837978363,0.0006392099312506616,0.0,6.150000095367432,128.72451782226562,-123.56075300873334,48.13947076398793
1283,0.999116837978363,0.0006392099312506616,0.0,6.150000095367432,128.72451782226562,-123.56075300873334,48.13947076398793
1284,0.999116837978363,0.0006392099312506616,0.0,6.150000095367432,128.72451782226562,-123.56075300873334,48.13947076398793
1285,0.999116837978363,0.0006392099312506616,0.0,6.150000095367432,128.72451782226562,-123.56075300873334,48.13947076398793
1286,0.999116837978363,0.0006392099312506616,0.0,6.150000095367432,128.72451782226562,-123.56075300873334,48.13947076398793
1287,0.999116837978363,0.0006392099312506616,0.0,6.150000095367432,128.72451782226562,-123.56075300873334,48.13947076398793
1288,0.999116837978363,0.0006392099312506616,0.0,6.150000095367432,128.72451782226562,-123.56075300873334,48.13947076398793
1289,0.999116837978363,0.0006392099312506616,0.0,6.150000095367432,128.72451782226562,-123.56075300873334,48.13947076398793
1290,0.9999843835830688,0.00011513115168781951,0.0,5.71999979019165,134.76646423339844,-123.56035300873334,48.13947076398793
1291,0.9999843835830688,0.00011513115168781951,0.0,5.71999979019165,134.76646423339844,-123.56035300873334,48.13947076398793
1292,0.9999843835830688,0.00011513115168781951,0.0,5.71999979019165,134.76646423339844,-123.56035300873334,48.13947076398793
1293,0.9999843835830688,0.00011513115168781951,0.0,5.71999979019165,134.76646423339844,-123.56035300873334,48.13947076398793
1294,0.9999843835830688,0.00011513115168781951,0.0,5.71999979019165,134.76646423339844,-123.56035300873334,48.13947076398793
1295,0.9999843835830688,0.00011513115168781951,0.0,5.71999979019165,134.76646423339844,-123.56035300873334,48.13947076398793
1296,0.9999843835830688,0.00011513115168781951,0.0,5.71999979019165,134.76646423339844,-123.56035300873334,48.13947076398793
1297,0.9999843835830688,0.00011513115168781951,0.0,5.71999979019165,134.76646423339844,-123.56035300873334,48.13947076398793
1298,0.9999843835830688,0.00011513115168781951,0.0,5.71999979019165,134.76646423339844,-123.56035300873334,48.13947076398793
1299,0.9999843835830688,0.00011513115168781951,0.0,5.71999979019165,134.76646423339844,-123.56035300873334,48.13947076398793
1300,8.69025427618908e-07,0.030335554853081703,0.0,4.969527721405029,64.35060119628906,-123.55995300873334,48.13947076398793
1301,8.69025427618908e-07,0.030335554853081703,0.0,4.969527721405029,64.35060119628906,-123.55995300873334,48.13947076398793
1302,8.69025427618908e-07,0.030335554853081703,0.0,4.969527721405029,64.35060119628906,-123.55995300873334,48.13947076398793
1303,8.69025427618908e-07,0.030335554853081703,0.0,4.969527721405029,64.35060119628906,-123.55995300873334,48.13947076398793
1304,8.69025427618908e-07,0.030335554853081703,0.0,4.969527721405029,64.35060119628906,-123.55995300873334,48.13947076398793
1305,8.69025427618908e-07,0.030335554853081703,0.0,4.969527721405029,64.35060119628906,-123.55995300873334,48.13947076398793
1306,8.69025427618908e-07,0.030335554853081703,0.0,4.969527721405029,64.35060119628906,-123.55995300873334,48.13947076398793
1307,8.69025427618908e-07,0.030335554853081703,0.0,4.969527721405029,64.35060119628906,-123.55995300873334,48.13947076398793
1308,8.69025427618908e-07,0.030335554853081703,0.0,4.969527721405029,64.35060119628906,-123.55995300873334,48.13947076398793
1309,8.69025427618908e-07,0.030335554853081703,0.0,4.969527721405029,64.35060119628906,-123.55995300873334,48.13947076398793
1310,0.004931356757879257,0.05519460514187813,0.0,5.949999809265137,168.7512969970703,-123.55955300873335,48.13947076398793
1311,0.004931356757879257,0.05519460514187813,0.0,5.949999809265137,168.7512969970703,-123.55955300873335,48.13947076398793
1312,0.004931356757879257,0.05519460514187813,0.0,5.949999809265137,168.7512969970703,-123.55955300873335,48.13947076398793
1313,0.004931356757879257,0.05519460514187813,0.0,5.949999809265137,168.7512969970703,-123.55955300873335,48.13947076398793
1314,0.004931356757879257,0.05519460514187813,0.0,5.949999809265137,168.7512969970703,-123.55955300873335,48.13947076398793
1315,0.004931356757879257,0.05519460514187813,0.0,5.949999809265137,168.7512969970703,-123.55955300873335,48.13947076398793
1316,0.004931356757879257,0.05519460514187813,0.0,5.949999809265137,168.7512969970703,-123.55955300873335,48.13947076398793
1317,0.0,0.0,0.0,0.0,360.0736083984375,-123.55915300873335,48.13947076398793
1318,0.0,0.0,0.0,0.0,542.7061767578125,-123.55875300873335,48.13947076398793
1319,0.0,0.0,0.0,0.0,736.677001953125,-123.55835300873335,48.13947076398793
1320,0.0,0.0,0.0,0.0,420.8776550292969,-123.56435300873333,48.13907076398793
1321,0.0,0.0,0.0,0.0,394.2854309082031,-123.56395300873334,48.13907076398793
1322,0.0,0.0,0.0,0.0,382.753173828125,-123.56355300873334,48.13907076398793
1323,0.0,0.0,0.0,0.0,382.0,-123.56315300873334,48.13907076398793
1324,0.0,0.0,0.0,0.0,382.0,-123.56315300873334,48.13907076398793
1325,0.6720221042633057,0.00021916917467024177,0.0,5.319829940795898,330.8186950683594,-123.56275300873334,48.13907076398793
1326,0.6720221042633057,0.00021916917467024177,0.0,5.319829940795898,330.8186950683594,-123.56275300873334,48.13907076398793
1327,0.6720221042633057,0.00021916917467024177,0.0,5.319829940795898,330.8186950683594,-123.56275300873334,48.13907076398793
1328,0.6720221042633057,0.00021916917467024177,0.0,5.319829940795898,330.8186950683594,-123.56275300873334,48.13907076398793
1329,0.6720221042633057,0.00021916917467024177,0.0,5.319829940795898,330.8186950683594,-123.56275300873334,48.13907076398793
1330,0.6720221042633057,0.00021916917467024177,0.0,5.319829940795898,330.8186950683594,-123.56275300873334,48.13907076398793
1331,0.6720221042633057,0.00021916917467024177,0.0,5.319829940795898,330.8186950683594,-123.56275300873334,48.13907076398793
1332,0.6720221042633057,0.00021916917467024177,0.0,5.319829940795898,330.8186950683594,-123.56275300873334,48.13907076398793
1333,0.6720221042633057,0.00021916917467024177,0.0,5.319829940795898,330.8186950683594,-123.56275300873334,48.13907076398793
1334,0.6720221042633057,0.00021916917467024177,0.0,5.319829940795898,330.8186950683594,-123.56275300873334,48.13907076398793
1335,2.9536917281802744e-05,0.0007014236762188375,0.0,5.2804179191589355,263.7366027832031,-123.56235300873334,48.13907076398793
1336,2.9536917281802744e-05,0.0007014236762188375,0.0,5.2804179191589355,263.7366027832031,-123.56235300873334,48.13907076398793
1337,2.9536917281802744e-05,0.0007014236762188375,0.0,5.2804179191589355,263.7366027832031,-123.56235300873334,48.13907076398793
1338,2.9536917281802744e-05,0.0007014236762188375,0.0,5.2804179191589355,263.7366027832031,-123.56235300873334,48.13907076398793
1339,2.9536917281802744e-05,0.0007014236762188375,0.0,5.2804179191589355,263.7366027832031,-123.56235300873334,48.13907076398793
1340,2.9536917281802744e-05,0.0007014236762188375,0.0,5.2804179191589355,263.7366027832031,-123.56235300873334,48.13907076398793
1341,2.9536917281802744e-05,0.0007014236762188375,0.0,5.2804179191589355,263.7366027832031,-123.56235300873334,48.13907076398793
1342,2.9536917281802744e-05,0.0007014236762188375,0.0,5.2804179191589355,263.7366027832031,-123.56235300873334,48.13907076398793
1343,2.9536917281802744e-05,0.0007014236762188375,0.0,5.2804179191589355,263.7366027832031,-123.56235300873334,48.13907076398793
1344,2.9536917281802744e-05,0.0007014236762188375,0.0,5.2804179191589355,263.7366027832031,-123.56235300873334,48.13907076398793
1345,1.3145323464414105e-05,0.13059256970882416,0.0,5.565780162811279,165.46298217773438,-123.56195300873334,48.13907076398793
1346,1.3145323464414105e-05,0.13059256970882416,0.0,5.565780162811279,165.46298217773438,-123.56195300873334,48.13907076398793
1347,1.3145323464414105e-05,0.13059256970882416,0.0,5.565780162811279,165.46298217773438,-123.56195300873334,48.13907076398793
1348,1.3145323464414105e-05,0.13059256970882416,0.0,5.565780162811279,165.46298217773438,-123.56195300873334,48.13907076398793
1349,1.3145323464414105e-05,0.13059256970882416,0.0,5.565780162811279,165.46298217773438,-123.56195300873334,48.13907076398793
1350,1.3145323464414105e-05,0.13059256970882416,0.0,5.565780162811279,165.46298217773438,-123.56195300873334,48.13907076398793
1351,1.3145323464414105e-05,0.13059256970882416,0.0,5.565780162811279,165.46298217773438,-123.56195300873334,48.13907076398793
1352,1.3145323464414105e-05,0.13059256970882416,0.0,5.565780162811279,165.46298217773438,-123.56195300873334,48.13907076398793
1353,1.3145323464414105e-05,0.13059256970882416,0.0,5.565780162811279,165.46298217773438,-123.56195300873334,48.13907076398793
1354,1.3145323464414105e-05,0.13059256970882416,0.0,5.565780162811279,165.46298217773438,-123.56195300873334,48.13907076398793
1355,2.599567778815981e-06,0.9836663007736206,0.0,5.413769721984863,52.009613037109375,-123.56155300873334,48.13907076398793
1356,2.599567778815981e-06,0.9836663007736206,0.0,5.413769721984863,52.009613037109375,-123.56155300873334,48.13907076398793
1357,2.599567778815981e-06,0.9836663007736206,0.0,5.413769721984863,52.009613037109375,-123.56155300873334,48.13907076398793
1358,2.599567778815981e-06,0.9836663007736206,0.0,5.413769721984863,52.009613037109375,-123.56155300873334,48.13907076398793
1359,2.599567778815981e-06,0.9836663007736206,0.0,5.413769721984863,52.009613037109375,-123.56155300873334,48.13907076398793
1360,2.599567778815981e-06,0.9836663007736206,0.0,5.413769721984863,52.009613037109375,-123.56155300873334,48.13907076398793
1361,2.599567778815981e-06,0.9836663007736206,0.0,5.413769721984863,52.009613037109375,-123.56155300873334,48.13907076398793
1362,2.599567778815981e-06,0.9836663007736206,0.0,5.413769721984863,52.009613037109375,-123.56155300873334,48.13907076398793
1363,2.599567778815981e-06,0.9836663007736206,0.0,5.413769721984863,52.009613037109375,-123.56155300873334,48.13907076398793
1364,2.599567778815981e-06,0.9836663007736206,0.0,5.413769721984863,52.009613037109375,-123.56155300873334,48.13907076398793
1365,0.00876100268214941,0.09696593880653381,0.0,4.969442844390869,80.49844360351562,-123.56115300873334,48.13907076398793
1366,0.00876100268214941,0.09696593880653381,0.0,4.969442844390869,80.49844360351562,-123.56115300873334,48.13907076398793
1367,0.00876100268214941,0.09696593880653381,0.0,4.969442844390869,80.49844360351562,-123.56115300873334,48.13907076398793
1368,0.00876100268214941,0.09696593880653381,0.0,4.969442844390869,80.49844360351562,-123.56115300873334,48.13907076398793
1369,0.00876100268214941,0.09696593880653381,0.0,4.969442844390869,80.49844360351562,-123.56115300873334,48.13907076398793
1370,0.00876100268214941,0.09696593880653381,0.0,4.969442844390869,80.49844360351562,-123.56115300873334,48.13907076398793
1371,0.00876100268214941,0.09696593880653381,0.0,4.969442844390869,80.49844360351562,-123.56115300873334,48.13907076398793
1372,0.00876100268214941,0.09696593880653381,0.0,4.969442844390869,80.49844360351562,-123.56115300873334,48.13907076398793
1373,0.00876100268214941,0.09696593880653381,0.0,4.969442844390869,80.49844360351562,-123.56115300873334,48.13907076398793
1374,0.00876100268214941,0.09696593880653381,0.0,4.969442844390869,80.49844360351562,-123.56115300873334,48.13907076398793
1375,0.7290105819702148,0.006464626174420118,0.0,6.519999980926514,193.8917236328125,-123.56075300873334,48.13907076398793
1376,0.7290105819702148,0.006464626174420118,0.0,6.519999980926514,193.8917236328125,-123.56075300873334,48.13907076398793
1377,0.7290105819702148,0.006464626174420118,0.0,6.519999980926514,193.8917236328125,-123.56075300873334,48.13907076398793
1378,0.7290105819702148,0.006464626174420118,0.0,6.519999980926514,193.8917236328125,-123.56075300873334,48.13907076398793
1379,0.7290105819702148,0.006464626174420118,0.0,6.519999980926514,193.8917236328125,-123.56075300873334,48.13907076398793
1380,0.7290105819702148,0.006464626174420118,0.0,6.519999980926514,193.8917236328125,-123.56075300873334,48.13907076398793
1381,0.7290105819702148,0.006464626174420118,0.0,6.519999980926514,193.8917236328125,-123.56075300873334,48.13907076398793
1382,0.7290105819702148,0.006464626174420118,0.0,6.519999980926514,193.8917236328125,-123.56075300873334,48.13907076398793
1383,0.7290105819702148,0.006464626174420118,0.0,6.519999980926514,193.8917236328125,-123.56075300873334,48.13907076398793
1384,0.7290105819702148,0.006464626174420118,0.0,6.519999980926514,193.8917236328125,-123.56075300873334,48.13907076398793
1385,0.9999967813491821,9.899326687445864e-05,0.0,6.75,330.31500244140625,-123.56035300873334,48.13907076398793
1386,0.9999967813491821,9.899326687445864e-05,0.0,6.75,330.31500244140625,-123.56035300873334,48.13907076398793
1387,0.9999967813491821,9.899326687445864e-05,0.0,6.75,330.31500244140625,-123.56035300873334,48.13907076398793
1388,0.9999967813491821,9.899326687445864e-05,0.0,6.75,330.31500244140625,-123.56035300873334,48.13907076398793
1389,0.9999967813491821,9.899326687445864e-05,0.0,6.75,330.31500244140625,-123.56035300873334,48.13907076398793
1390,0.9999967813491821,9.899326687445864e-05,0.0,6.75,330.31500244140625,-123.56035300873334,48.13907076398793
1391,0.9999967813491821,9.899326687445864e-05,0.0,6.75,330.31500244140625,-123.56035300873334,48.13907076398793
1392,0.9999967813491821,9.899326687445864e-05,0.0,6.75,330.31500244140625,-123.56035300873334,48.13907076398793
1393,0.9999967813491821,9.899326687445864e-05,0.0,6.75,330.31500244140625,-123.56035300873334,48.13907076398793
1394,0.9999967813491821,9.899326687445864e-05,0.0,6.75,330.31500244140625,-123.56035300873334,48.13907076398793
1395,0.9999959468841553,0.00018303608521819115,0.0,6.389999866485596,184.4017333984375,-123.55995300873334,48.13907076398793
1396,0.9999959468841553,0.00018303608521819115,0.0,6.389999866485596,184.4017333984375,-123.55995300873334,48.13907076398793
1397,0.9999959468841553,0.00018303608521819115,0.0,6.389999866485596,184.4017333984375,-123.55995300873334,48.13907076398793
1398,0.9999959468841553,0.00018303608521819115,0.0,6.389999866485596,184.4017333984375,-123.55995300873334,48.13907076398793
1399,0.9999959468841553,0.00018303608521819115,0.0,6.389999866485596,184.4017333984375,-123.55995300873334,48.13907076398793
1400,0.9999959468841553,0.00018303608521819115,0.0,6.389999866485596,184.4017333984375,-123.55995300873334,48.13907076398793
1401,0.9999959468841553,0.00018303608521819115,0.0,6.389999866485596,184.4017333984375,-123.55995300873334,48.13907076398793
1402,0.9999959468841553,0.00018303608521819115,0.0,6.389999866485596,184.4017333984375,-123.55995300873334,48.13907076398793
1403,0.9999959468841553,0.00018303608521819115,0.0,6.389999866485596,184.4017333984375,-123.55995300873334,48.13907076398793
1404,0.9999959468841553,0.00018303608521819115,0.0,6.389999866485596,184.4017333984375,-123.55995300873334,48.13907076398793
1405,2.6744271508505335e-07,0.26242199540138245,0.0,5.036573886871338,0.0,-123.55955300873335,48.13907076398793
1406,2.6744271508505335e-07,0.26242199540138245,0.0,5.036573886871338,0.0,-123.55955300873335,48.13907076398793
1407,2.6744271508505335e-07,0.26242199540138245,0.0,5.036573886871338,0.0,-123.55955300873335,48.13907076398793
1408,2.6744271508505335e-07,0.26242199540138245,0.0,5.036573886871338,0.0,-123.55955300873335,48.13907076398793
1409,2.6744271508505335e-07,0.26242199540138245,0.0,5.036573886871338,0.0,-123.55955300873335,48.13907076398793
1410,2.6744271508505335e-07,0.26242199540138245,0.0,5.036573886871338,0.0,-123.55955300873335,48.13907076398793
1411,2.6744271508505335e-07,0.26242199540138245,0.0,5.036573886871338,0.0,-123.55955300873335,48.13907076398793
1412,2.6744271508505335e-07,0.26242199540138245,0.0,5.036573886871338,0.0,-123.55955300873335,48.13907076398793
1413,2.6744271508505335e-07,0.26242199540138245,0.0,5.036573886871338,0.0,-123.55955300873335,48.13907076398793
1414,2.6744271508505335e-07,0.26242199540138245,0.0,5.036573886871338,0.0,-123.55955300873335,48.13907076398793
1415,0.0,0.0,0.0,0.0,182.63076782226562,-123.55915300873335,48.13907076398793
1416,0.0,0.0,0.0,0.0,378.4507751464844,-123.55875300873335,48.13907076398793
1417,0.0,0.0,0.0,0.0,562.8569946289062,-123.55835300873335,48.13907076398793
1418,0.0,0.0,0.0,0.0,748.0748901367188,-123.55795300873335,48.13907076398793
1419,0.0,0.0,0.0,0.0,948.6094970703125,-123.55755300873335,48.13907076398793
1420,0.0,0.0,0.0,0.0,649.0554809570312,-123.56395300873334,48.13867076398793
1421,0.0,0.0,0.0,0.0,637.4519653320312,-123.56355300873334,48.13867076398793
1422,0.0,0.0,0.0,0.0,637.0,-123.56315300873334,48.13867076398793
1423,0.0,0.0,0.0,0.0,577.2009887695312,-123.56275300873334,48.13867076398793
1424,0.0,0.0,0.0,0.0,501.7220458984375,-123.56235300873334,48.13867076398793
1425,0.0,0.0,0.0,0.0,501.7220458984375,-123.56235300873334,48.13867076398793
1426,0.0,0.0,0.0,0.0,501.7220458984375,-123.56235300873334,48.13867076398793
1427,0.0,0.0,0.0,0.0,501.7220458984375,-123.56235300873334,48.13867076398793
1428,0.0,0.0,0.0,0.0,501.7220458984375,-123.56235300873334,48.13867076398793
1429,0.0,0.0,0.0,0.0,501.7220458984375,-123.56235300873334,48.13867076398793
1430,0.0,0.0,0.0,0.0,501.7220458984375,-123.56235300873334,48.13867076398793
1431,2.7518747174326563e-06,0.00016443691856693476,0.0,5.710771083831787,357.00140380859375,-123.56195300873334,48.13867076398793
1432,2.7518747174326563e-06,0.00016443691856693476,0.0,5.710771083831787,357.00140380859375,-123.56195300873334,48.13867076398793
1433,2.7518747174326563e-06,0.00016443691856693476,0.0,5.710771083831787,357.00140380859375,-123.56195300873334,48.13867076398793
1434,2.7518747174326563e-06,0.00016443691856693476,0.0,5.710771083831787,357.00140380859375,-123.56195300873334,48.13867076398793
1435,2.7518747174326563e-06,0.00016443691856693476,0.0,5.710771083831787,357.00140380859375,-123.56195300873334,48.13867076398793
1436,2.7518747174326563e-06,0.00016443691856693476,0.0,5.710771083831787,357.00140380859375,-123.56195300873334,48.13867076398793
1437,2.7518747174326563e-06,0.00016443691856693476,0.0,5.710771083831787,357.00140380859375,-123.56195300873334,48.13867076398793
1438,2.7518747174326563e-06,0.00016443691856693476,0.0,5.710771083831787,357.00140380859375,-123.56195300873334,48.13867076398793
1439,2.7518747174326563e-06,0.00016443691856693476,0.0,5.710771083831787,357.00140380859375,-123.56195300873334,48.13867076398793
1440,2.7518747174326563e-06,0.00016443691856693476,0.0,5.710771083831787,357.00140380859375,-123.56195300873334,48.13867076398793
1441,0.5837315917015076,0.0012971244286745787,0.0,5.760000228881836,116.6190414428711,-123.56155300873334,48.13867076398793
1442,0.5837315917015076,0.0012971244286745787,0.0,5.760000228881836,116.6190414428711,-123.56155300873334,48.13867076398793
1443,0.5837315917015076,0.0012971244286745787,0.0,5.760000228881836,116.6190414428711,-123.56155300873334,48.13867076398793
1444,0.5837315917015076,0.0012971244286745787,0.0,5.760000228881836,116.6190414428711,-123.56155300873334,48.13867076398793
1445,0.5837315917015076,0.0012971244286745787,0.0,5.760000228881836,116.6190414428711,-123.56155300873334,48.13867076398793
1446,0.5837315917015076,0.0012971244286745787,0.0,5.760000228881836,116.6190414428711,-123.56155300873334,48.13867076398793
1447,0.5837315917015076,0.0012971244286745787,0.0,5.760000228881836,116.6190414428711,-123.56155300873334,48.13867076398793
1448,0.5837315917015076,0.0012971244286745787,0.0,5.760000228881836,116.6190414428711,-123.56155300873334,48.13867076398793
1449,0.5837315917015076,0.0012971244286745787,0.0,5.760000228881836,116.6190414428711,-123.56155300873334,48.13867076398793
1450,0.5837315917015076,0.0012971244286745787,0.0,5.760000228881836,116.6190414428711,-123.56155300873334,48.13867076398793
1451,1.3553853932535276e-05,0.00025940543855540454,0.0,4.989495277404785,41.9761848449707,-123.56115300873334,48.13867076398793
1452,1.3553853932535276e-05,0.00025940543855540454,0.0,4.989495277404785,41.9761848449707,-123.56115300873334,48.13867076398793
1453,1.3553853932535276e-05,0.00025940543855540454,0.0,4.989495277404785,41.9761848449707,-123.56115300873334,48.13867076398793
1454,1.3553853932535276e-05,0.00025940543855540454,0.0,4.989495277404785,41.9761848449707,-123.56115300873334,48.13867076398793
1455,1.3553853932535276e-05,0.00025940543855540454,0.0,4.989495277404785,41.9761848449707,-123.56115300873334,48.13867076398793
1456,1.3553853932535276e-05,0.00025940543855540454,0.0,4.989495277404785,41.9761848449707,-123.56115300873334,48.13867076398793
1457,1.3553853932535276e-05,0.00025940543855540454,0.0,4.989495277404785,41.9761848449707,-123.56115300873334,48.13867076398793
1458,1.3553853932535276e-05,0.00025940543855540454,0.0,4.989495277404785,41.9761848449707,-123.56115300873334,48.13867076398793
1459,1.3553853932535276e-05,0.00025940543855540454,0.0,4.989495277404785,41.9761848449707,-123.56115300873334,48.13867076398793
1460,1.3553853932535276e-05,0.00025940543855540454,0.0,4.989495277404785,41.9761848449707,-123.56115300873334,48.13867076398793
1461,1.4187992292136187e-06,0.9338963031768799,0.0,5.910315036773682,19.416488647460938,-123.56075300873334,48.13867076398793
1462,1.4187992292136187e-06,0.9338963031768799,0.0,5.910315036773682,19.416488647460938,-123.56075300873334,48.13867076398793
1463,1.4187992292136187e-06,0.9338963031768799,0.0,5.910315036773682,19.416488647460938,-123.56075300873334,48.13867076398793
1464,1.4187992292136187e-06,0.9338963031768799,0.0,5.910315036773682,19.416488647460938,-123.56075300873334,48.13867076398793
1465,1.4187992292136187e-06,0.9338963031768799,0.0,5.910315036773682,19.416488647460938,-123.56075300873334,48.13867076398793
1466,1.4187992292136187e-06,0.9338963031768799,0.0,5.910315036773682,19.416488647460938,-123.56075300873334,48.13867076398793
1467,1.4187992292136187e-06,0.9338963031768799,0.0,5.910315036773682,19.416488647460938,-123.56075300873334,48.13867076398793
1468,1.4187992292136187e-06,0.9338963031768799,0.0,5.910315036773682,19.416488647460938,-123.56075300873334,48.13867076398793
1469,1.4187992292136187e-06,0.9338963031768799,0.0,5.910315036773682,19.416488647460938,-123.56075300873334,48.13867076398793
1470,1.4187992292136187e-06,0.9338963031768799,0.0,5.910315036773682,19.416488647460938,-123.56075300873334,48.13867076398793
1471,0.9999822378158569,5.0061498768627644e-05,0.0,6.199999809265137,91.67878723144531,-123.56035300873334,48.13867076398793
1472,0.9999822378158569,5.0061498768627644e-05,0.0,6.199999809265137,91.67878723144531,-123.56035300873334,48.13867076398793
1473,0.9999822378158569,5.0061498768627644e-05,0.0,6.199999809265137,91.67878723144531,-123.56035300873334,48.13867076398793
1474,0.9999822378158569,5.0061498768627644e-05,0.0,6.199999809265137,91.67878723144531,-123.56035300873334,48.13867076398793
1475,0.9999822378158569,5.0061498768627644e-05,0.0,6.199999809265137,91.67878723144531,-123.56035300873334,48.13867076398793
1476,0.9999822378158569,5.0061498768627644e-05,0.0,6.199999809265137,91.67878723144531,-123.56035300873334,48.13867076398793
1477,0.9999822378158569,5.0061498768627644e-05,0.0,6.199999809265137,91.67878723144531,-123.56035300873334,48.13867076398793
1478,0.9999822378158569,5.0061498768627644e-05,0.0,6.199999809265137,91.67878723144531,-123.56035300873334,48.13867076398793
1479,0.9999822378158569,5.0061498768627644e-05,0.0,6.199999809265137,91.67878723144531,-123.56035300873334,48.13867076398793
1480,0.9999822378158569,5.0061498768627644e-05,0.0,6.199999809265137,91.67878723144531,-123.56035300873334,48.13867076398793
1481,0.9999973773956299,0.000181841358426027,0.0,6.239999771118164,146.8740997314453,-123.55995300873334,48.13867076398793
1482,0.9999973773956299,0.000181841358426027,0.0,6.239999771118164,146.8740997314453,-123.55995300873334,48.13867076398793
1483,0.9999973773956299,0.000181841358426027,0.0,6.239999771118164,146.8740997314453,-123.55995300873334,48.13867076398793
1484,0.9999973773956299,0.000181841358426027,0.0,6.239999771118164,146.8740997314453,-123.55995300873334,48.13867076398793
1485,0.9999973773956299,0.000181841358426027,0.0,6.239999771118164,146.8740997314453,-123.55995300873334,48.13867076398793
1486,0.9999973773956299,0.000181841358426027,0.0,6.239999771118164,146.8740997314453,-123.55995300873334,48.13867076398793
1487,0.9999973773956299,0.000181841358426027,0.0,6.239999771118164,146.8740997314453,-123.55995300873334,48.13867076398793
1488,0.9999973773956299,0.000181841358426027,0.0,6.239999771118164,146.8740997314453,-123.55995300873334,48.13867076398793
1489,0.9999973773956299,0.000181841358426027,0.0,6.239999771118164,146.8740997314453,-123.55995300873334,48.13867076398793
1490,0.9999973773956299,0.000181841358426027,0.0,6.239999771118164,146.8740997314453,-123.55995300873334,48.13867076398793
1491,0.9999816417694092,0.00021796651708427817,0.0,7.320000171661377,59.09314727783203,-123.55955300873335,48.13867076398793
1492,0.9999816417694092,0.00021796651708427817,0.0,7.320000171661377,59.09314727783203,-123.55955300873335,48.13867076398793
1493,0.9999816417694092,0.00021796651708427817,0.0,7.320000171661377,59.09314727783203,-123.55955300873335,48.13867076398793
1494,0.9999816417694092,0.00021796651708427817,0.0,7.320000171661377,59.09314727783203,-123.55955300873335,48.13867076398793
1495,0.9999816417694092,0.00021796651708427817,0.0,7.320000171661377,59.09314727783203,-123.55955300873335,48.13867076398793
1496,0.9999816417694092,0.00021796651708427817,0.0,7.320000171661377,59.09314727783203,-123.55955300873335,48.13867076398793
1497,0.9999816417694092,0.00021796651708427817,0.0,7.320000171661377,59.09314727783203,-123.55955300873335,48.13867076398793
1498,0.9999816417694092,0.00021796651708427817,0.0,7.320000171661377,59.09314727783203,-123.55955300873335,48.13867076398793
1499,0.9999816417694092,0.00021796651708427817,0.0,7.320000171661377,59.09314727783203,-123.55955300873335,48.13867076398793
1500,0.9999816417694092,0.00021796651708427817,0.0,7.320000171661377,59.09314727783203,-123.55955300873335,48.13867076398793
1501,4.9666461165998044e-08,0.9932370781898499,0.0,5.231022357940674,20.51828384399414,-123.55915300873335,48.13867076398793
1502,4.9666461165998044e-08,0.9932370781898499,0.0,5.231022357940674,20.51828384399414,-123.55915300873335,48.13867076398793
1503,4.9666461165998044e-08,0.9932370781898499,0.0,5.231022357940674,20.51828384399414,-123.55915300873335,48.13867076398793
1504,4.9666461165998044e-08,0.9932370781898499,0.0,5.231022357940674,20.51828384399414,-123.55915300873335,48.13867076398793
1505,4.9666461165998044e-08,0.9932370781898499,0.0,5.231022357940674,20.51828384399414,-123.55915300873335,48.13867076398793
1506,4.9666461165998044e-08,0.9932370781898499,0.0,5.231022357940674,20.51828384399414,-123.55915300873335,48.13867076398793
1507,4.9666461165998044e-08,0.9932370781898499,0.0,5.231022357940674,20.51828384399414,-123.55915300873335,48.13867076398793
1508,4.9666461165998044e-08,0.9932370781898499,0.0,5.231022357940674,20.51828384399414,-123.55915300873335,48.13867076398793
1509,4.9666461165998044e-08,0.9932370781898499,0.0,5.231022357940674,20.51828384399414,-123.55915300873335,48.13867076398793
1510,4.9666461165998044e-08,0.9932370781898499,0.0,5.231022357940674,20.51828384399414,-123.55915300873335,48.13867076398793
1511,0.0,0.0,0.0,0.0,891.18798828125,-123.56355300873334,48.13827076398793
1512,0.0,0.0,0.0,0.0,885.9847412109375,-123.56315300873334,48.13827076398793
1513,0.0,0.0,0.0,0.0,822.105224609375,-123.56275300873334,48.13827076398793
1514,0.0,0.0,0.0,0.0,686.0728759765625,-123.56235300873334,48.13827076398793
1515,0.0,0.0,0.0,0.0,465.7982482910156,-123.56195300873334,48.13827076398793
1516,0.0,0.0,0.0,0.0,239.75404357910156,-123.56155300873334,48.13827076398793
1517,9.213936573360115e-05,8.388957212446257e-05,0.0,5.119640350341797,13.152946472167969,-123.56115300873334,48.13827076398793
1518,9.213936573360115e-05,8.388957212446257e-05,0.0,5.119640350341797,13.152946472167969,-123.56115300873334,48.13827076398793
1519,9.213936573360115e-05,8.388957212446257e-05,0.0,5.119640350341797,13.152946472167969,-123.56115300873334,48.13827076398793
1520,9.213936573360115e-05,8.388957212446257e-05,0.0,5.119640350341797,13.152946472167969,-123.56115300873334,48.13827076398793
1521,9.213936573360115e-05,8.388957212446257e-05,0.0,5.119640350341797,13.152946472167969,-123.56115300873334,48.13827076398793
1522,9.213936573360115e-05,8.388957212446257e-05,0.0,5.119640350341797,13.152946472167969,-123.56115300873334,48.13827076398793
1523,9.213936573360115e-05,8.388957212446257e-05,0.0,5.119640350341797,13.152946472167969,-123.56115300873334,48.13827076398793
1524,9.213936573360115e-05,8.388957212446257e-05,0.0,5.119640350341797,13.152946472167969,-123.56115300873334,48.13827076398793
1525,9.213936573360115e-05,8.388957212446257e-05,0.0,5.119640350341797,13.152946472167969,-123.56115300873334,48.13827076398793
1526,9.213936573360115e-05,8.388957212446257e-05,0.0,5.119640350341797,13.152946472167969,-123.56115300873334,48.13827076398793
1527,3.240164733142592e-05,0.000468763115350157,0.0,6.052323818206787,19.79899024963379,-123.56075300873334,48.13827076398793
1528,3.240164733142592e-05,0.000468763115350157,0.0,6.052323818206787,19.79899024963379,-123.56075300873334,48.13827076398793
1529,3.240164733142592e-05,0.000468763115350157,0.0,6.052323818206787,19.79899024963379,-123.56075300873334,48.13827076398793
1530,3.240164733142592e-05,0.000468763115350157,0.0,6.052323818206787,19.79899024963379,-123.56075300873334,48.13827076398793
1531,3.240164733142592e-05,0.000468763115350157,0.0,6.052323818206787,19.79899024963379,-123.56075300873334,48.13827076398793
1532,3.240164733142592e-05,0.000468763115350157,0.0,6.052323818206787,19.79899024963379,-123.56075300873334,48.13827076398793
1533,3.240164733142592e-05,0.000468763115350157,0.0,6.052323818206787,19.79899024963379,-123.56075300873334,48.13827076398793
1534,3.240164733142592e-05,0.000468763115350157,0.0,6.052323818206787,19.79899024963379,-123.56075300873334,48.13827076398793
1535,3.240164733142592e-05,0.000468763115350157,0.0,6.052323818206787,19.79899024963379,-123.56075300873334,48.13827076398793
1536,3.240164733142592e-05,0.000468763115350157,0.0,6.052323818206787,19.79899024963379,-123.56075300873334,48.13827076398793
1537,0.00016587831487413496,0.6698843836784363,0.0,6.11638879776001,19.79899024963379,-123.56035300873334,48.13827076398793
1538,0.00016587831487413496,0.6698843836784363,0.0,6.11638879776001,19.79899024963379,-123.56035300873334,48.13827076398793
1539,0.00016587831487413496,0.6698843836784363,0.0,6.11638879776001,19.79899024963379,-123.56035300873334,48.13827076398793
1540,0.00016587831487413496,0.6698843836784363,0.0,6.11638879776001,19.79899024963379,-123.56035300873334,48.13827076398793
1541,0.00016587831487413496,0.6698843836784363,0.0,6.11638879776001,19.79899024963379,-123.56035300873334,48.13827076398793
1542,0.00016587831487413496,0.6698843836784363,0.0,6.11638879776001,19.79899024963379,-123.56035300873334,48.13827076398793
1543,0.00016587831487413496,0.6698843836784363,0.0,6.11638879776001,19.79899024963379,-123.56035300873334,48.13827076398793
1544,0.00016587831487413496,0.6698843836784363,0.0,6.11638879776001,19.79899024963379,-123.56035300873334,48.13827076398793
1545,0.00016587831487413496,0.6698843836784363,0.0,6.11638879776001,19.79899024963379,-123.56035300873334,48.13827076398793
1546,0.00016587831487413496,0.6698843836784363,0.0,6.11638879776001,19.79899024963379,-123.56035300873334,48.13827076398793
1547,0.9999992847442627,0.000192504478036426,0.0,6.519999980926514,104.58011627197266,-123.55995300873334,48.13827076398793
1548,0.9999992847442627,0.000192504478036426,0.0,6.519999980926514,104.58011627197266,-123.55995300873334,48.13827076398793
1549,0.9999992847442627,0.000192504478036426,0.0,6.519999980926514,104.58011627197266,-123.55995300873334,48.13827076398793
1550,0.9999992847442627,0.000192504478036426,0.0,6.519999980926514,104.58011627197266,-123.55995300873334,48.13827076398793
1551,0.9999992847442627,0.000192504478036426,0.0,6.519999980926514,104.58011627197266,-123.55995300873334,48.13827076398793
1552,0.9999992847442627,0.000192504478036426,0.0,6.519999980926514,104.58011627197266,-123.55995300873334,48.13827076398793
1553,0.9999992847442627,0.000192504478036426,0.0,6.519999980926514,104.58011627197266,-123.55995300873334,48.13827076398793
1554,0.9999992847442627,0.000192504478036426,0.0,6.519999980926514,104.58011627197266,-123.55995300873334,48.13827076398793
1555,0.9999992847442627,0.000192504478036426,0.0,6.519999980926514,104.58011627197266,-123.55995300873334,48.13827076398793
1556,0.9999992847442627,0.000192504478036426,0.0,6.519999980926514,104.58011627197266,-123.55995300873334,48.13827076398793
1557,0.9999964237213135,0.00017353356815874577,0.0,6.510000228881836,143.923583984375,-123.55955300873335,48.13827076398793
1558,0.9999964237213135,0.00017353356815874577,0.0,6.510000228881836,143.923583984375,-123.55955300873335,48.13827076398793
1559,0.9999964237213135,0.00017353356815874577,0.0,6.510000228881836,143.923583984375,-123.55955300873335,48.13827076398793
1560,0.9999964237213135,0.00017353356815874577,0.0,6.510000228881836,143.923583984375,-123.55955300873335,48.13827076398793
1561,0.9999964237213135,0.00017353356815874577,0.0,6.510000228881836,143.923583984375,-123.55955300873335,48.13827076398793
1562,0.9999964237213135,0.00017353356815874577,0.0,6.510000228881836,143.923583984375,-123.55955300873335,48.13827076398793
1563,0.9999964237213135,0.00017353356815874577,0.0,6.510000228881836,143.923583984375,-123.55955300873335,48.13827076398793
1564,0.9999964237213135,0.00017353356815874577,0.0,6.510000228881836,143.923583984375,-123.55955300873335,48.13827076398793
1565,0.9999964237213135,0.00017353356815874577,0.0,6.510000228881836,143.923583984375,-123.55955300873335,48.13827076398793
1566,0.9999964237213135,0.00017353356815874577,0.0,6.510000228881836,143.923583984375,-123.55955300873335,48.13827076398793
1567,0.4698481559753418,0.13264326751232147,0.0,6.420000076293945,157.49285888671875,-123.55915300873335,48.13827076398793
1568,0.4698481559753418,0.13264326751232147,0.0,6.420000076293945,157.49285888671875,-123.55915300873335,48.13827076398793
1569,0.4698481559753418,0.13264326751232147,0.0,6.420000076293945,157.49285888671875,-123.55915300873335,48.13827076398793
1570,0.4698481559753418,0.13264326751232147,0.0,6.420000076293945,157.49285888671875,-123.55915300873335,48.13827076398793
1571,0.4698481559753418,0.13264326751232147,0.0,6.420000076293945,157.49285888671875,-123.55915300873335,48.13827076398793
1572,0.4698481559753418,0.13264326751232147,0.0,6.420000076293945,157.49285888671875,-123.55915300873335,48.13827076398793
1573,0.4698481559753418,0.13264326751232147,0.0,6.420000076293945,157.49285888671875,-123.55915300873335,48.13827076398793
1574,0.4698481559753418,0.13264326751232147,0.0,6.420000076293945,157.49285888671875,-123.55915300873335,48.13827076398793
1575,0.4698481559753418,0.13264326751232147,0.0,6.420000076293945,157.49285888671875,-123.55915300873335,48.13827076398793
1576,0.4698481559753418,0.13264326751232147,0.0,6.420000076293945,157.49285888671875,-123.55915300873335,48.13827076398793
1577,7.018663745839149e-05,0.9909670948982239,0.0,5.926968574523926,32.649654388427734,-123.55875300873335,48.13827076398793
1578,7.018663745839149e-05,0.9909670948982239,0.0,5.926968574523926,32.649654388427734,-123.55875300873335,48.13827076398793
1579,7.018663745839149e-05,0.9909670948982239,0.0,5.926968574523926,32.649654388427734,-123.55875300873335,48.13827076398793
1580,7.018663745839149e-05,0.9909670948982239,0.0,5.926968574523926,32.649654388427734,-123.55875300873335,48.13827076398793
1581,7.018663745839149e-05,0.9909670948982239,0.0,5.926968574523926,32.649654388427734,-123.55875300873335,48.13827076398793
1582,7.018663745839149e-05,0.9909670948982239,0.0,5.926968574523926,32.649654388427734,-123.55875300873335,48.13827076398793
1583,7.018663745839149e-05,0.9909670948982239,0.0,5.926968574523926,32.649654388427734,-123.55875300873335,48.13827076398793
1584,7.018663745839149e-05,0.9909670948982239,0.0,5.926968574523926,32.649654388427734,-123.55875300873335,48.13827076398793
1585,7.018663745839149e-05,0.9909670948982239,0.0,5.926968574523926,32.649654388427734,-123.55875300873335,48.13827076398793
1586,7.018663745839149e-05,0.9909670948982239,0.0,5.926968574523926,32.649654388427734,-123.55875300873335,48.13827076398793
1587,0.0,0.0,0.0,0.0,993.0181274414062,-123.56275300873334,48.137870763987934
1588,0.0,0.0,0.0,0.0,738.0244140625,-123.56235300873334,48.137870763987934
1589,0.0,0.0,0.0,0.0,483.0372619628906,-123.56195300873334,48.137870763987934
1590,0.0,0.0,0.0,0.0,228.0789337158203,-123.56155300873334,48.137870763987934
1591,2.7486839826451614e-05,0.00010022644710261375,0.0,5.409387588500977,25.179357528686523,-123.56115300873334,48.137870763987934
1592,2.7486839826451614e-05,0.00010022644710261375,0.0,5.409387588500977,25.179357528686523,-123.56115300873334,48.137870763987934
1593,2.7486839826451614e-05,0.00010022644710261375,0.0,5.409387588500977,25.179357528686523,-123.56115300873334,48.137870763987934
1594,2.7486839826451614e-05,0.00010022644710261375,0.0,5.409387588500977,25.179357528686523,-123.56115300873334,48.137870763987934
1595,2.7486839826451614e-05,0.00010022644710261375,0.0,5.409387588500977,25.179357528686523,-123.56115300873334,48.137870763987934
1596,2.7486839826451614e-05,0.00010022644710261375,0.0,5.409387588500977,25.179357528686523,-123.56115300873334,48.137870763987934
1597,2.7486839826451614e-05,0.00010022644710261375,0.0,5.409387588500977,25.179357528686523,-123.56115300873334,48.137870763987934
1598,2.7486839826451614e-05,0.00010022644710261375,0.0,5.409387588500977,25.179357528686523,-123.56115300873334,48.137870763987934
1599,2.7486839826451614e-05,0.00010022644710261375,0.0,5.409387588500977,25.179357528686523,-123.56115300873334,48.137870763987934
1600,2.7486839826451614e-05,0.00010022644710261375,0.0,5.409387588500977,25.179357528686523,-123.56115300873334,48.137870763987934
1601,0.0007169200689531863,0.06816192716360092,0.0,6.793835163116455,74.20242309570312,-123.56075300873334,48.137870763987934
1602,0.0007169200689531863,0.06816192716360092,0.0,6.793835163116455,74.20242309570312,-123.56075300873334,48.137870763987934
1603,0.0007169200689531863,0.06816192716360092,0.0,6.793835163116455,74.20242309570312,-123.56075300873334,48.137870763987934
1604,0.0007169200689531863,0.06816192716360092,0.0,6.793835163116455,74.20242309570312,-123.56075300873334,48.137870763987934
1605,0.0007169200689531863,0.06816192716360092,0.0,6.793835163116455,74.20242309570312,-123.56075300873334,48.137870763987934
1606,0.0007169200689531863,0.06816192716360092,0.0,6.793835163116455,74.20242309570312,-123.56075300873334,48.137870763987934
1607,0.0007169200689531863,0.06816192716360092,0.0,6.793835163116455,74.20242309570312,-123.56075300873334,48.137870763987934
1608,0.0007169200689531863,0.06816192716360092,0.0,6.793835163116455,74.20242309570312,-123.56075300873334,48.137870763987934
1609,0.0007169200689531863,0.06816192716360092,0.0,6.793835163116455,74.20242309570312,-123.56075300873334,48.137870763987934
1610,0.0007169200689531863,0.06816192716360092,0.0,6.793835163116455,74.20242309570312,-123.56075300873334,48.137870763987934
1611,1.5306361092370935e-05,0.7562616467475891,0.0,6.416535377502441,24.351591110229492,-123.56035300873334,48.137870763987934
1612,1.5306361092370935e-05,0.7562616467475891,0.0,6.416535377502441,24.351591110229492,-123.56035300873334,48.137870763987934
1613,1.5306361092370935e-05,0.7562616467475891,0.0,6.416535377502441,24.351591110229492,-123.56035300873334,48.137870763987934
1614,1.5306361092370935e-05,0.7562616467475891,0.0,6.416535377502441,24.351591110229492,-123.56035300873334,48.137870763987934
1615,1.5306361092370935e-05,0.7562616467475891,0.0,6.416535377502441,24.351591110229492,-123.56035300873334,48.137870763987934
1616,1.5306361092370935e-05,0.7562616467475891,0.0,6.416535377502441,24.351591110229492,-123.56035300873334,48.137870763987934
1617,1.5306361092370935e-05,0.7562616467475891,0.0,6.416535377502441,24.351591110229492,-123.56035300873334,48.137870763987934
1618,1.5306361092370935e-05,0.7562616467475891,0.0,6.416535377502441,24.351591110229492,-123.56035300873334,48.137870763987934
1619,1.5306361092370935e-05,0.7562616467475891,0.0,6.416535377502441,24.351591110229492,-123.56035300873334,48.137870763987934
1620,1.5306361092370935e-05,0.7562616467475891,0.0,6.416535377502441,24.351591110229492,-123.56035300873334,48.137870763987934
1621,0.9999847412109375,0.0005316913011483848,0.0,6.329999923706055,161.5054168701172,-123.55995300873334,48.137870763987934
1622,0.9999847412109375,0.0005316913011483848,0.0,6.329999923706055,161.5054168701172,-123.55995300873334,48.137870763987934
1623,0.9999847412109375,0.0005316913011483848,0.0,6.329999923706055,161.5054168701172,-123.55995300873334,48.137870763987934
1624,0.9999847412109375,0.0005316913011483848,0.0,6.329999923706055,161.5054168701172,-123.55995300873334,48.137870763987934
1625,0.9999847412109375,0.0005316913011483848,0.0,6.329999923706055,161.5054168701172,-123.55995300873334,48.137870763987934
1626,0.9999847412109375,0.0005316913011483848,0.0,6.329999923706055,161.5054168701172,-123.55995300873334,48.137870763987934
1627,0.9999847412109375,0.0005316913011483848,0.0,6.329999923706055,161.5054168701172,-123.55995300873334,48.137870763987934
1628,0.9999847412109375,0.0005316913011483848,0.0,6.329999923706055,161.5054168701172,-123.55995300873334,48.137870763987934
1629,0.9999847412109375,0.0005316913011483848,0.0,6.329999923706055,161.5054168701172,-123.55995300873334,48.137870763987934
1630,0.9999847412109375,0.0005316913011483848,0.0,6.329999923706055,161.5054168701172,-123.55995300873334,48.137870763987934
1631,0.9999969005584717,7.442638161592185e-05,0.0,6.519999980926514,379.1200256347656,-123.55955300873335,48.137870763987934
1632,0.9999969005584717,7.442638161592185e-05,0.0,6.519999980926514,379.1200256347656,-123.55955300873335,48.137870763987934
1633,0.9999969005584717,7.442638161592185e-05,0.0,6.519999980926514,379.1200256347656,-123.55955300873335,48.137870763987934
1634,0.9999969005584717,7.442638161592185e-05,0.0,6.519999980926514,379.1200256347656,-123.55955300873335,48.137870763987934
1635,0.9999969005584717,7.442638161592185e-05,0.0,6.519999980926514,379.1200256347656,-123.55955300873335,48.137870763987934
1636,0.9999969005584717,7.442638161592185e-05,0.0,6.519999980926514,379.1200256347656,-123.55955300873335,48.137870763987934
1637,0.9999969005584717,7.442638161592185e-05,0.0,6.519999980926514,379.1200256347656,-123.55955300873335,48.137870763987934
1638,0.9999969005584717,7.442638161592185e-05,0.0,6.519999980926514,379.1200256347656,-123.55955300873335,48.137870763987934
1639,0.9999969005584717,7.442638161592185e-05,0.0,6.519999980926514,379.1200256347656,-123.55955300873335,48.137870763987934
1640,0.9999969005584717,7.442638161592185e-05,0.0,6.519999980926514,379.1200256347656,-123.55955300873335,48.137870763987934
1641,0.9997609257698059,0.0019561583176255226,0.0,7.260000228881836,324.2005615234375,-123.55915300873335,48.137870763987934
1642,0.9997609257698059,0.0019561583176255226,0.0,7.260000228881836,324.2005615234375,-123.55915300873335,48.137870763987934
1643,0.9997609257698059,0.0019561583176255226,0.0,7.260000228881836,324.2005615234375,-123.55915300873335,48.137870763987934
1644,0.9997609257698059,0.0019561583176255226,0.0,7.260000228881836,324.2005615234375,-123.55915300873335,48.137870763987934
1645,0.9997609257698059,0.0019561583176255226,0.0,7.260000228881836,324.2005615234375,-123.55915300873335,48.137870763987934
1646,0.9997609257698059,0.0019561583176255226,0.0,7.260000228881836,324.2005615234375,-123.55915300873335,48.137870763987934
1647,0.9997609257698059,0.0019561583176255226,0.0,7.260000228881836,324.2005615234375,-123.55915300873335,48.137870763987934
1648,0.9997609257698059,0.0019561583176255226,0.0,7.260000228881836,324.2005615234375,-123.55915300873335,48.137870763987934
1649,0.9997609257698059,0.0019561583176255226,0.0,7.260000228881836,324.2005615234375,-123.55915300873335,48.137870763987934
1650,0.9997609257698059,0.0019561583176255226,0.0,7.260000228881836,324.2005615234375,-123.55915300873335,48.137870763987934
1651,0.06910491734743118,0.5013073086738586,0.0,6.320000171661377,125.60652923583984,-123.55875300873335,48.137870763987934
1652,0.06910491734743118,0.5013073086738586,0.0,6.320000171661377,125.60652923583984,-123.55875300873335,48.137870763987934
1653,0.06910491734743118,0.5013073086738586,0.0,6.320000171661377,125.60652923583984,-123.55875300873335,48.137870763987934
1654,0.06910491734743118,0.5013073086738586,0.0,6.320000171661377,125.60652923583984,-123.55875300873335,48.137870763987934
1655,0.06910491734743118,0.5013073086738586,0.0,6.320000171661377,125.60652923583984,-123.55875300873335,48.137870763987934
1656,0.06910491734743118,0.5013073086738586,0.0,6.320000171661377,125.60652923583984,-123.55875300873335,48.137870763987934
1657,0.06910491734743118,0.5013073086738586,0.0,6.320000171661377,125.60652923583984,-123.55875300873335,48.137870763987934
1658,0.06910491734743118,0.5013073086738586,0.0,6.320000171661377,125.60652923583984,-123.55875300873335,48.137870763987934
1659,0.06910491734743118,0.5013073086738586,0.0,6.320000171661377,125.60652923583984,-123.55875300873335,48.137870763987934
1660,0.06910491734743118,0.5013073086738586,0.0,6.320000171661377,125.60652923583984,-123.55875300873335,48.137870763987934
1661,0.9994878768920898,0.015385366976261139,0.0,5.900688171386719,64.38167572021484,-123.55835300873335,48.137870763987934
1662,0.9994878768920898,0.015385366976261139,0.0,5.900688171386719,64.38167572021484,-123.55835300873335,48.137870763987934
1663,0.9994878768920898,0.015385366976261139,0.0,5.900688171386719,64.38167572021484,-123.55835300873335,48.137870763987934
1664,0.9994878768920898,0.015385366976261139,0.0,5.900688171386719,64.38167572021484,-123.55835300873335,48.137870763987934
1665,0.9994878768920898,0.015385366976261139,0.0,5.900688171386719,64.38167572021484,-123.55835300873335,48.137870763987934
1666,0.9994878768920898,0.015385366976261139,0.0,5.900688171386719,64.38167572021484,-123.55835300873335,48.137870763987934
1667,0.9994878768920898,0.015385366976261139,0.0,5.900688171386719,64.38167572021484,-123.55835300873335,48.137870763987934
1668,0.9994878768920898,0.015385366976261139,0.0,5.900688171386719,64.38167572021484,-123.55835300873335,48.137870763987934
1669,0.9994878768920898,0.015385366976261139,0.0,5.900688171386719,64.38167572021484,-123.55835300873335,48.137870763987934
1670,0.0,0.0,0.0,0.0,1018.6721801757812,-123.56275300873334,48.137470763987935
1671,0.0,0.0,0.0,0.0,766.005859375,-123.56235300873334,48.137470763987935
1672,0.0,0.0,0.0,0.0,511.0088195800781,-123.56195300873334,48.137470763987935
1673,0.0,0.0,0.0,0.0,256.017578125,-123.56155300873334,48.137470763987935
1674,0.00011659225128823891,0.03002278134226799,0.0,5.809999942779541,2.0,-123.56115300873334,48.137470763987935
1675,0.00011659225128823891,0.03002278134226799,0.0,5.809999942779541,2.0,-123.56115300873334,48.137470763987935
1676,0.00011659225128823891,0.03002278134226799,0.0,5.809999942779541,2.0,-123.56115300873334,48.137470763987935
1677,0.00011659225128823891,0.03002278134226799,0.0,5.809999942779541,2.0,-123.56115300873334,48.137470763987935
1678,0.00011659225128823891,0.03002278134226799,0.0,5.809999942779541,2.0,-123.56115300873334,48.137470763987935
1679,0.00011659225128823891,0.03002278134226799,0.0,5.809999942779541,2.0,-123.56115300873334,48.137470763987935
1680,0.00011659225128823891,0.03002278134226799,0.0,5.809999942779541,2.0,-123.56115300873334,48.137470763987935
1681,0.00011659225128823891,0.03002278134226799,0.0,5.809999942779541,2.0,-123.56115300873334,48.137470763987935
1682,0.00011659225128823891,0.03002278134226799,0.0,5.809999942779541,2.0,-123.56115300873334,48.137470763987935
1683,0.00011659225128823891,0.03002278134226799,0.0,5.809999942779541,2.0,-123.56115300873334,48.137470763987935
1684,7.584138074889779e-06,0.9469398856163025,0.0,6.420000076293945,60.63827133178711,-123.56075300873334,48.137470763987935
1685,7.584138074889779e-06,0.9469398856163025,0.0,6.420000076293945,60.63827133178711,-123.56075300873334,48.137470763987935
1686,7.584138074889779e-06,0.9469398856163025,0.0,6.420000076293945,60.63827133178711,-123.56075300873334,48.137470763987935
1687,7.584138074889779e-06,0.9469398856163025,0.0,6.420000076293945,60.63827133178711,-123.56075300873334,48.137470763987935
1688,7.584138074889779e-06,0.9469398856163025,0.0,6.420000076293945,60.63827133178711,-123.56075300873334,48.137470763987935
1689,7.584138074889779e-06,0.9469398856163025,0.0,6.420000076293945,60.63827133178711,-123.56075300873334,48.137470763987935
1690,7.584138074889779e-06,0.9469398856163025,0.0,6.420000076293945,60.63827133178711,-123.56075300873334,48.137470763987935
1691,7.584138074889779e-06,0.9469398856163025,0.0,6.420000076293945,60.63827133178711,-123.56075300873334,48.137470763987935
1692,7.584138074889779e-06,0.9469398856163025,0.0,6.420000076293945,60.63827133178711,-123.56075300873334,48.137470763987935
1693,7.584138074889779e-06,0.9469398856163025,0.0,6.420000076293945,60.63827133178711,-123.56075300873334,48.137470763987935
1694,0.5530744791030884,0.00035548050072975457,0.0,6.4706830978393555,13.03840446472168,-123.56035300873334,48.137470763987935
1695,0.5530744791030884,0.00035548050072975457,0.0,6.4706830978393555,13.03840446472168,-123.56035300873334,48.137470763987935
1696,0.5530744791030884,0.00035548050072975457,0.0,6.4706830978393555,13.03840446472168,-123.56035300873334,48.137470763987935
1697,0.5530744791030884,0.00035548050072975457,0.0,6.4706830978393555,13.03840446472168,-123.56035300873334,48.137470763987935
1698,0.5530744791030884,0.00035548050072975457,0.0,6.4706830978393555,13.03840446472168,-123.56035300873334,48.137470763987935
1699,0.5530744791030884,0.00035548050072975457,0.0,6.4706830978393555,13.03840446472168,-123.56035300873334,48.137470763987935
1700,0.5530744791030884,0.00035548050072975457,0.0,6.4706830978393555,13.03840446472168,-123.56035300873334,48.137470763987935
1701,0.5530744791030884,0.00035548050072975457,0.0,6.4706830978393555,13.03840446472168,-123.56035300873334,48.137470763987935
1702,0.5530744791030884,0.00035548050072975457,0.0,6.4706830978393555,13.03840446472168,-123.56035300873334,48.137470763987935
1703,0.5530744791030884,0.00035548050072975457,0.0,6.4706830978393555,13.03840446472168,-123.56035300873334,48.137470763987935
1704,0.9999804496765137,0.05450868234038353,0.0,6.610000133514404,214.55535888671875,-123.55995300873334,48.137470763987935
1705,0.9999804496765137,0.05450868234038353,0.0,6.610000133514404,214.55535888671875,-123.55995300873334,48.137470763987935
1706,0.9999804496765137,0.05450868234038353,0.0,6.610000133514404,214.55535888671875,-123.55995300873334,48.137470763987935
1707,0.9999804496765137,0.05450868234038353,0.0,6.610000133514404,214.55535888671875,-123.55995300873334,48.137470763987935
1708,0.9999804496765137,0.05450868234038353,0.0,6.610000133514404,214.55535888671875,-123.55995300873334,48.137470763987935
1709,0.9999804496765137,0.05450868234038353,0.0,6.610000133514404,214.55535888671875,-123.55995300873334,48.137470763987935
1710,0.9999804496765137,0.05450868234038353,0.0,6.610000133514404,214.55535888671875,-123.55995300873334,48.137470763987935
1711,0.9999804496765137,0.05450868234038353,0.0,6.610000133514404,214.55535888671875,-123.55995300873334,48.137470763987935
1712,0.9999804496765137,0.05450868234038353,0.0,6.610000133514404,214.55535888671875,-123.55995300873334,48.137470763987935
1713,0.9999804496765137,0.05450868234038353,0.0,6.610000133514404,214.55535888671875,-123.55995300873334,48.137470763987935
1714,0.999994158744812,0.00020271791436243802,0.0,7.110000133514404,448.4751892089844,-123.55955300873335,48.137470763987935
1715,0.999994158744812,0.00020271791436243802,0.0,7.110000133514404,448.4751892089844,-123.55955300873335,48.137470763987935
1716,0.999994158744812,0.00020271791436243802,0.0,7.110000133514404,448.4751892089844,-123.55955300873335,48.137470763987935
1717,0.999994158744812,0.00020271791436243802,0.0,7.110000133514404,448.4751892089844,-123.55955300873335,48.137470763987935
1718,0.999994158744812,0.00020271791436243802,0.0,7.110000133514404,448.4751892089844,-123.55955300873335,48.137470763987935
1719,0.999994158744812,0.00020271791436243802,0.0,7.110000133514404,448.4751892089844,-123.55955300873335,48.137470763987935
1720,0.999994158744812,0.00020271791436243802,0.0,7.110000133514404,448.4751892089844,-123.55955300873335,48.137470763987935
1721,0.999994158744812,0.00020271791436243802,0.0,7.110000133514404,448.4751892089844,-123.55955300873335,48.137470763987935
1722,0.999994158744812,0.00020271791436243802,0.0,7.110000133514404,448.4751892089844,-123.55955300873335,48.137470763987935
1723,0.999994158744812,0.00020271791436243802,0.0,7.110000133514404,448.4751892089844,-123.55955300873335,48.137470763987935
1724,0.9999958276748657,0.0001707693445496261,0.0,7.110000133514404,484.3655700683594,-123.55915300873335,48.137470763987935
1725,0.9999958276748657,0.0001707693445496261,0.0,7.110000133514404,484.3655700683594,-123.55915300873335,48.137470763987935
1726,0.9999958276748657,0.0001707693445496261,0.0,7.110000133514404,484.3655700683594,-123.55915300873335,48.137470763987935
1727,0.9999958276748657,0.0001707693445496261,0.0,7.110000133514404,484.3655700683594,-123.55915300873335,48.137470763987935
1728,0.9999958276748657,0.0001707693445496261,0.0,7.110000133514404,484.3655700683594,-123.55915300873335,48.137470763987935
1729,0.9999958276748657,0.0001707693445496261,0.0,7.110000133514404,484.3655700683594,-123.55915300873335,48.137470763987935
1730,0.9999958276748657,0.0001707693445496261,0.0,7.110000133514404,484.3655700683594,-123.55915300873335,48.137470763987935
1731,0.9999958276748657,0.0001707693445496261,0.0,7.110000133514404,484.3655700683594,-123.55915300873335,48.137470763987935
1732,0.9999958276748657,0.0001707693445496261,0.0,7.110000133514404,484.3655700683594,-123.55915300873335,48.137470763987935
1733,0.9999958276748657,0.0001707693445496261,0.0,7.110000133514404,484.3655700683594,-123.55915300873335,48.137470763987935
1734,0.005902761593461037,0.3253873586654663,0.0,6.570000171661377,294.74224853515625,-123.55875300873335,48.137470763987935
1735,0.005902761593461037,0.3253873586654663,0.0,6.570000171661377,294.74224853515625,-123.55875300873335,48.137470763987935
1736,0.005902761593461037,0.3253873586654663,0.0,6.570000171661377,294.74224853515625,-123.55875300873335,48.137470763987935
1737,0.005902761593461037,0.3253873586654663,0.0,6.570000171661377,294.74224853515625,-123.55875300873335,48.137470763987935
1738,0.005902761593461037,0.3253873586654663,0.0,6.570000171661377,294.74224853515625,-123.55875300873335,48.137470763987935
1739,0.005902761593461037,0.3253873586654663,0.0,6.570000171661377,294.74224853515625,-123.55875300873335,48.137470763987935
1740,0.005902761593461037,0.3253873586654663,0.0,6.570000171661377,294.74224853515625,-123.55875300873335,48.137470763987935
1741,0.005902761593461037,0.3253873586654663,0.0,6.570000171661377,294.74224853515625,-123.55875300873335,48.137470763987935
1742,0.005902761593461037,0.3253873586654663,0.0,6.570000171661377,294.74224853515625,-123.55875300873335,48.137470763987935
1743,0.005902761593461037,0.3253873586654663,0.0,6.570000171661377,294.74224853515625,-123.55875300873335,48.137470763987935
1744,2.4796406705718255e-06,0.8853043913841248,0.0,6.528316974639893,99.72462463378906,-123.55835300873335,48.137470763987935
1745,2.4796406705718255e-06,0.8853043913841248,0.0,6.528316974639893,99.72462463378906,-123.55835300873335,48.137470763987935
1746,2.4796406705718255e-06,0.8853043913841248,0.0,6.528316974639893,99.72462463378906,-123.55835300873335,48.137470763987935
1747,2.4796406705718255e-06,0.8853043913841248,0.0,6.528316974639893,99.72462463378906,-123.55835300873335,48.137470763987935
1748,2.4796406705718255e-06,0.8853043913841248,0.0,6.528316974639893,99.72462463378906,-123.55835300873335,48.137470763987935
1749,2.4796406705718255e-06,0.8853043913841248,0.0,6.528316974639893,99.72462463378906,-123.55835300873335,48.137470763987935
1750,2.4796406705718255e-06,0.8853043913841248,0.0,6.528316974639893,99.72462463378906,-123.55835300873335,48.137470763987935
1751,2.4796406705718255e-06,0.8853043913841248,0.0,6.528316974639893,99.72462463378906,-123.55835300873335,48.137470763987935
1752,2.4796406705718255e-06,0.8853043913841248,0.0,6.528316974639893,99.72462463378906,-123.55835300873335,48.137470763987935
1753,2.4796406705718255e-06,0.8853043913841248,0.0,6.528316974639893,99.72462463378906,-123.55835300873335,48.137470763987935
1754,0.0,0.0,0.0,0.0,100.12492370605469,-123.55795300873335,48.137470763987935
1755,0.0,0.0,0.0,0.0,100.12492370605469,-123.55795300873335,48.137470763987935
1756,0.0,0.0,0.0,0.0,804.9329223632812,-123.56235300873334,48.137070763987936
1757,0.0,0.0,0.0,0.0,563.8474731445312,-123.56195300873334,48.137070763987936
1758,0.0,0.0,0.0,0.0,340.47174072265625,-123.56155300873334,48.137070763987936
1759,0.0,0.0,0.0,0.0,169.5936279296875,-123.56115300873334,48.137070763987936
1760,0.0,0.0,0.0,0.0,169.5936279296875,-123.56115300873334,48.137070763987936
1761,0.0,0.0,0.0,0.0,169.5936279296875,-123.56115300873334,48.137070763987936
1762,0.0,0.0,0.0,0.0,169.5936279296875,-123.56115300873334,48.137070763987936
1763,0.0,0.0,0.0,0.0,169.5936279296875,-123.56115300873334,48.137070763987936
1764,0.0,0.0,0.0,0.0,169.5936279296875,-123.56115300873334,48.137070763987936
1765,6.891921202623053e-07,0.999309778213501,0.0,6.2931623458862305,56.0,-123.56075300873334,48.137070763987936
1766,6.891921202623053e-07,0.999309778213501,0.0,6.2931623458862305,56.0,-123.56075300873334,48.137070763987936
1767,6.891921202623053e-07,0.999309778213501,0.0,6.2931623458862305,56.0,-123.56075300873334,48.137070763987936
1768,6.891921202623053e-07,0.999309778213501,0.0,6.2931623458862305,56.0,-123.56075300873334,48.137070763987936
1769,6.891921202623053e-07,0.999309778213501,0.0,6.2931623458862305,56.0,-123.56075300873334,48.137070763987936
1770,6.891921202623053e-07,0.999309778213501,0.0,6.2931623458862305,56.0,-123.56075300873334,48.137070763987936
1771,6.891921202623053e-07,0.999309778213501,0.0,6.2931623458862305,56.0,-123.56075300873334,48.137070763987936
1772,6.891921202623053e-07,0.999309778213501,0.0,6.2931623458862305,56.0,-123.56075300873334,48.137070763987936
1773,6.891921202623053e-07,0.999309778213501,0.0,6.2931623458862305,56.0,-123.56075300873334,48.137070763987936
1774,6.891921202623053e-07,0.999309778213501,0.0,6.2931623458862305,56.0,-123.56075300873334,48.137070763987936
1775,0.9984868764877319,8.282057387987152e-05,0.0,7.550000190734863,197.73214721679688,-123.56035300873334,48.137070763987936
1776,0.9984868764877319,8.282057387987152e-05,0.0,7.550000190734863,197.73214721679688,-123.56035300873334,48.137070763987936
1777,0.9984868764877319,8.282057387987152e-05,0.0,7.550000190734863,197.73214721679688,-123.56035300873334,48.137070763987936
1778,0.9984868764877319,8.282057387987152e-05,0.0,7.550000190734863,197.73214721679688,-123.56035300873334,48.137070763987936
1779,0.9984868764877319,8.282057387987152e-05,0.0,7.550000190734863,197.73214721679688,-123.56035300873334,48.137070763987936
1780,0.9984868764877319,8.282057387987152e-05,0.0,7.550000190734863,197.73214721679688,-123.56035300873334,48.137070763987936
1781,0.9984868764877319,8.282057387987152e-05,0.0,7.550000190734863,197.73214721679688,-123.56035300873334,48.137070763987936
1782,0.9984868764877319,8.282057387987152e-05,0.0,7.550000190734863,197.73214721679688,-123.56035300873334,48.137070763987936
1783,0.9984868764877319,8.282057387987152e-05,0.0,7.550000190734863,197.73214721679688,-123.56035300873334,48.137070763987936
1784,0.9984868764877319,8.282057387987152e-05,0.0,7.550000190734863,197.73214721679688,-123.56035300873334,48.137070763987936
1785,0.9999912977218628,0.00011564686428755522,0.0,7.679999828338623,342.53173828125,-123.55995300873334,48.137070763987936
1786,0.9999912977218628,0.00011564686428755522,0.0,7.679999828338623,342.53173828125,-123.55995300873334,48.137070763987936
1787,0.9999912977218628,0.00011564686428755522,0.0,7.679999828338623,342.53173828125,-123.55995300873334,48.137070763987936
1788,0.9999912977218628,0.00011564686428755522,0.0,7.679999828338623,342.53173828125,-123.55995300873334,48.137070763987936
1789,0.9999912977218628,0.00011564686428755522,0.0,7.679999828338623,342.53173828125,-123.55995300873334,48.137070763987936
1790,0.9999912977218628,0.00011564686428755522,0.0,7.679999828338623,342.53173828125,-123.55995300873334,48.137070763987936
1791,0.9999912977218628,0.00011564686428755522,0.0,7.679999828338623,342.53173828125,-123.55995300873334,48.137070763987936
1792,0.9999912977218628,0.00011564686428755522,0.0,7.679999828338623,342.53173828125,-123.55995300873334,48.137070763987936
1793,0.9999912977218628,0.00011564686428755522,0.0,7.679999828338623,342.53173828125,-123.55995300873334,48.137070763987936
1794,0.9999912977218628,0.00011564686428755522,0.0,7.679999828338623,342.53173828125,-123.55995300873334,48.137070763987936
1795,0.999997615814209,0.0001604657736606896,0.0,6.142038345336914,555.8713989257812,-123.55955300873335,48.137070763987936
1796,0.999997615814209,0.0001604657736606896,0.0,6.142038345336914,555.8713989257812,-123.55955300873335,48.137070763987936
1797,0.999997615814209,0.0001604657736606896,0.0,6.142038345336914,555.8713989257812,-123.55955300873335,48.137070763987936
1798,0.999997615814209,0.0001604657736606896,0.0,6.142038345336914,555.8713989257812,-123.55955300873335,48.137070763987936
1799,0.999997615814209,0.0001604657736606896,0.0,6.142038345336914,555.8713989257812,-123.55955300873335,48.137070763987936
1800,0.999997615814209,0.0001604657736606896,0.0,6.142038345336914,555.8713989257812,-123.55955300873335,48.137070763987936
1801,0.999997615814209,0.0001604657736606896,0.0,6.142038345336914,555.8713989257812,-123.55955300873335,48.137070763987936
1802,0.999997615814209,0.0001604657736606896,0.0,6.142038345336914,555.8713989257812,-123.55955300873335,48.137070763987936
1803,0.999997615814209,0.0001604657736606896,0.0,6.142038345336914,555.8713989257812,-123.55955300873335,48.137070763987936
1804,0.999997615814209,0.0001604657736606896,0.0,6.142038345336914,555.8713989257812,-123.55955300873335,48.137070763987936
1805,0.9999969005584717,0.0002907576272264123,0.0,7.28000020980835,654.0130004882812,-123.55915300873335,48.137070763987936
1806,0.9999969005584717,0.0002907576272264123,0.0,7.28000020980835,654.0130004882812,-123.55915300873335,48.137070763987936
1807,0.9999969005584717,0.0002907576272264123,0.0,7.28000020980835,654.0130004882812,-123.55915300873335,48.137070763987936
1808,0.9999969005584717,0.0002907576272264123,0.0,7.28000020980835,654.0130004882812,-123.55915300873335,48.137070763987936
1809,0.9999969005584717,0.0002907576272264123,0.0,7.28000020980835,654.0130004882812,-123.55915300873335,48.137070763987936
1810,0.9999969005584717,0.0002907576272264123,0.0,7.28000020980835,654.0130004882812,-123.55915300873335,48.137070763987936
1811,0.9999969005584717,0.0002907576272264123,0.0,7.28000020980835,654.0130004882812,-123.55915300873335,48.137070763987936
1812,0.9999969005584717,0.0002907576272264123,0.0,7.28000020980835,654.0130004882812,-123.55915300873335,48.137070763987936
1813,0.9999969005584717,0.0002907576272264123,0.0,7.28000020980835,654.0130004882812,-123.55915300873335,48.137070763987936
1814,0.9999969005584717,0.0002907576272264123,0.0,7.28000020980835,654.0130004882812,-123.55915300873335,48.137070763987936
1815,0.9999947547912598,0.0001333060790784657,0.0,7.539999961853027,459.8271484375,-123.55875300873335,48.137070763987936
1816,0.9999947547912598,0.0001333060790784657,0.0,7.539999961853027,459.8271484375,-123.55875300873335,48.137070763987936
1817,0.9999947547912598,0.0001333060790784657,0.0,7.539999961853027,459.8271484375,-123.55875300873335,48.137070763987936
1818,0.9999947547912598,0.0001333060790784657,0.0,7.539999961853027,459.8271484375,-123.55875300873335,48.137070763987936
1819,0.9999947547912598,0.0001333060790784657,0.0,7.539999961853027,459.8271484375,-123.55875300873335,48.137070763987936
1820,0.9999947547912598,0.0001333060790784657,0.0,7.539999961853027,459.8271484375,-123.55875300873335,48.137070763987936
1821,0.9999947547912598,0.0001333060790784657,0.0,7.539999961853027,459.8271484375,-123.55875300873335,48.137070763987936
1822,0.9999947547912598,0.0001333060790784657,0.0,7.539999961853027,459.8271484375,-123.55875300873335,48.137070763987936
1823,0.9999947547912598,0.0001333060790784657,0.0,7.539999961853027,459.8271484375,-123.55875300873335,48.137070763987936
1824,0.9999947547912598,0.0001333060790784657,0.0,7.539999961853027,459.8271484375,-123.55875300873335,48.137070763987936
1825,0.001969066448509693,0.001420210232026875,0.0,7.789999961853027,215.9351806640625,-123.55835300873335,48.137070763987936
1826,0.001969066448509693,0.001420210232026875,0.0,7.789999961853027,215.9351806640625,-123.55835300873335,48.137070763987936
1827,0.001969066448509693,0.001420210232026875,0.0,7.789999961853027,215.9351806640625,-123.55835300873335,48.137070763987936
1828,0.001969066448509693,0.001420210232026875,0.0,7.789999961853027,215.9351806640625,-123.55835300873335,48.137070763987936
1829,0.001969066448509693,0.001420210232026875,0.0,7.789999961853027,215.9351806640625,-123.55835300873335,48.137070763987936
1830,0.001969066448509693,0.001420210232026875,0.0,7.789999961853027,215.9351806640625,-123.55835300873335,48.137070763987936
1831,0.001969066448509693,0.001420210232026875,0.0,7.789999961853027,215.9351806640625,-123.55835300873335,48.137070763987936
1832,0.001969066448509693,0.001420210232026875,0.0,7.789999961853027,215.9351806640625,-123.55835300873335,48.137070763987936
1833,0.001969066448509693,0.001420210232026875,0.0,7.789999961853027,215.9351806640625,-123.55835300873335,48.137070763987936
1834,0.001969066448509693,0.001420210232026875,0.0,7.789999961853027,215.9351806640625,-123.55835300873335,48.137070763987936
1835,1.1922533303732052e-05,0.8266714215278625,0.0,6.463826656341553,24.698177337646484,-123.55795300873335,48.137070763987936
1836,1.1922533303732052e-05,0.8266714215278625,0.0,6.463826656341553,24.698177337646484,-123.55795300873335,48.137070763987936
1837,1.1922533303732052e-05,0.8266714215278625,0.0,6.463826656341553,24.698177337646484,-123.55795300873335,48.137070763987936
1838,1.1922533303732052e-05,0.8266714215278625,0.0,6.463826656341553,24.698177337646484,-123.55795300873335,48.137070763987936
1839,1.1922533303732052e-05,0.8266714215278625,0.0,6.463826656341553,24.698177337646484,-123.55795300873335,48.137070763987936
1840,1.1922533303732052e-05,0.8266714215278625,0.0,6.463826656341553,24.698177337646484,-123.55795300873335,48.137070763987936
1841,1.1922533303732052e-05,0.8266714215278625,0.0,6.463826656341553,24.698177337646484,-123.55795300873335,48.137070763987936
1842,1.1922533303732052e-05,0.8266714215278625,0.0,6.463826656341553,24.698177337646484,-123.55795300873335,48.137070763987936
1843,1.1922533303732052e-05,0.8266714215278625,0.0,6.463826656341553,24.698177337646484,-123.55795300873335,48.137070763987936
1844,1.1922533303732052e-05,0.8266714215278625,0.0,6.463826656341553,24.698177337646484,-123.55795300873335,48.137070763987936
1845,0.0,0.0,0.0,0.0,521.524658203125,-123.56195300873334,48.13667076398794
1846,0.0,0.0,0.0,0.0,423.4808044433594,-123.56155300873334,48.13667076398794
1847,0.9337464570999146,0.0166695024818182,0.0,7.320000171661377,298.2214050292969,-123.56115300873334,48.13667076398794
1848,0.9337464570999146,0.0166695024818182,0.0,7.320000171661377,298.2214050292969,-123.56115300873334,48.13667076398794
1849,0.9337464570999146,0.0166695024818182,0.0,7.320000171661377,298.2214050292969,-123.56115300873334,48.13667076398794
1850,0.9337464570999146,0.0166695024818182,0.0,7.320000171661377,298.2214050292969,-123.56115300873334,48.13667076398794
1851,0.9337464570999146,0.0166695024818182,0.0,7.320000171661377,298.2214050292969,-123.56115300873334,48.13667076398794
1852,0.9337464570999146,0.0166695024818182,0.0,7.320000171661377,298.2214050292969,-123.56115300873334,48.13667076398794
1853,0.9337464570999146,0.0166695024818182,0.0,7.320000171661377,298.2214050292969,-123.56115300873334,48.13667076398794
1854,3.7424524634843692e-06,0.9930862188339233,0.0,6.037999629974365,46.87216567993164,-123.56075300873334,48.13667076398794
1855,3.7424524634843692e-06,0.9930862188339233,0.0,6.037999629974365,46.87216567993164,-123.56075300873334,48.13667076398794
1856,3.7424524634843692e-06,0.9930862188339233,0.0,6.037999629974365,46.87216567993164,-123.56075300873334,48.13667076398794
1857,3.7424524634843692e-06,0.9930862188339233,0.0,6.037999629974365,46.87216567993164,-123.56075300873334,48.13667076398794
1858,3.7424524634843692e-06,0.9930862188339233,0.0,6.037999629974365,46.87216567993164,-123.56075300873334,48.13667076398794
1859,3.7424524634843692e-06,0.9930862188339233,0.0,6.037999629974365,46.87216567993164,-123.56075300873334,48.13667076398794
1860,3.7424524634843692e-06,0.9930862188339233,0.0,6.037999629974365,46.87216567993164,-123.56075300873334,48.13667076398794
1861,3.7424524634843692e-06,0.9930862188339233,0.0,6.037999629974365,46.87216567993164,-123.56075300873334,48.13667076398794
1862,3.7424524634843692e-06,0.9930862188339233,0.0,6.037999629974365,46.87216567993164,-123.56075300873334,48.13667076398794
1863,3.7424524634843692e-06,0.9930862188339233,0.0,6.037999629974365,46.87216567993164,-123.56075300873334,48.13667076398794
1864,0.999272882938385,0.00012050844816258177,0.0,7.96999979019165,205.62344360351562,-123.56035300873334,48.13667076398794
1865,0.999272882938385,0.00012050844816258177,0.0,7.96999979019165,205.62344360351562,-123.56035300873334,48.13667076398794
1866,0.999272882938385,0.00012050844816258177,0.0,7.96999979019165,205.62344360351562,-123.56035300873334,48.13667076398794
1867,0.999272882938385,0.00012050844816258177,0.0,7.96999979019165,205.62344360351562,-123.56035300873334,48.13667076398794
1868,0.999272882938385,0.00012050844816258177,0.0,7.96999979019165,205.62344360351562,-123.56035300873334,48.13667076398794
1869,0.999272882938385,0.00012050844816258177,0.0,7.96999979019165,205.62344360351562,-123.56035300873334,48.13667076398794
1870,0.999272882938385,0.00012050844816258177,0.0,7.96999979019165,205.62344360351562,-123.56035300873334,48.13667076398794
1871,0.999272882938385,0.00012050844816258177,0.0,7.96999979019165,205.62344360351562,-123.56035300873334,48.13667076398794
1872,0.999272882938385,0.00012050844816258177,0.0,7.96999979019165,205.62344360351562,-123.56035300873334,48.13667076398794
1873,0.999272882938385,0.00012050844816258177,0.0,7.96999979019165,205.62344360351562,-123.56035300873334,48.13667076398794
1874,0.9999607801437378,0.00017851182201411575,0.0,7.409999847412109,460.2781677246094,-123.55995300873334,48.13667076398794
1875,0.9999607801437378,0.00017851182201411575,0.0,7.409999847412109,460.2781677246094,-123.55995300873334,48.13667076398794
1876,0.9999607801437378,0.00017851182201411575,0.0,7.409999847412109,460.2781677246094,-123.55995300873334,48.13667076398794
1877,0.9999607801437378,0.00017851182201411575,0.0,7.409999847412109,460.2781677246094,-123.55995300873334,48.13667076398794
1878,0.9999607801437378,0.00017851182201411575,0.0,7.409999847412109,460.2781677246094,-123.55995300873334,48.13667076398794
1879,0.9999607801437378,0.00017851182201411575,0.0,7.409999847412109,460.2781677246094,-123.55995300873334,48.13667076398794
1880,0.9999607801437378,0.00017851182201411575,0.0,7.409999847412109,460.2781677246094,-123.55995300873334,48.13667076398794
1881,0.9999607801437378,0.00017851182201411575,0.0,7.409999847412109,460.2781677246094,-123.55995300873334,48.13667076398794
1882,0.9999607801437378,0.00017851182201411575,0.0,7.409999847412109,460.2781677246094,-123.55995300873334,48.13667076398794
1883,0.9999607801437378,0.00017851182201411575,0.0,7.409999847412109,460.2781677246094,-123.55995300873334,48.13667076398794
1884,0.9999624490737915,0.0003929738886654377,0.0,7.489999771118164,703.0064086914062,-123.55955300873335,48.13667076398794
1885,0.9999624490737915,0.0003929738886654377,0.0,7.489999771118164,703.0064086914062,-123.55955300873335,48.13667076398794
1886,0.9999624490737915,0.0003929738886654377,0.0,7.489999771118164,703.0064086914062,-123.55955300873335,48.13667076398794
1887,0.9999624490737915,0.0003929738886654377,0.0,7.489999771118164,703.0064086914062,-123.55955300873335,48.13667076398794
1888,0.9999624490737915,0.0003929738886654377,0.0,7.489999771118164,703.0064086914062,-123.55955300873335,48.13667076398794
1889,0.9999624490737915,0.0003929738886654377,0.0,7.489999771118164,703.0064086914062,-123.55955300873335,48.13667076398794
1890,0.9999624490737915,0.0003929738886654377,0.0,7.489999771118164,703.0064086914062,-123.55955300873335,48.13667076398794
1891,0.9999624490737915,0.0003929738886654377,0.0,7.489999771118164,703.0064086914062,-123.55955300873335,48.13667076398794
1892,0.9999624490737915,0.0003929738886654377,0.0,7.489999771118164,703.0064086914062,-123.55955300873335,48.13667076398794
1893,0.9999624490737915,0.0003929738886654377,0.0,7.489999771118164,703.0064086914062,-123.55955300873335,48.13667076398794
1894,0.9999849796295166,0.0019865951035171747,0.0,6.479379653930664,700.0256958007812,-123.55915300873335,48.13667076398794
1895,0.9999849796295166,0.0019865951035171747,0.0,6.479379653930664,700.0256958007812,-123.55915300873335,48.13667076398794
1896,0.9999849796295166,0.0019865951035171747,0.0,6.479379653930664,700.0256958007812,-123.55915300873335,48.13667076398794
1897,0.9999849796295166,0.0019865951035171747,0.0,6.479379653930664,700.0256958007812,-123.55915300873335,48.13667076398794
1898,0.9999849796295166,0.0019865951035171747,0.0,6.479379653930664,700.0256958007812,-123.55915300873335,48.13667076398794
1899,0.9999849796295166,0.0019865951035171747,0.0,6.479379653930664,700.0256958007812,-123.55915300873335,48.13667076398794
1900,0.9999849796295166,0.0019865951035171747,0.0,6.479379653930664,700.0256958007812,-123.55915300873335,48.13667076398794
1901,0.9999849796295166,0.0019865951035171747,0.0,6.479379653930664,700.0256958007812,-123.55915300873335,48.13667076398794
1902,0.9999849796295166,0.0019865951035171747,0.0,6.479379653930664,700.0256958007812,-123.55915300873335,48.13667076398794
1903,0.9999849796295166,0.0019865951035171747,0.0,6.479379653930664,700.0256958007812,-123.55915300873335,48.13667076398794
1904,0.9998403787612915,0.001192268799059093,0.0,7.860000133514404,445.0404357910156,-123.55875300873335,48.13667076398794
1905,0.9998403787612915,0.001192268799059093,0.0,7.860000133514404,445.0404357910156,-123.55875300873335,48.13667076398794
1906,0.9998403787612915,0.001192268799059093,0.0,7.860000133514404,445.0404357910156,-123.55875300873335,48.13667076398794
1907,0.9998403787612915,0.001192268799059093,0.0,7.860000133514404,445.0404357910156,-123.55875300873335,48.13667076398794
1908,0.9998403787612915,0.001192268799059093,0.0,7.860000133514404,445.0404357910156,-123.55875300873335,48.13667076398794
1909,0.9998403787612915,0.001192268799059093,0.0,7.860000133514404,445.0404357910156,-123.55875300873335,48.13667076398794
1910,0.9998403787612915,0.001192268799059093,0.0,7.860000133514404,445.0404357910156,-123.55875300873335,48.13667076398794
1911,0.9998403787612915,0.001192268799059093,0.0,7.860000133514404,445.0404357910156,-123.55875300873335,48.13667076398794
1912,0.9998403787612915,0.001192268799059093,0.0,7.860000133514404,445.0404357910156,-123.55875300873335,48.13667076398794
1913,0.9998403787612915,0.001192268799059093,0.0,7.860000133514404,445.0404357910156,-123.55875300873335,48.13667076398794
1914,0.9998273253440857,0.0024140726309269667,0.0,7.889999866485596,190.09471130371094,-123.55835300873335,48.13667076398794
1915,0.9998273253440857,0.0024140726309269667,0.0,7.889999866485596,190.09471130371094,-123.55835300873335,48.13667076398794
1916,0.9998273253440857,0.0024140726309269667,0.0,7.889999866485596,190.09471130371094,-123.55835300873335,48.13667076398794
1917,0.9998273253440857,0.0024140726309269667,0.0,7.889999866485596,190.09471130371094,-123.55835300873335,48.13667076398794
1918,0.9998273253440857,0.0024140726309269667,0.0,7.889999866485596,190.09471130371094,-123.55835300873335,48.13667076398794
1919,0.9998273253440857,0.0024140726309269667,0.0,7.889999866485596,190.09471130371094,-123.55835300873335,48.13667076398794
1920,0.9998273253440857,0.0024140726309269667,0.0,7.889999866485596,190.09471130371094,-123.55835300873335,48.13667076398794
1921,0.9998273253440857,0.0024140726309269667,0.0,7.889999866485596,190.09471130371094,-123.55835300873335,48.13667076398794
1922,0.9998273253440857,0.0024140726309269667,0.0,7.889999866485596,190.09471130371094,-123.55835300873335,48.13667076398794
1923,0.9998273253440857,0.0024140726309269667,0.0,7.889999866485596,190.09471130371094,-123.55835300873335,48.13667076398794
1924,8.887270814739168e-05,0.6887009739875793,0.0,6.626227855682373,51.865211486816406,-123.55795300873335,48.13667076398794
1925,8.887270814739168e-05,0.6887009739875793,0.0,6.626227855682373,51.865211486816406,-123.55795300873335,48.13667076398794
1926,8.887270814739168e-05,0.6887009739875793,0.0,6.626227855682373,51.865211486816406,-123.55795300873335,48.13667076398794
1927,8.887270814739168e-05,0.6887009739875793,0.0,6.626227855682373,51.865211486816406,-123.55795300873335,48.13667076398794
1928,8.887270814739168e-05,0.6887009739875793,0.0,6.626227855682373,51.865211486816406,-123.55795300873335,48.13667076398794
1929,8.887270814739168e-05,0.6887009739875793,0.0,6.626227855682373,51.865211486816406,-123.55795300873335,48.13667076398794
1930,8.887270814739168e-05,0.6887009739875793,0.0,6.626227855682373,51.865211486816406,-123.55795300873335,48.13667076398794
1931,8.887270814739168e-05,0.6887009739875793,0.0,6.626227855682373,51.865211486816406,-123.55795300873335,48.13667076398794
1932,8.887270814739168e-05,0.6887009739875793,0.0,6.626227855682373,51.865211486816406,-123.55795300873335,48.13667076398794
1933,8.887270814739168e-05,0.6887009739875793,0.0,6.626227855682373,51.865211486816406,-123.55795300873335,48.13667076398794
1934,0.00749119883403182,0.3806823790073395,0.0,6.656911849975586,275.76983642578125,-123.55755300873335,48.13667076398794
1935,0.00749119883403182,0.3806823790073395,0.0,6.656911849975586,275.76983642578125,-123.55755300873335,48.13667076398794
1936,0.00749119883403182,0.3806823790073395,0.0,6.656911849975586,275.76983642578125,-123.55755300873335,48.13667076398794
1937,0.00749119883403182,0.3806823790073395,0.0,6.656911849975586,275.76983642578125,-123.55755300873335,48.13667076398794
1938,0.00749119883403182,0.3806823790073395,0.0,6.656911849975586,275.76983642578125,-123.55755300873335,48.13667076398794
1939,0.00749119883403182,0.3806823790073395,0.0,6.656911849975586,275.76983642578125,-123.55755300873335,48.13667076398794
1940,0.00749119883403182,0.3806823790073395,0.0,6.656911849975586,275.76983642578125,-123.55755300873335,48.13667076398794
1941,0.00749119883403182,0.3806823790073395,0.0,6.656911849975586,275.76983642578125,-123.55755300873335,48.13667076398794
1942,0.00749119883403182,0.3806823790073395,0.0,6.656911849975586,275.76983642578125,-123.55755300873335,48.13667076398794
1943,0.00749119883403182,0.3806823790073395,0.0,6.656911849975586,275.76983642578125,-123.55755300873335,48.13667076398794
1944,0.0,0.0,0.0,0.0,177.775146484375,-123.56155300873334,48.13627076398794
1945,4.030202035210095e-06,0.23374447226524353,0.0,6.943953514099121,104.00961303710938,-123.56115300873334,48.13627076398794
1946,4.030202035210095e-06,0.23374447226524353,0.0,6.943953514099121,104.00961303710938,-123.56115300873334,48.13627076398794
1947,4.030202035210095e-06,0.23374447226524353,0.0,6.943953514099121,104.00961303710938,-123.56115300873334,48.13627076398794
1948,4.030202035210095e-06,0.23374447226524353,0.0,6.943953514099121,104.00961303710938,-123.56115300873334,48.13627076398794
1949,4.030202035210095e-06,0.23374447226524353,0.0,6.943953514099121,104.00961303710938,-123.56115300873334,48.13627076398794
1950,4.030202035210095e-06,0.23374447226524353,0.0,6.943953514099121,104.00961303710938,-123.56115300873334,48.13627076398794
1951,4.030202035210095e-06,0.23374447226524353,0.0,6.943953514099121,104.00961303710938,-123.56115300873334,48.13627076398794
1952,4.030202035210095e-06,0.23374447226524353,0.0,6.943953514099121,104.00961303710938,-123.56115300873334,48.13627076398794
1953,4.030202035210095e-06,0.23374447226524353,0.0,6.943953514099121,104.00961303710938,-123.56115300873334,48.13627076398794
1954,4.030202035210095e-06,0.23374447226524353,0.0,6.943953514099121,104.00961303710938,-123.56115300873334,48.13627076398794
1955,8.804034432909058e-13,0.9999935626983643,0.0,6.219448566436768,1.4142135381698608,-123.56075300873334,48.13627076398794
1956,8.804034432909058e-13,0.9999935626983643,0.0,6.219448566436768,1.4142135381698608,-123.56075300873334,48.13627076398794
1957,8.804034432909058e-13,0.9999935626983643,0.0,6.219448566436768,1.4142135381698608,-123.56075300873334,48.13627076398794
1958,8.804034432909058e-13,0.9999935626983643,0.0,6.219448566436768,1.4142135381698608,-123.56075300873334,48.13627076398794
1959,8.804034432909058e-13,0.9999935626983643,0.0,6.219448566436768,1.4142135381698608,-123.56075300873334,48.13627076398794
1960,8.804034432909058e-13,0.9999935626983643,0.0,6.219448566436768,1.4142135381698608,-123.56075300873334,48.13627076398794
1961,8.804034432909058e-13,0.9999935626983643,0.0,6.219448566436768,1.4142135381698608,-123.56075300873334,48.13627076398794
1962,8.804034432909058e-13,0.9999935626983643,0.0,6.219448566436768,1.4142135381698608,-123.56075300873334,48.13627076398794
1963,8.804034432909058e-13,0.9999935626983643,0.0,6.219448566436768,1.4142135381698608,-123.56075300873334,48.13627076398794
1964,8.804034432909058e-13,0.9999935626983643,0.0,6.219448566436768,1.4142135381698608,-123.56075300873334,48.13627076398794
1965,0.9999954700469971,0.00012958695879206061,0.0,8.069999694824219,245.61758422851562,-123.56035300873334,48.13627076398794
1966,0.9999954700469971,0.00012958695879206061,0.0,8.069999694824219,245.61758422851562,-123.56035300873334,48.13627076398794
1967,0.9999954700469971,0.00012958695879206061,0.0,8.069999694824219,245.61758422851562,-123.56035300873334,48.13627076398794
1968,0.9999954700469971,0.00012958695879206061,0.0,8.069999694824219,245.61758422851562,-123.56035300873334,48.13627076398794
1969,0.9999954700469971,0.00012958695879206061,0.0,8.069999694824219,245.61758422851562,-123.56035300873334,48.13627076398794
1970,0.9999954700469971,0.00012958695879206061,0.0,8.069999694824219,245.61758422851562,-123.56035300873334,48.13627076398794
1971,0.9999954700469971,0.00012958695879206061,0.0,8.069999694824219,245.61758422851562,-123.56035300873334,48.13627076398794
1972,0.9999954700469971,0.00012958695879206061,0.0,8.069999694824219,245.61758422851562,-123.56035300873334,48.13627076398794
1973,0.9999954700469971,0.00012958695879206061,0.0,8.069999694824219,245.61758422851562,-123.56035300873334,48.13627076398794
1974,0.9999954700469971,0.00012958695879206061,0.0,8.069999694824219,245.61758422851562,-123.56035300873334,48.13627076398794
1975,0.9999924898147583,9.029245120473206e-05,0.0,7.210000038146973,496.8551025390625,-123.55995300873334,48.13627076398794
1976,0.9999924898147583,9.029245120473206e-05,0.0,7.210000038146973,496.8551025390625,-123.55995300873334,48.13627076398794
1977,0.9999924898147583,9.029245120473206e-05,0.0,7.210000038146973,496.8551025390625,-123.55995300873334,48.13627076398794
1978,0.9999924898147583,9.029245120473206e-05,0.0,7.210000038146973,496.8551025390625,-123.55995300873334,48.13627076398794
1979,0.9999924898147583,9.029245120473206e-05,0.0,7.210000038146973,496.8551025390625,-123.55995300873334,48.13627076398794
1980,0.9999924898147583,9.029245120473206e-05,0.0,7.210000038146973,496.8551025390625,-123.55995300873334,48.13627076398794
1981,0.9999924898147583,9.029245120473206e-05,0.0,7.210000038146973,496.8551025390625,-123.55995300873334,48.13627076398794
1982,0.9999924898147583,9.029245120473206e-05,0.0,7.210000038146973,496.8551025390625,-123.55995300873334,48.13627076398794
1983,0.9999924898147583,9.029245120473206e-05,0.0,7.210000038146973,496.8551025390625,-123.55995300873334,48.13627076398794
1984,0.9999924898147583,9.029245120473206e-05,0.0,7.210000038146973,496.8551025390625,-123.55995300873334,48.13627076398794
1985,0.9999967813491821,5.1325296226423234e-05,0.0,7.869999885559082,748.3448486328125,-123.55955300873335,48.13627076398794
1986,0.9999967813491821,5.1325296226423234e-05,0.0,7.869999885559082,748.3448486328125,-123.55955300873335,48.13627076398794
1987,0.9999967813491821,5.1325296226423234e-05,0.0,7.869999885559082,748.3448486328125,-123.55955300873335,48.13627076398794
1988,0.9999967813491821,5.1325296226423234e-05,0.0,7.869999885559082,748.3448486328125,-123.55955300873335,48.13627076398794
1989,0.9999967813491821,5.1325296226423234e-05,0.0,7.869999885559082,748.3448486328125,-123.55955300873335,48.13627076398794
1990,0.9999967813491821,5.1325296226423234e-05,0.0,7.869999885559082,748.3448486328125,-123.55955300873335,48.13627076398794
1991,0.9999967813491821,5.1325296226423234e-05,0.0,7.869999885559082,748.3448486328125,-123.55955300873335,48.13627076398794
1992,0.9999967813491821,5.1325296226423234e-05,0.0,7.869999885559082,748.3448486328125,-123.55955300873335,48.13627076398794
1993,0.9999967813491821,5.1325296226423234e-05,0.0,7.869999885559082,748.3448486328125,-123.55955300873335,48.13627076398794
1994,0.9999967813491821,5.1325296226423234e-05,0.0,7.869999885559082,748.3448486328125,-123.55955300873335,48.13627076398794
1995,0.9999951124191284,9.727148426463827e-05,0.0,7.210000038146973,747.074951171875,-123.55915300873335,48.13627076398794
1996,0.9999951124191284,9.727148426463827e-05,0.0,7.210000038146973,747.074951171875,-123.55915300873335,48.13627076398794
1997,0.9999951124191284,9.727148426463827e-05,0.0,7.210000038146973,747.074951171875,-123.55915300873335,48.13627076398794
1998,0.9999951124191284,9.727148426463827e-05,0.0,7.210000038146973,747.074951171875,-123.55915300873335,48.13627076398794
1999,0.9999951124191284,9.727148426463827e-05,0.0,7.210000038146973,747.074951171875,-123.55915300873335,48.13627076398794
2000,0.9999951124191284,9.727148426463827e-05,0.0,7.210000038146973,747.074951171875,-123.55915300873335,48.13627076398794
2001,0.9999951124191284,9.727148426463827e-05,0.0,7.210000038146973,747.074951171875,-123.55915300873335,48.13627076398794
2002,0.9999951124191284,9.727148426463827e-05,0.0,7.210000038146973,747.074951171875,-123.55915300873335,48.13627076398794
2003,0.9999951124191284,9.727148426463827e-05,0.0,7.210000038146973,747.074951171875,-123.55915300873335,48.13627076398794
2004,0.9999951124191284,9.727148426463827e-05,0.0,7.210000038146973,747.074951171875,-123.55915300873335,48.13627076398794
2005,0.9999223947525024,0.0010931069264188409,0.0,7.389999866485596,515.6141967773438,-123.55875300873335,48.13627076398794
2006,0.9999223947525024,0.0010931069264188409,0.0,7.389999866485596,515.6141967773438,-123.55875300873335,48.13627076398794
2007,0.9999223947525024,0.0010931069264188409,0.0,7.389999866485596,515.6141967773438,-123.55875300873335,48.13627076398794
2008,0.9999223947525024,0.0010931069264188409,0.0,7.389999866485596,515.6141967773438,-123.55875300873335,48.13627076398794
2009,0.9999223947525024,0.0010931069264188409,0.0,7.389999866485596,515.6141967773438,-123.55875300873335,48.13627076398794
2010,0.9999223947525024,0.0010931069264188409,0.0,7.389999866485596,515.6141967773438,-123.55875300873335,48.13627076398794
2011,0.9999223947525024,0.0010931069264188409,0.0,7.389999866485596,515.6141967773438,-123.55875300873335,48.13627076398794
2012,0.9999223947525024,0.0010931069264188409,0.0,7.389999866485596,515.6141967773438,-123.55875300873335,48.13627076398794
2013,0.9999223947525024,0.0010931069264188409,0.0,7.389999866485596,515.6141967773438,-123.55875300873335,48.13627076398794
2014,0.9999223947525024,0.0010931069264188409,0.0,7.389999866485596,515.6141967773438,-123.55875300873335,48.13627076398794
2015,0.9999856948852539,0.00278204632923007,0.0,7.75,288.4024963378906,-123.55835300873335,48.13627076398794
2016,0.9999856948852539,0.00278204632923007,0.0,7.75,288.4024963378906,-123.55835300873335,48.13627076398794
2017,0.9999856948852539,0.00278204632923007,0.0,7.75,288.4024963378906,-123.55835300873335,48.13627076398794
2018,0.9999856948852539,0.00278204632923007,0.0,7.75,288.4024963378906,-123.55835300873335,48.13627076398794
2019,0.9999856948852539,0.00278204632923007,0.0,7.75,288.4024963378906,-123.55835300873335,48.13627076398794
2020,0.9999856948852539,0.00278204632923007,0.0,7.75,288.4024963378906,-123.55835300873335,48.13627076398794
2021,0.9999856948852539,0.00278204632923007,0.0,7.75,288.4024963378906,-123.55835300873335,48.13627076398794
2022,0.9999856948852539,0.00278204632923007,0.0,7.75,288.4024963378906,-123.55835300873335,48.13627076398794
2023,0.9999856948852539,0.00278204632923007,0.0,7.75,288.4024963378906,-123.55835300873335,48.13627076398794
2024,0.9999856948852539,0.00278204632923007,0.0,7.75,288.4024963378906,-123.55835300873335,48.13627076398794
2025,2.575260805315338e-05,0.03899693861603737,0.0,7.178002834320068,50.537113189697266,-123.55795300873335,48.13627076398794
2026,2.575260805315338e-05,0.03899693861603737,0.0,7.178002834320068,50.537113189697266,-123.55795300873335,48.13627076398794
2027,2.575260805315338e-05,0.03899693861603737,0.0,7.178002834320068,50.537113189697266,-123.55795300873335,48.13627076398794
2028,2.575260805315338e-05,0.03899693861603737,0.0,7.178002834320068,50.537113189697266,-123.55795300873335,48.13627076398794
2029,2.575260805315338e-05,0.03899693861603737,0.0,7.178002834320068,50.537113189697266,-123.55795300873335,48.13627076398794
2030,2.575260805315338e-05,0.03899693861603737,0.0,7.178002834320068,50.537113189697266,-123.55795300873335,48.13627076398794
2031,2.575260805315338e-05,0.03899693861603737,0.0,7.178002834320068,50.537113189697266,-123.55795300873335,48.13627076398794
2032,2.575260805315338e-05,0.03899693861603737,0.0,7.178002834320068,50.537113189697266,-123.55795300873335,48.13627076398794
2033,2.575260805315338e-05,0.03899693861603737,0.0,7.178002834320068,50.537113189697266,-123.55795300873335,48.13627076398794
2034,2.575260805315338e-05,0.03899693861603737,0.0,7.178002834320068,50.537113189697266,-123.55795300873335,48.13627076398794
2035,0.000594350160099566,0.20542731881141663,0.0,6.97294282913208,172.2353057861328,-123.55755300873335,48.13627076398794
2036,0.000594350160099566,0.20542731881141663,0.0,6.97294282913208,172.2353057861328,-123.55755300873335,48.13627076398794
2037,0.000594350160099566,0.20542731881141663,0.0,6.97294282913208,172.2353057861328,-123.55755300873335,48.13627076398794
2038,0.000594350160099566,0.20542731881141663,0.0,6.97294282913208,172.2353057861328,-123.55755300873335,48.13627076398794
2039,0.000594350160099566,0.20542731881141663,0.0,6.97294282913208,172.2353057861328,-123.55755300873335,48.13627076398794
2040,0.000594350160099566,0.20542731881141663,0.0,6.97294282913208,172.2353057861328,-123.55755300873335,48.13627076398794
2041,0.000594350160099566,0.20542731881141663,0.0,6.97294282913208,172.2353057861328,-123.55755300873335,48.13627076398794
2042,0.000594350160099566,0.20542731881141663,0.0,6.97294282913208,172.2353057861328,-123.55755300873335,48.13627076398794
2043,0.000594350160099566,0.20542731881141663,0.0,6.97294282913208,172.2353057861328,-123.55755300873335,48.13627076398794
2044,0.000594350160099566,0.20542731881141663,0.0,6.97294282913208,172.2353057861328,-123.55755300873335,48.13627076398794
2045,0.0,0.0,0.0,0.0,125.25174713134766,-123.56195300873334,48.13587076398794
2046,0.0,0.0,0.0,0.0,125.25174713134766,-123.56195300873334,48.13587076398794
2047,0.0,0.0,0.0,0.0,125.25174713134766,-123.56195300873334,48.13587076398794
2048,0.0,0.0,0.0,0.0,125.25174713134766,-123.56195300873334,48.13587076398794
2049,2.9264534532558173e-05,0.016293229535222054,0.0,6.435606002807617,23.76972770690918,-123.56155300873334,48.13587076398794
2050,2.9264534532558173e-05,0.016293229535222054,0.0,6.435606002807617,23.76972770690918,-123.56155300873334,48.13587076398794
2051,2.9264534532558173e-05,0.016293229535222054,0.0,6.435606002807617,23.76972770690918,-123.56155300873334,48.13587076398794
2052,2.9264534532558173e-05,0.016293229535222054,0.0,6.435606002807617,23.76972770690918,-123.56155300873334,48.13587076398794
2053,2.9264534532558173e-05,0.016293229535222054,0.0,6.435606002807617,23.76972770690918,-123.56155300873334,48.13587076398794
2054,2.9264534532558173e-05,0.016293229535222054,0.0,6.435606002807617,23.76972770690918,-123.56155300873334,48.13587076398794
2055,2.9264534532558173e-05,0.016293229535222054,0.0,6.435606002807617,23.76972770690918,-123.56155300873334,48.13587076398794
2056,2.9264534532558173e-05,0.016293229535222054,0.0,6.435606002807617,23.76972770690918,-123.56155300873334,48.13587076398794
2057,2.9264534532558173e-05,0.016293229535222054,0.0,6.435606002807617,23.76972770690918,-123.56155300873334,48.13587076398794
2058,2.9264534532558173e-05,0.016293229535222054,0.0,6.435606002807617,23.76972770690918,-123.56155300873334,48.13587076398794
2059,0.0003978848981205374,0.0555109977722168,0.0,6.446536064147949,3.0,-123.56115300873334,48.13587076398794
2060,0.0003978848981205374,0.0555109977722168,0.0,6.446536064147949,3.0,-123.56115300873334,48.13587076398794
2061,0.0003978848981205374,0.0555109977722168,0.0,6.446536064147949,3.0,-123.56115300873334,48.13587076398794
2062,0.0003978848981205374,0.0555109977722168,0.0,6.446536064147949,3.0,-123.56115300873334,48.13587076398794
2063,0.0003978848981205374,0.0555109977722168,0.0,6.446536064147949,3.0,-123.56115300873334,48.13587076398794
2064,0.0003978848981205374,0.0555109977722168,0.0,6.446536064147949,3.0,-123.56115300873334,48.13587076398794
2065,0.0003978848981205374,0.0555109977722168,0.0,6.446536064147949,3.0,-123.56115300873334,48.13587076398794
2066,0.0003978848981205374,0.0555109977722168,0.0,6.446536064147949,3.0,-123.56115300873334,48.13587076398794
2067,0.0003978848981205374,0.0555109977722168,0.0,6.446536064147949,3.0,-123.56115300873334,48.13587076398794
2068,0.0003978848981205374,0.0555109977722168,0.0,6.446536064147949,3.0,-123.56115300873334,48.13587076398794
2069,0.00954250618815422,0.9666715860366821,0.0,6.455007076263428,43.5660400390625,-123.56075300873334,48.13587076398794
2070,0.00954250618815422,0.9666715860366821,0.0,6.455007076263428,43.5660400390625,-123.56075300873334,48.13587076398794
2071,0.00954250618815422,0.9666715860366821,0.0,6.455007076263428,43.5660400390625,-123.56075300873334,48.13587076398794
2072,0.00954250618815422,0.9666715860366821,0.0,6.455007076263428,43.5660400390625,-123.56075300873334,48.13587076398794
2073,0.00954250618815422,0.9666715860366821,0.0,6.455007076263428,43.5660400390625,-123.56075300873334,48.13587076398794
2074,0.00954250618815422,0.9666715860366821,0.0,6.455007076263428,43.5660400390625,-123.56075300873334,48.13587076398794
2075,0.00954250618815422,0.9666715860366821,0.0,6.455007076263428,43.5660400390625,-123.56075300873334,48.13587076398794
2076,0.00954250618815422,0.9666715860366821,0.0,6.455007076263428,43.5660400390625,-123.56075300873334,48.13587076398794
2077,0.00954250618815422,0.9666715860366821,0.0,6.455007076263428,43.5660400390625,-123.56075300873334,48.13587076398794
2078,0.00954250618815422,0.9666715860366821,0.0,6.455007076263428,43.5660400390625,-123.56075300873334,48.13587076398794
2079,0.9999816417694092,0.00017211980593856424,0.0,8.829999923706055,291.0755920410156,-123.56035300873334,48.13587076398794
2080,0.9999816417694092,0.00017211980593856424,0.0,8.829999923706055,291.0755920410156,-123.56035300873334,48.13587076398794
2081,0.9999816417694092,0.00017211980593856424,0.0,8.829999923706055,291.0755920410156,-123.56035300873334,48.13587076398794
2082,0.9999816417694092,0.00017211980593856424,0.0,8.829999923706055,291.0755920410156,-123.56035300873334,48.13587076398794
2083,0.9999816417694092,0.00017211980593856424,0.0,8.829999923706055,291.0755920410156,-123.56035300873334,48.13587076398794
2084,0.9999816417694092,0.00017211980593856424,0.0,8.829999923706055,291.0755920410156,-123.56035300873334,48.13587076398794
2085,0.9999816417694092,0.00017211980593856424,0.0,8.829999923706055,291.0755920410156,-123.56035300873334,48.13587076398794
2086,0.9999816417694092,0.00017211980593856424,0.0,8.829999923706055,291.0755920410156,-123.56035300873334,48.13587076398794
2087,0.9999816417694092,0.00017211980593856424,0.0,8.829999923706055,291.0755920410156,-123.56035300873334,48.13587076398794
2088,0.9999816417694092,0.00017211980593856424,0.0,8.829999923706055,291.0755920410156,-123.56035300873334,48.13587076398794
2089,0.9999897480010986,0.00010449513501953334,0.0,8.039999961853027,545.5731201171875,-123.55995300873334,48.13587076398794
2090,0.9999897480010986,0.00010449513501953334,0.0,8.039999961853027,545.5731201171875,-123.55995300873334,48.13587076398794
2091,0.9999897480010986,0.00010449513501953334,0.0,8.039999961853027,545.5731201171875,-123.55995300873334,48.13587076398794
2092,0.9999897480010986,0.00010449513501953334,0.0,8.039999961853027,545.5731201171875,-123.55995300873334,48.13587076398794
2093,0.9999897480010986,0.00010449513501953334,0.0,8.039999961853027,545.5731201171875,-123.55995300873334,48.13587076398794
2094,0.9999897480010986,0.00010449513501953334,0.0,8.039999961853027,545.5731201171875,-123.55995300873334,48.13587076398794
2095,0.9999897480010986,0.00010449513501953334,0.0,8.039999961853027,545.5731201171875,-123.55995300873334,48.13587076398794
2096,0.9999897480010986,0.00010449513501953334,0.0,8.039999961853027,545.5731201171875,-123.55995300873334,48.13587076398794
2097,0.9999897480010986,0.00010449513501953334,0.0,8.039999961853027,545.5731201171875,-123.55995300873334,48.13587076398794
2098,0.9999897480010986,0.00010449513501953334,0.0,8.039999961853027,545.5731201171875,-123.55995300873334,48.13587076398794
2099,0.9999961853027344,4.755971531267278e-05,0.0,7.840000152587891,800.3905029296875,-123.55955300873335,48.13587076398794
2100,0.9999961853027344,4.755971531267278e-05,0.0,7.840000152587891,800.3905029296875,-123.55955300873335,48.13587076398794
2101,0.9999961853027344,4.755971531267278e-05,0.0,7.840000152587891,800.3905029296875,-123.55955300873335,48.13587076398794
2102,0.9999961853027344,4.755971531267278e-05,0.0,7.840000152587891,800.3905029296875,-123.55955300873335,48.13587076398794
2103,0.9999961853027344,4.755971531267278e-05,0.0,7.840000152587891,800.3905029296875,-123.55955300873335,48.13587076398794
2104,0.9999961853027344,4.755971531267278e-05,0.0,7.840000152587891,800.3905029296875,-123.55955300873335,48.13587076398794
2105,0.9999961853027344,4.755971531267278e-05,0.0,7.840000152587891,800.3905029296875,-123.55955300873335,48.13587076398794
2106,0.9999961853027344,4.755971531267278e-05,0.0,7.840000152587891,800.3905029296875,-123.55955300873335,48.13587076398794
2107,0.9999961853027344,4.755971531267278e-05,0.0,7.840000152587891,800.3905029296875,-123.55955300873335,48.13587076398794
2108,0.9999961853027344,4.755971531267278e-05,0.0,7.840000152587891,800.3905029296875,-123.55955300873335,48.13587076398794
2109,0.999995231628418,0.00016590964514762163,0.0,8.4399995803833,853.6890258789062,-123.55915300873335,48.13587076398794
2110,0.999995231628418,0.00016590964514762163,0.0,8.4399995803833,853.6890258789062,-123.55915300873335,48.13587076398794
2111,0.999995231628418,0.00016590964514762163,0.0,8.4399995803833,853.6890258789062,-123.55915300873335,48.13587076398794
2112,0.999995231628418,0.00016590964514762163,0.0,8.4399995803833,853.6890258789062,-123.55915300873335,48.13587076398794
2113,0.999995231628418,0.00016590964514762163,0.0,8.4399995803833,853.6890258789062,-123.55915300873335,48.13587076398794
2114,0.999995231628418,0.00016590964514762163,0.0,8.4399995803833,853.6890258789062,-123.55915300873335,48.13587076398794
2115,0.999995231628418,0.00016590964514762163,0.0,8.4399995803833,853.6890258789062,-123.55915300873335,48.13587076398794
2116,0.999995231628418,0.00016590964514762163,0.0,8.4399995803833,853.6890258789062,-123.55915300873335,48.13587076398794
2117,0.999995231628418,0.00016590964514762163,0.0,8.4399995803833,853.6890258789062,-123.55915300873335,48.13587076398794
2118,0.999995231628418,0.00016590964514762163,0.0,8.4399995803833,853.6890258789062,-123.55915300873335,48.13587076398794
2119,0.9999924898147583,6.266577838687226e-05,0.0,8.029999732971191,619.3908081054688,-123.55875300873335,48.13587076398794
2120,0.9999924898147583,6.266577838687226e-05,0.0,8.029999732971191,619.3908081054688,-123.55875300873335,48.13587076398794
2121,0.9999924898147583,6.266577838687226e-05,0.0,8.029999732971191,619.3908081054688,-123.55875300873335,48.13587076398794
2122,0.9999924898147583,6.266577838687226e-05,0.0,8.029999732971191,619.3908081054688,-123.55875300873335,48.13587076398794
2123,0.9999924898147583,6.266577838687226e-05,0.0,8.029999732971191,619.3908081054688,-123.55875300873335,48.13587076398794
2124,0.9999924898147583,6.266577838687226e-05,0.0,8.029999732971191,619.3908081054688,-123.55875300873335,48.13587076398794
2125,0.9999924898147583,6.266577838687226e-05,0.0,8.029999732971191,619.3908081054688,-123.55875300873335,48.13587076398794
2126,0.9999924898147583,6.266577838687226e-05,0.0,8.029999732971191,619.3908081054688,-123.55875300873335,48.13587076398794
2127,0.9999924898147583,6.266577838687226e-05,0.0,8.029999732971191,619.3908081054688,-123.55875300873335,48.13587076398794
2128,0.9999924898147583,6.266577838687226e-05,0.0,8.029999732971191,619.3908081054688,-123.55875300873335,48.13587076398794
2129,0.9998013377189636,0.0027219029143452644,0.0,7.083737850189209,395.41876220703125,-123.55835300873335,48.13587076398794
2130,0.9998013377189636,0.0027219029143452644,0.0,7.083737850189209,395.41876220703125,-123.55835300873335,48.13587076398794
2131,0.9998013377189636,0.0027219029143452644,0.0,7.083737850189209,395.41876220703125,-123.55835300873335,48.13587076398794
2132,0.9998013377189636,0.0027219029143452644,0.0,7.083737850189209,395.41876220703125,-123.55835300873335,48.13587076398794
2133,0.9998013377189636,0.0027219029143452644,0.0,7.083737850189209,395.41876220703125,-123.55835300873335,48.13587076398794
2134,0.9998013377189636,0.0027219029143452644,0.0,7.083737850189209,395.41876220703125,-123.55835300873335,48.13587076398794
2135,0.9998013377189636,0.0027219029143452644,0.0,7.083737850189209,395.41876220703125,-123.55835300873335,48.13587076398794
2136,0.9998013377189636,0.0027219029143452644,0.0,7.083737850189209,395.41876220703125,-123.55835300873335,48.13587076398794
2137,0.9998013377189636,0.0027219029143452644,0.0,7.083737850189209,395.41876220703125,-123.55835300873335,48.13587076398794
2138,0.9998013377189636,0.0027219029143452644,0.0,7.083737850189209,395.41876220703125,-123.55835300873335,48.13587076398794
2139,0.999998927116394,0.004764940124005079,0.0,8.680000305175781,184.04347229003906,-123.55795300873335,48.13587076398794
2140,0.999998927116394,0.004764940124005079,0.0,8.680000305175781,184.04347229003906,-123.55795300873335,48.13587076398794
2141,0.999998927116394,0.004764940124005079,0.0,8.680000305175781,184.04347229003906,-123.55795300873335,48.13587076398794
2142,0.999998927116394,0.004764940124005079,0.0,8.680000305175781,184.04347229003906,-123.55795300873335,48.13587076398794
2143,0.999998927116394,0.004764940124005079,0.0,8.680000305175781,184.04347229003906,-123.55795300873335,48.13587076398794
2144,0.999998927116394,0.004764940124005079,0.0,8.680000305175781,184.04347229003906,-123.55795300873335,48.13587076398794
2145,0.999998927116394,0.004764940124005079,0.0,8.680000305175781,184.04347229003906,-123.55795300873335,48.13587076398794
2146,0.999998927116394,0.004764940124005079,0.0,8.680000305175781,184.04347229003906,-123.55795300873335,48.13587076398794
2147,0.999998927116394,0.004764940124005079,0.0,8.680000305175781,184.04347229003906,-123.55795300873335,48.13587076398794
2148,0.999998927116394,0.004764940124005079,0.0,8.680000305175781,184.04347229003906,-123.55795300873335,48.13587076398794
2149,4.092957897228189e-05,0.002463963348418474,0.0,7.560527324676514,11.401754379272461,-123.55755300873335,48.13587076398794
2150,4.092957897228189e-05,0.002463963348418474,0.0,7.560527324676514,11.401754379272461,-123.55755300873335,48.13587076398794
2151,4.092957897228189e-05,0.002463963348418474,0.0,7.560527324676514,11.401754379272461,-123.55755300873335,48.13587076398794
2152,4.092957897228189e-05,0.002463963348418474,0.0,7.560527324676514,11.401754379272461,-123.55755300873335,48.13587076398794
2153,4.092957897228189e-05,0.002463963348418474,0.0,7.560527324676514,11.401754379272461,-123.55755300873335,48.13587076398794
2154,4.092957897228189e-05,0.002463963348418474,0.0,7.560527324676514,11.401754379272461,-123.55755300873335,48.13587076398794
2155,4.092957897228189e-05,0.002463963348418474,0.0,7.560527324676514,11.401754379272461,-123.55755300873335,48.13587076398794
2156,4.092957897228189e-05,0.002463963348418474,0.0,7.560527324676514,11.401754379272461,-123.55755300873335,48.13587076398794
2157,4.092957897228189e-05,0.002463963348418474,0.0,7.560527324676514,11.401754379272461,-123.55755300873335,48.13587076398794
2158,4.092957897228189e-05,0.002463963348418474,0.0,7.560527324676514,11.401754379272461,-123.55755300873335,48.13587076398794
2159,0.0012779252137988806,0.002264914568513632,0.0,7.394842624664307,99.92997741699219,-123.55715300873335,48.13587076398794
2160,0.0012779252137988806,0.002264914568513632,0.0,7.394842624664307,99.92997741699219,-123.55715300873335,48.13587076398794
2161,0.0012779252137988806,0.002264914568513632,0.0,7.394842624664307,99.92997741699219,-123.55715300873335,48.13587076398794
2162,0.0012779252137988806,0.002264914568513632,0.0,7.394842624664307,99.92997741699219,-123.55715300873335,48.13587076398794
2163,0.0012779252137988806,0.002264914568513632,0.0,7.394842624664307,99.92997741699219,-123.55715300873335,48.13587076398794
2164,0.0012779252137988806,0.002264914568513632,0.0,7.394842624664307,99.92997741699219,-123.55715300873335,48.13587076398794
2165,0.0012779252137988806,0.002264914568513632,0.0,7.394842624664307,99.92997741699219,-123.55715300873335,48.13587076398794
2166,0.0012779252137988806,0.002264914568513632,0.0,7.394842624664307,99.92997741699219,-123.55715300873335,48.13587076398794
2167,0.0012779252137988806,0.002264914568513632,0.0,7.394842624664307,99.92997741699219,-123.55715300873335,48.13587076398794
2168,0.0,0.0,0.0,0.0,227.4664764404297,-123.55675300873335,48.13587076398794
2169,0.0,0.0,0.0,0.0,227.4664764404297,-123.55675300873335,48.13587076398794
2170,0.0,0.0,0.0,0.0,227.4664764404297,-123.55675300873335,48.13587076398794
2171,0.0,0.0,0.0,0.0,227.4664764404297,-123.55675300873335,48.13587076398794
2172,0.0,0.0,0.0,0.0,227.4664764404297,-123.55675300873335,48.13587076398794
2173,0.0,0.0,0.0,0.0,417.1354675292969,-123.55635300873335,48.13587076398794
2174,0.0,0.0,0.0,0.0,259.42242431640625,-123.56235300873334,48.13547076398794
2175,0.0,0.0,0.0,0.0,259.42242431640625,-123.56235300873334,48.13547076398794
2176,8.64162120706169e-06,0.00030312451417557895,0.0,6.9456658363342285,9.05538558959961,-123.56195300873334,48.13547076398794
2177,8.64162120706169e-06,0.00030312451417557895,0.0,6.9456658363342285,9.05538558959961,-123.56195300873334,48.13547076398794
2178,8.64162120706169e-06,0.00030312451417557895,0.0,6.9456658363342285,9.05538558959961,-123.56195300873334,48.13547076398794
2179,8.64162120706169e-06,0.00030312451417557895,0.0,6.9456658363342285,9.05538558959961,-123.56195300873334,48.13547076398794
2180,8.64162120706169e-06,0.00030312451417557895,0.0,6.9456658363342285,9.05538558959961,-123.56195300873334,48.13547076398794
2181,8.64162120706169e-06,0.00030312451417557895,0.0,6.9456658363342285,9.05538558959961,-123.56195300873334,48.13547076398794
2182,8.64162120706169e-06,0.00030312451417557895,0.0,6.9456658363342285,9.05538558959961,-123.56195300873334,48.13547076398794
2183,8.64162120706169e-06,0.00030312451417557895,0.0,6.9456658363342285,9.05538558959961,-123.56195300873334,48.13547076398794
2184,8.64162120706169e-06,0.00030312451417557895,0.0,6.9456658363342285,9.05538558959961,-123.56195300873334,48.13547076398794
2185,8.64162120706169e-06,0.00030312451417557895,0.0,6.9456658363342285,9.05538558959961,-123.56195300873334,48.13547076398794
2186,2.0895613488391973e-05,0.001983709866181016,0.0,7.946365833282471,9.433980941772461,-123.56155300873334,48.13547076398794
2187,2.0895613488391973e-05,0.001983709866181016,0.0,7.946365833282471,9.433980941772461,-123.56155300873334,48.13547076398794
2188,2.0895613488391973e-05,0.001983709866181016,0.0,7.946365833282471,9.433980941772461,-123.56155300873334,48.13547076398794
2189,2.0895613488391973e-05,0.001983709866181016,0.0,7.946365833282471,9.433980941772461,-123.56155300873334,48.13547076398794
2190,2.0895613488391973e-05,0.001983709866181016,0.0,7.946365833282471,9.433980941772461,-123.56155300873334,48.13547076398794
2191,2.0895613488391973e-05,0.001983709866181016,0.0,7.946365833282471,9.433980941772461,-123.56155300873334,48.13547076398794
2192,2.0895613488391973e-05,0.001983709866181016,0.0,7.946365833282471,9.433980941772461,-123.56155300873334,48.13547076398794
2193,2.0895613488391973e-05,0.001983709866181016,0.0,7.946365833282471,9.433980941772461,-123.56155300873334,48.13547076398794
2194,2.0895613488391973e-05,0.001983709866181016,0.0,7.946365833282471,9.433980941772461,-123.56155300873334,48.13547076398794
2195,2.0895613488391973e-05,0.001983709866181016,0.0,7.946365833282471,9.433980941772461,-123.56155300873334,48.13547076398794
2196,5.296323379866408e-08,0.0011698635062202811,0.0,8.036601066589355,132.4122314453125,-123.56115300873334,48.13547076398794
2197,5.296323379866408e-08,0.0011698635062202811,0.0,8.036601066589355,132.4122314453125,-123.56115300873334,48.13547076398794
2198,5.296323379866408e-08,0.0011698635062202811,0.0,8.036601066589355,132.4122314453125,-123.56115300873334,48.13547076398794
2199,5.296323379866408e-08,0.0011698635062202811,0.0,8.036601066589355,132.4122314453125,-123.56115300873334,48.13547076398794
2200,5.296323379866408e-08,0.0011698635062202811,0.0,8.036601066589355,132.4122314453125,-123.56115300873334,48.13547076398794
2201,5.296323379866408e-08,0.0011698635062202811,0.0,8.036601066589355,132.4122314453125,-123.56115300873334,48.13547076398794
2202,5.296323379866408e-08,0.0011698635062202811,0.0,8.036601066589355,132.4122314453125,-123.56115300873334,48.13547076398794
2203,5.296323379866408e-08,0.0011698635062202811,0.0,8.036601066589355,132.4122314453125,-123.56115300873334,48.13547076398794
2204,5.296323379866408e-08,0.0011698635062202811,0.0,8.036601066589355,132.4122314453125,-123.56115300873334,48.13547076398794
2205,5.296323379866408e-08,0.0011698635062202811,0.0,8.036601066589355,132.4122314453125,-123.56115300873334,48.13547076398794
2206,0.9994329810142517,0.0011375865433365107,0.0,7.022556781768799,88.95504760742188,-123.56075300873334,48.13547076398794
2207,0.9994329810142517,0.0011375865433365107,0.0,7.022556781768799,88.95504760742188,-123.56075300873334,48.13547076398794
2208,0.9994329810142517,0.0011375865433365107,0.0,7.022556781768799,88.95504760742188,-123.56075300873334,48.13547076398794
2209,0.9994329810142517,0.0011375865433365107,0.0,7.022556781768799,88.95504760742188,-123.56075300873334,48.13547076398794
2210,0.9994329810142517,0.0011375865433365107,0.0,7.022556781768799,88.95504760742188,-123.56075300873334,48.13547076398794
2211,0.9994329810142517,0.0011375865433365107,0.0,7.022556781768799,88.95504760742188,-123.56075300873334,48.13547076398794
2212,0.9994329810142517,0.0011375865433365107,0.0,7.022556781768799,88.95504760742188,-123.56075300873334,48.13547076398794
2213,0.9994329810142517,0.0011375865433365107,0.0,7.022556781768799,88.95504760742188,-123.56075300873334,48.13547076398794
2214,0.9994329810142517,0.0011375865433365107,0.0,7.022556781768799,88.95504760742188,-123.56075300873334,48.13547076398794
2215,0.9994329810142517,0.0011375865433365107,0.0,7.022556781768799,88.95504760742188,-123.56075300873334,48.13547076398794
2216,0.9999939203262329,8.542906289221719e-05,0.0,7.340000152587891,330.0802917480469,-123.56035300873334,48.13547076398794
2217,0.9999939203262329,8.542906289221719e-05,0.0,7.340000152587891,330.0802917480469,-123.56035300873334,48.13547076398794
2218,0.9999939203262329,8.542906289221719e-05,0.0,7.340000152587891,330.0802917480469,-123.56035300873334,48.13547076398794
2219,0.9999939203262329,8.542906289221719e-05,0.0,7.340000152587891,330.0802917480469,-123.56035300873334,48.13547076398794
2220,0.9999939203262329,8.542906289221719e-05,0.0,7.340000152587891,330.0802917480469,-123.56035300873334,48.13547076398794
2221,0.9999939203262329,8.542906289221719e-05,0.0,7.340000152587891,330.0802917480469,-123.56035300873334,48.13547076398794
2222,0.9999939203262329,8.542906289221719e-05,0.0,7.340000152587891,330.0802917480469,-123.56035300873334,48.13547076398794
2223,0.9999939203262329,8.542906289221719e-05,0.0,7.340000152587891,330.0802917480469,-123.56035300873334,48.13547076398794
2224,0.9999939203262329,8.542906289221719e-05,0.0,7.340000152587891,330.0802917480469,-123.56035300873334,48.13547076398794
2225,0.9999939203262329,8.542906289221719e-05,0.0,7.340000152587891,330.0802917480469,-123.56035300873334,48.13547076398794
2226,0.9999958276748657,0.0001385102077620104,0.0,8.779999732971191,575.7821044921875,-123.55995300873334,48.13547076398794
2227,0.9999958276748657,0.0001385102077620104,0.0,8.779999732971191,575.7821044921875,-123.55995300873334,48.13547076398794
2228,0.9999958276748657,0.0001385102077620104,0.0,8.779999732971191,575.7821044921875,-123.55995300873334,48.13547076398794
2229,0.9999958276748657,0.0001385102077620104,0.0,8.779999732971191,575.7821044921875,-123.55995300873334,48.13547076398794
2230,0.9999958276748657,0.0001385102077620104,0.0,8.779999732971191,575.7821044921875,-123.55995300873334,48.13547076398794
2231,0.9999958276748657,0.0001385102077620104,0.0,8.779999732971191,575.7821044921875,-123.55995300873334,48.13547076398794
2232,0.9999958276748657,0.0001385102077620104,0.0,8.779999732971191,575.7821044921875,-123.55995300873334,48.13547076398794
2233,0.9999958276748657,0.0001385102077620104,0.0,8.779999732971191,575.7821044921875,-123.55995300873334,48.13547076398794
2234,0.9999958276748657,0.0001385102077620104,0.0,8.779999732971191,575.7821044921875,-123.55995300873334,48.13547076398794
2235,0.9999958276748657,0.0001385102077620104,0.0,8.779999732971191,575.7821044921875,-123.55995300873334,48.13547076398794
2236,0.9999961853027344,0.00025495124282315373,0.0,7.989999771118164,825.1987915039062,-123.55955300873335,48.13547076398794
2237,0.9999961853027344,0.00025495124282315373,0.0,7.989999771118164,825.1987915039062,-123.55955300873335,48.13547076398794
2238,0.9999961853027344,0.00025495124282315373,0.0,7.989999771118164,825.1987915039062,-123.55955300873335,48.13547076398794
2239,0.9999961853027344,0.00025495124282315373,0.0,7.989999771118164,825.1987915039062,-123.55955300873335,48.13547076398794
2240,0.9999961853027344,0.00025495124282315373,0.0,7.989999771118164,825.1987915039062,-123.55955300873335,48.13547076398794
2241,0.9999961853027344,0.00025495124282315373,0.0,7.989999771118164,825.1987915039062,-123.55955300873335,48.13547076398794
2242,0.9999961853027344,0.00025495124282315373,0.0,7.989999771118164,825.1987915039062,-123.55955300873335,48.13547076398794
2243,0.9999961853027344,0.00025495124282315373,0.0,7.989999771118164,825.1987915039062,-123.55955300873335,48.13547076398794
2244,0.9999961853027344,0.00025495124282315373,0.0,7.989999771118164,825.1987915039062,-123.55955300873335,48.13547076398794
2245,0.9999961853027344,0.00025495124282315373,0.0,7.989999771118164,825.1987915039062,-123.55955300873335,48.13547076398794
2246,0.9999974966049194,0.00011672106484184042,0.0,8.40999984741211,965.1331787109375,-123.55915300873335,48.13547076398794
2247,0.9999974966049194,0.00011672106484184042,0.0,8.40999984741211,965.1331787109375,-123.55915300873335,48.13547076398794
2248,0.9999974966049194,0.00011672106484184042,0.0,8.40999984741211,965.1331787109375,-123.55915300873335,48.13547076398794
2249,0.9999974966049194,0.00011672106484184042,0.0,8.40999984741211,965.1331787109375,-123.55915300873335,48.13547076398794
2250,0.9999974966049194,0.00011672106484184042,0.0,8.40999984741211,965.1331787109375,-123.55915300873335,48.13547076398794
2251,0.9999974966049194,0.00011672106484184042,0.0,8.40999984741211,965.1331787109375,-123.55915300873335,48.13547076398794
2252,0.9999974966049194,0.00011672106484184042,0.0,8.40999984741211,965.1331787109375,-123.55915300873335,48.13547076398794
2253,0.9999974966049194,0.00011672106484184042,0.0,8.40999984741211,965.1331787109375,-123.55915300873335,48.13547076398794
2254,0.9999974966049194,0.00011672106484184042,0.0,8.40999984741211,965.1331787109375,-123.55915300873335,48.13547076398794
2255,0.9999974966049194,0.00011672106484184042,0.0,8.40999984741211,965.1331787109375,-123.55915300873335,48.13547076398794
2256,0.9999943971633911,0.0003107272204943001,0.0,8.100000381469727,743.1890869140625,-123.55875300873335,48.13547076398794
2257,0.9999943971633911,0.0003107272204943001,0.0,8.100000381469727,743.1890869140625,-123.55875300873335,48.13547076398794
2258,0.9999943971633911,0.0003107272204943001,0.0,8.100000381469727,743.1890869140625,-123.55875300873335,48.13547076398794
2259,0.9999943971633911,0.0003107272204943001,0.0,8.100000381469727,743.1890869140625,-123.55875300873335,48.13547076398794
2260,0.9999943971633911,0.0003107272204943001,0.0,8.100000381469727,743.1890869140625,-123.55875300873335,48.13547076398794
2261,0.9999943971633911,0.0003107272204943001,0.0,8.100000381469727,743.1890869140625,-123.55875300873335,48.13547076398794
2262,0.9999943971633911,0.0003107272204943001,0.0,8.100000381469727,743.1890869140625,-123.55875300873335,48.13547076398794
2263,0.9999943971633911,0.0003107272204943001,0.0,8.100000381469727,743.1890869140625,-123.55875300873335,48.13547076398794
2264,0.9999943971633911,0.0003107272204943001,0.0,8.100000381469727,743.1890869140625,-123.55875300873335,48.13547076398794
2265,0.9999943971633911,0.0003107272204943001,0.0,8.100000381469727,743.1890869140625,-123.55875300873335,48.13547076398794
2266,0.9999973773956299,0.00040034024277701974,0.0,8.34000015258789,543.654296875,-123.55835300873335,48.13547076398794
2267,0.9999973773956299,0.00040034024277701974,0.0,8.34000015258789,543.654296875,-123.55835300873335,48.13547076398794
2268,0.9999973773956299,0.00040034024277701974,0.0,8.34000015258789,543.654296875,-123.55835300873335,48.13547076398794
2269,0.9999973773956299,0.00040034024277701974,0.0,8.34000015258789,543.654296875,-123.55835300873335,48.13547076398794
2270,0.9999973773956299,0.00040034024277701974,0.0,8.34000015258789,543.654296875,-123.55835300873335,48.13547076398794
2271,0.9999973773956299,0.00040034024277701974,0.0,8.34000015258789,543.654296875,-123.55835300873335,48.13547076398794
2272,0.9999973773956299,0.00040034024277701974,0.0,8.34000015258789,543.654296875,-123.55835300873335,48.13547076398794
2273,0.9999973773956299,0.00040034024277701974,0.0,8.34000015258789,543.654296875,-123.55835300873335,48.13547076398794
2274,0.9999973773956299,0.00040034024277701974,0.0,8.34000015258789,543.654296875,-123.55835300873335,48.13547076398794
2275,0.9999973773956299,0.00040034024277701974,0.0,8.34000015258789,543.654296875,-123.55835300873335,48.13547076398794
2276,0.999977707862854,0.00034782610600814223,0.0,7.619999885559082,364.9013671875,-123.55795300873335,48.13547076398794
2277,0.999977707862854,0.00034782610600814223,0.0,7.619999885559082,364.9013671875,-123.55795300873335,48.13547076398794
2278,0.999977707862854,0.00034782610600814223,0.0,7.619999885559082,364.9013671875,-123.55795300873335,48.13547076398794
2279,0.999977707862854,0.00034782610600814223,0.0,7.619999885559082,364.9013671875,-123.55795300873335,48.13547076398794
2280,0.999977707862854,0.00034782610600814223,0.0,7.619999885559082,364.9013671875,-123.55795300873335,48.13547076398794
2281,0.999977707862854,0.00034782610600814223,0.0,7.619999885559082,364.9013671875,-123.55795300873335,48.13547076398794
2282,0.999977707862854,0.00034782610600814223,0.0,7.619999885559082,364.9013671875,-123.55795300873335,48.13547076398794
2283,0.999977707862854,0.00034782610600814223,0.0,7.619999885559082,364.9013671875,-123.55795300873335,48.13547076398794
2284,0.999977707862854,0.00034782610600814223,0.0,7.619999885559082,364.9013671875,-123.55795300873335,48.13547076398794
2285,0.999977707862854,0.00034782610600814223,0.0,7.619999885559082,364.9013671875,-123.55795300873335,48.13547076398794
2286,0.998822033405304,0.0034463561605662107,0.0,9.210000038146973,219.1460723876953,-123.55755300873335,48.13547076398794
2287,0.998822033405304,0.0034463561605662107,0.0,9.210000038146973,219.1460723876953,-123.55755300873335,48.13547076398794
2288,0.998822033405304,0.0034463561605662107,0.0,9.210000038146973,219.1460723876953,-123.55755300873335,48.13547076398794
2289,0.998822033405304,0.0034463561605662107,0.0,9.210000038146973,219.1460723876953,-123.55755300873335,48.13547076398794
2290,0.998822033405304,0.0034463561605662107,0.0,9.210000038146973,219.1460723876953,-123.55755300873335,48.13547076398794
2291,0.998822033405304,0.0034463561605662107,0.0,9.210000038146973,219.1460723876953,-123.55755300873335,48.13547076398794
2292,0.998822033405304,0.0034463561605662107,0.0,9.210000038146973,219.1460723876953,-123.55755300873335,48.13547076398794
2293,0.998822033405304,0.0034463561605662107,0.0,9.210000038146973,219.1460723876953,-123.55755300873335,48.13547076398794
2294,0.998822033405304,0.0034463561605662107,0.0,9.210000038146973,219.1460723876953,-123.55755300873335,48.13547076398794
2295,0.998822033405304,0.0034463561605662107,0.0,9.210000038146973,219.1460723876953,-123.55755300873335,48.13547076398794
2296,1.8657070199878945e-07,0.01605469360947609,0.0,8.069999694824219,129.24781799316406,-123.55715300873335,48.13547076398794
2297,1.8657070199878945e-07,0.01605469360947609,0.0,8.069999694824219,129.24781799316406,-123.55715300873335,48.13547076398794
2298,1.8657070199878945e-07,0.01605469360947609,0.0,8.069999694824219,129.24781799316406,-123.55715300873335,48.13547076398794
2299,1.8657070199878945e-07,0.01605469360947609,0.0,8.069999694824219,129.24781799316406,-123.55715300873335,48.13547076398794
2300,1.8657070199878945e-07,0.01605469360947609,0.0,8.069999694824219,129.24781799316406,-123.55715300873335,48.13547076398794
2301,1.8657070199878945e-07,0.01605469360947609,0.0,8.069999694824219,129.24781799316406,-123.55715300873335,48.13547076398794
2302,1.8657070199878945e-07,0.01605469360947609,0.0,8.069999694824219,129.24781799316406,-123.55715300873335,48.13547076398794
2303,1.8657070199878945e-07,0.01605469360947609,0.0,8.069999694824219,129.24781799316406,-123.55715300873335,48.13547076398794
2304,1.8657070199878945e-07,0.01605469360947609,0.0,8.069999694824219,129.24781799316406,-123.55715300873335,48.13547076398794
2305,1.8657070199878945e-07,0.01605469360947609,0.0,8.069999694824219,129.24781799316406,-123.55715300873335,48.13547076398794
2306,8.603540663898457e-06,0.0007186448783613741,0.0,7.276618003845215,79.24645233154297,-123.55675300873335,48.13547076398794
2307,8.603540663898457e-06,0.0007186448783613741,0.0,7.276618003845215,79.24645233154297,-123.55675300873335,48.13547076398794
2308,8.603540663898457e-06,0.0007186448783613741,0.0,7.276618003845215,79.24645233154297,-123.55675300873335,48.13547076398794
2309,8.603540663898457e-06,0.0007186448783613741,0.0,7.276618003845215,79.24645233154297,-123.55675300873335,48.13547076398794
2310,8.603540663898457e-06,0.0007186448783613741,0.0,7.276618003845215,79.24645233154297,-123.55675300873335,48.13547076398794
2311,8.603540663898457e-06,0.0007186448783613741,0.0,7.276618003845215,79.24645233154297,-123.55675300873335,48.13547076398794
2312,8.603540663898457e-06,0.0007186448783613741,0.0,7.276618003845215,79.24645233154297,-123.55675300873335,48.13547076398794
2313,8.603540663898457e-06,0.0007186448783613741,0.0,7.276618003845215,79.24645233154297,-123.55675300873335,48.13547076398794
2314,8.603540663898457e-06,0.0007186448783613741,0.0,7.276618003845215,79.24645233154297,-123.55675300873335,48.13547076398794
2315,8.603540663898457e-06,0.0007186448783613741,0.0,7.276618003845215,79.24645233154297,-123.55675300873335,48.13547076398794
2316,0.0,0.0,0.0,0.0,310.8504333496094,-123.55635300873335,48.13547076398794
2317,0.0,0.0,0.0,0.0,398.5285339355469,-123.55595300873335,48.13547076398794
2318,2.4709024728508666e-05,0.0007546732085756958,0.0,7.167657852172852,35.22782897949219,-123.56195300873334,48.13507076398794
2319,2.4709024728508666e-05,0.0007546732085756958,0.0,7.167657852172852,35.22782897949219,-123.56195300873334,48.13507076398794
2320,2.4709024728508666e-05,0.0007546732085756958,0.0,7.167657852172852,35.22782897949219,-123.56195300873334,48.13507076398794
2321,2.4709024728508666e-05,0.0007546732085756958,0.0,7.167657852172852,35.22782897949219,-123.56195300873334,48.13507076398794
2322,2.4709024728508666e-05,0.0007546732085756958,0.0,7.167657852172852,35.22782897949219,-123.56195300873334,48.13507076398794
2323,2.4709024728508666e-05,0.0007546732085756958,0.0,7.167657852172852,35.22782897949219,-123.56195300873334,48.13507076398794
2324,2.4709024728508666e-05,0.0007546732085756958,0.0,7.167657852172852,35.22782897949219,-123.56195300873334,48.13507076398794
2325,2.4709024728508666e-05,0.0007546732085756958,0.0,7.167657852172852,35.22782897949219,-123.56195300873334,48.13507076398794
2326,2.4709024728508666e-05,0.0007546732085756958,0.0,7.167657852172852,35.22782897949219,-123.56195300873334,48.13507076398794
2327,2.4709024728508666e-05,0.0007546732085756958,0.0,7.167657852172852,35.22782897949219,-123.56195300873334,48.13507076398794
2328,0.00023932127805892378,0.000453280343208462,0.0,8.34537124633789,152.6204376220703,-123.56155300873334,48.13507076398794
2329,0.00023932127805892378,0.000453280343208462,0.0,8.34537124633789,152.6204376220703,-123.56155300873334,48.13507076398794
2330,0.00023932127805892378,0.000453280343208462,0.0,8.34537124633789,152.6204376220703,-123.56155300873334,48.13507076398794
2331,0.00023932127805892378,0.000453280343208462,0.0,8.34537124633789,152.6204376220703,-123.56155300873334,48.13507076398794
2332,0.00023932127805892378,0.000453280343208462,0.0,8.34537124633789,152.6204376220703,-123.56155300873334,48.13507076398794
2333,0.00023932127805892378,0.000453280343208462,0.0,8.34537124633789,152.6204376220703,-123.56155300873334,48.13507076398794
2334,0.00023932127805892378,0.000453280343208462,0.0,8.34537124633789,152.6204376220703,-123.56155300873334,48.13507076398794
2335,0.00023932127805892378,0.000453280343208462,0.0,8.34537124633789,152.6204376220703,-123.56155300873334,48.13507076398794
2336,0.00023932127805892378,0.000453280343208462,0.0,8.34537124633789,152.6204376220703,-123.56155300873334,48.13507076398794
2337,0.00023932127805892378,0.000453280343208462,0.0,8.34537124633789,152.6204376220703,-123.56155300873334,48.13507076398794
2338,0.01712469756603241,0.2854180634021759,0.0,7.633599281311035,38.41874694824219,-123.56115300873334,48.13507076398794
2339,0.01712469756603241,0.2854180634021759,0.0,7.633599281311035,38.41874694824219,-123.56115300873334,48.13507076398794
2340,0.01712469756603241,0.2854180634021759,0.0,7.633599281311035,38.41874694824219,-123.56115300873334,48.13507076398794
2341,0.01712469756603241,0.2854180634021759,0.0,7.633599281311035,38.41874694824219,-123.56115300873334,48.13507076398794
2342,0.01712469756603241,0.2854180634021759,0.0,7.633599281311035,38.41874694824219,-123.56115300873334,48.13507076398794
2343,0.01712469756603241,0.2854180634021759,0.0,7.633599281311035,38.41874694824219,-123.56115300873334,48.13507076398794
2344,0.01712469756603241,0.2854180634021759,0.0,7.633599281311035,38.41874694824219,-123.56115300873334,48.13507076398794
2345,0.01712469756603241,0.2854180634021759,0.0,7.633599281311035,38.41874694824219,-123.56115300873334,48.13507076398794
2346,0.01712469756603241,0.2854180634021759,0.0,7.633599281311035,38.41874694824219,-123.56115300873334,48.13507076398794
2347,0.01712469756603241,0.2854180634021759,0.0,7.633599281311035,38.41874694824219,-123.56115300873334,48.13507076398794
2348,0.999852180480957,0.0003968178352806717,0.0,8.789999961853027,224.40142822265625,-123.56075300873334,48.13507076398794
2349,0.999852180480957,0.0003968178352806717,0.0,8.789999961853027,224.40142822265625,-123.56075300873334,48.13507076398794
2350,0.999852180480957,0.0003968178352806717,0.0,8.789999961853027,224.40142822265625,-123.56075300873334,48.13507076398794
2351,0.999852180480957,0.0003968178352806717,0.0,8.789999961853027,224.40142822265625,-123.56075300873334,48.13507076398794
2352,0.999852180480957,0.0003968178352806717,0.0,8.789999961853027,224.40142822265625,-123.56075300873334,48.13507076398794
2353,0.999852180480957,0.0003968178352806717,0.0,8.789999961853027,224.40142822265625,-123.56075300873334,48.13507076398794
2354,0.999852180480957,0.0003968178352806717,0.0,8.789999961853027,224.40142822265625,-123.56075300873334,48.13507076398794
2355,0.999852180480957,0.0003968178352806717,0.0,8.789999961853027,224.40142822265625,-123.56075300873334,48.13507076398794
2356,0.999852180480957,0.0003968178352806717,0.0,8.789999961853027,224.40142822265625,-123.56075300873334,48.13507076398794
2357,0.999852180480957,0.0003968178352806717,0.0,8.789999961853027,224.40142822265625,-123.56075300873334,48.13507076398794
2358,0.9997902512550354,0.00024556234711781144,0.0,8.220000267028809,428.77734375,-123.56035300873334,48.13507076398794
2359,0.9997902512550354,0.00024556234711781144,0.0,8.220000267028809,428.77734375,-123.56035300873334,48.13507076398794
2360,0.9997902512550354,0.00024556234711781144,0.0,8.220000267028809,428.77734375,-123.56035300873334,48.13507076398794
2361,0.9997902512550354,0.00024556234711781144,0.0,8.220000267028809,428.77734375,-123.56035300873334,48.13507076398794
2362,0.9997902512550354,0.00024556234711781144,0.0,8.220000267028809,428.77734375,-123.56035300873334,48.13507076398794
2363,0.9997902512550354,0.00024556234711781144,0.0,8.220000267028809,428.77734375,-123.56035300873334,48.13507076398794
2364,0.9997902512550354,0.00024556234711781144,0.0,8.220000267028809,428.77734375,-123.56035300873334,48.13507076398794
2365,0.9997902512550354,0.00024556234711781144,0.0,8.220000267028809,428.77734375,-123.56035300873334,48.13507076398794
2366,0.9997902512550354,0.00024556234711781144,0.0,8.220000267028809,428.77734375,-123.56035300873334,48.13507076398794
2367,0.9997902512550354,0.00024556234711781144,0.0,8.220000267028809,428.77734375,-123.56035300873334,48.13507076398794
2368,0.999549925327301,0.00020325656805653125,0.0,9.390000343322754,657.5416259765625,-123.55995300873334,48.13507076398794
2369,0.999549925327301,0.00020325656805653125,0.0,9.390000343322754,657.5416259765625,-123.55995300873334,48.13507076398794
2370,0.999549925327301,0.00020325656805653125,0.0,9.390000343322754,657.5416259765625,-123.55995300873334,48.13507076398794
2371,0.999549925327301,0.00020325656805653125,0.0,9.390000343322754,657.5416259765625,-123.55995300873334,48.13507076398794
2372,0.999549925327301,0.00020325656805653125,0.0,9.390000343322754,657.5416259765625,-123.55995300873334,48.13507076398794
2373,0.999549925327301,0.00020325656805653125,0.0,9.390000343322754,657.5416259765625,-123.55995300873334,48.13507076398794
2374,0.999549925327301,0.00020325656805653125,0.0,9.390000343322754,657.5416259765625,-123.55995300873334,48.13507076398794
2375,0.999549925327301,0.00020325656805653125,0.0,9.390000343322754,657.5416259765625,-123.55995300873334,48.13507076398794
2376,0.999549925327301,0.00020325656805653125,0.0,9.390000343322754,657.5416259765625,-123.55995300873334,48.13507076398794
2377,0.999549925327301,0.00020325656805653125,0.0,9.390000343322754,657.5416259765625,-123.55995300873334,48.13507076398794
2378,0.9999995231628418,0.0011064152931794524,0.0,8.4399995803833,892.7183227539062,-123.55955300873335,48.13507076398794
2379,0.9999995231628418,0.0011064152931794524,0.0,8.4399995803833,892.7183227539062,-123.55955300873335,48.13507076398794
2380,0.9999995231628418,0.0011064152931794524,0.0,8.4399995803833,892.7183227539062,-123.55955300873335,48.13507076398794
2381,0.9999995231628418,0.0011064152931794524,0.0,8.4399995803833,892.7183227539062,-123.55955300873335,48.13507076398794
2382,0.9999995231628418,0.0011064152931794524,0.0,8.4399995803833,892.7183227539062,-123.55955300873335,48.13507076398794
2383,0.9999995231628418,0.0011064152931794524,0.0,8.4399995803833,892.7183227539062,-123.55955300873335,48.13507076398794
2384,0.9999995231628418,0.0011064152931794524,0.0,8.4399995803833,892.7183227539062,-123.55955300873335,48.13507076398794
2385,0.9999995231628418,0.0011064152931794524,0.0,8.4399995803833,892.7183227539062,-123.55955300873335,48.13507076398794
2386,0.9999995231628418,0.0011064152931794524,0.0,8.4399995803833,892.7183227539062,-123.55955300873335,48.13507076398794
2387,0.9999995231628418,0.0011064152931794524,0.0,8.4399995803833,892.7183227539062,-123.55955300873335,48.13507076398794
2388,0.9999973773956299,7.629874744452536e-05,0.0,8.859999656677246,1028.59375,-123.55915300873335,48.13507076398794
2389,0.9999973773956299,7.629874744452536e-05,0.0,8.859999656677246,1028.59375,-123.55915300873335,48.13507076398794
2390,0.9999973773956299,7.629874744452536e-05,0.0,8.859999656677246,1028.59375,-123.55915300873335,48.13507076398794
2391,0.9999973773956299,7.629874744452536e-05,0.0,8.859999656677246,1028.59375,-123.55915300873335,48.13507076398794
2392,0.9999973773956299,7.629874744452536e-05,0.0,8.859999656677246,1028.59375,-123.55915300873335,48.13507076398794
2393,0.9999973773956299,7.629874744452536e-05,0.0,8.859999656677246,1028.59375,-123.55915300873335,48.13507076398794
2394,0.9999973773956299,7.629874744452536e-05,0.0,8.859999656677246,1028.59375,-123.55915300873335,48.13507076398794
2395,0.9999973773956299,7.629874744452536e-05,0.0,8.859999656677246,1028.59375,-123.55915300873335,48.13507076398794
2396,0.9999973773956299,7.629874744452536e-05,0.0,8.859999656677246,1028.59375,-123.55915300873335,48.13507076398794
2397,0.9999973773956299,7.629874744452536e-05,0.0,8.859999656677246,1028.59375,-123.55915300873335,48.13507076398794
2398,0.9999969005584717,5.9369624068494886e-05,0.0,8.8100004196167,903.9385986328125,-123.55875300873335,48.13507076398794
2399,0.9999969005584717,5.9369624068494886e-05,0.0,8.8100004196167,903.9385986328125,-123.55875300873335,48.13507076398794
2400,0.9999969005584717,5.9369624068494886e-05,0.0,8.8100004196167,903.9385986328125,-123.55875300873335,48.13507076398794
2401,0.9999969005584717,5.9369624068494886e-05,0.0,8.8100004196167,903.9385986328125,-123.55875300873335,48.13507076398794
2402,0.9999969005584717,5.9369624068494886e-05,0.0,8.8100004196167,903.9385986328125,-123.55875300873335,48.13507076398794
2403,0.9999969005584717,5.9369624068494886e-05,0.0,8.8100004196167,903.9385986328125,-123.55875300873335,48.13507076398794
2404,0.9999969005584717,5.9369624068494886e-05,0.0,8.8100004196167,903.9385986328125,-123.55875300873335,48.13507076398794
2405,0.9999969005584717,5.9369624068494886e-05,0.0,8.8100004196167,903.9385986328125,-123.55875300873335,48.13507076398794
2406,0.9999969005584717,5.9369624068494886e-05,0.0,8.8100004196167,903.9385986328125,-123.55875300873335,48.13507076398794
2407,0.9999969005584717,5.9369624068494886e-05,0.0,8.8100004196167,903.9385986328125,-123.55875300873335,48.13507076398794
2408,0.9999973773956299,0.00011105643352493644,0.0,8.4399995803833,722.3988037109375,-123.55835300873335,48.13507076398794
2409,0.9999973773956299,0.00011105643352493644,0.0,8.4399995803833,722.3988037109375,-123.55835300873335,48.13507076398794
2410,0.9999973773956299,0.00011105643352493644,0.0,8.4399995803833,722.3988037109375,-123.55835300873335,48.13507076398794
2411,0.9999973773956299,0.00011105643352493644,0.0,8.4399995803833,722.3988037109375,-123.55835300873335,48.13507076398794
2412,0.9999973773956299,0.00011105643352493644,0.0,8.4399995803833,722.3988037109375,-123.55835300873335,48.13507076398794
2413,0.9999973773956299,0.00011105643352493644,0.0,8.4399995803833,722.3988037109375,-123.55835300873335,48.13507076398794
2414,0.9999973773956299,0.00011105643352493644,0.0,8.4399995803833,722.3988037109375,-123.55835300873335,48.13507076398794
2415,0.9999973773956299,0.00011105643352493644,0.0,8.4399995803833,722.3988037109375,-123.55835300873335,48.13507076398794
2416,0.9999973773956299,0.00011105643352493644,0.0,8.4399995803833,722.3988037109375,-123.55835300873335,48.13507076398794
2417,0.9999973773956299,0.00011105643352493644,0.0,8.4399995803833,722.3988037109375,-123.55835300873335,48.13507076398794
2418,0.9999953508377075,0.00024352176114916801,0.0,7.849999904632568,572.8001098632812,-123.55795300873335,48.13507076398794
2419,0.9999953508377075,0.00024352176114916801,0.0,7.849999904632568,572.8001098632812,-123.55795300873335,48.13507076398794
2420,0.9999953508377075,0.00024352176114916801,0.0,7.849999904632568,572.8001098632812,-123.55795300873335,48.13507076398794
2421,0.9999953508377075,0.00024352176114916801,0.0,7.849999904632568,572.8001098632812,-123.55795300873335,48.13507076398794
2422,0.9999953508377075,0.00024352176114916801,0.0,7.849999904632568,572.8001098632812,-123.55795300873335,48.13507076398794
2423,0.9999953508377075,0.00024352176114916801,0.0,7.849999904632568,572.8001098632812,-123.55795300873335,48.13507076398794
2424,0.9999953508377075,0.00024352176114916801,0.0,7.849999904632568,572.8001098632812,-123.55795300873335,48.13507076398794
2425,0.9999953508377075,0.00024352176114916801,0.0,7.849999904632568,572.8001098632812,-123.55795300873335,48.13507076398794
2426,0.9999953508377075,0.00024352176114916801,0.0,7.849999904632568,572.8001098632812,-123.55795300873335,48.13507076398794
2427,0.9999953508377075,0.00024352176114916801,0.0,7.849999904632568,572.8001098632812,-123.55795300873335,48.13507076398794
2428,0.9975454211235046,0.0038098744116723537,0.0,9.1899995803833,459.7586364746094,-123.55755300873335,48.13507076398794
2429,0.9975454211235046,0.0038098744116723537,0.0,9.1899995803833,459.7586364746094,-123.55755300873335,48.13507076398794
2430,0.9975454211235046,0.0038098744116723537,0.0,9.1899995803833,459.7586364746094,-123.55755300873335,48.13507076398794
2431,0.9975454211235046,0.0038098744116723537,0.0,9.1899995803833,459.7586364746094,-123.55755300873335,48.13507076398794
2432,0.9975454211235046,0.0038098744116723537,0.0,9.1899995803833,459.7586364746094,-123.55755300873335,48.13507076398794
2433,0.9975454211235046,0.0038098744116723537,0.0,9.1899995803833,459.7586364746094,-123.55755300873335,48.13507076398794
2434,0.9975454211235046,0.0038098744116723537,0.0,9.1899995803833,459.7586364746094,-123.55755300873335,48.13507076398794
2435,0.9975454211235046,0.0038098744116723537,0.0,9.1899995803833,459.7586364746094,-123.55755300873335,48.13507076398794
2436,0.9975454211235046,0.0038098744116723537,0.0,9.1899995803833,459.7586364746094,-123.55755300873335,48.13507076398794
2437,0.9975454211235046,0.0038098744116723537,0.0,9.1899995803833,459.7586364746094,-123.55755300873335,48.13507076398794
2438,0.9999996423721313,0.020473133772611618,0.0,8.930000305175781,235.23605346679688,-123.55715300873335,48.13507076398794
2439,0.9999996423721313,0.020473133772611618,0.0,8.930000305175781,235.23605346679688,-123.55715300873335,48.13507076398794
2440,0.9999996423721313,0.020473133772611618,0.0,8.930000305175781,235.23605346679688,-123.55715300873335,48.13507076398794
2441,0.9999996423721313,0.020473133772611618,0.0,8.930000305175781,235.23605346679688,-123.55715300873335,48.13507076398794
2442,0.9999996423721313,0.020473133772611618,0.0,8.930000305175781,235.23605346679688,-123.55715300873335,48.13507076398794
2443,0.9999996423721313,0.020473133772611618,0.0,8.930000305175781,235.23605346679688,-123.55715300873335,48.13507076398794
2444,0.9999996423721313,0.020473133772611618,0.0,8.930000305175781,235.23605346679688,-123.55715300873335,48.13507076398794
2445,0.9999996423721313,0.020473133772611618,0.0,8.930000305175781,235.23605346679688,-123.55715300873335,48.13507076398794
2446,0.9999996423721313,0.020473133772611618,0.0,8.930000305175781,235.23605346679688,-123.55715300873335,48.13507076398794
2447,0.9999996423721313,0.020473133772611618,0.0,8.930000305175781,235.23605346679688,-123.55715300873335,48.13507076398794
2448,7.719562766794752e-09,0.9385718703269958,0.0,8.069634437561035,43.8292121887207,-123.55675300873335,48.13507076398794
2449,7.719562766794752e-09,0.9385718703269958,0.0,8.069634437561035,43.8292121887207,-123.55675300873335,48.13507076398794
2450,7.719562766794752e-09,0.9385718703269958,0.0,8.069634437561035,43.8292121887207,-123.55675300873335,48.13507076398794
2451,7.719562766794752e-09,0.9385718703269958,0.0,8.069634437561035,43.8292121887207,-123.55675300873335,48.13507076398794
2452,7.719562766794752e-09,0.9385718703269958,0.0,8.069634437561035,43.8292121887207,-123.55675300873335,48.13507076398794
2453,7.719562766794752e-09,0.9385718703269958,0.0,8.069634437561035,43.8292121887207,-123.55675300873335,48.13507076398794
2454,7.719562766794752e-09,0.9385718703269958,0.0,8.069634437561035,43.8292121887207,-123.55675300873335,48.13507076398794
2455,7.719562766794752e-09,0.9385718703269958,0.0,8.069634437561035,43.8292121887207,-123.55675300873335,48.13507076398794
2456,7.719562766794752e-09,0.9385718703269958,0.0,8.069634437561035,43.8292121887207,-123.55675300873335,48.13507076398794
2457,7.719562766794752e-09,0.9385718703269958,0.0,8.069634437561035,43.8292121887207,-123.55675300873335,48.13507076398794
2458,1.0551651712376042e-06,0.026371240615844727,0.0,7.033195972442627,98.0,-123.55635300873335,48.13507076398794
2459,1.0551651712376042e-06,0.026371240615844727,0.0,7.033195972442627,98.0,-123.55635300873335,48.13507076398794
2460,1.0551651712376042e-06,0.026371240615844727,0.0,7.033195972442627,98.0,-123.55635300873335,48.13507076398794
2461,1.0551651712376042e-06,0.026371240615844727,0.0,7.033195972442627,98.0,-123.55635300873335,48.13507076398794
2462,1.0551651712376042e-06,0.026371240615844727,0.0,7.033195972442627,98.0,-123.55635300873335,48.13507076398794
2463,1.0551651712376042e-06,0.026371240615844727,0.0,7.033195972442627,98.0,-123.55635300873335,48.13507076398794
2464,1.0551651712376042e-06,0.026371240615844727,0.0,7.033195972442627,98.0,-123.55635300873335,48.13507076398794
2465,1.0551651712376042e-06,0.026371240615844727,0.0,7.033195972442627,98.0,-123.55635300873335,48.13507076398794
2466,1.0551651712376042e-06,0.026371240615844727,0.0,7.033195972442627,98.0,-123.55635300873335,48.13507076398794
2467,1.0551651712376042e-06,0.026371240615844727,0.0,7.033195972442627,98.0,-123.55635300873335,48.13507076398794
2468,0.0,0.0,0.0,0.0,180.4716033935547,-123.55595300873335,48.13507076398794
2469,0.0,0.0,0.0,0.0,180.4716033935547,-123.55595300873335,48.13507076398794
2470,0.0,0.0,0.0,0.0,326.31427001953125,-123.55555300873336,48.13507076398794
2471,0.04279579594731331,0.009735534898936749,0.0,7.161619663238525,64.81512451171875,-123.56155300873334,48.13467076398794
2472,0.04279579594731331,0.009735534898936749,0.0,7.161619663238525,64.81512451171875,-123.56155300873334,48.13467076398794
2473,0.04279579594731331,0.009735534898936749,0.0,7.161619663238525,64.81512451171875,-123.56155300873334,48.13467076398794
2474,0.04279579594731331,0.009735534898936749,0.0,7.161619663238525,64.81512451171875,-123.56155300873334,48.13467076398794
2475,0.04279579594731331,0.009735534898936749,0.0,7.161619663238525,64.81512451171875,-123.56155300873334,48.13467076398794
2476,0.04279579594731331,0.009735534898936749,0.0,7.161619663238525,64.81512451171875,-123.56155300873334,48.13467076398794
2477,0.04279579594731331,0.009735534898936749,0.0,7.161619663238525,64.81512451171875,-123.56155300873334,48.13467076398794
2478,0.04279579594731331,0.009735534898936749,0.0,7.161619663238525,64.81512451171875,-123.56155300873334,48.13467076398794
2479,0.04279579594731331,0.009735534898936749,0.0,7.161619663238525,64.81512451171875,-123.56155300873334,48.13467076398794
2480,0.04279579594731331,0.009735534898936749,0.0,7.161619663238525,64.81512451171875,-123.56155300873334,48.13467076398794
2481,0.9999973773956299,0.00010483997175469995,0.0,8.890000343322754,142.21463012695312,-123.56115300873334,48.13467076398794
2482,0.9999973773956299,0.00010483997175469995,0.0,8.890000343322754,142.21463012695312,-123.56115300873334,48.13467076398794
2483,0.9999973773956299,0.00010483997175469995,0.0,8.890000343322754,142.21463012695312,-123.56115300873334,48.13467076398794
2484,0.9999973773956299,0.00010483997175469995,0.0,8.890000343322754,142.21463012695312,-123.56115300873334,48.13467076398794
2485,0.9999973773956299,0.00010483997175469995,0.0,8.890000343322754,142.21463012695312,-123.56115300873334,48.13467076398794
2486,0.9999973773956299,0.00010483997175469995,0.0,8.890000343322754,142.21463012695312,-123.56115300873334,48.13467076398794
2487,0.9999973773956299,0.00010483997175469995,0.0,8.890000343322754,142.21463012695312,-123.56115300873334,48.13467076398794
2488,0.9999973773956299,0.00010483997175469995,0.0,8.890000343322754,142.21463012695312,-123.56115300873334,48.13467076398794
2489,0.9999973773956299,0.00010483997175469995,0.0,8.890000343322754,142.21463012695312,-123.56115300873334,48.13467076398794
2490,0.9999973773956299,0.00010483997175469995,0.0,8.890000343322754,142.21463012695312,-123.56115300873334,48.13467076398794
2491,0.999809205532074,0.0009428418707102537,0.0,9.039999961853027,375.2812194824219,-123.56075300873334,48.13467076398794
2492,0.999809205532074,0.0009428418707102537,0.0,9.039999961853027,375.2812194824219,-123.56075300873334,48.13467076398794
2493,0.999809205532074,0.0009428418707102537,0.0,9.039999961853027,375.2812194824219,-123.56075300873334,48.13467076398794
2494,0.999809205532074,0.0009428418707102537,0.0,9.039999961853027,375.2812194824219,-123.56075300873334,48.13467076398794
2495,0.999809205532074,0.0009428418707102537,0.0,9.039999961853027,375.2812194824219,-123.56075300873334,48.13467076398794
2496,0.999809205532074,0.0009428418707102537,0.0,9.039999961853027,375.2812194824219,-123.56075300873334,48.13467076398794
2497,0.999809205532074,0.0009428418707102537,0.0,9.039999961853027,375.2812194824219,-123.56075300873334,48.13467076398794
2498,0.999809205532074,0.0009428418707102537,0.0,9.039999961853027,375.2812194824219,-123.56075300873334,48.13467076398794
2499,0.999809205532074,0.0009428418707102537,0.0,9.039999961853027,375.2812194824219,-123.56075300873334,48.13467076398794
2500,0.999809205532074,0.0009428418707102537,0.0,9.039999961853027,375.2812194824219,-123.56075300873334,48.13467076398794
2501,0.9999756813049316,0.0017997726099565625,0.0,8.979999542236328,582.8181762695312,-123.56035300873334,48.13467076398794
2502,0.9999756813049316,0.0017997726099565625,0.0,8.979999542236328,582.8181762695312,-123.56035300873334,48.13467076398794
2503,0.9999756813049316,0.0017997726099565625,0.0,8.979999542236328,582.8181762695312,-123.56035300873334,48.13467076398794
2504,0.9999756813049316,0.0017997726099565625,0.0,8.979999542236328,582.8181762695312,-123.56035300873334,48.13467076398794
2505,0.9999756813049316,0.0017997726099565625,0.0,8.979999542236328,582.8181762695312,-123.56035300873334,48.13467076398794
2506,0.9999756813049316,0.0017997726099565625,0.0,8.979999542236328,582.8181762695312,-123.56035300873334,48.13467076398794
2507,0.9999756813049316,0.0017997726099565625,0.0,8.979999542236328,582.8181762695312,-123.56035300873334,48.13467076398794
2508,0.9999756813049316,0.0017997726099565625,0.0,8.979999542236328,582.8181762695312,-123.56035300873334,48.13467076398794
2509,0.9999756813049316,0.0017997726099565625,0.0,8.979999542236328,582.8181762695312,-123.56035300873334,48.13467076398794
2510,0.9999756813049316,0.0017997726099565625,0.0,8.979999542236328,582.8181762695312,-123.56035300873334,48.13467076398794
2511,0.9999862909317017,0.018664216622710228,0.0,9.350000381469727,754.9072875976562,-123.55995300873334,48.13467076398794
2512,0.9999862909317017,0.018664216622710228,0.0,9.350000381469727,754.9072875976562,-123.55995300873334,48.13467076398794
2513,0.9999862909317017,0.018664216622710228,0.0,9.350000381469727,754.9072875976562,-123.55995300873334,48.13467076398794
2514,0.9999862909317017,0.018664216622710228,0.0,9.350000381469727,754.9072875976562,-123.55995300873334,48.13467076398794
2515,0.9999862909317017,0.018664216622710228,0.0,9.350000381469727,754.9072875976562,-123.55995300873334,48.13467076398794
2516,0.9999862909317017,0.018664216622710228,0.0,9.350000381469727,754.9072875976562,-123.55995300873334,48.13467076398794
2517,0.9999862909317017,0.018664216622710228,0.0,9.350000381469727,754.9072875976562,-123.55995300873334,48.13467076398794
2518,0.9999862909317017,0.018664216622710228,0.0,9.350000381469727,754.9072875976562,-123.55995300873334,48.13467076398794
2519,0.9999862909317017,0.018664216622710228,0.0,9.350000381469727,754.9072875976562,-123.55995300873334,48.13467076398794
2520,0.9999862909317017,0.018664216622710228,0.0,9.350000381469727,754.9072875976562,-123.55995300873334,48.13467076398794
2521,0.5911624431610107,0.7574688792228699,0.0,8.170000076293945,758.4576416015625,-123.55955300873335,48.13467076398794
2522,0.5911624431610107,0.7574688792228699,0.0,8.170000076293945,758.4576416015625,-123.55955300873335,48.13467076398794
2523,0.5911624431610107,0.7574688792228699,0.0,8.170000076293945,758.4576416015625,-123.55955300873335,48.13467076398794
2524,0.5911624431610107,0.7574688792228699,0.0,8.170000076293945,758.4576416015625,-123.55955300873335,48.13467076398794
2525,0.5911624431610107,0.7574688792228699,0.0,8.170000076293945,758.4576416015625,-123.55955300873335,48.13467076398794
2526,0.5911624431610107,0.7574688792228699,0.0,8.170000076293945,758.4576416015625,-123.55955300873335,48.13467076398794
2527,0.5911624431610107,0.7574688792228699,0.0,8.170000076293945,758.4576416015625,-123.55955300873335,48.13467076398794
2528,0.5911624431610107,0.7574688792228699,0.0,8.170000076293945,758.4576416015625,-123.55955300873335,48.13467076398794
2529,0.5911624431610107,0.7574688792228699,0.0,8.170000076293945,758.4576416015625,-123.55955300873335,48.13467076398794
2530,0.5911624431610107,0.7574688792228699,0.0,8.170000076293945,758.4576416015625,-123.55955300873335,48.13467076398794
2531,0.9993442893028259,0.022610118612647057,0.0,8.350000381469727,774.4481811523438,-123.55915300873335,48.13467076398794
2532,0.9993442893028259,0.022610118612647057,0.0,8.350000381469727,774.4481811523438,-123.55915300873335,48.13467076398794
2533,0.9993442893028259,0.022610118612647057,0.0,8.350000381469727,774.4481811523438,-123.55915300873335,48.13467076398794
2534,0.9993442893028259,0.022610118612647057,0.0,8.350000381469727,774.4481811523438,-123.55915300873335,48.13467076398794
2535,0.9993442893028259,0.022610118612647057,0.0,8.350000381469727,774.4481811523438,-123.55915300873335,48.13467076398794
2536,0.9993442893028259,0.022610118612647057,0.0,8.350000381469727,774.4481811523438,-123.55915300873335,48.13467076398794
2537,0.9993442893028259,0.022610118612647057,0.0,8.350000381469727,774.4481811523438,-123.55915300873335,48.13467076398794
2538,0.9993442893028259,0.022610118612647057,0.0,8.350000381469727,774.4481811523438,-123.55915300873335,48.13467076398794
2539,0.9993442893028259,0.022610118612647057,0.0,8.350000381469727,774.4481811523438,-123.55915300873335,48.13467076398794
2540,0.9993442893028259,0.022610118612647057,0.0,8.350000381469727,774.4481811523438,-123.55915300873335,48.13467076398794
2541,0.9999985694885254,0.0004244718875270337,0.0,8.960000038146973,835.6937255859375,-123.55875300873335,48.13467076398794
2542,0.9999985694885254,0.0004244718875270337,0.0,8.960000038146973,835.6937255859375,-123.55875300873335,48.13467076398794
2543,0.9999985694885254,0.0004244718875270337,0.0,8.960000038146973,835.6937255859375,-123.55875300873335,48.13467076398794
2544,0.9999985694885254,0.0004244718875270337,0.0,8.960000038146973,835.6937255859375,-123.55875300873335,48.13467076398794
2545,0.9999985694885254,0.0004244718875270337,0.0,8.960000038146973,835.6937255859375,-123.55875300873335,48.13467076398794
2546,0.9999985694885254,0.0004244718875270337,0.0,8.960000038146973,835.6937255859375,-123.55875300873335,48.13467076398794
2547,0.9999985694885254,0.0004244718875270337,0.0,8.960000038146973,835.6937255859375,-123.55875300873335,48.13467076398794
2548,0.9999985694885254,0.0004244718875270337,0.0,8.960000038146973,835.6937255859375,-123.55875300873335,48.13467076398794
2549,0.9999985694885254,0.0004244718875270337,0.0,8.960000038146973,835.6937255859375,-123.55875300873335,48.13467076398794
2550,0.9999985694885254,0.0004244718875270337,0.0,8.960000038146973,835.6937255859375,-123.55875300873335,48.13467076398794
2551,0.9999794960021973,0.0006401159334927797,0.0,9.239999771118164,929.5983276367188,-123.55835300873335,48.13467076398794
2552,0.9999794960021973,0.0006401159334927797,0.0,9.239999771118164,929.5983276367188,-123.55835300873335,48.13467076398794
2553,0.9999794960021973,0.0006401159334927797,0.0,9.239999771118164,929.5983276367188,-123.55835300873335,48.13467076398794
2554,0.9999794960021973,0.0006401159334927797,0.0,9.239999771118164,929.5983276367188,-123.55835300873335,48.13467076398794
2555,0.9999794960021973,0.0006401159334927797,0.0,9.239999771118164,929.5983276367188,-123.55835300873335,48.13467076398794
2556,0.9999794960021973,0.0006401159334927797,0.0,9.239999771118164,929.5983276367188,-123.55835300873335,48.13467076398794
2557,0.9999794960021973,0.0006401159334927797,0.0,9.239999771118164,929.5983276367188,-123.55835300873335,48.13467076398794
2558,0.9999794960021973,0.0006401159334927797,0.0,9.239999771118164,929.5983276367188,-123.55835300873335,48.13467076398794
2559,0.9999794960021973,0.0006401159334927797,0.0,9.239999771118164,929.5983276367188,-123.55835300873335,48.13467076398794
2560,0.9999794960021973,0.0006401159334927797,0.0,9.239999771118164,929.5983276367188,-123.55835300873335,48.13467076398794
2561,0.9999960660934448,0.0001537978823762387,0.0,8.569999694824219,789.3351440429688,-123.55795300873335,48.13467076398794
2562,0.9999960660934448,0.0001537978823762387,0.0,8.569999694824219,789.3351440429688,-123.55795300873335,48.13467076398794
2563,0.9999960660934448,0.0001537978823762387,0.0,8.569999694824219,789.3351440429688,-123.55795300873335,48.13467076398794
2564,0.9999960660934448,0.0001537978823762387,0.0,8.569999694824219,789.3351440429688,-123.55795300873335,48.13467076398794
2565,0.9999960660934448,0.0001537978823762387,0.0,8.569999694824219,789.3351440429688,-123.55795300873335,48.13467076398794
2566,0.9999960660934448,0.0001537978823762387,0.0,8.569999694824219,789.3351440429688,-123.55795300873335,48.13467076398794
2567,0.9999960660934448,0.0001537978823762387,0.0,8.569999694824219,789.3351440429688,-123.55795300873335,48.13467076398794
2568,0.9999960660934448,0.0001537978823762387,0.0,8.569999694824219,789.3351440429688,-123.55795300873335,48.13467076398794
2569,0.9999960660934448,0.0001537978823762387,0.0,8.569999694824219,789.3351440429688,-123.55795300873335,48.13467076398794
2570,0.9999960660934448,0.0001537978823762387,0.0,8.569999694824219,789.3351440429688,-123.55795300873335,48.13467076398794
2571,0.9998878240585327,0.00016801920719444752,0.0,8.3100004196167,582.7537841796875,-123.55755300873335,48.13467076398794
2572,0.9998878240585327,0.00016801920719444752,0.0,8.3100004196167,582.7537841796875,-123.55755300873335,48.13467076398794
2573,0.9998878240585327,0.00016801920719444752,0.0,8.3100004196167,582.7537841796875,-123.55755300873335,48.13467076398794
2574,0.9998878240585327,0.00016801920719444752,0.0,8.3100004196167,582.7537841796875,-123.55755300873335,48.13467076398794
2575,0.9998878240585327,0.00016801920719444752,0.0,8.3100004196167,582.7537841796875,-123.55755300873335,48.13467076398794
2576,0.9998878240585327,0.00016801920719444752,0.0,8.3100004196167,582.7537841796875,-123.55755300873335,48.13467076398794
2577,0.9998878240585327,0.00016801920719444752,0.0,8.3100004196167,582.7537841796875,-123.55755300873335,48.13467076398794
2578,0.9998878240585327,0.00016801920719444752,0.0,8.3100004196167,582.7537841796875,-123.55755300873335,48.13467076398794
2579,0.9998878240585327,0.00016801920719444752,0.0,8.3100004196167,582.7537841796875,-123.55755300873335,48.13467076398794
2580,0.9998878240585327,0.00016801920719444752,0.0,8.3100004196167,582.7537841796875,-123.55755300873335,48.13467076398794
2581,0.9999856948852539,0.00018268649000674486,0.0,8.84000015258789,398.8546142578125,-123.55715300873335,48.13467076398794
2582,0.9999856948852539,0.00018268649000674486,0.0,8.84000015258789,398.8546142578125,-123.55715300873335,48.13467076398794
2583,0.9999856948852539,0.00018268649000674486,0.0,8.84000015258789,398.8546142578125,-123.55715300873335,48.13467076398794
2584,0.9999856948852539,0.00018268649000674486,0.0,8.84000015258789,398.8546142578125,-123.55715300873335,48.13467076398794
2585,0.9999856948852539,0.00018268649000674486,0.0,8.84000015258789,398.8546142578125,-123.55715300873335,48.13467076398794
2586,0.9999856948852539,0.00018268649000674486,0.0,8.84000015258789,398.8546142578125,-123.55715300873335,48.13467076398794
2587,0.9999856948852539,0.00018268649000674486,0.0,8.84000015258789,398.8546142578125,-123.55715300873335,48.13467076398794
2588,0.9999856948852539,0.00018268649000674486,0.0,8.84000015258789,398.8546142578125,-123.55715300873335,48.13467076398794
2589,0.9999856948852539,0.00018268649000674486,0.0,8.84000015258789,398.8546142578125,-123.55715300873335,48.13467076398794
2590,0.9999856948852539,0.00018268649000674486,0.0,8.84000015258789,398.8546142578125,-123.55715300873335,48.13467076398794
2591,0.9999980926513672,0.0005805203691124916,0.0,8.880000114440918,233.34524536132812,-123.55675300873335,48.13467076398794
2592,0.9999980926513672,0.0005805203691124916,0.0,8.880000114440918,233.34524536132812,-123.55675300873335,48.13467076398794
2593,0.9999980926513672,0.0005805203691124916,0.0,8.880000114440918,233.34524536132812,-123.55675300873335,48.13467076398794
2594,0.9999980926513672,0.0005805203691124916,0.0,8.880000114440918,233.34524536132812,-123.55675300873335,48.13467076398794
2595,0.9999980926513672,0.0005805203691124916,0.0,8.880000114440918,233.34524536132812,-123.55675300873335,48.13467076398794
2596,0.9999980926513672,0.0005805203691124916,0.0,8.880000114440918,233.34524536132812,-123.55675300873335,48.13467076398794
2597,0.9999980926513672,0.0005805203691124916,0.0,8.880000114440918,233.34524536132812,-123.55675300873335,48.13467076398794
2598,0.9999980926513672,0.0005805203691124916,0.0,8.880000114440918,233.34524536132812,-123.55675300873335,48.13467076398794
2599,0.9999980926513672,0.0005805203691124916,0.0,8.880000114440918,233.34524536132812,-123.55675300873335,48.13467076398794
2600,0.9999980926513672,0.0005805203691124916,0.0,8.880000114440918,233.34524536132812,-123.55675300873335,48.13467076398794
2601,0.9997974038124084,0.09549620002508163,0.0,8.451162338256836,89.89437866210938,-123.55635300873335,48.13467076398794
2602,0.9997974038124084,0.09549620002508163,0.0,8.451162338256836,89.89437866210938,-123.55635300873335,48.13467076398794
2603,0.9997974038124084,0.09549620002508163,0.0,8.451162338256836,89.89437866210938,-123.55635300873335,48.13467076398794
2604,0.9997974038124084,0.09549620002508163,0.0,8.451162338256836,89.89437866210938,-123.55635300873335,48.13467076398794
2605,0.9997974038124084,0.09549620002508163,0.0,8.451162338256836,89.89437866210938,-123.55635300873335,48.13467076398794
2606,0.9997974038124084,0.09549620002508163,0.0,8.451162338256836,89.89437866210938,-123.55635300873335,48.13467076398794
2607,0.9997974038124084,0.09549620002508163,0.0,8.451162338256836,89.89437866210938,-123.55635300873335,48.13467076398794
2608,0.9997974038124084,0.09549620002508163,0.0,8.451162338256836,89.89437866210938,-123.55635300873335,48.13467076398794
2609,0.9997974038124084,0.09549620002508163,0.0,8.451162338256836,89.89437866210938,-123.55635300873335,48.13467076398794
2610,0.9997974038124084,0.09549620002508163,0.0,8.451162338256836,89.89437866210938,-123.55635300873335,48.13467076398794
2611,1.2854664532824245e-07,0.8728667497634888,0.0,7.711308479309082,30.0,-123.55595300873335,48.13467076398794
2612,1.2854664532824245e-07,0.8728667497634888,0.0,7.711308479309082,30.0,-123.55595300873335,48.13467076398794
2613,1.2854664532824245e-07,0.8728667497634888,0.0,7.711308479309082,30.0,-123.55595300873335,48.13467076398794
2614,1.2854664532824245e-07,0.8728667497634888,0.0,7.711308479309082,30.0,-123.55595300873335,48.13467076398794
2615,1.2854664532824245e-07,0.8728667497634888,0.0,7.711308479309082,30.0,-123.55595300873335,48.13467076398794
2616,1.2854664532824245e-07,0.8728667497634888,0.0,7.711308479309082,30.0,-123.55595300873335,48.13467076398794
2617,1.2854664532824245e-07,0.8728667497634888,0.0,7.711308479309082,30.0,-123.55595300873335,48.13467076398794
2618,1.2854664532824245e-07,0.8728667497634888,0.0,7.711308479309082,30.0,-123.55595300873335,48.13467076398794
2619,1.2854664532824245e-07,0.8728667497634888,0.0,7.711308479309082,30.0,-123.55595300873335,48.13467076398794
2620,1.2854664532824245e-07,0.8728667497634888,0.0,7.711308479309082,30.0,-123.55595300873335,48.13467076398794
2621,2.2757322426514293e-07,0.20749492943286896,0.0,8.778912544250488,152.31546020507812,-123.55555300873336,48.13467076398794
2622,2.2757322426514293e-07,0.20749492943286896,0.0,8.778912544250488,152.31546020507812,-123.55555300873336,48.13467076398794
2623,2.2757322426514293e-07,0.20749492943286896,0.0,8.778912544250488,152.31546020507812,-123.55555300873336,48.13467076398794
2624,2.2757322426514293e-07,0.20749492943286896,0.0,8.778912544250488,152.31546020507812,-123.55555300873336,48.13467076398794
2625,2.2757322426514293e-07,0.20749492943286896,0.0,8.778912544250488,152.31546020507812,-123.55555300873336,48.13467076398794
2626,2.2757322426514293e-07,0.20749492943286896,0.0,8.778912544250488,152.31546020507812,-123.55555300873336,48.13467076398794
2627,2.2757322426514293e-07,0.20749492943286896,0.0,8.778912544250488,152.31546020507812,-123.55555300873336,48.13467076398794
2628,2.2757322426514293e-07,0.20749492943286896,0.0,8.778912544250488,152.31546020507812,-123.55555300873336,48.13467076398794
2629,2.2757322426514293e-07,0.20749492943286896,0.0,8.778912544250488,152.31546020507812,-123.55555300873336,48.13467076398794
2630,2.2757322426514293e-07,0.20749492943286896,0.0,8.778912544250488,152.31546020507812,-123.55555300873336,48.13467076398794
2631,0.0,0.0,0.0,0.0,231.482177734375,-123.55515300873336,48.13467076398794
2632,0.0,0.0,0.0,0.0,324.7845458984375,-123.55475300873336,48.13467076398794
2633,0.0,0.0,0.0,0.0,331.0,-123.55435300873336,48.13467076398794
2634,7.028481377346907e-06,0.17401066422462463,0.0,7.631948947906494,87.61849212646484,-123.56155300873334,48.13427076398794
2635,7.028481377346907e-06,0.17401066422462463,0.0,7.631948947906494,87.61849212646484,-123.56155300873334,48.13427076398794
2636,7.028481377346907e-06,0.17401066422462463,0.0,7.631948947906494,87.61849212646484,-123.56155300873334,48.13427076398794
2637,7.028481377346907e-06,0.17401066422462463,0.0,7.631948947906494,87.61849212646484,-123.56155300873334,48.13427076398794
2638,7.028481377346907e-06,0.17401066422462463,0.0,7.631948947906494,87.61849212646484,-123.56155300873334,48.13427076398794
2639,7.028481377346907e-06,0.17401066422462463,0.0,7.631948947906494,87.61849212646484,-123.56155300873334,48.13427076398794
2640,7.028481377346907e-06,0.17401066422462463,0.0,7.631948947906494,87.61849212646484,-123.56155300873334,48.13427076398794
2641,7.028481377346907e-06,0.17401066422462463,0.0,7.631948947906494,87.61849212646484,-123.56155300873334,48.13427076398794
2642,7.028481377346907e-06,0.17401066422462463,0.0,7.631948947906494,87.61849212646484,-123.56155300873334,48.13427076398794
2643,7.028481377346907e-06,0.17401066422462463,0.0,7.631948947906494,87.61849212646484,-123.56155300873334,48.13427076398794
2644,0.8348718881607056,0.04004395380616188,0.0,8.050000190734863,142.44297790527344,-123.56115300873334,48.13427076398794
2645,0.8348718881607056,0.04004395380616188,0.0,8.050000190734863,142.44297790527344,-123.56115300873334,48.13427076398794
2646,0.8348718881607056,0.04004395380616188,0.0,8.050000190734863,142.44297790527344,-123.56115300873334,48.13427076398794
2647,0.8348718881607056,0.04004395380616188,0.0,8.050000190734863,142.44297790527344,-123.56115300873334,48.13427076398794
2648,0.8348718881607056,0.04004395380616188,0.0,8.050000190734863,142.44297790527344,-123.56115300873334,48.13427076398794
2649,0.8348718881607056,0.04004395380616188,0.0,8.050000190734863,142.44297790527344,-123.56115300873334,48.13427076398794
2650,0.8348718881607056,0.04004395380616188,0.0,8.050000190734863,142.44297790527344,-123.56115300873334,48.13427076398794
2651,0.8348718881607056,0.04004395380616188,0.0,8.050000190734863,142.44297790527344,-123.56115300873334,48.13427076398794
2652,0.8348718881607056,0.04004395380616188,0.0,8.050000190734863,142.44297790527344,-123.56115300873334,48.13427076398794
2653,0.8348718881607056,0.04004395380616188,0.0,8.050000190734863,142.44297790527344,-123.56115300873334,48.13427076398794
2654,0.9968668818473816,0.0002504309231881052,0.0,9.59000015258789,354.56451416015625,-123.56075300873334,48.13427076398794
2655,0.9968668818473816,0.0002504309231881052,0.0,9.59000015258789,354.56451416015625,-123.56075300873334,48.13427076398794
2656,0.9968668818473816,0.0002504309231881052,0.0,9.59000015258789,354.56451416015625,-123.56075300873334,48.13427076398794
2657,0.9968668818473816,0.0002504309231881052,0.0,9.59000015258789,354.56451416015625,-123.56075300873334,48.13427076398794
2658,0.9968668818473816,0.0002504309231881052,0.0,9.59000015258789,354.56451416015625,-123.56075300873334,48.13427076398794
2659,0.9968668818473816,0.0002504309231881052,0.0,9.59000015258789,354.56451416015625,-123.56075300873334,48.13427076398794
2660,0.9968668818473816,0.0002504309231881052,0.0,9.59000015258789,354.56451416015625,-123.56075300873334,48.13427076398794
2661,0.9968668818473816,0.0002504309231881052,0.0,9.59000015258789,354.56451416015625,-123.56075300873334,48.13427076398794
2662,0.9968668818473816,0.0002504309231881052,0.0,9.59000015258789,354.56451416015625,-123.56075300873334,48.13427076398794
2663,0.9968668818473816,0.0002504309231881052,0.0,9.59000015258789,354.56451416015625,-123.56075300873334,48.13427076398794
2664,0.9999953508377075,0.00016683719877619296,0.0,9.75,491.0977478027344,-123.56035300873334,48.13427076398794
2665,0.9999953508377075,0.00016683719877619296,0.0,9.75,491.0977478027344,-123.56035300873334,48.13427076398794
2666,0.9999953508377075,0.00016683719877619296,0.0,9.75,491.0977478027344,-123.56035300873334,48.13427076398794
2667,0.9999953508377075,0.00016683719877619296,0.0,9.75,491.0977478027344,-123.56035300873334,48.13427076398794
2668,0.9999953508377075,0.00016683719877619296,0.0,9.75,491.0977478027344,-123.56035300873334,48.13427076398794
2669,0.9999953508377075,0.00016683719877619296,0.0,9.75,491.0977478027344,-123.56035300873334,48.13427076398794
2670,0.9999953508377075,0.00016683719877619296,0.0,9.75,491.0977478027344,-123.56035300873334,48.13427076398794
2671,0.9999953508377075,0.00016683719877619296,0.0,9.75,491.0977478027344,-123.56035300873334,48.13427076398794
2672,0.9999953508377075,0.00016683719877619296,0.0,9.75,491.0977478027344,-123.56035300873334,48.13427076398794
2673,0.9999953508377075,0.00016683719877619296,0.0,9.75,491.0977478027344,-123.56035300873334,48.13427076398794
2674,0.9999858140945435,4.9473572289571166e-05,0.0,9.09000015258789,500.08099365234375,-123.55995300873334,48.13427076398794
2675,0.9999858140945435,4.9473572289571166e-05,0.0,9.09000015258789,500.08099365234375,-123.55995300873334,48.13427076398794
2676,0.9999858140945435,4.9473572289571166e-05,0.0,9.09000015258789,500.08099365234375,-123.55995300873334,48.13427076398794
2677,0.9999858140945435,4.9473572289571166e-05,0.0,9.09000015258789,500.08099365234375,-123.55995300873334,48.13427076398794
2678,0.9999858140945435,4.9473572289571166e-05,0.0,9.09000015258789,500.08099365234375,-123.55995300873334,48.13427076398794
2679,0.9999858140945435,4.9473572289571166e-05,0.0,9.09000015258789,500.08099365234375,-123.55995300873334,48.13427076398794
2680,0.9999858140945435,4.9473572289571166e-05,0.0,9.09000015258789,500.08099365234375,-123.55995300873334,48.13427076398794
2681,0.9999858140945435,4.9473572289571166e-05,0.0,9.09000015258789,500.08099365234375,-123.55995300873334,48.13427076398794
2682,0.9999858140945435,4.9473572289571166e-05,0.0,9.09000015258789,500.08099365234375,-123.55995300873334,48.13427076398794
2683,0.9999858140945435,4.9473572289571166e-05,0.0,9.09000015258789,500.08099365234375,-123.55995300873334,48.13427076398794
2684,0.9999978542327881,0.0005485611036419868,0.0,9.739999771118164,503.7787170410156,-123.55955300873335,48.13427076398794
2685,0.9999978542327881,0.0005485611036419868,0.0,9.739999771118164,503.7787170410156,-123.55955300873335,48.13427076398794
2686,0.9999978542327881,0.0005485611036419868,0.0,9.739999771118164,503.7787170410156,-123.55955300873335,48.13427076398794
2687,0.9999978542327881,0.0005485611036419868,0.0,9.739999771118164,503.7787170410156,-123.55955300873335,48.13427076398794
2688,0.9999978542327881,0.0005485611036419868,0.0,9.739999771118164,503.7787170410156,-123.55955300873335,48.13427076398794
2689,0.9999978542327881,0.0005485611036419868,0.0,9.739999771118164,503.7787170410156,-123.55955300873335,48.13427076398794
2690,0.9999978542327881,0.0005485611036419868,0.0,9.739999771118164,503.7787170410156,-123.55955300873335,48.13427076398794
2691,0.9999978542327881,0.0005485611036419868,0.0,9.739999771118164,503.7787170410156,-123.55955300873335,48.13427076398794
2692,0.9999978542327881,0.0005485611036419868,0.0,9.739999771118164,503.7787170410156,-123.55955300873335,48.13427076398794
2693,0.9999978542327881,0.0005485611036419868,0.0,9.739999771118164,503.7787170410156,-123.55955300873335,48.13427076398794
2694,0.4480486214160919,0.40120646357536316,0.0,8.229999542236328,521.070068359375,-123.55915300873335,48.13427076398794
2695,0.4480486214160919,0.40120646357536316,0.0,8.229999542236328,521.070068359375,-123.55915300873335,48.13427076398794
2696,0.4480486214160919,0.40120646357536316,0.0,8.229999542236328,521.070068359375,-123.55915300873335,48.13427076398794
2697,0.4480486214160919,0.40120646357536316,0.0,8.229999542236328,521.070068359375,-123.55915300873335,48.13427076398794
2698,0.4480486214160919,0.40120646357536316,0.0,8.229999542236328,521.070068359375,-123.55915300873335,48.13427076398794
2699,0.4480486214160919,0.40120646357536316,0.0,8.229999542236328,521.070068359375,-123.55915300873335,48.13427076398794
2700,0.4480486214160919,0.40120646357536316,0.0,8.229999542236328,521.070068359375,-123.55915300873335,48.13427076398794
2701,0.4480486214160919,0.40120646357536316,0.0,8.229999542236328,521.070068359375,-123.55915300873335,48.13427076398794
2702,0.4480486214160919,0.40120646357536316,0.0,8.229999542236328,521.070068359375,-123.55915300873335,48.13427076398794
2703,0.4480486214160919,0.40120646357536316,0.0,8.229999542236328,521.070068359375,-123.55915300873335,48.13427076398794
2704,0.9999953508377075,0.001347023411653936,0.0,8.930000305175781,607.6322631835938,-123.55875300873335,48.13427076398794
2705,0.9999953508377075,0.001347023411653936,0.0,8.930000305175781,607.6322631835938,-123.55875300873335,48.13427076398794
2706,0.9999953508377075,0.001347023411653936,0.0,8.930000305175781,607.6322631835938,-123.55875300873335,48.13427076398794
2707,0.9999953508377075,0.001347023411653936,0.0,8.930000305175781,607.6322631835938,-123.55875300873335,48.13427076398794
2708,0.9999953508377075,0.001347023411653936,0.0,8.930000305175781,607.6322631835938,-123.55875300873335,48.13427076398794
2709,0.9999953508377075,0.001347023411653936,0.0,8.930000305175781,607.6322631835938,-123.55875300873335,48.13427076398794
2710,0.9999953508377075,0.001347023411653936,0.0,8.930000305175781,607.6322631835938,-123.55875300873335,48.13427076398794
2711,0.9999953508377075,0.001347023411653936,0.0,8.930000305175781,607.6322631835938,-123.55875300873335,48.13427076398794
2712,0.9999953508377075,0.001347023411653936,0.0,8.930000305175781,607.6322631835938,-123.55875300873335,48.13427076398794
2713,0.9999953508377075,0.001347023411653936,0.0,8.930000305175781,607.6322631835938,-123.55875300873335,48.13427076398794
2714,0.9966122508049011,0.00017001014202833176,0.0,8.770000457763672,746.2901611328125,-123.55835300873335,48.13427076398794
2715,0.9966122508049011,0.00017001014202833176,0.0,8.770000457763672,746.2901611328125,-123.55835300873335,48.13427076398794
2716,0.9966122508049011,0.00017001014202833176,0.0,8.770000457763672,746.2901611328125,-123.55835300873335,48.13427076398794
2717,0.9966122508049011,0.00017001014202833176,0.0,8.770000457763672,746.2901611328125,-123.55835300873335,48.13427076398794
2718,0.9966122508049011,0.00017001014202833176,0.0,8.770000457763672,746.2901611328125,-123.55835300873335,48.13427076398794
2719,0.9966122508049011,0.00017001014202833176,0.0,8.770000457763672,746.2901611328125,-123.55835300873335,48.13427076398794
2720,0.9966122508049011,0.00017001014202833176,0.0,8.770000457763672,746.2901611328125,-123.55835300873335,48.13427076398794
2721,0.9966122508049011,0.00017001014202833176,0.0,8.770000457763672,746.2901611328125,-123.55835300873335,48.13427076398794
2722,0.9966122508049011,0.00017001014202833176,0.0,8.770000457763672,746.2901611328125,-123.55835300873335,48.13427076398794
2723,0.9966122508049011,0.00017001014202833176,0.0,8.770000457763672,746.2901611328125,-123.55835300873335,48.13427076398794
2724,0.8308273553848267,0.00034601881634444,0.0,8.65999984741211,863.620849609375,-123.55795300873335,48.13427076398794
2725,0.8308273553848267,0.00034601881634444,0.0,8.65999984741211,863.620849609375,-123.55795300873335,48.13427076398794
2726,0.8308273553848267,0.00034601881634444,0.0,8.65999984741211,863.620849609375,-123.55795300873335,48.13427076398794
2727,0.8308273553848267,0.00034601881634444,0.0,8.65999984741211,863.620849609375,-123.55795300873335,48.13427076398794
2728,0.8308273553848267,0.00034601881634444,0.0,8.65999984741211,863.620849609375,-123.55795300873335,48.13427076398794
2729,0.8308273553848267,0.00034601881634444,0.0,8.65999984741211,863.620849609375,-123.55795300873335,48.13427076398794
2730,0.8308273553848267,0.00034601881634444,0.0,8.65999984741211,863.620849609375,-123.55795300873335,48.13427076398794
2731,0.8308273553848267,0.00034601881634444,0.0,8.65999984741211,863.620849609375,-123.55795300873335,48.13427076398794
2732,0.8308273553848267,0.00034601881634444,0.0,8.65999984741211,863.620849609375,-123.55795300873335,48.13427076398794
2733,0.8308273553848267,0.00034601881634444,0.0,8.65999984741211,863.620849609375,-123.55795300873335,48.13427076398794
2734,0.9996939897537231,0.0006714355549775064,0.0,8.819999694824219,756.4476318359375,-123.55755300873335,48.13427076398794
2735,0.9996939897537231,0.0006714355549775064,0.0,8.819999694824219,756.4476318359375,-123.55755300873335,48.13427076398794
2736,0.9996939897537231,0.0006714355549775064,0.0,8.819999694824219,756.4476318359375,-123.55755300873335,48.13427076398794
2737,0.9996939897537231,0.0006714355549775064,0.0,8.819999694824219,756.4476318359375,-123.55755300873335,48.13427076398794
2738,0.9996939897537231,0.0006714355549775064,0.0,8.819999694824219,756.4476318359375,-123.55755300873335,48.13427076398794
2739,0.9996939897537231,0.0006714355549775064,0.0,8.819999694824219,756.4476318359375,-123.55755300873335,48.13427076398794
2740,0.9996939897537231,0.0006714355549775064,0.0,8.819999694824219,756.4476318359375,-123.55755300873335,48.13427076398794
2741,0.9996939897537231,0.0006714355549775064,0.0,8.819999694824219,756.4476318359375,-123.55755300873335,48.13427076398794
2742,0.9996939897537231,0.0006714355549775064,0.0,8.819999694824219,756.4476318359375,-123.55755300873335,48.13427076398794
2743,0.9996939897537231,0.0006714355549775064,0.0,8.819999694824219,756.4476318359375,-123.55755300873335,48.13427076398794
2744,0.9993317723274231,7.741436274955049e-05,0.0,9.289999961853027,593.9697265625,-123.55715300873335,48.13427076398794
2745,0.9993317723274231,7.741436274955049e-05,0.0,9.289999961853027,593.9697265625,-123.55715300873335,48.13427076398794
2746,0.9993317723274231,7.741436274955049e-05,0.0,9.289999961853027,593.9697265625,-123.55715300873335,48.13427076398794
2747,0.9993317723274231,7.741436274955049e-05,0.0,9.289999961853027,593.9697265625,-123.55715300873335,48.13427076398794
2748,0.9993317723274231,7.741436274955049e-05,0.0,9.289999961853027,593.9697265625,-123.55715300873335,48.13427076398794
2749,0.9993317723274231,7.741436274955049e-05,0.0,9.289999961853027,593.9697265625,-123.55715300873335,48.13427076398794
2750,0.9993317723274231,7.741436274955049e-05,0.0,9.289999961853027,593.9697265625,-123.55715300873335,48.13427076398794
2751,0.9993317723274231,7.741436274955049e-05,0.0,9.289999961853027,593.9697265625,-123.55715300873335,48.13427076398794
2752,0.9993317723274231,7.741436274955049e-05,0.0,9.289999961853027,593.9697265625,-123.55715300873335,48.13427076398794
2753,0.9993317723274231,7.741436274955049e-05,0.0,9.289999961853027,593.9697265625,-123.55715300873335,48.13427076398794
2754,0.9999948740005493,0.00011975080997217447,0.0,9.600000381469727,431.7696228027344,-123.55675300873335,48.13427076398794
2755,0.9999948740005493,0.00011975080997217447,0.0,9.600000381469727,431.7696228027344,-123.55675300873335,48.13427076398794
2756,0.9999948740005493,0.00011975080997217447,0.0,9.600000381469727,431.7696228027344,-123.55675300873335,48.13427076398794
2757,0.9999948740005493,0.00011975080997217447,0.0,9.600000381469727,431.7696228027344,-123.55675300873335,48.13427076398794
2758,0.9999948740005493,0.00011975080997217447,0.0,9.600000381469727,431.7696228027344,-123.55675300873335,48.13427076398794
2759,0.9999948740005493,0.00011975080997217447,0.0,9.600000381469727,431.7696228027344,-123.55675300873335,48.13427076398794
2760,0.9999948740005493,0.00011975080997217447,0.0,9.600000381469727,431.7696228027344,-123.55675300873335,48.13427076398794
2761,0.9999948740005493,0.00011975080997217447,0.0,9.600000381469727,431.7696228027344,-123.55675300873335,48.13427076398794
2762,0.9999948740005493,0.00011975080997217447,0.0,9.600000381469727,431.7696228027344,-123.55675300873335,48.13427076398794
2763,0.9999948740005493,0.00011975080997217447,0.0,9.600000381469727,431.7696228027344,-123.55675300873335,48.13427076398794
2764,0.9999957084655762,0.00020686854259110987,0.0,9.5,309.5238342285156,-123.55635300873335,48.13427076398794
2765,0.9999957084655762,0.00020686854259110987,0.0,9.5,309.5238342285156,-123.55635300873335,48.13427076398794
2766,0.9999957084655762,0.00020686854259110987,0.0,9.5,309.5238342285156,-123.55635300873335,48.13427076398794
2767,0.9999957084655762,0.00020686854259110987,0.0,9.5,309.5238342285156,-123.55635300873335,48.13427076398794
2768,0.9999957084655762,0.00020686854259110987,0.0,9.5,309.5238342285156,-123.55635300873335,48.13427076398794
2769,0.9999957084655762,0.00020686854259110987,0.0,9.5,309.5238342285156,-123.55635300873335,48.13427076398794
2770,0.9999957084655762,0.00020686854259110987,0.0,9.5,309.5238342285156,-123.55635300873335,48.13427076398794
2771,0.9999957084655762,0.00020686854259110987,0.0,9.5,309.5238342285156,-123.55635300873335,48.13427076398794
2772,0.9999957084655762,0.00020686854259110987,0.0,9.5,309.5238342285156,-123.55635300873335,48.13427076398794
2773,0.9999957084655762,0.00020686854259110987,0.0,9.5,309.5238342285156,-123.55635300873335,48.13427076398794
2774,0.9999971389770508,0.0010331214871257544,0.0,10.050000190734863,179.38784790039062,-123.55595300873335,48.13427076398794
2775,0.9999971389770508,0.0010331214871257544,0.0,10.050000190734863,179.38784790039062,-123.55595300873335,48.13427076398794
2776,0.9999971389770508,0.0010331214871257544,0.0,10.050000190734863,179.38784790039062,-123.55595300873335,48.13427076398794
2777,0.9999971389770508,0.0010331214871257544,0.0,10.050000190734863,179.38784790039062,-123.55595300873335,48.13427076398794
2778,0.9999971389770508,0.0010331214871257544,0.0,10.050000190734863,179.38784790039062,-123.55595300873335,48.13427076398794
2779,0.9999971389770508,0.0010331214871257544,0.0,10.050000190734863,179.38784790039062,-123.55595300873335,48.13427076398794
2780,0.9999971389770508,0.0010331214871257544,0.0,10.050000190734863,179.38784790039062,-123.55595300873335,48.13427076398794
2781,0.9999971389770508,0.0010331214871257544,0.0,10.050000190734863,179.38784790039062,-123.55595300873335,48.13427076398794
2782,0.9999971389770508,0.0010331214871257544,0.0,10.050000190734863,179.38784790039062,-123.55595300873335,48.13427076398794
2783,0.9999971389770508,0.0010331214871257544,0.0,10.050000190734863,179.38784790039062,-123.55595300873335,48.13427076398794
2784,0.9999969005584717,0.004096819553524256,0.0,8.91688060760498,88.86506652832031,-123.55555300873336,48.13427076398794
2785,0.9999969005584717,0.004096819553524256,0.0,8.91688060760498,88.86506652832031,-123.55555300873336,48.13427076398794
2786,0.9999969005584717,0.004096819553524256,0.0,8.91688060760498,88.86506652832031,-123.55555300873336,48.13427076398794
2787,0.9999969005584717,0.004096819553524256,0.0,8.91688060760498,88.86506652832031,-123.55555300873336,48.13427076398794
2788,0.9999969005584717,0.004096819553524256,0.0,8.91688060760498,88.86506652832031,-123.55555300873336,48.13427076398794
2789,0.9999969005584717,0.004096819553524256,0.0,8.91688060760498,88.86506652832031,-123.55555300873336,48.13427076398794
2790,0.9999969005584717,0.004096819553524256,0.0,8.91688060760498,88.86506652832031,-123.55555300873336,48.13427076398794
2791,0.9999969005584717,0.004096819553524256,0.0,8.91688060760498,88.86506652832031,-123.55555300873336,48.13427076398794
2792,0.9999969005584717,0.004096819553524256,0.0,8.91688060760498,88.86506652832031,-123.55555300873336,48.13427076398794
2793,0.9999969005584717,0.004096819553524256,0.0,8.91688060760498,88.86506652832031,-123.55555300873336,48.13427076398794
2794,5.3280778899988945e-08,0.9047101140022278,0.0,7.54170036315918,5.385164737701416,-123.55515300873336,48.13427076398794
2795,5.3280778899988945e-08,0.9047101140022278,0.0,7.54170036315918,5.385164737701416,-123.55515300873336,48.13427076398794
2796,5.3280778899988945e-08,0.9047101140022278,0.0,7.54170036315918,5.385164737701416,-123.55515300873336,48.13427076398794
2797,5.3280778899988945e-08,0.9047101140022278,0.0,7.54170036315918,5.385164737701416,-123.55515300873336,48.13427076398794
2798,5.3280778899988945e-08,0.9047101140022278,0.0,7.54170036315918,5.385164737701416,-123.55515300873336,48.13427076398794
2799,5.3280778899988945e-08,0.9047101140022278,0.0,7.54170036315918,5.385164737701416,-123.55515300873336,48.13427076398794
2800,5.3280778899988945e-08,0.9047101140022278,0.0,7.54170036315918,5.385164737701416,-123.55515300873336,48.13427076398794
2801,5.3280778899988945e-08,0.9047101140022278,0.0,7.54170036315918,5.385164737701416,-123.55515300873336,48.13427076398794
2802,5.3280778899988945e-08,0.9047101140022278,0.0,7.54170036315918,5.385164737701416,-123.55515300873336,48.13427076398794
2803,5.3280778899988945e-08,0.9047101140022278,0.0,7.54170036315918,5.385164737701416,-123.55515300873336,48.13427076398794
2804,1.299269136723069e-09,0.23487946391105652,0.0,8.01439094543457,87.8464584350586,-123.55475300873336,48.13427076398794
2805,1.299269136723069e-09,0.23487946391105652,0.0,8.01439094543457,87.8464584350586,-123.55475300873336,48.13427076398794
2806,1.299269136723069e-09,0.23487946391105652,0.0,8.01439094543457,87.8464584350586,-123.55475300873336,48.13427076398794
2807,1.299269136723069e-09,0.23487946391105652,0.0,8.01439094543457,87.8464584350586,-123.55475300873336,48.13427076398794
2808,1.299269136723069e-09,0.23487946391105652,0.0,8.01439094543457,87.8464584350586,-123.55475300873336,48.13427076398794
2809,1.299269136723069e-09,0.23487946391105652,0.0,8.01439094543457,87.8464584350586,-123.55475300873336,48.13427076398794
2810,1.299269136723069e-09,0.23487946391105652,0.0,8.01439094543457,87.8464584350586,-123.55475300873336,48.13427076398794
2811,1.299269136723069e-09,0.23487946391105652,0.0,8.01439094543457,87.8464584350586,-123.55475300873336,48.13427076398794
2812,1.299269136723069e-09,0.23487946391105652,0.0,8.01439094543457,87.8464584350586,-123.55475300873336,48.13427076398794
2813,1.299269136723069e-09,0.23487946391105652,0.0,8.01439094543457,87.8464584350586,-123.55475300873336,48.13427076398794
2814,0.0,0.0,0.0,0.0,76.0,-123.55435300873336,48.13427076398794
2815,0.0,0.0,0.0,0.0,76.0,-123.55435300873336,48.13427076398794
2816,0.0,0.0,0.0,0.0,76.0,-123.55435300873336,48.13427076398794
2817,0.0,0.0,0.0,0.0,76.0,-123.55435300873336,48.13427076398794
2818,0.0,0.0,0.0,0.0,76.0,-123.55435300873336,48.13427076398794
2819,0.0,0.0,0.0,0.0,157.43569946289062,-123.55395300873336,48.13427076398794
2820,0.0,0.0,0.0,0.0,187.38729858398438,-123.56155300873334,48.13387076398794
2821,0.0,0.0,0.0,0.0,187.38729858398438,-123.56155300873334,48.13387076398794
2822,1.0805009651448927e-06,0.6273745894432068,0.0,7.465340614318848,1.0,-123.56115300873334,48.13387076398794
2823,1.0805009651448927e-06,0.6273745894432068,0.0,7.465340614318848,1.0,-123.56115300873334,48.13387076398794
2824,1.0805009651448927e-06,0.6273745894432068,0.0,7.465340614318848,1.0,-123.56115300873334,48.13387076398794
2825,1.0805009651448927e-06,0.6273745894432068,0.0,7.465340614318848,1.0,-123.56115300873334,48.13387076398794
2826,1.0805009651448927e-06,0.6273745894432068,0.0,7.465340614318848,1.0,-123.56115300873334,48.13387076398794
2827,1.0805009651448927e-06,0.6273745894432068,0.0,7.465340614318848,1.0,-123.56115300873334,48.13387076398794
2828,1.0805009651448927e-06,0.6273745894432068,0.0,7.465340614318848,1.0,-123.56115300873334,48.13387076398794
2829,1.0805009651448927e-06,0.6273745894432068,0.0,7.465340614318848,1.0,-123.56115300873334,48.13387076398794
2830,1.0805009651448927e-06,0.6273745894432068,0.0,7.465340614318848,1.0,-123.56115300873334,48.13387076398794
2831,1.0805009651448927e-06,0.6273745894432068,0.0,7.465340614318848,1.0,-123.56115300873334,48.13387076398794
2832,0.9948542714118958,0.00011917985830223188,0.0,9.119999885559082,140.132080078125,-123.56075300873334,48.13387076398794
2833,0.9948542714118958,0.00011917985830223188,0.0,9.119999885559082,140.132080078125,-123.56075300873334,48.13387076398794
2834,0.9948542714118958,0.00011917985830223188,0.0,9.119999885559082,140.132080078125,-123.56075300873334,48.13387076398794
2835,0.9948542714118958,0.00011917985830223188,0.0,9.119999885559082,140.132080078125,-123.56075300873334,48.13387076398794
2836,0.9948542714118958,0.00011917985830223188,0.0,9.119999885559082,140.132080078125,-123.56075300873334,48.13387076398794
2837,0.9948542714118958,0.00011917985830223188,0.0,9.119999885559082,140.132080078125,-123.56075300873334,48.13387076398794
2838,0.9948542714118958,0.00011917985830223188,0.0,9.119999885559082,140.132080078125,-123.56075300873334,48.13387076398794
2839,0.9948542714118958,0.00011917985830223188,0.0,9.119999885559082,140.132080078125,-123.56075300873334,48.13387076398794
2840,0.9948542714118958,0.00011917985830223188,0.0,9.119999885559082,140.132080078125,-123.56075300873334,48.13387076398794
2841,0.9948542714118958,0.00011917985830223188,0.0,9.119999885559082,140.132080078125,-123.56075300873334,48.13387076398794
2842,0.9999982118606567,3.8217993278522044e-05,0.0,9.770000457763672,249.0883331298828,-123.56035300873334,48.13387076398794
2843,0.9999982118606567,3.8217993278522044e-05,0.0,9.770000457763672,249.0883331298828,-123.56035300873334,48.13387076398794
2844,0.9999982118606567,3.8217993278522044e-05,0.0,9.770000457763672,249.0883331298828,-123.56035300873334,48.13387076398794
2845,0.9999982118606567,3.8217993278522044e-05,0.0,9.770000457763672,249.0883331298828,-123.56035300873334,48.13387076398794
2846,0.9999982118606567,3.8217993278522044e-05,0.0,9.770000457763672,249.0883331298828,-123.56035300873334,48.13387076398794
2847,0.9999982118606567,3.8217993278522044e-05,0.0,9.770000457763672,249.0883331298828,-123.56035300873334,48.13387076398794
2848,0.9999982118606567,3.8217993278522044e-05,0.0,9.770000457763672,249.0883331298828,-123.56035300873334,48.13387076398794
2849,0.9999982118606567,3.8217993278522044e-05,0.0,9.770000457763672,249.0883331298828,-123.56035300873334,48.13387076398794
2850,0.9999982118606567,3.8217993278522044e-05,0.0,9.770000457763672,249.0883331298828,-123.56035300873334,48.13387076398794
2851,0.9999982118606567,3.8217993278522044e-05,0.0,9.770000457763672,249.0883331298828,-123.56035300873334,48.13387076398794
2852,0.9997594952583313,4.837815504288301e-05,0.0,9.8100004196167,245.16525268554688,-123.55995300873334,48.13387076398794
2853,0.9997594952583313,4.837815504288301e-05,0.0,9.8100004196167,245.16525268554688,-123.55995300873334,48.13387076398794
2854,0.9997594952583313,4.837815504288301e-05,0.0,9.8100004196167,245.16525268554688,-123.55995300873334,48.13387076398794
2855,0.9997594952583313,4.837815504288301e-05,0.0,9.8100004196167,245.16525268554688,-123.55995300873334,48.13387076398794
2856,0.9997594952583313,4.837815504288301e-05,0.0,9.8100004196167,245.16525268554688,-123.55995300873334,48.13387076398794
2857,0.9997594952583313,4.837815504288301e-05,0.0,9.8100004196167,245.16525268554688,-123.55995300873334,48.13387076398794
2858,0.9997594952583313,4.837815504288301e-05,0.0,9.8100004196167,245.16525268554688,-123.55995300873334,48.13387076398794
2859,0.9997594952583313,4.837815504288301e-05,0.0,9.8100004196167,245.16525268554688,-123.55995300873334,48.13387076398794
2860,0.9997594952583313,4.837815504288301e-05,0.0,9.8100004196167,245.16525268554688,-123.55995300873334,48.13387076398794
2861,0.9997594952583313,4.837815504288301e-05,0.0,9.8100004196167,245.16525268554688,-123.55995300873334,48.13387076398794
2862,0.9999755620956421,7.842390186851844e-05,0.0,9.619999885559082,249.2007293701172,-123.55955300873335,48.13387076398794
2863,0.9999755620956421,7.842390186851844e-05,0.0,9.619999885559082,249.2007293701172,-123.55955300873335,48.13387076398794
2864,0.9999755620956421,7.842390186851844e-05,0.0,9.619999885559082,249.2007293701172,-123.55955300873335,48.13387076398794
2865,0.9999755620956421,7.842390186851844e-05,0.0,9.619999885559082,249.2007293701172,-123.55955300873335,48.13387076398794
2866,0.9999755620956421,7.842390186851844e-05,0.0,9.619999885559082,249.2007293701172,-123.55955300873335,48.13387076398794
2867,0.9999755620956421,7.842390186851844e-05,0.0,9.619999885559082,249.2007293701172,-123.55955300873335,48.13387076398794
2868,0.9999755620956421,7.842390186851844e-05,0.0,9.619999885559082,249.2007293701172,-123.55955300873335,48.13387076398794
2869,0.9999755620956421,7.842390186851844e-05,0.0,9.619999885559082,249.2007293701172,-123.55955300873335,48.13387076398794
2870,0.9999755620956421,7.842390186851844e-05,0.0,9.619999885559082,249.2007293701172,-123.55955300873335,48.13387076398794
2871,0.9999755620956421,7.842390186851844e-05,0.0,9.619999885559082,249.2007293701172,-123.55955300873335,48.13387076398794
2872,0.9999997615814209,9.769043390406296e-05,0.0,9.84000015258789,269.9425964355469,-123.55915300873335,48.13387076398794
2873,0.9999997615814209,9.769043390406296e-05,0.0,9.84000015258789,269.9425964355469,-123.55915300873335,48.13387076398794
2874,0.9999997615814209,9.769043390406296e-05,0.0,9.84000015258789,269.9425964355469,-123.55915300873335,48.13387076398794
2875,0.9999997615814209,9.769043390406296e-05,0.0,9.84000015258789,269.9425964355469,-123.55915300873335,48.13387076398794
2876,0.9999997615814209,9.769043390406296e-05,0.0,9.84000015258789,269.9425964355469,-123.55915300873335,48.13387076398794
2877,0.9999997615814209,9.769043390406296e-05,0.0,9.84000015258789,269.9425964355469,-123.55915300873335,48.13387076398794
2878,0.9999997615814209,9.769043390406296e-05,0.0,9.84000015258789,269.9425964355469,-123.55915300873335,48.13387076398794
2879,0.9999997615814209,9.769043390406296e-05,0.0,9.84000015258789,269.9425964355469,-123.55915300873335,48.13387076398794
2880,0.9999997615814209,9.769043390406296e-05,0.0,9.84000015258789,269.9425964355469,-123.55915300873335,48.13387076398794
2881,0.9999997615814209,9.769043390406296e-05,0.0,9.84000015258789,269.9425964355469,-123.55915300873335,48.13387076398794
2882,0.999954342842102,0.008101490326225758,0.0,8.470000267028809,391.1521301269531,-123.55875300873335,48.13387076398794
2883,0.999954342842102,0.008101490326225758,0.0,8.470000267028809,391.1521301269531,-123.55875300873335,48.13387076398794
2884,0.999954342842102,0.008101490326225758,0.0,8.470000267028809,391.1521301269531,-123.55875300873335,48.13387076398794
2885,0.999954342842102,0.008101490326225758,0.0,8.470000267028809,391.1521301269531,-123.55875300873335,48.13387076398794
2886,0.999954342842102,0.008101490326225758,0.0,8.470000267028809,391.1521301269531,-123.55875300873335,48.13387076398794
2887,0.999954342842102,0.008101490326225758,0.0,8.470000267028809,391.1521301269531,-123.55875300873335,48.13387076398794
2888,0.999954342842102,0.008101490326225758,0.0,8.470000267028809,391.1521301269531,-123.55875300873335,48.13387076398794
2889,0.999954342842102,0.008101490326225758,0.0,8.470000267028809,391.1521301269531,-123.55875300873335,48.13387076398794
2890,0.999954342842102,0.008101490326225758,0.0,8.470000267028809,391.1521301269531,-123.55875300873335,48.13387076398794
2891,0.999954342842102,0.008101490326225758,0.0,8.470000267028809,391.1521301269531,-123.55875300873335,48.13387076398794
2892,0.9999520778656006,0.0004678874392993748,0.0,9.470000267028809,543.28076171875,-123.55835300873335,48.13387076398794
2893,0.9999520778656006,0.0004678874392993748,0.0,9.470000267028809,543.28076171875,-123.55835300873335,48.13387076398794
2894,0.9999520778656006,0.0004678874392993748,0.0,9.470000267028809,543.28076171875,-123.55835300873335,48.13387076398794
2895,0.9999520778656006,0.0004678874392993748,0.0,9.470000267028809,543.28076171875,-123.55835300873335,48.13387076398794
2896,0.9999520778656006,0.0004678874392993748,0.0,9.470000267028809,543.28076171875,-123.55835300873335,48.13387076398794
2897,0.9999520778656006,0.0004678874392993748,0.0,9.470000267028809,543.28076171875,-123.55835300873335,48.13387076398794
2898,0.9999520778656006,0.0004678874392993748,0.0,9.470000267028809,543.28076171875,-123.55835300873335,48.13387076398794
2899,0.9999520778656006,0.0004678874392993748,0.0,9.470000267028809,543.28076171875,-123.55835300873335,48.13387076398794
2900,0.9999520778656006,0.0004678874392993748,0.0,9.470000267028809,543.28076171875,-123.55835300873335,48.13387076398794
2901,0.9999520778656006,0.0004678874392993748,0.0,9.470000267028809,543.28076171875,-123.55835300873335,48.13387076398794
2902,0.999977707862854,0.00024319946533069015,0.0,8.949999809265137,620.7551879882812,-123.55795300873335,48.13387076398794
2903,0.999977707862854,0.00024319946533069015,0.0,8.949999809265137,620.7551879882812,-123.55795300873335,48.13387076398794
2904,0.999977707862854,0.00024319946533069015,0.0,8.949999809265137,620.7551879882812,-123.55795300873335,48.13387076398794
2905,0.999977707862854,0.00024319946533069015,0.0,8.949999809265137,620.7551879882812,-123.55795300873335,48.13387076398794
2906,0.999977707862854,0.00024319946533069015,0.0,8.949999809265137,620.7551879882812,-123.55795300873335,48.13387076398794
2907,0.999977707862854,0.00024319946533069015,0.0,8.949999809265137,620.7551879882812,-123.55795300873335,48.13387076398794
2908,0.999977707862854,0.00024319946533069015,0.0,8.949999809265137,620.7551879882812,-123.55795300873335,48.13387076398794
2909,0.999977707862854,0.00024319946533069015,0.0,8.949999809265137,620.7551879882812,-123.55795300873335,48.13387076398794
2910,0.999977707862854,0.00024319946533069015,0.0,8.949999809265137,620.7551879882812,-123.55795300873335,48.13387076398794
2911,0.999977707862854,0.00024319946533069015,0.0,8.949999809265137,620.7551879882812,-123.55795300873335,48.13387076398794
2912,0.005228978116065264,0.026363013312220573,0.0,8.479999542236328,738.4097900390625,-123.55755300873335,48.13387076398794
2913,0.005228978116065264,0.026363013312220573,0.0,8.479999542236328,738.4097900390625,-123.55755300873335,48.13387076398794
2914,0.005228978116065264,0.026363013312220573,0.0,8.479999542236328,738.4097900390625,-123.55755300873335,48.13387076398794
2915,0.005228978116065264,0.026363013312220573,0.0,8.479999542236328,738.4097900390625,-123.55755300873335,48.13387076398794
2916,0.005228978116065264,0.026363013312220573,0.0,8.479999542236328,738.4097900390625,-123.55755300873335,48.13387076398794
2917,0.005228978116065264,0.026363013312220573,0.0,8.479999542236328,738.4097900390625,-123.55755300873335,48.13387076398794
2918,0.005228978116065264,0.026363013312220573,0.0,8.479999542236328,738.4097900390625,-123.55755300873335,48.13387076398794
2919,0.005228978116065264,0.026363013312220573,0.0,8.479999542236328,738.4097900390625,-123.55755300873335,48.13387076398794
2920,0.005228978116065264,0.026363013312220573,0.0,8.479999542236328,738.4097900390625,-123.55755300873335,48.13387076398794
2921,0.005228978116065264,0.026363013312220573,0.0,8.479999542236328,738.4097900390625,-123.55755300873335,48.13387076398794
2922,0.9949918389320374,0.0008034640341065824,0.0,8.680000305175781,784.1077880859375,-123.55715300873335,48.13387076398794
2923,0.9949918389320374,0.0008034640341065824,0.0,8.680000305175781,784.1077880859375,-123.55715300873335,48.13387076398794
2924,0.9949918389320374,0.0008034640341065824,0.0,8.680000305175781,784.1077880859375,-123.55715300873335,48.13387076398794
2925,0.9949918389320374,0.0008034640341065824,0.0,8.680000305175781,784.1077880859375,-123.55715300873335,48.13387076398794
2926,0.9949918389320374,0.0008034640341065824,0.0,8.680000305175781,784.1077880859375,-123.55715300873335,48.13387076398794
2927,0.9949918389320374,0.0008034640341065824,0.0,8.680000305175781,784.1077880859375,-123.55715300873335,48.13387076398794
2928,0.9949918389320374,0.0008034640341065824,0.0,8.680000305175781,784.1077880859375,-123.55715300873335,48.13387076398794
2929,0.9949918389320374,0.0008034640341065824,0.0,8.680000305175781,784.1077880859375,-123.55715300873335,48.13387076398794
2930,0.9949918389320374,0.0008034640341065824,0.0,8.680000305175781,784.1077880859375,-123.55715300873335,48.13387076398794
2931,0.9949918389320374,0.0008034640341065824,0.0,8.680000305175781,784.1077880859375,-123.55715300873335,48.13387076398794
2932,0.9999984502792358,7.05363490851596e-05,0.0,9.199999809265137,659.7348022460938,-123.55675300873335,48.13387076398794
2933,0.9999984502792358,7.05363490851596e-05,0.0,9.199999809265137,659.7348022460938,-123.55675300873335,48.13387076398794
2934,0.9999984502792358,7.05363490851596e-05,0.0,9.199999809265137,659.7348022460938,-123.55675300873335,48.13387076398794
2935,0.9999984502792358,7.05363490851596e-05,0.0,9.199999809265137,659.7348022460938,-123.55675300873335,48.13387076398794
2936,0.9999984502792358,7.05363490851596e-05,0.0,9.199999809265137,659.7348022460938,-123.55675300873335,48.13387076398794
2937,0.9999984502792358,7.05363490851596e-05,0.0,9.199999809265137,659.7348022460938,-123.55675300873335,48.13387076398794
2938,0.9999984502792358,7.05363490851596e-05,0.0,9.199999809265137,659.7348022460938,-123.55675300873335,48.13387076398794
2939,0.9999984502792358,7.05363490851596e-05,0.0,9.199999809265137,659.7348022460938,-123.55675300873335,48.13387076398794
2940,0.9999984502792358,7.05363490851596e-05,0.0,9.199999809265137,659.7348022460938,-123.55675300873335,48.13387076398794
2941,0.9999984502792358,7.05363490851596e-05,0.0,9.199999809265137,659.7348022460938,-123.55675300873335,48.13387076398794
2942,0.9999986886978149,8.170860382961109e-05,0.0,9.359999656677246,519.5122680664062,-123.55635300873335,48.13387076398794
2943,0.9999986886978149,8.170860382961109e-05,0.0,9.359999656677246,519.5122680664062,-123.55635300873335,48.13387076398794
2944,0.9999986886978149,8.170860382961109e-05,0.0,9.359999656677246,519.5122680664062,-123.55635300873335,48.13387076398794
2945,0.9999986886978149,8.170860382961109e-05,0.0,9.359999656677246,519.5122680664062,-123.55635300873335,48.13387076398794
2946,0.9999986886978149,8.170860382961109e-05,0.0,9.359999656677246,519.5122680664062,-123.55635300873335,48.13387076398794
2947,0.9999986886978149,8.170860382961109e-05,0.0,9.359999656677246,519.5122680664062,-123.55635300873335,48.13387076398794
2948,0.9999986886978149,8.170860382961109e-05,0.0,9.359999656677246,519.5122680664062,-123.55635300873335,48.13387076398794
2949,0.9999986886978149,8.170860382961109e-05,0.0,9.359999656677246,519.5122680664062,-123.55635300873335,48.13387076398794
2950,0.9999986886978149,8.170860382961109e-05,0.0,9.359999656677246,519.5122680664062,-123.55635300873335,48.13387076398794
2951,0.9999986886978149,8.170860382961109e-05,0.0,9.359999656677246,519.5122680664062,-123.55635300873335,48.13387076398794
2952,0.9999679327011108,0.0008275987929664552,0.0,10.100000381469727,415.4046325683594,-123.55595300873335,48.13387076398794
2953,0.9999679327011108,0.0008275987929664552,0.0,10.100000381469727,415.4046325683594,-123.55595300873335,48.13387076398794
2954,0.9999679327011108,0.0008275987929664552,0.0,10.100000381469727,415.4046325683594,-123.55595300873335,48.13387076398794
2955,0.9999679327011108,0.0008275987929664552,0.0,10.100000381469727,415.4046325683594,-123.55595300873335,48.13387076398794
2956,0.9999679327011108,0.0008275987929664552,0.0,10.100000381469727,415.4046325683594,-123.55595300873335,48.13387076398794
2957,0.9999679327011108,0.0008275987929664552,0.0,10.100000381469727,415.4046325683594,-123.55595300873335,48.13387076398794
2958,0.9999679327011108,0.0008275987929664552,0.0,10.100000381469727,415.4046325683594,-123.55595300873335,48.13387076398794
2959,0.9999679327011108,0.0008275987929664552,0.0,10.100000381469727,415.4046325683594,-123.55595300873335,48.13387076398794
2960,0.9999679327011108,0.0008275987929664552,0.0,10.100000381469727,415.4046325683594,-123.55595300873335,48.13387076398794
2961,0.9999679327011108,0.0008275987929664552,0.0,10.100000381469727,415.4046325683594,-123.55595300873335,48.13387076398794
2962,0.9999933242797852,0.00010104347165906802,0.0,9.640000343322754,331.40911865234375,-123.55555300873336,48.13387076398794
2963,0.9999933242797852,0.00010104347165906802,0.0,9.640000343322754,331.40911865234375,-123.55555300873336,48.13387076398794
2964,0.9999933242797852,0.00010104347165906802,0.0,9.640000343322754,331.40911865234375,-123.55555300873336,48.13387076398794
2965,0.9999933242797852,0.00010104347165906802,0.0,9.640000343322754,331.40911865234375,-123.55555300873336,48.13387076398794
2966,0.9999933242797852,0.00010104347165906802,0.0,9.640000343322754,331.40911865234375,-123.55555300873336,48.13387076398794
2967,0.9999933242797852,0.00010104347165906802,0.0,9.640000343322754,331.40911865234375,-123.55555300873336,48.13387076398794
2968,0.9999933242797852,0.00010104347165906802,0.0,9.640000343322754,331.40911865234375,-123.55555300873336,48.13387076398794
2969,0.9999933242797852,0.00010104347165906802,0.0,9.640000343322754,331.40911865234375,-123.55555300873336,48.13387076398794
2970,0.9999933242797852,0.00010104347165906802,0.0,9.640000343322754,331.40911865234375,-123.55555300873336,48.13387076398794
2971,0.9999933242797852,0.00010104347165906802,0.0,9.640000343322754,331.40911865234375,-123.55555300873336,48.13387076398794
2972,0.9999974966049194,0.0002994495735038072,0.0,9.779999732971191,242.52835083007812,-123.55515300873336,48.13387076398794
2973,0.9999974966049194,0.0002994495735038072,0.0,9.779999732971191,242.52835083007812,-123.55515300873336,48.13387076398794
2974,0.9999974966049194,0.0002994495735038072,0.0,9.779999732971191,242.52835083007812,-123.55515300873336,48.13387076398794
2975,0.9999974966049194,0.0002994495735038072,0.0,9.779999732971191,242.52835083007812,-123.55515300873336,48.13387076398794
2976,0.9999974966049194,0.0002994495735038072,0.0,9.779999732971191,242.52835083007812,-123.55515300873336,48.13387076398794
2977,0.9999974966049194,0.0002994495735038072,0.0,9.779999732971191,242.52835083007812,-123.55515300873336,48.13387076398794
2978,0.9999974966049194,0.0002994495735038072,0.0,9.779999732971191,242.52835083007812,-123.55515300873336,48.13387076398794
2979,0.9999974966049194,0.0002994495735038072,0.0,9.779999732971191,242.52835083007812,-123.55515300873336,48.13387076398794
2980,0.9999974966049194,0.0002994495735038072,0.0,9.779999732971191,242.52835083007812,-123.55515300873336,48.13387076398794
2981,0.9999974966049194,0.0002994495735038072,0.0,9.779999732971191,242.52835083007812,-123.55515300873336,48.13387076398794
2982,0.9989157915115356,0.010375703684985638,0.0,8.920223236083984,148.38462829589844,-123.55475300873336,48.13387076398794
2983,0.9989157915115356,0.010375703684985638,0.0,8.920223236083984,148.38462829589844,-123.55475300873336,48.13387076398794
2984,0.9989157915115356,0.010375703684985638,0.0,8.920223236083984,148.38462829589844,-123.55475300873336,48.13387076398794
2985,0.9989157915115356,0.010375703684985638,0.0,8.920223236083984,148.38462829589844,-123.55475300873336,48.13387076398794
2986,0.9989157915115356,0.010375703684985638,0.0,8.920223236083984,148.38462829589844,-123.55475300873336,48.13387076398794
2987,0.9989157915115356,0.010375703684985638,0.0,8.920223236083984,148.38462829589844,-123.55475300873336,48.13387076398794
2988,0.9989157915115356,0.010375703684985638,0.0,8.920223236083984,148.38462829589844,-123.55475300873336,48.13387076398794
2989,0.9989157915115356,0.010375703684985638,0.0,8.920223236083984,148.38462829589844,-123.55475300873336,48.13387076398794
2990,0.9989157915115356,0.010375703684985638,0.0,8.920223236083984,148.38462829589844,-123.55475300873336,48.13387076398794
2991,0.9989157915115356,0.010375703684985638,0.0,8.920223236083984,148.38462829589844,-123.55475300873336,48.13387076398794
2992,5.764949762010474e-08,0.5983630418777466,0.0,8.84677791595459,60.87692642211914,-123.55435300873336,48.13387076398794
2993,5.764949762010474e-08,0.5983630418777466,0.0,8.84677791595459,60.87692642211914,-123.55435300873336,48.13387076398794
2994,5.764949762010474e-08,0.5983630418777466,0.0,8.84677791595459,60.87692642211914,-123.55435300873336,48.13387076398794
2995,5.764949762010474e-08,0.5983630418777466,0.0,8.84677791595459,60.87692642211914,-123.55435300873336,48.13387076398794
2996,5.764949762010474e-08,0.5983630418777466,0.0,8.84677791595459,60.87692642211914,-123.55435300873336,48.13387076398794
2997,5.764949762010474e-08,0.5983630418777466,0.0,8.84677791595459,60.87692642211914,-123.55435300873336,48.13387076398794
2998,5.764949762010474e-08,0.5983630418777466,0.0,8.84677791595459,60.87692642211914,-123.55435300873336,48.13387076398794
2999,5.764949762010474e-08,0.5983630418777466,0.0,8.84677791595459,60.87692642211914,-123.55435300873336,48.13387076398794
3000,5.764949762010474e-08,0.5983630418777466,0.0,8.84677791595459,60.87692642211914,-123.55435300873336,48.13387076398794
3001,5.764949762010474e-08,0.5983630418777466,0.0,8.84677791595459,60.87692642211914,-123.55435300873336,48.13387076398794
3002,5.994285068311456e-10,0.6830403208732605,0.0,7.5545806884765625,4.0,-123.55395300873336,48.13387076398794
3003,5.994285068311456e-10,0.6830403208732605,0.0,7.5545806884765625,4.0,-123.55395300873336,48.13387076398794
3004,5.994285068311456e-10,0.6830403208732605,0.0,7.5545806884765625,4.0,-123.55395300873336,48.13387076398794
3005,5.994285068311456e-10,0.6830403208732605,0.0,7.5545806884765625,4.0,-123.55395300873336,48.13387076398794
3006,5.994285068311456e-10,0.6830403208732605,0.0,7.5545806884765625,4.0,-123.55395300873336,48.13387076398794
3007,5.994285068311456e-10,0.6830403208732605,0.0,7.5545806884765625,4.0,-123.55395300873336,48.13387076398794
3008,5.994285068311456e-10,0.6830403208732605,0.0,7.5545806884765625,4.0,-123.55395300873336,48.13387076398794
3009,5.994285068311456e-10,0.6830403208732605,0.0,7.5545806884765625,4.0,-123.55395300873336,48.13387076398794
3010,5.994285068311456e-10,0.6830403208732605,0.0,7.5545806884765625,4.0,-123.55395300873336,48.13387076398794
3011,5.994285068311456e-10,0.6830403208732605,0.0,7.5545806884765625,4.0,-123.55395300873336,48.13387076398794
3012,1.6779925999799161e-06,0.7105405926704407,0.0,7.747324466705322,4.0,-123.55355300873336,48.13387076398794
3013,1.6779925999799161e-06,0.7105405926704407,0.0,7.747324466705322,4.0,-123.55355300873336,48.13387076398794
3014,1.6779925999799161e-06,0.7105405926704407,0.0,7.747324466705322,4.0,-123.55355300873336,48.13387076398794
3015,1.6779925999799161e-06,0.7105405926704407,0.0,7.747324466705322,4.0,-123.55355300873336,48.13387076398794
3016,1.6779925999799161e-06,0.7105405926704407,0.0,7.747324466705322,4.0,-123.55355300873336,48.13387076398794
3017,1.6779925999799161e-06,0.7105405926704407,0.0,7.747324466705322,4.0,-123.55355300873336,48.13387076398794
3018,1.6779925999799161e-06,0.7105405926704407,0.0,7.747324466705322,4.0,-123.55355300873336,48.13387076398794
3019,1.6779925999799161e-06,0.7105405926704407,0.0,7.747324466705322,4.0,-123.55355300873336,48.13387076398794
3020,1.6779925999799161e-06,0.7105405926704407,0.0,7.747324466705322,4.0,-123.55355300873336,48.13387076398794
3021,1.6779925999799161e-06,0.7105405926704407,0.0,7.747324466705322,4.0,-123.55355300873336,48.13387076398794
3022,0.00014904883573763072,0.46144190430641174,0.0,8.079976081848145,14.0,-123.55315300873336,48.13387076398794
3023,0.00014904883573763072,0.46144190430641174,0.0,8.079976081848145,14.0,-123.55315300873336,48.13387076398794
3024,0.00014904883573763072,0.46144190430641174,0.0,8.079976081848145,14.0,-123.55315300873336,48.13387076398794
3025,0.00014904883573763072,0.46144190430641174,0.0,8.079976081848145,14.0,-123.55315300873336,48.13387076398794
3026,0.00014904883573763072,0.46144190430641174,0.0,8.079976081848145,14.0,-123.55315300873336,48.13387076398794
3027,0.00014904883573763072,0.46144190430641174,0.0,8.079976081848145,14.0,-123.55315300873336,48.13387076398794
3028,0.00014904883573763072,0.46144190430641174,0.0,8.079976081848145,14.0,-123.55315300873336,48.13387076398794
3029,0.00014904883573763072,0.46144190430641174,0.0,8.079976081848145,14.0,-123.55315300873336,48.13387076398794
3030,0.00014904883573763072,0.46144190430641174,0.0,8.079976081848145,14.0,-123.55315300873336,48.13387076398794
3031,0.00014904883573763072,0.46144190430641174,0.0,8.079976081848145,14.0,-123.55315300873336,48.13387076398794
3032,2.054776268778369e-05,0.019297434017062187,0.0,9.021224021911621,30.0,-123.55275300873336,48.13387076398794
3033,2.054776268778369e-05,0.019297434017062187,0.0,9.021224021911621,30.0,-123.55275300873336,48.13387076398794
3034,2.054776268778369e-05,0.019297434017062187,0.0,9.021224021911621,30.0,-123.55275300873336,48.13387076398794
3035,2.054776268778369e-05,0.019297434017062187,0.0,9.021224021911621,30.0,-123.55275300873336,48.13387076398794
3036,2.054776268778369e-05,0.019297434017062187,0.0,9.021224021911621,30.0,-123.55275300873336,48.13387076398794
3037,2.054776268778369e-05,0.019297434017062187,0.0,9.021224021911621,30.0,-123.55275300873336,48.13387076398794
3038,2.054776268778369e-05,0.019297434017062187,0.0,9.021224021911621,30.0,-123.55275300873336,48.13387076398794
3039,2.054776268778369e-05,0.019297434017062187,0.0,9.021224021911621,30.0,-123.55275300873336,48.13387076398794
3040,2.054776268778369e-05,0.019297434017062187,0.0,9.021224021911621,30.0,-123.55275300873336,48.13387076398794
3041,2.054776268778369e-05,0.019297434017062187,0.0,9.021224021911621,30.0,-123.55275300873336,48.13387076398794
3042,7.10929962224327e-05,0.9768262505531311,0.0,9.227286338806152,24.0,-123.55235300873336,48.13387076398794
3043,7.10929962224327e-05,0.9768262505531311,0.0,9.227286338806152,24.0,-123.55235300873336,48.13387076398794
3044,7.10929962224327e-05,0.9768262505531311,0.0,9.227286338806152,24.0,-123.55235300873336,48.13387076398794
3045,7.10929962224327e-05,0.9768262505531311,0.0,9.227286338806152,24.0,-123.55235300873336,48.13387076398794
3046,7.10929962224327e-05,0.9768262505531311,0.0,9.227286338806152,24.0,-123.55235300873336,48.13387076398794
3047,7.10929962224327e-05,0.9768262505531311,0.0,9.227286338806152,24.0,-123.55235300873336,48.13387076398794
3048,7.10929962224327e-05,0.9768262505531311,0.0,9.227286338806152,24.0,-123.55235300873336,48.13387076398794
3049,7.10929962224327e-05,0.9768262505531311,0.0,9.227286338806152,24.0,-123.55235300873336,48.13387076398794
3050,7.10929962224327e-05,0.9768262505531311,0.0,9.227286338806152,24.0,-123.55235300873336,48.13387076398794
3051,7.10929962224327e-05,0.9768262505531311,0.0,9.227286338806152,24.0,-123.55235300873336,48.13387076398794
3052,0.10298746079206467,0.12679047882556915,0.0,9.269734382629395,35.902645111083984,-123.55195300873336,48.13387076398794
3053,0.10298746079206467,0.12679047882556915,0.0,9.269734382629395,35.902645111083984,-123.55195300873336,48.13387076398794
3054,0.10298746079206467,0.12679047882556915,0.0,9.269734382629395,35.902645111083984,-123.55195300873336,48.13387076398794
3055,0.10298746079206467,0.12679047882556915,0.0,9.269734382629395,35.902645111083984,-123.55195300873336,48.13387076398794
3056,0.10298746079206467,0.12679047882556915,0.0,9.269734382629395,35.902645111083984,-123.55195300873336,48.13387076398794
3057,0.10298746079206467,0.12679047882556915,0.0,9.269734382629395,35.902645111083984,-123.55195300873336,48.13387076398794
3058,0.10298746079206467,0.12679047882556915,0.0,9.269734382629395,35.902645111083984,-123.55195300873336,48.13387076398794
3059,0.10298746079206467,0.12679047882556915,0.0,9.269734382629395,35.902645111083984,-123.55195300873336,48.13387076398794
3060,0.10298746079206467,0.12679047882556915,0.0,9.269734382629395,35.902645111083984,-123.55195300873336,48.13387076398794
3061,0.10298746079206467,0.12679047882556915,0.0,9.269734382629395,35.902645111083984,-123.55195300873336,48.13387076398794
3062,0.9942573308944702,0.022918034344911575,0.0,8.970000267028809,210.7723846435547,-123.56115300873334,48.133470763987944
3063,0.9942573308944702,0.022918034344911575,0.0,8.970000267028809,210.7723846435547,-123.56115300873334,48.133470763987944
3064,0.9942573308944702,0.022918034344911575,0.0,8.970000267028809,210.7723846435547,-123.56115300873334,48.133470763987944
3065,0.9942573308944702,0.022918034344911575,0.0,8.970000267028809,210.7723846435547,-123.56115300873334,48.133470763987944
3066,0.9942573308944702,0.022918034344911575,0.0,8.970000267028809,210.7723846435547,-123.56115300873334,48.133470763987944
3067,0.9942573308944702,0.022918034344911575,0.0,8.970000267028809,210.7723846435547,-123.56115300873334,48.133470763987944
3068,0.9942573308944702,0.022918034344911575,0.0,8.970000267028809,210.7723846435547,-123.56115300873334,48.133470763987944
3069,0.9942573308944702,0.022918034344911575,0.0,8.970000267028809,210.7723846435547,-123.56115300873334,48.133470763987944
3070,0.9942573308944702,0.022918034344911575,0.0,8.970000267028809,210.7723846435547,-123.56115300873334,48.133470763987944
3071,0.00045909604523330927,0.178994283080101,0.0,7.512341499328613,75.1664810180664,-123.56075300873334,48.133470763987944
3072,0.00045909604523330927,0.178994283080101,0.0,7.512341499328613,75.1664810180664,-123.56075300873334,48.133470763987944
3073,0.00045909604523330927,0.178994283080101,0.0,7.512341499328613,75.1664810180664,-123.56075300873334,48.133470763987944
3074,0.00045909604523330927,0.178994283080101,0.0,7.512341499328613,75.1664810180664,-123.56075300873334,48.133470763987944
3075,0.00045909604523330927,0.178994283080101,0.0,7.512341499328613,75.1664810180664,-123.56075300873334,48.133470763987944
3076,0.00045909604523330927,0.178994283080101,0.0,7.512341499328613,75.1664810180664,-123.56075300873334,48.133470763987944
3077,0.00045909604523330927,0.178994283080101,0.0,7.512341499328613,75.1664810180664,-123.56075300873334,48.133470763987944
3078,0.00045909604523330927,0.178994283080101,0.0,7.512341499328613,75.1664810180664,-123.56075300873334,48.133470763987944
3079,0.00045909604523330927,0.178994283080101,0.0,7.512341499328613,75.1664810180664,-123.56075300873334,48.133470763987944
3080,0.00045909604523330927,0.178994283080101,0.0,7.512341499328613,75.1664810180664,-123.56075300873334,48.133470763987944
3081,7.680347152927425e-06,0.5712848901748657,0.0,9.11552619934082,2.0,-123.56035300873334,48.133470763987944
3082,7.680347152927425e-06,0.5712848901748657,0.0,9.11552619934082,2.0,-123.56035300873334,48.133470763987944
3083,7.680347152927425e-06,0.5712848901748657,0.0,9.11552619934082,2.0,-123.56035300873334,48.133470763987944
3084,7.680347152927425e-06,0.5712848901748657,0.0,9.11552619934082,2.0,-123.56035300873334,48.133470763987944
3085,7.680347152927425e-06,0.5712848901748657,0.0,9.11552619934082,2.0,-123.56035300873334,48.133470763987944
3086,7.680347152927425e-06,0.5712848901748657,0.0,9.11552619934082,2.0,-123.56035300873334,48.133470763987944
3087,7.680347152927425e-06,0.5712848901748657,0.0,9.11552619934082,2.0,-123.56035300873334,48.133470763987944
3088,7.680347152927425e-06,0.5712848901748657,0.0,9.11552619934082,2.0,-123.56035300873334,48.133470763987944
3089,7.680347152927425e-06,0.5712848901748657,0.0,9.11552619934082,2.0,-123.56035300873334,48.133470763987944
3090,7.680347152927425e-06,0.5712848901748657,0.0,9.11552619934082,2.0,-123.56035300873334,48.133470763987944
3091,9.298647455580067e-06,0.012192151509225368,0.0,8.908982276916504,9.0,-123.55995300873334,48.133470763987944
3092,9.298647455580067e-06,0.012192151509225368,0.0,8.908982276916504,9.0,-123.55995300873334,48.133470763987944
3093,9.298647455580067e-06,0.012192151509225368,0.0,8.908982276916504,9.0,-123.55995300873334,48.133470763987944
3094,9.298647455580067e-06,0.012192151509225368,0.0,8.908982276916504,9.0,-123.55995300873334,48.133470763987944
3095,9.298647455580067e-06,0.012192151509225368,0.0,8.908982276916504,9.0,-123.55995300873334,48.133470763987944
3096,9.298647455580067e-06,0.012192151509225368,0.0,8.908982276916504,9.0,-123.55995300873334,48.133470763987944
3097,9.298647455580067e-06,0.012192151509225368,0.0,8.908982276916504,9.0,-123.55995300873334,48.133470763987944
3098,9.298647455580067e-06,0.012192151509225368,0.0,8.908982276916504,9.0,-123.55995300873334,48.133470763987944
3099,9.298647455580067e-06,0.012192151509225368,0.0,8.908982276916504,9.0,-123.55995300873334,48.133470763987944
3100,9.298647455580067e-06,0.012192151509225368,0.0,8.908982276916504,9.0,-123.55995300873334,48.133470763987944
3101,0.026351872831583023,0.006668738555163145,0.0,8.380000114440918,5.0,-123.55955300873335,48.133470763987944
3102,0.026351872831583023,0.006668738555163145,0.0,8.380000114440918,5.0,-123.55955300873335,48.133470763987944
3103,0.026351872831583023,0.006668738555163145,0.0,8.380000114440918,5.0,-123.55955300873335,48.133470763987944
3104,0.026351872831583023,0.006668738555163145,0.0,8.380000114440918,5.0,-123.55955300873335,48.133470763987944
3105,0.026351872831583023,0.006668738555163145,0.0,8.380000114440918,5.0,-123.55955300873335,48.133470763987944
3106,0.026351872831583023,0.006668738555163145,0.0,8.380000114440918,5.0,-123.55955300873335,48.133470763987944
3107,0.026351872831583023,0.006668738555163145,0.0,8.380000114440918,5.0,-123.55955300873335,48.133470763987944
3108,0.026351872831583023,0.006668738555163145,0.0,8.380000114440918,5.0,-123.55955300873335,48.133470763987944
3109,0.026351872831583023,0.006668738555163145,0.0,8.380000114440918,5.0,-123.55955300873335,48.133470763987944
3110,0.026351872831583023,0.006668738555163145,0.0,8.380000114440918,5.0,-123.55955300873335,48.133470763987944
3111,0.7335518002510071,0.0006967314402572811,0.0,8.699999809265137,39.96248245239258,-123.55915300873335,48.133470763987944
3112,0.7335518002510071,0.0006967314402572811,0.0,8.699999809265137,39.96248245239258,-123.55915300873335,48.133470763987944
3113,0.7335518002510071,0.0006967314402572811,0.0,8.699999809265137,39.96248245239258,-123.55915300873335,48.133470763987944
3114,0.7335518002510071,0.0006967314402572811,0.0,8.699999809265137,39.96248245239258,-123.55915300873335,48.133470763987944
3115,0.7335518002510071,0.0006967314402572811,0.0,8.699999809265137,39.96248245239258,-123.55915300873335,48.133470763987944
3116,0.7335518002510071,0.0006967314402572811,0.0,8.699999809265137,39.96248245239258,-123.55915300873335,48.133470763987944
3117,0.7335518002510071,0.0006967314402572811,0.0,8.699999809265137,39.96248245239258,-123.55915300873335,48.133470763987944
3118,0.7335518002510071,0.0006967314402572811,0.0,8.699999809265137,39.96248245239258,-123.55915300873335,48.133470763987944
3119,0.7335518002510071,0.0006967314402572811,0.0,8.699999809265137,39.96248245239258,-123.55915300873335,48.133470763987944
3120,0.7335518002510071,0.0006967314402572811,0.0,8.699999809265137,39.96248245239258,-123.55915300873335,48.133470763987944
3121,0.9998669624328613,4.1077069909079e-05,0.0,10.220000267028809,206.93235778808594,-123.55875300873335,48.133470763987944
3122,0.9998669624328613,4.1077069909079e-05,0.0,10.220000267028809,206.93235778808594,-123.55875300873335,48.133470763987944
3123,0.9998669624328613,4.1077069909079e-05,0.0,10.220000267028809,206.93235778808594,-123.55875300873335,48.133470763987944
3124,0.9998669624328613,4.1077069909079e-05,0.0,10.220000267028809,206.93235778808594,-123.55875300873335,48.133470763987944
3125,0.9998669624328613,4.1077069909079e-05,0.0,10.220000267028809,206.93235778808594,-123.55875300873335,48.133470763987944
3126,0.9998669624328613,4.1077069909079e-05,0.0,10.220000267028809,206.93235778808594,-123.55875300873335,48.133470763987944
3127,0.9998669624328613,4.1077069909079e-05,0.0,10.220000267028809,206.93235778808594,-123.55875300873335,48.133470763987944
3128,0.9998669624328613,4.1077069909079e-05,0.0,10.220000267028809,206.93235778808594,-123.55875300873335,48.133470763987944
3129,0.9998669624328613,4.1077069909079e-05,0.0,10.220000267028809,206.93235778808594,-123.55875300873335,48.133470763987944
3130,0.9998669624328613,4.1077069909079e-05,0.0,10.220000267028809,206.93235778808594,-123.55875300873335,48.133470763987944
3131,0.999637246131897,8.494540088577196e-05,0.0,8.760000228881836,300.4829406738281,-123.55835300873335,48.133470763987944
3132,0.999637246131897,8.494540088577196e-05,0.0,8.760000228881836,300.4829406738281,-123.55835300873335,48.133470763987944
3133,0.999637246131897,8.494540088577196e-05,0.0,8.760000228881836,300.4829406738281,-123.55835300873335,48.133470763987944
3134,0.999637246131897,8.494540088577196e-05,0.0,8.760000228881836,300.4829406738281,-123.55835300873335,48.133470763987944
3135,0.999637246131897,8.494540088577196e-05,0.0,8.760000228881836,300.4829406738281,-123.55835300873335,48.133470763987944
3136,0.999637246131897,8.494540088577196e-05,0.0,8.760000228881836,300.4829406738281,-123.55835300873335,48.133470763987944
3137,0.999637246131897,8.494540088577196e-05,0.0,8.760000228881836,300.4829406738281,-123.55835300873335,48.133470763987944
3138,0.999637246131897,8.494540088577196e-05,0.0,8.760000228881836,300.4829406738281,-123.55835300873335,48.133470763987944
3139,0.999637246131897,8.494540088577196e-05,0.0,8.760000228881836,300.4829406738281,-123.55835300873335,48.133470763987944
3140,0.999637246131897,8.494540088577196e-05,0.0,8.760000228881836,300.4829406738281,-123.55835300873335,48.133470763987944
3141,0.9983416795730591,0.0047905477695167065,0.0,9.25,385.3167419433594,-123.55795300873335,48.133470763987944
3142,0.9983416795730591,0.0047905477695167065,0.0,9.25,385.3167419433594,-123.55795300873335,48.133470763987944
3143,0.9983416795730591,0.0047905477695167065,0.0,9.25,385.3167419433594,-123.55795300873335,48.133470763987944
3144,0.9983416795730591,0.0047905477695167065,0.0,9.25,385.3167419433594,-123.55795300873335,48.133470763987944
3145,0.9983416795730591,0.0047905477695167065,0.0,9.25,385.3167419433594,-123.55795300873335,48.133470763987944
3146,0.9983416795730591,0.0047905477695167065,0.0,9.25,385.3167419433594,-123.55795300873335,48.133470763987944
3147,0.9983416795730591,0.0047905477695167065,0.0,9.25,385.3167419433594,-123.55795300873335,48.133470763987944
3148,0.9983416795730591,0.0047905477695167065,0.0,9.25,385.3167419433594,-123.55795300873335,48.133470763987944
3149,0.9983416795730591,0.0047905477695167065,0.0,9.25,385.3167419433594,-123.55795300873335,48.133470763987944
3150,0.9983416795730591,0.0047905477695167065,0.0,9.25,385.3167419433594,-123.55795300873335,48.133470763987944
3151,0.9993477463722229,0.00394619582220912,0.0,9.970000267028809,548.71484375,-123.55755300873335,48.133470763987944
3152,0.9993477463722229,0.00394619582220912,0.0,9.970000267028809,548.71484375,-123.55755300873335,48.133470763987944
3153,0.9993477463722229,0.00394619582220912,0.0,9.970000267028809,548.71484375,-123.55755300873335,48.133470763987944
3154,0.9993477463722229,0.00394619582220912,0.0,9.970000267028809,548.71484375,-123.55755300873335,48.133470763987944
3155,0.9993477463722229,0.00394619582220912,0.0,9.970000267028809,548.71484375,-123.55755300873335,48.133470763987944
3156,0.9993477463722229,0.00394619582220912,0.0,9.970000267028809,548.71484375,-123.55755300873335,48.133470763987944
3157,0.9993477463722229,0.00394619582220912,0.0,9.970000267028809,548.71484375,-123.55755300873335,48.133470763987944
3158,0.9993477463722229,0.00394619582220912,0.0,9.970000267028809,548.71484375,-123.55755300873335,48.133470763987944
3159,0.9993477463722229,0.00394619582220912,0.0,9.970000267028809,548.71484375,-123.55755300873335,48.133470763987944
3160,0.9993477463722229,0.00394619582220912,0.0,9.970000267028809,548.71484375,-123.55755300873335,48.133470763987944
3161,0.9994947910308838,0.0005889261374250054,0.0,9.399999618530273,726.90576171875,-123.55715300873335,48.133470763987944
3162,0.9994947910308838,0.0005889261374250054,0.0,9.399999618530273,726.90576171875,-123.55715300873335,48.133470763987944
3163,0.9994947910308838,0.0005889261374250054,0.0,9.399999618530273,726.90576171875,-123.55715300873335,48.133470763987944
3164,0.9994947910308838,0.0005889261374250054,0.0,9.399999618530273,726.90576171875,-123.55715300873335,48.133470763987944
3165,0.9994947910308838,0.0005889261374250054,0.0,9.399999618530273,726.90576171875,-123.55715300873335,48.133470763987944
3166,0.9994947910308838,0.0005889261374250054,0.0,9.399999618530273,726.90576171875,-123.55715300873335,48.133470763987944
3167,0.9994947910308838,0.0005889261374250054,0.0,9.399999618530273,726.90576171875,-123.55715300873335,48.133470763987944
3168,0.9994947910308838,0.0005889261374250054,0.0,9.399999618530273,726.90576171875,-123.55715300873335,48.133470763987944
3169,0.9994947910308838,0.0005889261374250054,0.0,9.399999618530273,726.90576171875,-123.55715300873335,48.133470763987944
3170,0.9994947910308838,0.0005889261374250054,0.0,9.399999618530273,726.90576171875,-123.55715300873335,48.133470763987944
3171,0.9999455213546753,0.0002308601833647117,0.0,9.199999809265137,873.6978759765625,-123.55675300873335,48.133470763987944
3172,0.9999455213546753,0.0002308601833647117,0.0,9.199999809265137,873.6978759765625,-123.55675300873335,48.133470763987944
3173,0.9999455213546753,0.0002308601833647117,0.0,9.199999809265137,873.6978759765625,-123.55675300873335,48.133470763987944
3174,0.9999455213546753,0.0002308601833647117,0.0,9.199999809265137,873.6978759765625,-123.55675300873335,48.133470763987944
3175,0.9999455213546753,0.0002308601833647117,0.0,9.199999809265137,873.6978759765625,-123.55675300873335,48.133470763987944
3176,0.9999455213546753,0.0002308601833647117,0.0,9.199999809265137,873.6978759765625,-123.55675300873335,48.133470763987944
3177,0.9999455213546753,0.0002308601833647117,0.0,9.199999809265137,873.6978759765625,-123.55675300873335,48.133470763987944
3178,0.9999455213546753,0.0002308601833647117,0.0,9.199999809265137,873.6978759765625,-123.55675300873335,48.133470763987944
3179,0.9999455213546753,0.0002308601833647117,0.0,9.199999809265137,873.6978759765625,-123.55675300873335,48.133470763987944
3180,0.9999455213546753,0.0002308601833647117,0.0,9.199999809265137,873.6978759765625,-123.55675300873335,48.133470763987944
3181,0.976414680480957,9.91256965789944e-05,0.0,9.020000457763672,747.9318237304688,-123.55635300873335,48.133470763987944
3182,0.976414680480957,9.91256965789944e-05,0.0,9.020000457763672,747.9318237304688,-123.55635300873335,48.133470763987944
3183,0.976414680480957,9.91256965789944e-05,0.0,9.020000457763672,747.9318237304688,-123.55635300873335,48.133470763987944
3184,0.976414680480957,9.91256965789944e-05,0.0,9.020000457763672,747.9318237304688,-123.55635300873335,48.133470763987944
3185,0.976414680480957,9.91256965789944e-05,0.0,9.020000457763672,747.9318237304688,-123.55635300873335,48.133470763987944
3186,0.976414680480957,9.91256965789944e-05,0.0,9.020000457763672,747.9318237304688,-123.55635300873335,48.133470763987944
3187,0.976414680480957,9.91256965789944e-05,0.0,9.020000457763672,747.9318237304688,-123.55635300873335,48.133470763987944
3188,0.976414680480957,9.91256965789944e-05,0.0,9.020000457763672,747.9318237304688,-123.55635300873335,48.133470763987944
3189,0.976414680480957,9.91256965789944e-05,0.0,9.020000457763672,747.9318237304688,-123.55635300873335,48.133470763987944
3190,0.976414680480957,9.91256965789944e-05,0.0,9.020000457763672,747.9318237304688,-123.55635300873335,48.133470763987944
3191,0.9999712705612183,0.0002556635008659214,0.0,9.5600004196167,652.7051391601562,-123.55595300873335,48.133470763987944
3192,0.9999712705612183,0.0002556635008659214,0.0,9.5600004196167,652.7051391601562,-123.55595300873335,48.133470763987944
3193,0.9999712705612183,0.0002556635008659214,0.0,9.5600004196167,652.7051391601562,-123.55595300873335,48.133470763987944
3194,0.9999712705612183,0.0002556635008659214,0.0,9.5600004196167,652.7051391601562,-123.55595300873335,48.133470763987944
3195,0.9999712705612183,0.0002556635008659214,0.0,9.5600004196167,652.7051391601562,-123.55595300873335,48.133470763987944
3196,0.9999712705612183,0.0002556635008659214,0.0,9.5600004196167,652.7051391601562,-123.55595300873335,48.133470763987944
3197,0.9999712705612183,0.0002556635008659214,0.0,9.5600004196167,652.7051391601562,-123.55595300873335,48.133470763987944
3198,0.9999712705612183,0.0002556635008659214,0.0,9.5600004196167,652.7051391601562,-123.55595300873335,48.133470763987944
3199,0.9999712705612183,0.0002556635008659214,0.0,9.5600004196167,652.7051391601562,-123.55595300873335,48.133470763987944
3200,0.9999712705612183,0.0002556635008659214,0.0,9.5600004196167,652.7051391601562,-123.55595300873335,48.133470763987944
3201,0.9999878406524658,0.0003320378018543124,0.0,9.470000267028809,573.0794067382812,-123.55555300873336,48.133470763987944
3202,0.9999878406524658,0.0003320378018543124,0.0,9.470000267028809,573.0794067382812,-123.55555300873336,48.133470763987944
3203,0.9999878406524658,0.0003320378018543124,0.0,9.470000267028809,573.0794067382812,-123.55555300873336,48.133470763987944
3204,0.9999878406524658,0.0003320378018543124,0.0,9.470000267028809,573.0794067382812,-123.55555300873336,48.133470763987944
3205,0.9999878406524658,0.0003320378018543124,0.0,9.470000267028809,573.0794067382812,-123.55555300873336,48.133470763987944
3206,0.9999878406524658,0.0003320378018543124,0.0,9.470000267028809,573.0794067382812,-123.55555300873336,48.133470763987944
3207,0.9999878406524658,0.0003320378018543124,0.0,9.470000267028809,573.0794067382812,-123.55555300873336,48.133470763987944
3208,0.9999878406524658,0.0003320378018543124,0.0,9.470000267028809,573.0794067382812,-123.55555300873336,48.133470763987944
3209,0.9999878406524658,0.0003320378018543124,0.0,9.470000267028809,573.0794067382812,-123.55555300873336,48.133470763987944
3210,0.9999878406524658,0.0003320378018543124,0.0,9.470000267028809,573.0794067382812,-123.55555300873336,48.133470763987944
3211,0.9999823570251465,0.0001995656348299235,0.0,9.180000305175781,479.4705505371094,-123.55515300873336,48.133470763987944
3212,0.9999823570251465,0.0001995656348299235,0.0,9.180000305175781,479.4705505371094,-123.55515300873336,48.133470763987944
3213,0.9999823570251465,0.0001995656348299235,0.0,9.180000305175781,479.4705505371094,-123.55515300873336,48.133470763987944
3214,0.9999823570251465,0.0001995656348299235,0.0,9.180000305175781,479.4705505371094,-123.55515300873336,48.133470763987944
3215,0.9999823570251465,0.0001995656348299235,0.0,9.180000305175781,479.4705505371094,-123.55515300873336,48.133470763987944
3216,0.9999823570251465,0.0001995656348299235,0.0,9.180000305175781,479.4705505371094,-123.55515300873336,48.133470763987944
3217,0.9999823570251465,0.0001995656348299235,0.0,9.180000305175781,479.4705505371094,-123.55515300873336,48.133470763987944
3218,0.9999823570251465,0.0001995656348299235,0.0,9.180000305175781,479.4705505371094,-123.55515300873336,48.133470763987944
3219,0.9999823570251465,0.0001995656348299235,0.0,9.180000305175781,479.4705505371094,-123.55515300873336,48.133470763987944
3220,0.9999823570251465,0.0001995656348299235,0.0,9.180000305175781,479.4705505371094,-123.55515300873336,48.133470763987944
3221,0.9999967813491821,0.00030940613942220807,0.0,8.860386848449707,386.5979919433594,-123.55475300873336,48.133470763987944
3222,0.9999967813491821,0.00030940613942220807,0.0,8.860386848449707,386.5979919433594,-123.55475300873336,48.133470763987944
3223,0.9999967813491821,0.00030940613942220807,0.0,8.860386848449707,386.5979919433594,-123.55475300873336,48.133470763987944
3224,0.9999967813491821,0.00030940613942220807,0.0,8.860386848449707,386.5979919433594,-123.55475300873336,48.133470763987944
3225,0.9999967813491821,0.00030940613942220807,0.0,8.860386848449707,386.5979919433594,-123.55475300873336,48.133470763987944
3226,0.9999967813491821,0.00030940613942220807,0.0,8.860386848449707,386.5979919433594,-123.55475300873336,48.133470763987944
3227,0.9999967813491821,0.00030940613942220807,0.0,8.860386848449707,386.5979919433594,-123.55475300873336,48.133470763987944
3228,0.9999967813491821,0.00030940613942220807,0.0,8.860386848449707,386.5979919433594,-123.55475300873336,48.133470763987944
3229,0.9999967813491821,0.00030940613942220807,0.0,8.860386848449707,386.5979919433594,-123.55475300873336,48.133470763987944
3230,0.9999967813491821,0.00030940613942220807,0.0,8.860386848449707,386.5979919433594,-123.55475300873336,48.133470763987944
3231,0.9996263980865479,0.0018462736625224352,0.0,10.220000267028809,303.5786437988281,-123.55435300873336,48.133470763987944
3232,0.9996263980865479,0.0018462736625224352,0.0,10.220000267028809,303.5786437988281,-123.55435300873336,48.133470763987944
3233,0.9996263980865479,0.0018462736625224352,0.0,10.220000267028809,303.5786437988281,-123.55435300873336,48.133470763987944
3234,0.9996263980865479,0.0018462736625224352,0.0,10.220000267028809,303.5786437988281,-123.55435300873336,48.133470763987944
3235,0.9996263980865479,0.0018462736625224352,0.0,10.220000267028809,303.5786437988281,-123.55435300873336,48.133470763987944
3236,0.9996263980865479,0.0018462736625224352,0.0,10.220000267028809,303.5786437988281,-123.55435300873336,48.133470763987944
3237,0.9996263980865479,0.0018462736625224352,0.0,10.220000267028809,303.5786437988281,-123.55435300873336,48.133470763987944
3238,0.9996263980865479,0.0018462736625224352,0.0,10.220000267028809,303.5786437988281,-123.55435300873336,48.133470763987944
3239,0.9996263980865479,0.0018462736625224352,0.0,10.220000267028809,303.5786437988281,-123.55435300873336,48.133470763987944
3240,0.9996263980865479,0.0018462736625224352,0.0,10.220000267028809,303.5786437988281,-123.55435300873336,48.133470763987944
3241,0.9999839067459106,0.00021890770585741848,0.0,8.814926147460938,233.8931427001953,-123.55395300873336,48.133470763987944
3242,0.9999839067459106,0.00021890770585741848,0.0,8.814926147460938,233.8931427001953,-123.55395300873336,48.133470763987944
3243,0.9999839067459106,0.00021890770585741848,0.0,8.814926147460938,233.8931427001953,-123.55395300873336,48.133470763987944
3244,0.9999839067459106,0.00021890770585741848,0.0,8.814926147460938,233.8931427001953,-123.55395300873336,48.133470763987944
3245,0.9999839067459106,0.00021890770585741848,0.0,8.814926147460938,233.8931427001953,-123.55395300873336,48.133470763987944
3246,0.9999839067459106,0.00021890770585741848,0.0,8.814926147460938,233.8931427001953,-123.55395300873336,48.133470763987944
3247,0.9999839067459106,0.00021890770585741848,0.0,8.814926147460938,233.8931427001953,-123.55395300873336,48.133470763987944
3248,0.9999839067459106,0.00021890770585741848,0.0,8.814926147460938,233.8931427001953,-123.55395300873336,48.133470763987944
3249,0.9999839067459106,0.00021890770585741848,0.0,8.814926147460938,233.8931427001953,-123.55395300873336,48.133470763987944
3250,0.9999839067459106,0.00021890770585741848,0.0,8.814926147460938,233.8931427001953,-123.55395300873336,48.133470763987944
3251,0.9999659061431885,0.0008993744850158691,0.0,8.862787246704102,159.0,-123.55355300873336,48.133470763987944
3252,0.9999659061431885,0.0008993744850158691,0.0,8.862787246704102,159.0,-123.55355300873336,48.133470763987944
3253,0.9999659061431885,0.0008993744850158691,0.0,8.862787246704102,159.0,-123.55355300873336,48.133470763987944
3254,0.9999659061431885,0.0008993744850158691,0.0,8.862787246704102,159.0,-123.55355300873336,48.133470763987944
3255,0.9999659061431885,0.0008993744850158691,0.0,8.862787246704102,159.0,-123.55355300873336,48.133470763987944
3256,0.9999659061431885,0.0008993744850158691,0.0,8.862787246704102,159.0,-123.55355300873336,48.133470763987944
3257,0.9999659061431885,0.0008993744850158691,0.0,8.862787246704102,159.0,-123.55355300873336,48.133470763987944
3258,0.9999659061431885,0.0008993744850158691,0.0,8.862787246704102,159.0,-123.55355300873336,48.133470763987944
3259,0.9999659061431885,0.0008993744850158691,0.0,8.862787246704102,159.0,-123.55355300873336,48.133470763987944
3260,0.9999659061431885,0.0008993744850158691,0.0,8.862787246704102,159.0,-123.55355300873336,48.133470763987944
3261,0.8821847438812256,0.5655115842819214,1.0,9.140000343322754,182.8223114013672,-123.55315300873336,48.133470763987944
3262,0.8821847438812256,0.5655115842819214,1.0,9.140000343322754,182.8223114013672,-123.55315300873336,48.133470763987944
3263,0.8821847438812256,0.5655115842819214,1.0,9.140000343322754,182.8223114013672,-123.55315300873336,48.133470763987944
3264,0.8821847438812256,0.5655115842819214,1.0,9.140000343322754,182.8223114013672,-123.55315300873336,48.133470763987944
3265,0.8821847438812256,0.5655115842819214,1.0,9.140000343322754,182.8223114013672,-123.55315300873336,48.133470763987944
3266,0.8821847438812256,0.5655115842819214,1.0,9.140000343322754,182.8223114013672,-123.55315300873336,48.133470763987944
3267,0.8821847438812256,0.5655115842819214,1.0,9.140000343322754,182.8223114013672,-123.55315300873336,48.133470763987944
3268,0.8821847438812256,0.5655115842819214,1.0,9.140000343322754,182.8223114013672,-123.55315300873336,48.133470763987944
3269,0.8821847438812256,0.5655115842819214,1.0,9.140000343322754,182.8223114013672,-123.55315300873336,48.133470763987944
3270,0.8821847438812256,0.5655115842819214,1.0,9.140000343322754,182.8223114013672,-123.55315300873336,48.133470763987944
3271,0.9960005879402161,0.0018771813483908772,0.0,9.08961296081543,183.8069610595703,-123.55275300873336,48.133470763987944
3272,0.9960005879402161,0.0018771813483908772,0.0,9.08961296081543,183.8069610595703,-123.55275300873336,48.133470763987944
3273,0.9960005879402161,0.0018771813483908772,0.0,9.08961296081543,183.8069610595703,-123.55275300873336,48.133470763987944
3274,0.9960005879402161,0.0018771813483908772,0.0,9.08961296081543,183.8069610595703,-123.55275300873336,48.133470763987944
3275,0.9960005879402161,0.0018771813483908772,0.0,9.08961296081543,183.8069610595703,-123.55275300873336,48.133470763987944
3276,0.9960005879402161,0.0018771813483908772,0.0,9.08961296081543,183.8069610595703,-123.55275300873336,48.133470763987944
3277,0.9960005879402161,0.0018771813483908772,0.0,9.08961296081543,183.8069610595703,-123.55275300873336,48.133470763987944
3278,0.9960005879402161,0.0018771813483908772,0.0,9.08961296081543,183.8069610595703,-123.55275300873336,48.133470763987944
3279,0.9960005879402161,0.0018771813483908772,0.0,9.08961296081543,183.8069610595703,-123.55275300873336,48.133470763987944
3280,0.9960005879402161,0.0018771813483908772,0.0,9.08961296081543,183.8069610595703,-123.55275300873336,48.133470763987944
3281,0.40247994661331177,0.00567609490826726,0.0,9.539999961853027,122.20065307617188,-123.55235300873336,48.133470763987944
3282,0.40247994661331177,0.00567609490826726,0.0,9.539999961853027,122.20065307617188,-123.55235300873336,48.133470763987944
3283,0.40247994661331177,0.00567609490826726,0.0,9.539999961853027,122.20065307617188,-123.55235300873336,48.133470763987944
3284,0.40247994661331177,0.00567609490826726,0.0,9.539999961853027,122.20065307617188,-123.55235300873336,48.133470763987944
3285,0.40247994661331177,0.00567609490826726,0.0,9.539999961853027,122.20065307617188,-123.55235300873336,48.133470763987944
3286,0.40247994661331177,0.00567609490826726,0.0,9.539999961853027,122.20065307617188,-123.55235300873336,48.133470763987944
3287,0.40247994661331177,0.00567609490826726,0.0,9.539999961853027,122.20065307617188,-123.55235300873336,48.133470763987944
3288,0.40247994661331177,0.00567609490826726,0.0,9.539999961853027,122.20065307617188,-123.55235300873336,48.133470763987944
3289,0.40247994661331177,0.00567609490826726,0.0,9.539999961853027,122.20065307617188,-123.55235300873336,48.133470763987944
3290,0.40247994661331177,0.00567609490826726,0.0,9.539999961853027,122.20065307617188,-123.55235300873336,48.133470763987944
3291,0.7635927796363831,0.019451167434453964,0.0,9.291102409362793,128.0,-123.55195300873336,48.133470763987944
3292,0.7635927796363831,0.019451167434453964,0.0,9.291102409362793,128.0,-123.55195300873336,48.133470763987944
3293,0.7635927796363831,0.019451167434453964,0.0,9.291102409362793,128.0,-123.55195300873336,48.133470763987944
3294,0.7635927796363831,0.019451167434453964,0.0,9.291102409362793,128.0,-123.55195300873336,48.133470763987944
3295,0.7635927796363831,0.019451167434453964,0.0,9.291102409362793,128.0,-123.55195300873336,48.133470763987944
3296,0.7635927796363831,0.019451167434453964,0.0,9.291102409362793,128.0,-123.55195300873336,48.133470763987944
3297,0.7635927796363831,0.019451167434453964,0.0,9.291102409362793,128.0,-123.55195300873336,48.133470763987944
3298,0.7635927796363831,0.019451167434453964,0.0,9.291102409362793,128.0,-123.55195300873336,48.133470763987944
3299,0.7635927796363831,0.019451167434453964,0.0,9.291102409362793,128.0,-123.55195300873336,48.133470763987944
3300,0.7635927796363831,0.019451167434453964,0.0,9.291102409362793,128.0,-123.55195300873336,48.133470763987944
3301,0.6505013108253479,0.02325970120728016,0.0,9.268396377563477,99.29753112792969,-123.55155300873336,48.133470763987944
3302,0.6505013108253479,0.02325970120728016,0.0,9.268396377563477,99.29753112792969,-123.55155300873336,48.133470763987944
3303,0.6505013108253479,0.02325970120728016,0.0,9.268396377563477,99.29753112792969,-123.55155300873336,48.133470763987944
3304,0.6505013108253479,0.02325970120728016,0.0,9.268396377563477,99.29753112792969,-123.55155300873336,48.133470763987944
3305,0.6505013108253479,0.02325970120728016,0.0,9.268396377563477,99.29753112792969,-123.55155300873336,48.133470763987944
3306,0.6505013108253479,0.02325970120728016,0.0,9.268396377563477,99.29753112792969,-123.55155300873336,48.133470763987944
3307,0.6505013108253479,0.02325970120728016,0.0,9.268396377563477,99.29753112792969,-123.55155300873336,48.133470763987944
3308,0.6505013108253479,0.02325970120728016,0.0,9.268396377563477,99.29753112792969,-123.55155300873336,48.133470763987944
3309,0.6505013108253479,0.02325970120728016,0.0,9.268396377563477,99.29753112792969,-123.55155300873336,48.133470763987944
3310,0.6505013108253479,0.02325970120728016,0.0,9.268396377563477,99.29753112792969,-123.55155300873336,48.133470763987944
3311,0.015441607683897018,0.0990084633231163,0.0,9.24267292022705,61.52235412597656,-123.55115300873337,48.133470763987944
3312,0.015441607683897018,0.0990084633231163,0.0,9.24267292022705,61.52235412597656,-123.55115300873337,48.133470763987944
3313,0.015441607683897018,0.0990084633231163,0.0,9.24267292022705,61.52235412597656,-123.55115300873337,48.133470763987944
3314,0.015441607683897018,0.0990084633231163,0.0,9.24267292022705,61.52235412597656,-123.55115300873337,48.133470763987944
3315,0.015441607683897018,0.0990084633231163,0.0,9.24267292022705,61.52235412597656,-123.55115300873337,48.133470763987944
3316,0.015441607683897018,0.0990084633231163,0.0,9.24267292022705,61.52235412597656,-123.55115300873337,48.133470763987944
3317,0.015441607683897018,0.0990084633231163,0.0,9.24267292022705,61.52235412597656,-123.55115300873337,48.133470763987944
3318,0.015441607683897018,0.0990084633231163,0.0,9.24267292022705,61.52235412597656,-123.55115300873337,48.133470763987944
3319,0.015441607683897018,0.0990084633231163,0.0,9.24267292022705,61.52235412597656,-123.55115300873337,48.133470763987944
3320,0.015441607683897018,0.0990084633231163,0.0,9.24267292022705,61.52235412597656,-123.55115300873337,48.133470763987944
3321,0.0,0.0,0.0,0.0,278.3540954589844,-123.56075300873334,48.133070763987945
3322,0.0,0.0,0.0,0.0,278.3540954589844,-123.56075300873334,48.133070763987945
3323,0.0,0.0,0.0,0.0,278.3540954589844,-123.56075300873334,48.133070763987945
3324,3.1038777592584665e-07,0.6107929348945618,0.0,7.809786319732666,90.13877868652344,-123.56035300873334,48.133070763987945
3325,3.1038777592584665e-07,0.6107929348945618,0.0,7.809786319732666,90.13877868652344,-123.56035300873334,48.133070763987945
3326,3.1038777592584665e-07,0.6107929348945618,0.0,7.809786319732666,90.13877868652344,-123.56035300873334,48.133070763987945
3327,3.1038777592584665e-07,0.6107929348945618,0.0,7.809786319732666,90.13877868652344,-123.56035300873334,48.133070763987945
3328,3.1038777592584665e-07,0.6107929348945618,0.0,7.809786319732666,90.13877868652344,-123.56035300873334,48.133070763987945
3329,3.1038777592584665e-07,0.6107929348945618,0.0,7.809786319732666,90.13877868652344,-123.56035300873334,48.133070763987945
3330,3.1038777592584665e-07,0.6107929348945618,0.0,7.809786319732666,90.13877868652344,-123.56035300873334,48.133070763987945
3331,3.1038777592584665e-07,0.6107929348945618,0.0,7.809786319732666,90.13877868652344,-123.56035300873334,48.133070763987945
3332,3.1038777592584665e-07,0.6107929348945618,0.0,7.809786319732666,90.13877868652344,-123.56035300873334,48.133070763987945
3333,3.1038777592584665e-07,0.6107929348945618,0.0,7.809786319732666,90.13877868652344,-123.56035300873334,48.133070763987945
3334,1.594603986632137e-07,0.0015293065225705504,0.0,8.878886222839355,23.409399032592773,-123.55995300873334,48.133070763987945
3335,1.594603986632137e-07,0.0015293065225705504,0.0,8.878886222839355,23.409399032592773,-123.55995300873334,48.133070763987945
3336,1.594603986632137e-07,0.0015293065225705504,0.0,8.878886222839355,23.409399032592773,-123.55995300873334,48.133070763987945
3337,1.594603986632137e-07,0.0015293065225705504,0.0,8.878886222839355,23.409399032592773,-123.55995300873334,48.133070763987945
3338,1.594603986632137e-07,0.0015293065225705504,0.0,8.878886222839355,23.409399032592773,-123.55995300873334,48.133070763987945
3339,1.594603986632137e-07,0.0015293065225705504,0.0,8.878886222839355,23.409399032592773,-123.55995300873334,48.133070763987945
3340,1.594603986632137e-07,0.0015293065225705504,0.0,8.878886222839355,23.409399032592773,-123.55995300873334,48.133070763987945
3341,1.594603986632137e-07,0.0015293065225705504,0.0,8.878886222839355,23.409399032592773,-123.55995300873334,48.133070763987945
3342,1.594603986632137e-07,0.0015293065225705504,0.0,8.878886222839355,23.409399032592773,-123.55995300873334,48.133070763987945
3343,1.594603986632137e-07,0.0015293065225705504,0.0,8.878886222839355,23.409399032592773,-123.55995300873334,48.133070763987945
3344,1.109469494053883e-07,0.004706712905317545,0.0,8.092507362365723,24.75883674621582,-123.55955300873335,48.133070763987945
3345,1.109469494053883e-07,0.004706712905317545,0.0,8.092507362365723,24.75883674621582,-123.55955300873335,48.133070763987945
3346,1.109469494053883e-07,0.004706712905317545,0.0,8.092507362365723,24.75883674621582,-123.55955300873335,48.133070763987945
3347,1.109469494053883e-07,0.004706712905317545,0.0,8.092507362365723,24.75883674621582,-123.55955300873335,48.133070763987945
3348,1.109469494053883e-07,0.004706712905317545,0.0,8.092507362365723,24.75883674621582,-123.55955300873335,48.133070763987945
3349,1.109469494053883e-07,0.004706712905317545,0.0,8.092507362365723,24.75883674621582,-123.55955300873335,48.133070763987945
3350,1.109469494053883e-07,0.004706712905317545,0.0,8.092507362365723,24.75883674621582,-123.55955300873335,48.133070763987945
3351,1.109469494053883e-07,0.004706712905317545,0.0,8.092507362365723,24.75883674621582,-123.55955300873335,48.133070763987945
3352,1.109469494053883e-07,0.004706712905317545,0.0,8.092507362365723,24.75883674621582,-123.55955300873335,48.133070763987945
3353,1.109469494053883e-07,0.004706712905317545,0.0,8.092507362365723,24.75883674621582,-123.55955300873335,48.133070763987945
3354,2.569414164099726e-06,0.00033255130983889103,0.0,8.256292343139648,46.51881408691406,-123.55915300873335,48.133070763987945
3355,2.569414164099726e-06,0.00033255130983889103,0.0,8.256292343139648,46.51881408691406,-123.55915300873335,48.133070763987945
3356,2.569414164099726e-06,0.00033255130983889103,0.0,8.256292343139648,46.51881408691406,-123.55915300873335,48.133070763987945
3357,2.569414164099726e-06,0.00033255130983889103,0.0,8.256292343139648,46.51881408691406,-123.55915300873335,48.133070763987945
3358,2.569414164099726e-06,0.00033255130983889103,0.0,8.256292343139648,46.51881408691406,-123.55915300873335,48.133070763987945
3359,2.569414164099726e-06,0.00033255130983889103,0.0,8.256292343139648,46.51881408691406,-123.55915300873335,48.133070763987945
3360,2.569414164099726e-06,0.00033255130983889103,0.0,8.256292343139648,46.51881408691406,-123.55915300873335,48.133070763987945
3361,2.569414164099726e-06,0.00033255130983889103,0.0,8.256292343139648,46.51881408691406,-123.55915300873335,48.133070763987945
3362,2.569414164099726e-06,0.00033255130983889103,0.0,8.256292343139648,46.51881408691406,-123.55915300873335,48.133070763987945
3363,2.569414164099726e-06,0.00033255130983889103,0.0,8.256292343139648,46.51881408691406,-123.55915300873335,48.133070763987945
3364,0.29222142696380615,0.01289814431220293,0.0,8.401108741760254,18.973665237426758,-123.55875300873335,48.133070763987945
3365,0.29222142696380615,0.01289814431220293,0.0,8.401108741760254,18.973665237426758,-123.55875300873335,48.133070763987945
3366,0.29222142696380615,0.01289814431220293,0.0,8.401108741760254,18.973665237426758,-123.55875300873335,48.133070763987945
3367,0.29222142696380615,0.01289814431220293,0.0,8.401108741760254,18.973665237426758,-123.55875300873335,48.133070763987945
3368,0.29222142696380615,0.01289814431220293,0.0,8.401108741760254,18.973665237426758,-123.55875300873335,48.133070763987945
3369,0.29222142696380615,0.01289814431220293,0.0,8.401108741760254,18.973665237426758,-123.55875300873335,48.133070763987945
3370,0.29222142696380615,0.01289814431220293,0.0,8.401108741760254,18.973665237426758,-123.55875300873335,48.133070763987945
3371,0.29222142696380615,0.01289814431220293,0.0,8.401108741760254,18.973665237426758,-123.55875300873335,48.133070763987945
3372,0.29222142696380615,0.01289814431220293,0.0,8.401108741760254,18.973665237426758,-123.55875300873335,48.133070763987945
3373,0.29222142696380615,0.01289814431220293,0.0,8.401108741760254,18.973665237426758,-123.55875300873335,48.133070763987945
3374,0.4289189577102661,0.0077351839281618595,0.0,8.527475357055664,58.52349853515625,-123.55835300873335,48.133070763987945
3375,0.4289189577102661,0.0077351839281618595,0.0,8.527475357055664,58.52349853515625,-123.55835300873335,48.133070763987945
3376,0.4289189577102661,0.0077351839281618595,0.0,8.527475357055664,58.52349853515625,-123.55835300873335,48.133070763987945
3377,0.4289189577102661,0.0077351839281618595,0.0,8.527475357055664,58.52349853515625,-123.55835300873335,48.133070763987945
3378,0.4289189577102661,0.0077351839281618595,0.0,8.527475357055664,58.52349853515625,-123.55835300873335,48.133070763987945
3379,0.4289189577102661,0.0077351839281618595,0.0,8.527475357055664,58.52349853515625,-123.55835300873335,48.133070763987945
3380,0.4289189577102661,0.0077351839281618595,0.0,8.527475357055664,58.52349853515625,-123.55835300873335,48.133070763987945
3381,0.4289189577102661,0.0077351839281618595,0.0,8.527475357055664,58.52349853515625,-123.55835300873335,48.133070763987945
3382,0.4289189577102661,0.0077351839281618595,0.0,8.527475357055664,58.52349853515625,-123.55835300873335,48.133070763987945
3383,0.4289189577102661,0.0077351839281618595,0.0,8.527475357055664,58.52349853515625,-123.55835300873335,48.133070763987945
3384,0.9711687564849854,0.001706428243778646,0.0,10.510000228881836,188.798828125,-123.55795300873335,48.133070763987945
3385,0.9711687564849854,0.001706428243778646,0.0,10.510000228881836,188.798828125,-123.55795300873335,48.133070763987945
3386,0.9711687564849854,0.001706428243778646,0.0,10.510000228881836,188.798828125,-123.55795300873335,48.133070763987945
3387,0.9711687564849854,0.001706428243778646,0.0,10.510000228881836,188.798828125,-123.55795300873335,48.133070763987945
3388,0.9711687564849854,0.001706428243778646,0.0,10.510000228881836,188.798828125,-123.55795300873335,48.133070763987945
3389,0.9711687564849854,0.001706428243778646,0.0,10.510000228881836,188.798828125,-123.55795300873335,48.133070763987945
3390,0.9711687564849854,0.001706428243778646,0.0,10.510000228881836,188.798828125,-123.55795300873335,48.133070763987945
3391,0.9711687564849854,0.001706428243778646,0.0,10.510000228881836,188.798828125,-123.55795300873335,48.133070763987945
3392,0.9711687564849854,0.001706428243778646,0.0,10.510000228881836,188.798828125,-123.55795300873335,48.133070763987945
3393,0.9711687564849854,0.001706428243778646,0.0,10.510000228881836,188.798828125,-123.55795300873335,48.133070763987945
3394,0.8793269991874695,0.0005702206399291754,0.0,9.510000228881836,366.9891052246094,-123.55755300873335,48.133070763987945
3395,0.8793269991874695,0.0005702206399291754,0.0,9.510000228881836,366.9891052246094,-123.55755300873335,48.133070763987945
3396,0.8793269991874695,0.0005702206399291754,0.0,9.510000228881836,366.9891052246094,-123.55755300873335,48.133070763987945
3397,0.8793269991874695,0.0005702206399291754,0.0,9.510000228881836,366.9891052246094,-123.55755300873335,48.133070763987945
3398,0.8793269991874695,0.0005702206399291754,0.0,9.510000228881836,366.9891052246094,-123.55755300873335,48.133070763987945
3399,0.8793269991874695,0.0005702206399291754,0.0,9.510000228881836,366.9891052246094,-123.55755300873335,48.133070763987945
3400,0.8793269991874695,0.0005702206399291754,0.0,9.510000228881836,366.9891052246094,-123.55755300873335,48.133070763987945
3401,0.8793269991874695,0.0005702206399291754,0.0,9.510000228881836,366.9891052246094,-123.55755300873335,48.133070763987945
3402,0.8793269991874695,0.0005702206399291754,0.0,9.510000228881836,366.9891052246094,-123.55755300873335,48.133070763987945
3403,0.8793269991874695,0.0005702206399291754,0.0,9.510000228881836,366.9891052246094,-123.55755300873335,48.133070763987945
3404,0.0024578217417001724,0.00022142883972264826,0.0,9.380000114440918,547.3006591796875,-123.55715300873335,48.133070763987945
3405,0.0024578217417001724,0.00022142883972264826,0.0,9.380000114440918,547.3006591796875,-123.55715300873335,48.133070763987945
3406,0.0024578217417001724,0.00022142883972264826,0.0,9.380000114440918,547.3006591796875,-123.55715300873335,48.133070763987945
3407,0.0024578217417001724,0.00022142883972264826,0.0,9.380000114440918,547.3006591796875,-123.55715300873335,48.133070763987945
3408,0.0024578217417001724,0.00022142883972264826,0.0,9.380000114440918,547.3006591796875,-123.55715300873335,48.133070763987945
3409,0.0024578217417001724,0.00022142883972264826,0.0,9.380000114440918,547.3006591796875,-123.55715300873335,48.133070763987945
3410,0.0024578217417001724,0.00022142883972264826,0.0,9.380000114440918,547.3006591796875,-123.55715300873335,48.133070763987945
3411,0.0024578217417001724,0.00022142883972264826,0.0,9.380000114440918,547.3006591796875,-123.55715300873335,48.133070763987945
3412,0.0024578217417001724,0.00022142883972264826,0.0,9.380000114440918,547.3006591796875,-123.55715300873335,48.133070763987945
3413,0.0024578217417001724,0.00022142883972264826,0.0,9.380000114440918,547.3006591796875,-123.55715300873335,48.133070763987945
3414,0.9478260278701782,6.991215923335403e-05,0.0,10.210000038146973,715.7010498046875,-123.55675300873335,48.133070763987945
3415,0.9478260278701782,6.991215923335403e-05,0.0,10.210000038146973,715.7010498046875,-123.55675300873335,48.133070763987945
3416,0.9478260278701782,6.991215923335403e-05,0.0,10.210000038146973,715.7010498046875,-123.55675300873335,48.133070763987945
3417,0.9478260278701782,6.991215923335403e-05,0.0,10.210000038146973,715.7010498046875,-123.55675300873335,48.133070763987945
3418,0.9478260278701782,6.991215923335403e-05,0.0,10.210000038146973,715.7010498046875,-123.55675300873335,48.133070763987945
3419,0.9478260278701782,6.991215923335403e-05,0.0,10.210000038146973,715.7010498046875,-123.55675300873335,48.133070763987945
3420,0.9478260278701782,6.991215923335403e-05,0.0,10.210000038146973,715.7010498046875,-123.55675300873335,48.133070763987945
3421,0.9478260278701782,6.991215923335403e-05,0.0,10.210000038146973,715.7010498046875,-123.55675300873335,48.133070763987945
3422,0.9478260278701782,6.991215923335403e-05,0.0,10.210000038146973,715.7010498046875,-123.55675300873335,48.133070763987945
3423,0.9478260278701782,6.991215923335403e-05,0.0,10.210000038146973,715.7010498046875,-123.55675300873335,48.133070763987945
3424,0.9999958276748657,5.909578248974867e-05,0.0,10.029999732971191,899.2691650390625,-123.55635300873335,48.133070763987945
3425,0.9999958276748657,5.909578248974867e-05,0.0,10.029999732971191,899.2691650390625,-123.55635300873335,48.133070763987945
3426,0.9999958276748657,5.909578248974867e-05,0.0,10.029999732971191,899.2691650390625,-123.55635300873335,48.133070763987945
3427,0.9999958276748657,5.909578248974867e-05,0.0,10.029999732971191,899.2691650390625,-123.55635300873335,48.133070763987945
3428,0.9999958276748657,5.909578248974867e-05,0.0,10.029999732971191,899.2691650390625,-123.55635300873335,48.133070763987945
3429,0.9999958276748657,5.909578248974867e-05,0.0,10.029999732971191,899.2691650390625,-123.55635300873335,48.133070763987945
3430,0.9999958276748657,5.909578248974867e-05,0.0,10.029999732971191,899.2691650390625,-123.55635300873335,48.133070763987945
3431,0.9999958276748657,5.909578248974867e-05,0.0,10.029999732971191,899.2691650390625,-123.55635300873335,48.133070763987945
3432,0.9999958276748657,5.909578248974867e-05,0.0,10.029999732971191,899.2691650390625,-123.55635300873335,48.133070763987945
3433,0.9999958276748657,5.909578248974867e-05,0.0,10.029999732971191,899.2691650390625,-123.55635300873335,48.133070763987945
3434,0.9999949932098389,0.00011688734957715496,0.0,10.380000114440918,894.1101684570312,-123.55595300873335,48.133070763987945
3435,0.9999949932098389,0.00011688734957715496,0.0,10.380000114440918,894.1101684570312,-123.55595300873335,48.133070763987945
3436,0.9999949932098389,0.00011688734957715496,0.0,10.380000114440918,894.1101684570312,-123.55595300873335,48.133070763987945
3437,0.9999949932098389,0.00011688734957715496,0.0,10.380000114440918,894.1101684570312,-123.55595300873335,48.133070763987945
3438,0.9999949932098389,0.00011688734957715496,0.0,10.380000114440918,894.1101684570312,-123.55595300873335,48.133070763987945
3439,0.9999949932098389,0.00011688734957715496,0.0,10.380000114440918,894.1101684570312,-123.55595300873335,48.133070763987945
3440,0.9999949932098389,0.00011688734957715496,0.0,10.380000114440918,894.1101684570312,-123.55595300873335,48.133070763987945
3441,0.9999949932098389,0.00011688734957715496,0.0,10.380000114440918,894.1101684570312,-123.55595300873335,48.133070763987945
3442,0.9999949932098389,0.00011688734957715496,0.0,10.380000114440918,894.1101684570312,-123.55595300873335,48.133070763987945
3443,0.9999949932098389,0.00011688734957715496,0.0,10.380000114440918,894.1101684570312,-123.55595300873335,48.133070763987945
3444,0.9999984502792358,9.218225022777915e-05,0.0,9.869999885559082,809.2620239257812,-123.55555300873336,48.133070763987945
3445,0.9999984502792358,9.218225022777915e-05,0.0,9.869999885559082,809.2620239257812,-123.55555300873336,48.133070763987945
3446,0.9999984502792358,9.218225022777915e-05,0.0,9.869999885559082,809.2620239257812,-123.55555300873336,48.133070763987945
3447,0.9999984502792358,9.218225022777915e-05,0.0,9.869999885559082,809.2620239257812,-123.55555300873336,48.133070763987945
3448,0.9999984502792358,9.218225022777915e-05,0.0,9.869999885559082,809.2620239257812,-123.55555300873336,48.133070763987945
3449,0.9999984502792358,9.218225022777915e-05,0.0,9.869999885559082,809.2620239257812,-123.55555300873336,48.133070763987945
3450,0.9999984502792358,9.218225022777915e-05,0.0,9.869999885559082,809.2620239257812,-123.55555300873336,48.133070763987945
3451,0.9999984502792358,9.218225022777915e-05,0.0,9.869999885559082,809.2620239257812,-123.55555300873336,48.133070763987945
3452,0.9999984502792358,9.218225022777915e-05,0.0,9.869999885559082,809.2620239257812,-123.55555300873336,48.133070763987945
3453,0.9999984502792358,9.218225022777915e-05,0.0,9.869999885559082,809.2620239257812,-123.55555300873336,48.133070763987945
3454,0.9999970197677612,0.0001257550757145509,0.0,9.989999771118164,715.486572265625,-123.55515300873336,48.133070763987945
3455,0.9999970197677612,0.0001257550757145509,0.0,9.989999771118164,715.486572265625,-123.55515300873336,48.133070763987945
3456,0.9999970197677612,0.0001257550757145509,0.0,9.989999771118164,715.486572265625,-123.55515300873336,48.133070763987945
3457,0.9999970197677612,0.0001257550757145509,0.0,9.989999771118164,715.486572265625,-123.55515300873336,48.133070763987945
3458,0.9999970197677612,0.0001257550757145509,0.0,9.989999771118164,715.486572265625,-123.55515300873336,48.133070763987945
3459,0.9999970197677612,0.0001257550757145509,0.0,9.989999771118164,715.486572265625,-123.55515300873336,48.133070763987945
3460,0.9999970197677612,0.0001257550757145509,0.0,9.989999771118164,715.486572265625,-123.55515300873336,48.133070763987945
3461,0.9999970197677612,0.0001257550757145509,0.0,9.989999771118164,715.486572265625,-123.55515300873336,48.133070763987945
3462,0.9999970197677612,0.0001257550757145509,0.0,9.989999771118164,715.486572265625,-123.55515300873336,48.133070763987945
3463,0.9999970197677612,0.0001257550757145509,0.0,9.989999771118164,715.486572265625,-123.55515300873336,48.133070763987945
3464,0.9999980926513672,9.726777352625504e-05,0.0,9.960000038146973,624.5414428710938,-123.55475300873336,48.133070763987945
3465,0.9999980926513672,9.726777352625504e-05,0.0,9.960000038146973,624.5414428710938,-123.55475300873336,48.133070763987945
3466,0.9999980926513672,9.726777352625504e-05,0.0,9.960000038146973,624.5414428710938,-123.55475300873336,48.133070763987945
3467,0.9999980926513672,9.726777352625504e-05,0.0,9.960000038146973,624.5414428710938,-123.55475300873336,48.133070763987945
3468,0.9999980926513672,9.726777352625504e-05,0.0,9.960000038146973,624.5414428710938,-123.55475300873336,48.133070763987945
3469,0.9999980926513672,9.726777352625504e-05,0.0,9.960000038146973,624.5414428710938,-123.55475300873336,48.133070763987945
3470,0.9999980926513672,9.726777352625504e-05,0.0,9.960000038146973,624.5414428710938,-123.55475300873336,48.133070763987945
3471,0.9999980926513672,9.726777352625504e-05,0.0,9.960000038146973,624.5414428710938,-123.55475300873336,48.133070763987945
3472,0.9999980926513672,9.726777352625504e-05,0.0,9.960000038146973,624.5414428710938,-123.55475300873336,48.133070763987945
3473,0.9999980926513672,9.726777352625504e-05,0.0,9.960000038146973,624.5414428710938,-123.55475300873336,48.133070763987945
3474,0.9999706745147705,0.00035217279219068587,0.0,9.729999542236328,546.6964721679688,-123.55435300873336,48.133070763987945
3475,0.9999706745147705,0.00035217279219068587,0.0,9.729999542236328,546.6964721679688,-123.55435300873336,48.133070763987945
3476,0.9999706745147705,0.00035217279219068587,0.0,9.729999542236328,546.6964721679688,-123.55435300873336,48.133070763987945
3477,0.9999706745147705,0.00035217279219068587,0.0,9.729999542236328,546.6964721679688,-123.55435300873336,48.133070763987945
3478,0.9999706745147705,0.00035217279219068587,0.0,9.729999542236328,546.6964721679688,-123.55435300873336,48.133070763987945
3479,0.9999706745147705,0.00035217279219068587,0.0,9.729999542236328,546.6964721679688,-123.55435300873336,48.133070763987945
3480,0.9999706745147705,0.00035217279219068587,0.0,9.729999542236328,546.6964721679688,-123.55435300873336,48.133070763987945
3481,0.9999706745147705,0.00035217279219068587,0.0,9.729999542236328,546.6964721679688,-123.55435300873336,48.133070763987945
3482,0.9999706745147705,0.00035217279219068587,0.0,9.729999542236328,546.6964721679688,-123.55435300873336,48.133070763987945
3483,0.9999706745147705,0.00035217279219068587,0.0,9.729999542236328,546.6964721679688,-123.55435300873336,48.133070763987945
3484,0.9999974966049194,0.00016733715892769396,0.0,10.100000381469727,464.24346923828125,-123.55395300873336,48.133070763987945
3485,0.9999974966049194,0.00016733715892769396,0.0,10.100000381469727,464.24346923828125,-123.55395300873336,48.133070763987945
3486,0.9999974966049194,0.00016733715892769396,0.0,10.100000381469727,464.24346923828125,-123.55395300873336,48.133070763987945
3487,0.9999974966049194,0.00016733715892769396,0.0,10.100000381469727,464.24346923828125,-123.55395300873336,48.133070763987945
3488,0.9999974966049194,0.00016733715892769396,0.0,10.100000381469727,464.24346923828125,-123.55395300873336,48.133070763987945
3489,0.9999974966049194,0.00016733715892769396,0.0,10.100000381469727,464.24346923828125,-123.55395300873336,48.133070763987945
3490,0.9999974966049194,0.00016733715892769396,0.0,10.100000381469727,464.24346923828125,-123.55395300873336,48.133070763987945
3491,0.9999974966049194,0.00016733715892769396,0.0,10.100000381469727,464.24346923828125,-123.55395300873336,48.133070763987945
3492,0.9999974966049194,0.00016733715892769396,0.0,10.100000381469727,464.24346923828125,-123.55395300873336,48.133070763987945
3493,0.9999974966049194,0.00016733715892769396,0.0,10.100000381469727,464.24346923828125,-123.55395300873336,48.133070763987945
3494,0.9999974966049194,0.00012358911044429988,0.0,9.170000076293945,413.0,-123.55355300873336,48.133070763987945
3495,0.9999974966049194,0.00012358911044429988,0.0,9.170000076293945,413.0,-123.55355300873336,48.133070763987945
3496,0.9999974966049194,0.00012358911044429988,0.0,9.170000076293945,413.0,-123.55355300873336,48.133070763987945
3497,0.9999974966049194,0.00012358911044429988,0.0,9.170000076293945,413.0,-123.55355300873336,48.133070763987945
3498,0.9999974966049194,0.00012358911044429988,0.0,9.170000076293945,413.0,-123.55355300873336,48.133070763987945
3499,0.9999974966049194,0.00012358911044429988,0.0,9.170000076293945,413.0,-123.55355300873336,48.133070763987945
3500,0.9999974966049194,0.00012358911044429988,0.0,9.170000076293945,413.0,-123.55355300873336,48.133070763987945
3501,0.9999974966049194,0.00012358911044429988,0.0,9.170000076293945,413.0,-123.55355300873336,48.133070763987945
3502,0.9999974966049194,0.00012358911044429988,0.0,9.170000076293945,413.0,-123.55355300873336,48.133070763987945
3503,0.9999974966049194,0.00012358911044429988,0.0,9.170000076293945,413.0,-123.55355300873336,48.133070763987945
3504,0.9999970197677612,7.973084575496614e-05,0.0,9.1899995803833,433.6865234375,-123.55315300873336,48.133070763987945
3505,0.9999970197677612,7.973084575496614e-05,0.0,9.1899995803833,433.6865234375,-123.55315300873336,48.133070763987945
3506,0.9999970197677612,7.973084575496614e-05,0.0,9.1899995803833,433.6865234375,-123.55315300873336,48.133070763987945
3507,0.9999970197677612,7.973084575496614e-05,0.0,9.1899995803833,433.6865234375,-123.55315300873336,48.133070763987945
3508,0.9999970197677612,7.973084575496614e-05,0.0,9.1899995803833,433.6865234375,-123.55315300873336,48.133070763987945
3509,0.9999970197677612,7.973084575496614e-05,0.0,9.1899995803833,433.6865234375,-123.55315300873336,48.133070763987945
3510,0.9999970197677612,7.973084575496614e-05,0.0,9.1899995803833,433.6865234375,-123.55315300873336,48.133070763987945
3511,0.9999970197677612,7.973084575496614e-05,0.0,9.1899995803833,433.6865234375,-123.55315300873336,48.133070763987945
3512,0.9999970197677612,7.973084575496614e-05,0.0,9.1899995803833,433.6865234375,-123.55315300873336,48.133070763987945
3513,0.9999970197677612,7.973084575496614e-05,0.0,9.1899995803833,433.6865234375,-123.55315300873336,48.133070763987945
3514,0.9999881982803345,6.456578557845205e-05,0.0,9.25,413.2723083496094,-123.55275300873336,48.133070763987945
3515,0.9999881982803345,6.456578557845205e-05,0.0,9.25,413.2723083496094,-123.55275300873336,48.133070763987945
3516,0.9999881982803345,6.456578557845205e-05,0.0,9.25,413.2723083496094,-123.55275300873336,48.133070763987945
3517,0.9999881982803345,6.456578557845205e-05,0.0,9.25,413.2723083496094,-123.55275300873336,48.133070763987945
3518,0.9999881982803345,6.456578557845205e-05,0.0,9.25,413.2723083496094,-123.55275300873336,48.133070763987945
3519,0.9999881982803345,6.456578557845205e-05,0.0,9.25,413.2723083496094,-123.55275300873336,48.133070763987945
3520,0.9999881982803345,6.456578557845205e-05,0.0,9.25,413.2723083496094,-123.55275300873336,48.133070763987945
3521,0.9999881982803345,6.456578557845205e-05,0.0,9.25,413.2723083496094,-123.55275300873336,48.133070763987945
3522,0.9999881982803345,6.456578557845205e-05,0.0,9.25,413.2723083496094,-123.55275300873336,48.133070763987945
3523,0.9999881982803345,6.456578557845205e-05,0.0,9.25,413.2723083496094,-123.55275300873336,48.133070763987945
3524,0.5850289463996887,0.0026326754596084356,0.0,9.273774147033691,376.0651550292969,-123.55235300873336,48.133070763987945
3525,0.5850289463996887,0.0026326754596084356,0.0,9.273774147033691,376.0651550292969,-123.55235300873336,48.133070763987945
3526,0.5850289463996887,0.0026326754596084356,0.0,9.273774147033691,376.0651550292969,-123.55235300873336,48.133070763987945
3527,0.5850289463996887,0.0026326754596084356,0.0,9.273774147033691,376.0651550292969,-123.55235300873336,48.133070763987945
3528,0.5850289463996887,0.0026326754596084356,0.0,9.273774147033691,376.0651550292969,-123.55235300873336,48.133070763987945
3529,0.5850289463996887,0.0026326754596084356,0.0,9.273774147033691,376.0651550292969,-123.55235300873336,48.133070763987945
3530,0.5850289463996887,0.0026326754596084356,0.0,9.273774147033691,376.0651550292969,-123.55235300873336,48.133070763987945
3531,0.5850289463996887,0.0026326754596084356,0.0,9.273774147033691,376.0651550292969,-123.55235300873336,48.133070763987945
3532,0.5850289463996887,0.0026326754596084356,0.0,9.273774147033691,376.0651550292969,-123.55235300873336,48.133070763987945
3533,0.5850289463996887,0.0026326754596084356,0.0,9.273774147033691,376.0651550292969,-123.55235300873336,48.133070763987945
3534,0.9779263138771057,0.0005927768652327359,0.0,9.619999885559082,381.7813415527344,-123.55195300873336,48.133070763987945
3535,0.9779263138771057,0.0005927768652327359,0.0,9.619999885559082,381.7813415527344,-123.55195300873336,48.133070763987945
3536,0.9779263138771057,0.0005927768652327359,0.0,9.619999885559082,381.7813415527344,-123.55195300873336,48.133070763987945
3537,0.9779263138771057,0.0005927768652327359,0.0,9.619999885559082,381.7813415527344,-123.55195300873336,48.133070763987945
3538,0.9779263138771057,0.0005927768652327359,0.0,9.619999885559082,381.7813415527344,-123.55195300873336,48.133070763987945
3539,0.9779263138771057,0.0005927768652327359,0.0,9.619999885559082,381.7813415527344,-123.55195300873336,48.133070763987945
3540,0.9779263138771057,0.0005927768652327359,0.0,9.619999885559082,381.7813415527344,-123.55195300873336,48.133070763987945
3541,0.9779263138771057,0.0005927768652327359,0.0,9.619999885559082,381.7813415527344,-123.55195300873336,48.133070763987945
3542,0.9779263138771057,0.0005927768652327359,0.0,9.619999885559082,381.7813415527344,-123.55195300873336,48.133070763987945
3543,0.9779263138771057,0.0005927768652327359,0.0,9.619999885559082,381.7813415527344,-123.55195300873336,48.133070763987945
3544,0.0012262342497706413,0.000656606222037226,0.0,9.421514511108398,298.3990478515625,-123.55155300873336,48.133070763987945
3545,0.0012262342497706413,0.000656606222037226,0.0,9.421514511108398,298.3990478515625,-123.55155300873336,48.133070763987945
3546,0.0012262342497706413,0.000656606222037226,0.0,9.421514511108398,298.3990478515625,-123.55155300873336,48.133070763987945
3547,0.0012262342497706413,0.000656606222037226,0.0,9.421514511108398,298.3990478515625,-123.55155300873336,48.133070763987945
3548,0.0012262342497706413,0.000656606222037226,0.0,9.421514511108398,298.3990478515625,-123.55155300873336,48.133070763987945
3549,0.0012262342497706413,0.000656606222037226,0.0,9.421514511108398,298.3990478515625,-123.55155300873336,48.133070763987945
3550,0.0012262342497706413,0.000656606222037226,0.0,9.421514511108398,298.3990478515625,-123.55155300873336,48.133070763987945
3551,0.0012262342497706413,0.000656606222037226,0.0,9.421514511108398,298.3990478515625,-123.55155300873336,48.133070763987945
3552,0.0012262342497706413,0.000656606222037226,0.0,9.421514511108398,298.3990478515625,-123.55155300873336,48.133070763987945
3553,0.0012262342497706413,0.000656606222037226,0.0,9.421514511108398,298.3990478515625,-123.55155300873336,48.133070763987945
3554,2.2373436081579712e-07,0.08300840854644775,0.0,8.70743465423584,100.44898986816406,-123.55115300873337,48.133070763987945
3555,2.2373436081579712e-07,0.08300840854644775,0.0,8.70743465423584,100.44898986816406,-123.55115300873337,48.133070763987945
3556,2.2373436081579712e-07,0.08300840854644775,0.0,8.70743465423584,100.44898986816406,-123.55115300873337,48.133070763987945
3557,2.2373436081579712e-07,0.08300840854644775,0.0,8.70743465423584,100.44898986816406,-123.55115300873337,48.133070763987945
3558,2.2373436081579712e-07,0.08300840854644775,0.0,8.70743465423584,100.44898986816406,-123.55115300873337,48.133070763987945
3559,2.2373436081579712e-07,0.08300840854644775,0.0,8.70743465423584,100.44898986816406,-123.55115300873337,48.133070763987945
3560,2.2373436081579712e-07,0.08300840854644775,0.0,8.70743465423584,100.44898986816406,-123.55115300873337,48.133070763987945
3561,2.2373436081579712e-07,0.08300840854644775,0.0,8.70743465423584,100.44898986816406,-123.55115300873337,48.133070763987945
3562,2.2373436081579712e-07,0.08300840854644775,0.0,8.70743465423584,100.44898986816406,-123.55115300873337,48.133070763987945
3563,2.2373436081579712e-07,0.08300840854644775,0.0,8.70743465423584,100.44898986816406,-123.55115300873337,48.133070763987945
3564,0.00058979686582461,0.004102377220988274,0.0,9.47082233428955,91.8368148803711,-123.55075300873337,48.133070763987945
3565,0.00058979686582461,0.004102377220988274,0.0,9.47082233428955,91.8368148803711,-123.55075300873337,48.133070763987945
3566,0.00058979686582461,0.004102377220988274,0.0,9.47082233428955,91.8368148803711,-123.55075300873337,48.133070763987945
3567,0.00058979686582461,0.004102377220988274,0.0,9.47082233428955,91.8368148803711,-123.55075300873337,48.133070763987945
3568,0.00058979686582461,0.004102377220988274,0.0,9.47082233428955,91.8368148803711,-123.55075300873337,48.133070763987945
3569,0.00058979686582461,0.004102377220988274,0.0,9.47082233428955,91.8368148803711,-123.55075300873337,48.133070763987945
3570,0.00058979686582461,0.004102377220988274,0.0,9.47082233428955,91.8368148803711,-123.55075300873337,48.133070763987945
3571,0.00058979686582461,0.004102377220988274,0.0,9.47082233428955,91.8368148803711,-123.55075300873337,48.133070763987945
3572,0.00058979686582461,0.004102377220988274,0.0,9.47082233428955,91.8368148803711,-123.55075300873337,48.133070763987945
3573,0.00058979686582461,0.004102377220988274,0.0,9.47082233428955,91.8368148803711,-123.55075300873337,48.133070763987945
3574,0.0,0.0,0.0,0.0,261.40008544921875,-123.55875300873335,48.132670763987946
3575,0.0,0.0,0.0,0.0,261.40008544921875,-123.55875300873335,48.132670763987946
3576,0.0,0.0,0.0,0.0,261.40008544921875,-123.55875300873335,48.132670763987946
3577,0.0,0.0,0.0,0.0,261.40008544921875,-123.55875300873335,48.132670763987946
3578,0.9860126376152039,0.004561437293887138,0.0,9.970000267028809,170.53152465820312,-123.55835300873335,48.132670763987946
3579,0.9860126376152039,0.004561437293887138,0.0,9.970000267028809,170.53152465820312,-123.55835300873335,48.132670763987946
3580,0.9860126376152039,0.004561437293887138,0.0,9.970000267028809,170.53152465820312,-123.55835300873335,48.132670763987946
3581,0.9860126376152039,0.004561437293887138,0.0,9.970000267028809,170.53152465820312,-123.55835300873335,48.132670763987946
3582,0.9860126376152039,0.004561437293887138,0.0,9.970000267028809,170.53152465820312,-123.55835300873335,48.132670763987946
3583,0.9860126376152039,0.004561437293887138,0.0,9.970000267028809,170.53152465820312,-123.55835300873335,48.132670763987946
3584,4.79780692330678e-06,0.055239688605070114,0.0,8.885496139526367,6.4031243324279785,-123.55795300873335,48.132670763987946
3585,4.79780692330678e-06,0.055239688605070114,0.0,8.885496139526367,6.4031243324279785,-123.55795300873335,48.132670763987946
3586,4.79780692330678e-06,0.055239688605070114,0.0,8.885496139526367,6.4031243324279785,-123.55795300873335,48.132670763987946
3587,4.79780692330678e-06,0.055239688605070114,0.0,8.885496139526367,6.4031243324279785,-123.55795300873335,48.132670763987946
3588,4.79780692330678e-06,0.055239688605070114,0.0,8.885496139526367,6.4031243324279785,-123.55795300873335,48.132670763987946
3589,4.79780692330678e-06,0.055239688605070114,0.0,8.885496139526367,6.4031243324279785,-123.55795300873335,48.132670763987946
3590,4.79780692330678e-06,0.055239688605070114,0.0,8.885496139526367,6.4031243324279785,-123.55795300873335,48.132670763987946
3591,4.79780692330678e-06,0.055239688605070114,0.0,8.885496139526367,6.4031243324279785,-123.55795300873335,48.132670763987946
3592,4.79780692330678e-06,0.055239688605070114,0.0,8.885496139526367,6.4031243324279785,-123.55795300873335,48.132670763987946
3593,4.79780692330678e-06,0.055239688605070114,0.0,8.885496139526367,6.4031243324279785,-123.55795300873335,48.132670763987946
3594,6.073857002775185e-05,0.005749834701418877,1.0,10.25,186.6761932373047,-123.55755300873335,48.132670763987946
3595,6.073857002775185e-05,0.005749834701418877,1.0,10.25,186.6761932373047,-123.55755300873335,48.132670763987946
3596,6.073857002775185e-05,0.005749834701418877,1.0,10.25,186.6761932373047,-123.55755300873335,48.132670763987946
3597,6.073857002775185e-05,0.005749834701418877,1.0,10.25,186.6761932373047,-123.55755300873335,48.132670763987946
3598,6.073857002775185e-05,0.005749834701418877,1.0,10.25,186.6761932373047,-123.55755300873335,48.132670763987946
3599,6.073857002775185e-05,0.005749834701418877,1.0,10.25,186.6761932373047,-123.55755300873335,48.132670763987946
3600,6.073857002775185e-05,0.005749834701418877,1.0,10.25,186.6761932373047,-123.55755300873335,48.132670763987946
3601,6.073857002775185e-05,0.005749834701418877,1.0,10.25,186.6761932373047,-123.55755300873335,48.132670763987946
3602,6.073857002775185e-05,0.005749834701418877,1.0,10.25,186.6761932373047,-123.55755300873335,48.132670763987946
3603,6.073857002775185e-05,0.005749834701418877,1.0,10.25,186.6761932373047,-123.55755300873335,48.132670763987946
3604,0.9548333287239075,3.971850674133748e-05,0.0,10.220000267028809,355.8791809082031,-123.55715300873335,48.132670763987946
3605,0.9548333287239075,3.971850674133748e-05,0.0,10.220000267028809,355.8791809082031,-123.55715300873335,48.132670763987946
3606,0.9548333287239075,3.971850674133748e-05,0.0,10.220000267028809,355.8791809082031,-123.55715300873335,48.132670763987946
3607,0.9548333287239075,3.971850674133748e-05,0.0,10.220000267028809,355.8791809082031,-123.55715300873335,48.132670763987946
3608,0.9548333287239075,3.971850674133748e-05,0.0,10.220000267028809,355.8791809082031,-123.55715300873335,48.132670763987946
3609,0.9548333287239075,3.971850674133748e-05,0.0,10.220000267028809,355.8791809082031,-123.55715300873335,48.132670763987946
3610,0.9548333287239075,3.971850674133748e-05,0.0,10.220000267028809,355.8791809082031,-123.55715300873335,48.132670763987946
3611,0.9548333287239075,3.971850674133748e-05,0.0,10.220000267028809,355.8791809082031,-123.55715300873335,48.132670763987946
3612,0.9548333287239075,3.971850674133748e-05,0.0,10.220000267028809,355.8791809082031,-123.55715300873335,48.132670763987946
3613,0.9548333287239075,3.971850674133748e-05,0.0,10.220000267028809,355.8791809082031,-123.55715300873335,48.132670763987946
3614,0.9847630858421326,1.7064410712919198e-05,0.0,10.329999923706055,542.7752685546875,-123.55675300873335,48.132670763987946
3615,0.9847630858421326,1.7064410712919198e-05,0.0,10.329999923706055,542.7752685546875,-123.55675300873335,48.132670763987946
3616,0.9847630858421326,1.7064410712919198e-05,0.0,10.329999923706055,542.7752685546875,-123.55675300873335,48.132670763987946
3617,0.9847630858421326,1.7064410712919198e-05,0.0,10.329999923706055,542.7752685546875,-123.55675300873335,48.132670763987946
3618,0.9847630858421326,1.7064410712919198e-05,0.0,10.329999923706055,542.7752685546875,-123.55675300873335,48.132670763987946
3619,0.9847630858421326,1.7064410712919198e-05,0.0,10.329999923706055,542.7752685546875,-123.55675300873335,48.132670763987946
3620,0.9847630858421326,1.7064410712919198e-05,0.0,10.329999923706055,542.7752685546875,-123.55675300873335,48.132670763987946
3621,0.9847630858421326,1.7064410712919198e-05,0.0,10.329999923706055,542.7752685546875,-123.55675300873335,48.132670763987946
3622,0.9847630858421326,1.7064410712919198e-05,0.0,10.329999923706055,542.7752685546875,-123.55675300873335,48.132670763987946
3623,0.9847630858421326,1.7064410712919198e-05,0.0,10.329999923706055,542.7752685546875,-123.55675300873335,48.132670763987946
3624,0.9999778270721436,6.207120895851403e-05,0.0,10.829999923706055,755.779052734375,-123.55635300873335,48.132670763987946
3625,0.9999778270721436,6.207120895851403e-05,0.0,10.829999923706055,755.779052734375,-123.55635300873335,48.132670763987946
3626,0.9999778270721436,6.207120895851403e-05,0.0,10.829999923706055,755.779052734375,-123.55635300873335,48.132670763987946
3627,0.9999778270721436,6.207120895851403e-05,0.0,10.829999923706055,755.779052734375,-123.55635300873335,48.132670763987946
3628,0.9999778270721436,6.207120895851403e-05,0.0,10.829999923706055,755.779052734375,-123.55635300873335,48.132670763987946
3629,0.9999778270721436,6.207120895851403e-05,0.0,10.829999923706055,755.779052734375,-123.55635300873335,48.132670763987946
3630,0.9999778270721436,6.207120895851403e-05,0.0,10.829999923706055,755.779052734375,-123.55635300873335,48.132670763987946
3631,0.9999778270721436,6.207120895851403e-05,0.0,10.829999923706055,755.779052734375,-123.55635300873335,48.132670763987946
3632,0.9999778270721436,6.207120895851403e-05,0.0,10.829999923706055,755.779052734375,-123.55635300873335,48.132670763987946
3633,0.9999778270721436,6.207120895851403e-05,0.0,10.829999923706055,755.779052734375,-123.55635300873335,48.132670763987946
3634,0.9999938011169434,0.00010758340795291588,0.0,9.800000190734863,973.00048828125,-123.55595300873335,48.132670763987946
3635,0.9999938011169434,0.00010758340795291588,0.0,9.800000190734863,973.00048828125,-123.55595300873335,48.132670763987946
3636,0.9999938011169434,0.00010758340795291588,0.0,9.800000190734863,973.00048828125,-123.55595300873335,48.132670763987946
3637,0.9999938011169434,0.00010758340795291588,0.0,9.800000190734863,973.00048828125,-123.55595300873335,48.132670763987946
3638,0.9999938011169434,0.00010758340795291588,0.0,9.800000190734863,973.00048828125,-123.55595300873335,48.132670763987946
3639,0.9999938011169434,0.00010758340795291588,0.0,9.800000190734863,973.00048828125,-123.55595300873335,48.132670763987946
3640,0.9999938011169434,0.00010758340795291588,0.0,9.800000190734863,973.00048828125,-123.55595300873335,48.132670763987946
3641,0.9999938011169434,0.00010758340795291588,0.0,9.800000190734863,973.00048828125,-123.55595300873335,48.132670763987946
3642,0.9999938011169434,0.00010758340795291588,0.0,9.800000190734863,973.00048828125,-123.55595300873335,48.132670763987946
3643,0.9999938011169434,0.00010758340795291588,0.0,9.800000190734863,973.00048828125,-123.55595300873335,48.132670763987946
3644,0.9999971389770508,0.00016893603606149554,0.0,10.699999809265137,1046.394287109375,-123.55555300873336,48.132670763987946
3645,0.9999971389770508,0.00016893603606149554,0.0,10.699999809265137,1046.394287109375,-123.55555300873336,48.132670763987946
3646,0.9999971389770508,0.00016893603606149554,0.0,10.699999809265137,1046.394287109375,-123.55555300873336,48.132670763987946
3647,0.9999971389770508,0.00016893603606149554,0.0,10.699999809265137,1046.394287109375,-123.55555300873336,48.132670763987946
3648,0.9999971389770508,0.00016893603606149554,0.0,10.699999809265137,1046.394287109375,-123.55555300873336,48.132670763987946
3649,0.9999971389770508,0.00016893603606149554,0.0,10.699999809265137,1046.394287109375,-123.55555300873336,48.132670763987946
3650,0.9999971389770508,0.00016893603606149554,0.0,10.699999809265137,1046.394287109375,-123.55555300873336,48.132670763987946
3651,0.9999971389770508,0.00016893603606149554,0.0,10.699999809265137,1046.394287109375,-123.55555300873336,48.132670763987946
3652,0.9999971389770508,0.00016893603606149554,0.0,10.699999809265137,1046.394287109375,-123.55555300873336,48.132670763987946
3653,0.9999971389770508,0.00016893603606149554,0.0,10.699999809265137,1046.394287109375,-123.55555300873336,48.132670763987946
3654,0.9999990463256836,0.00010218520765192807,0.0,10.729999542236328,952.71875,-123.55515300873336,48.132670763987946
3655,0.9999990463256836,0.00010218520765192807,0.0,10.729999542236328,952.71875,-123.55515300873336,48.132670763987946
3656,0.9999990463256836,0.00010218520765192807,0.0,10.729999542236328,952.71875,-123.55515300873336,48.132670763987946
3657,0.9999990463256836,0.00010218520765192807,0.0,10.729999542236328,952.71875,-123.55515300873336,48.132670763987946
3658,0.9999990463256836,0.00010218520765192807,0.0,10.729999542236328,952.71875,-123.55515300873336,48.132670763987946
3659,0.9999990463256836,0.00010218520765192807,0.0,10.729999542236328,952.71875,-123.55515300873336,48.132670763987946
3660,0.9999990463256836,0.00010218520765192807,0.0,10.729999542236328,952.71875,-123.55515300873336,48.132670763987946
3661,0.9999990463256836,0.00010218520765192807,0.0,10.729999542236328,952.71875,-123.55515300873336,48.132670763987946
3662,0.9999990463256836,0.00010218520765192807,0.0,10.729999542236328,952.71875,-123.55515300873336,48.132670763987946
3663,0.9999990463256836,0.00010218520765192807,0.0,10.729999542236328,952.71875,-123.55515300873336,48.132670763987946
3664,0.9999971389770508,0.00012136689474573359,0.0,10.079999923706055,866.1575927734375,-123.55475300873336,48.132670763987946
3665,0.9999971389770508,0.00012136689474573359,0.0,10.079999923706055,866.1575927734375,-123.55475300873336,48.132670763987946
3666,0.9999971389770508,0.00012136689474573359,0.0,10.079999923706055,866.1575927734375,-123.55475300873336,48.132670763987946
3667,0.9999971389770508,0.00012136689474573359,0.0,10.079999923706055,866.1575927734375,-123.55475300873336,48.132670763987946
3668,0.9999971389770508,0.00012136689474573359,0.0,10.079999923706055,866.1575927734375,-123.55475300873336,48.132670763987946
3669,0.9999971389770508,0.00012136689474573359,0.0,10.079999923706055,866.1575927734375,-123.55475300873336,48.132670763987946
3670,0.9999971389770508,0.00012136689474573359,0.0,10.079999923706055,866.1575927734375,-123.55475300873336,48.132670763987946
3671,0.9999971389770508,0.00012136689474573359,0.0,10.079999923706055,866.1575927734375,-123.55475300873336,48.132670763987946
3672,0.9999971389770508,0.00012136689474573359,0.0,10.079999923706055,866.1575927734375,-123.55475300873336,48.132670763987946
3673,0.9999971389770508,0.00012136689474573359,0.0,10.079999923706055,866.1575927734375,-123.55475300873336,48.132670763987946
3674,0.9999899864196777,8.871471072779968e-05,0.0,10.4399995803833,792.3818359375,-123.55435300873336,48.132670763987946
3675,0.9999899864196777,8.871471072779968e-05,0.0,10.4399995803833,792.3818359375,-123.55435300873336,48.132670763987946
3676,0.9999899864196777,8.871471072779968e-05,0.0,10.4399995803833,792.3818359375,-123.55435300873336,48.132670763987946
3677,0.9999899864196777,8.871471072779968e-05,0.0,10.4399995803833,792.3818359375,-123.55435300873336,48.132670763987946
3678,0.9999899864196777,8.871471072779968e-05,0.0,10.4399995803833,792.3818359375,-123.55435300873336,48.132670763987946
3679,0.9999899864196777,8.871471072779968e-05,0.0,10.4399995803833,792.3818359375,-123.55435300873336,48.132670763987946
3680,0.9999899864196777,8.871471072779968e-05,0.0,10.4399995803833,792.3818359375,-123.55435300873336,48.132670763987946
3681,0.9999899864196777,8.871471072779968e-05,0.0,10.4399995803833,792.3818359375,-123.55435300873336,48.132670763987946
3682,0.9999899864196777,8.871471072779968e-05,0.0,10.4399995803833,792.3818359375,-123.55435300873336,48.132670763987946
3683,0.9999899864196777,8.871471072779968e-05,0.0,10.4399995803833,792.3818359375,-123.55435300873336,48.132670763987946
3684,0.999996542930603,8.744877413846552e-05,0.0,10.020000457763672,709.2820434570312,-123.55395300873336,48.132670763987946
3685,0.999996542930603,8.744877413846552e-05,0.0,10.020000457763672,709.2820434570312,-123.55395300873336,48.132670763987946
3686,0.999996542930603,8.744877413846552e-05,0.0,10.020000457763672,709.2820434570312,-123.55395300873336,48.132670763987946
3687,0.999996542930603,8.744877413846552e-05,0.0,10.020000457763672,709.2820434570312,-123.55395300873336,48.132670763987946
3688,0.999996542930603,8.744877413846552e-05,0.0,10.020000457763672,709.2820434570312,-123.55395300873336,48.132670763987946
3689,0.999996542930603,8.744877413846552e-05,0.0,10.020000457763672,709.2820434570312,-123.55395300873336,48.132670763987946
3690,0.999996542930603,8.744877413846552e-05,0.0,10.020000457763672,709.2820434570312,-123.55395300873336,48.132670763987946
3691,0.999996542930603,8.744877413846552e-05,0.0,10.020000457763672,709.2820434570312,-123.55395300873336,48.132670763987946
3692,0.999996542930603,8.744877413846552e-05,0.0,10.020000457763672,709.2820434570312,-123.55395300873336,48.132670763987946
3693,0.999996542930603,8.744877413846552e-05,0.0,10.020000457763672,709.2820434570312,-123.55395300873336,48.132670763987946
3694,0.999996542930603,6.997392483754084e-05,0.0,9.920000076293945,668.0,-123.55355300873336,48.132670763987946
3695,0.999996542930603,6.997392483754084e-05,0.0,9.920000076293945,668.0,-123.55355300873336,48.132670763987946
3696,0.999996542930603,6.997392483754084e-05,0.0,9.920000076293945,668.0,-123.55355300873336,48.132670763987946
3697,0.999996542930603,6.997392483754084e-05,0.0,9.920000076293945,668.0,-123.55355300873336,48.132670763987946
3698,0.999996542930603,6.997392483754084e-05,0.0,9.920000076293945,668.0,-123.55355300873336,48.132670763987946
3699,0.999996542930603,6.997392483754084e-05,0.0,9.920000076293945,668.0,-123.55355300873336,48.132670763987946
3700,0.999996542930603,6.997392483754084e-05,0.0,9.920000076293945,668.0,-123.55355300873336,48.132670763987946
3701,0.999996542930603,6.997392483754084e-05,0.0,9.920000076293945,668.0,-123.55355300873336,48.132670763987946
3702,0.999996542930603,6.997392483754084e-05,0.0,9.920000076293945,668.0,-123.55355300873336,48.132670763987946
3703,0.999996542930603,6.997392483754084e-05,0.0,9.920000076293945,668.0,-123.55355300873336,48.132670763987946
3704,0.9999954700469971,6.208577542565763e-05,0.0,9.510000228881836,685.5450439453125,-123.55315300873336,48.132670763987946
3705,0.9999954700469971,6.208577542565763e-05,0.0,9.510000228881836,685.5450439453125,-123.55315300873336,48.132670763987946
3706,0.9999954700469971,6.208577542565763e-05,0.0,9.510000228881836,685.5450439453125,-123.55315300873336,48.132670763987946
3707,0.9999954700469971,6.208577542565763e-05,0.0,9.510000228881836,685.5450439453125,-123.55315300873336,48.132670763987946
3708,0.9999954700469971,6.208577542565763e-05,0.0,9.510000228881836,685.5450439453125,-123.55315300873336,48.132670763987946
3709,0.9999954700469971,6.208577542565763e-05,0.0,9.510000228881836,685.5450439453125,-123.55315300873336,48.132670763987946
3710,0.9999954700469971,6.208577542565763e-05,0.0,9.510000228881836,685.5450439453125,-123.55315300873336,48.132670763987946
3711,0.9999954700469971,6.208577542565763e-05,0.0,9.510000228881836,685.5450439453125,-123.55315300873336,48.132670763987946
3712,0.9999954700469971,6.208577542565763e-05,0.0,9.510000228881836,685.5450439453125,-123.55315300873336,48.132670763987946
3713,0.9999954700469971,6.208577542565763e-05,0.0,9.510000228881836,685.5450439453125,-123.55315300873336,48.132670763987946
3714,0.9999945163726807,6.20332793914713e-05,0.0,9.470000267028809,658.0896606445312,-123.55275300873336,48.132670763987946
3715,0.9999945163726807,6.20332793914713e-05,0.0,9.470000267028809,658.0896606445312,-123.55275300873336,48.132670763987946
3716,0.9999945163726807,6.20332793914713e-05,0.0,9.470000267028809,658.0896606445312,-123.55275300873336,48.132670763987946
3717,0.9999945163726807,6.20332793914713e-05,0.0,9.470000267028809,658.0896606445312,-123.55275300873336,48.132670763987946
3718,0.9999945163726807,6.20332793914713e-05,0.0,9.470000267028809,658.0896606445312,-123.55275300873336,48.132670763987946
3719,0.9999945163726807,6.20332793914713e-05,0.0,9.470000267028809,658.0896606445312,-123.55275300873336,48.132670763987946
3720,0.9999945163726807,6.20332793914713e-05,0.0,9.470000267028809,658.0896606445312,-123.55275300873336,48.132670763987946
3721,0.9999945163726807,6.20332793914713e-05,0.0,9.470000267028809,658.0896606445312,-123.55275300873336,48.132670763987946
3722,0.9999945163726807,6.20332793914713e-05,0.0,9.470000267028809,658.0896606445312,-123.55275300873336,48.132670763987946
3723,0.9999945163726807,6.20332793914713e-05,0.0,9.470000267028809,658.0896606445312,-123.55275300873336,48.132670763987946
3724,0.9999743700027466,0.0024271253496408463,0.0,9.970000267028809,631.038818359375,-123.55235300873336,48.132670763987946
3725,0.9999743700027466,0.0024271253496408463,0.0,9.970000267028809,631.038818359375,-123.55235300873336,48.132670763987946
3726,0.9999743700027466,0.0024271253496408463,0.0,9.970000267028809,631.038818359375,-123.55235300873336,48.132670763987946
3727,0.9999743700027466,0.0024271253496408463,0.0,9.970000267028809,631.038818359375,-123.55235300873336,48.132670763987946
3728,0.9999743700027466,0.0024271253496408463,0.0,9.970000267028809,631.038818359375,-123.55235300873336,48.132670763987946
3729,0.9999743700027466,0.0024271253496408463,0.0,9.970000267028809,631.038818359375,-123.55235300873336,48.132670763987946
3730,0.9999743700027466,0.0024271253496408463,0.0,9.970000267028809,631.038818359375,-123.55235300873336,48.132670763987946
3731,0.9999743700027466,0.0024271253496408463,0.0,9.970000267028809,631.038818359375,-123.55235300873336,48.132670763987946
3732,0.9999743700027466,0.0024271253496408463,0.0,9.970000267028809,631.038818359375,-123.55235300873336,48.132670763987946
3733,0.9999743700027466,0.0024271253496408463,0.0,9.970000267028809,631.038818359375,-123.55235300873336,48.132670763987946
3734,0.9999953508377075,0.0004539511865004897,0.0,9.829999923706055,536.4708862304688,-123.55195300873336,48.132670763987946
3735,0.9999953508377075,0.0004539511865004897,0.0,9.829999923706055,536.4708862304688,-123.55195300873336,48.132670763987946
3736,0.9999953508377075,0.0004539511865004897,0.0,9.829999923706055,536.4708862304688,-123.55195300873336,48.132670763987946
3737,0.9999953508377075,0.0004539511865004897,0.0,9.829999923706055,536.4708862304688,-123.55195300873336,48.132670763987946
3738,0.9999953508377075,0.0004539511865004897,0.0,9.829999923706055,536.4708862304688,-123.55195300873336,48.132670763987946
3739,0.9999953508377075,0.0004539511865004897,0.0,9.829999923706055,536.4708862304688,-123.55195300873336,48.132670763987946
3740,0.9999953508377075,0.0004539511865004897,0.0,9.829999923706055,536.4708862304688,-123.55195300873336,48.132670763987946
3741,0.9999953508377075,0.0004539511865004897,0.0,9.829999923706055,536.4708862304688,-123.55195300873336,48.132670763987946
3742,0.9999953508377075,0.0004539511865004897,0.0,9.829999923706055,536.4708862304688,-123.55195300873336,48.132670763987946
3743,0.9999953508377075,0.0004539511865004897,0.0,9.829999923706055,536.4708862304688,-123.55195300873336,48.132670763987946
3744,0.9740216732025146,0.008237947709858418,0.0,9.864870071411133,292.55084228515625,-123.55155300873336,48.132670763987946
3745,0.9740216732025146,0.008237947709858418,0.0,9.864870071411133,292.55084228515625,-123.55155300873336,48.132670763987946
3746,0.9740216732025146,0.008237947709858418,0.0,9.864870071411133,292.55084228515625,-123.55155300873336,48.132670763987946
3747,0.9740216732025146,0.008237947709858418,0.0,9.864870071411133,292.55084228515625,-123.55155300873336,48.132670763987946
3748,0.9740216732025146,0.008237947709858418,0.0,9.864870071411133,292.55084228515625,-123.55155300873336,48.132670763987946
3749,0.9740216732025146,0.008237947709858418,0.0,9.864870071411133,292.55084228515625,-123.55155300873336,48.132670763987946
3750,0.9740216732025146,0.008237947709858418,0.0,9.864870071411133,292.55084228515625,-123.55155300873336,48.132670763987946
3751,0.9740216732025146,0.008237947709858418,0.0,9.864870071411133,292.55084228515625,-123.55155300873336,48.132670763987946
3752,0.9740216732025146,0.008237947709858418,0.0,9.864870071411133,292.55084228515625,-123.55155300873336,48.132670763987946
3753,0.9740216732025146,0.008237947709858418,0.0,9.864870071411133,292.55084228515625,-123.55155300873336,48.132670763987946
3754,2.8891340662084986e-06,0.670606791973114,0.0,8.794955253601074,86.83317565917969,-123.55115300873337,48.132670763987946
3755,2.8891340662084986e-06,0.670606791973114,0.0,8.794955253601074,86.83317565917969,-123.55115300873337,48.132670763987946
3756,2.8891340662084986e-06,0.670606791973114,0.0,8.794955253601074,86.83317565917969,-123.55115300873337,48.132670763987946
3757,2.8891340662084986e-06,0.670606791973114,0.0,8.794955253601074,86.83317565917969,-123.55115300873337,48.132670763987946
3758,2.8891340662084986e-06,0.670606791973114,0.0,8.794955253601074,86.83317565917969,-123.55115300873337,48.132670763987946
3759,2.8891340662084986e-06,0.670606791973114,0.0,8.794955253601074,86.83317565917969,-123.55115300873337,48.132670763987946
3760,2.8891340662084986e-06,0.670606791973114,0.0,8.794955253601074,86.83317565917969,-123.55115300873337,48.132670763987946
3761,2.8891340662084986e-06,0.670606791973114,0.0,8.794955253601074,86.83317565917969,-123.55115300873337,48.132670763987946
3762,2.8891340662084986e-06,0.670606791973114,0.0,8.794955253601074,86.83317565917969,-123.55115300873337,48.132670763987946
3763,2.8891340662084986e-06,0.670606791973114,0.0,8.794955253601074,86.83317565917969,-123.55115300873337,48.132670763987946
3764,0.0,0.0,0.0,0.0,129.32130432128906,-123.55075300873337,48.132670763987946
3765,0.0,0.0,0.0,0.0,129.32130432128906,-123.55075300873337,48.132670763987946
3766,4.2882453271886334e-05,0.31899985671043396,0.0,10.27123737335205,173.94827270507812,-123.55795300873335,48.13227076398795
3767,4.2882453271886334e-05,0.31899985671043396,0.0,10.27123737335205,173.94827270507812,-123.55795300873335,48.13227076398795
3768,4.2882453271886334e-05,0.31899985671043396,0.0,10.27123737335205,173.94827270507812,-123.55795300873335,48.13227076398795
3769,4.2882453271886334e-05,0.31899985671043396,0.0,10.27123737335205,173.94827270507812,-123.55795300873335,48.13227076398795
3770,4.2882453271886334e-05,0.31899985671043396,0.0,10.27123737335205,173.94827270507812,-123.55795300873335,48.13227076398795
3771,4.2882453271886334e-05,0.31899985671043396,0.0,10.27123737335205,173.94827270507812,-123.55795300873335,48.13227076398795
3772,4.2882453271886334e-05,0.31899985671043396,0.0,10.27123737335205,173.94827270507812,-123.55795300873335,48.13227076398795
3773,4.2882453271886334e-05,0.31899985671043396,0.0,10.27123737335205,173.94827270507812,-123.55795300873335,48.13227076398795
3774,4.2882453271886334e-05,0.31899985671043396,0.0,10.27123737335205,173.94827270507812,-123.55795300873335,48.13227076398795
3775,4.2882453271886334e-05,0.31899985671043396,0.0,10.27123737335205,173.94827270507812,-123.55795300873335,48.13227076398795
3776,5.43850092071807e-06,0.6541531682014465,0.0,8.876873970031738,3.605551242828369,-123.55755300873335,48.13227076398795
3777,5.43850092071807e-06,0.6541531682014465,0.0,8.876873970031738,3.605551242828369,-123.55755300873335,48.13227076398795
3778,5.43850092071807e-06,0.6541531682014465,0.0,8.876873970031738,3.605551242828369,-123.55755300873335,48.13227076398795
3779,5.43850092071807e-06,0.6541531682014465,0.0,8.876873970031738,3.605551242828369,-123.55755300873335,48.13227076398795
3780,5.43850092071807e-06,0.6541531682014465,0.0,8.876873970031738,3.605551242828369,-123.55755300873335,48.13227076398795
3781,5.43850092071807e-06,0.6541531682014465,0.0,8.876873970031738,3.605551242828369,-123.55755300873335,48.13227076398795
3782,5.43850092071807e-06,0.6541531682014465,0.0,8.876873970031738,3.605551242828369,-123.55755300873335,48.13227076398795
3783,5.43850092071807e-06,0.6541531682014465,0.0,8.876873970031738,3.605551242828369,-123.55755300873335,48.13227076398795
3784,5.43850092071807e-06,0.6541531682014465,0.0,8.876873970031738,3.605551242828369,-123.55755300873335,48.13227076398795
3785,5.43850092071807e-06,0.6541531682014465,0.0,8.876873970031738,3.605551242828369,-123.55755300873335,48.13227076398795
3786,0.009548990055918694,0.00042849674355238676,0.0,10.640000343322754,189.44656372070312,-123.55715300873335,48.13227076398795
3787,0.009548990055918694,0.00042849674355238676,0.0,10.640000343322754,189.44656372070312,-123.55715300873335,48.13227076398795
3788,0.009548990055918694,0.00042849674355238676,0.0,10.640000343322754,189.44656372070312,-123.55715300873335,48.13227076398795
3789,0.009548990055918694,0.00042849674355238676,0.0,10.640000343322754,189.44656372070312,-123.55715300873335,48.13227076398795
3790,0.009548990055918694,0.00042849674355238676,0.0,10.640000343322754,189.44656372070312,-123.55715300873335,48.13227076398795
3791,0.009548990055918694,0.00042849674355238676,0.0,10.640000343322754,189.44656372070312,-123.55715300873335,48.13227076398795
3792,0.009548990055918694,0.00042849674355238676,0.0,10.640000343322754,189.44656372070312,-123.55715300873335,48.13227076398795
3793,0.009548990055918694,0.00042849674355238676,0.0,10.640000343322754,189.44656372070312,-123.55715300873335,48.13227076398795
3794,0.009548990055918694,0.00042849674355238676,0.0,10.640000343322754,189.44656372070312,-123.55715300873335,48.13227076398795
3795,0.009548990055918694,0.00042849674355238676,0.0,10.640000343322754,189.44656372070312,-123.55715300873335,48.13227076398795
3796,0.00010651912452885881,0.00080825574696064,0.0,9.680000305175781,403.24310302734375,-123.55675300873335,48.13227076398795
3797,0.00010651912452885881,0.00080825574696064,0.0,9.680000305175781,403.24310302734375,-123.55675300873335,48.13227076398795
3798,0.00010651912452885881,0.00080825574696064,0.0,9.680000305175781,403.24310302734375,-123.55675300873335,48.13227076398795
3799,0.00010651912452885881,0.00080825574696064,0.0,9.680000305175781,403.24310302734375,-123.55675300873335,48.13227076398795
3800,0.00010651912452885881,0.00080825574696064,0.0,9.680000305175781,403.24310302734375,-123.55675300873335,48.13227076398795
3801,0.00010651912452885881,0.00080825574696064,0.0,9.680000305175781,403.24310302734375,-123.55675300873335,48.13227076398795
3802,0.00010651912452885881,0.00080825574696064,0.0,9.680000305175781,403.24310302734375,-123.55675300873335,48.13227076398795
3803,0.00010651912452885881,0.00080825574696064,0.0,9.680000305175781,403.24310302734375,-123.55675300873335,48.13227076398795
3804,0.00010651912452885881,0.00080825574696064,0.0,9.680000305175781,403.24310302734375,-123.55675300873335,48.13227076398795
3805,0.00010651912452885881,0.00080825574696064,0.0,9.680000305175781,403.24310302734375,-123.55675300873335,48.13227076398795
3806,0.999956488609314,8.832228922983631e-05,0.0,10.3100004196167,636.5728759765625,-123.55635300873335,48.13227076398795
3807,0.999956488609314,8.832228922983631e-05,0.0,10.3100004196167,636.5728759765625,-123.55635300873335,48.13227076398795
3808,0.999956488609314,8.832228922983631e-05,0.0,10.3100004196167,636.5728759765625,-123.55635300873335,48.13227076398795
3809,0.999956488609314,8.832228922983631e-05,0.0,10.3100004196167,636.5728759765625,-123.55635300873335,48.13227076398795
3810,0.999956488609314,8.832228922983631e-05,0.0,10.3100004196167,636.5728759765625,-123.55635300873335,48.13227076398795
3811,0.999956488609314,8.832228922983631e-05,0.0,10.3100004196167,636.5728759765625,-123.55635300873335,48.13227076398795
3812,0.999956488609314,8.832228922983631e-05,0.0,10.3100004196167,636.5728759765625,-123.55635300873335,48.13227076398795
3813,0.999956488609314,8.832228922983631e-05,0.0,10.3100004196167,636.5728759765625,-123.55635300873335,48.13227076398795
3814,0.999956488609314,8.832228922983631e-05,0.0,10.3100004196167,636.5728759765625,-123.55635300873335,48.13227076398795
3815,0.999956488609314,8.832228922983631e-05,0.0,10.3100004196167,636.5728759765625,-123.55635300873335,48.13227076398795
3816,0.9999809265136719,0.0001904414821183309,0.0,10.819999694824219,881.621826171875,-123.55595300873335,48.13227076398795
3817,0.9999809265136719,0.0001904414821183309,0.0,10.819999694824219,881.621826171875,-123.55595300873335,48.13227076398795
3818,0.9999809265136719,0.0001904414821183309,0.0,10.819999694824219,881.621826171875,-123.55595300873335,48.13227076398795
3819,0.9999809265136719,0.0001904414821183309,0.0,10.819999694824219,881.621826171875,-123.55595300873335,48.13227076398795
3820,0.9999809265136719,0.0001904414821183309,0.0,10.819999694824219,881.621826171875,-123.55595300873335,48.13227076398795
3821,0.9999809265136719,0.0001904414821183309,0.0,10.819999694824219,881.621826171875,-123.55595300873335,48.13227076398795
3822,0.9999809265136719,0.0001904414821183309,0.0,10.819999694824219,881.621826171875,-123.55595300873335,48.13227076398795
3823,0.9999809265136719,0.0001904414821183309,0.0,10.819999694824219,881.621826171875,-123.55595300873335,48.13227076398795
3824,0.9999809265136719,0.0001904414821183309,0.0,10.819999694824219,881.621826171875,-123.55595300873335,48.13227076398795
3825,0.9999809265136719,0.0001904414821183309,0.0,10.819999694824219,881.621826171875,-123.55595300873335,48.13227076398795
3826,0.9999926090240479,7.353494584094733e-05,0.0,11.029999732971191,1130.21240234375,-123.55555300873336,48.13227076398795
3827,0.9999926090240479,7.353494584094733e-05,0.0,11.029999732971191,1130.21240234375,-123.55555300873336,48.13227076398795
3828,0.9999926090240479,7.353494584094733e-05,0.0,11.029999732971191,1130.21240234375,-123.55555300873336,48.13227076398795
3829,0.9999926090240479,7.353494584094733e-05,0.0,11.029999732971191,1130.21240234375,-123.55555300873336,48.13227076398795
3830,0.9999926090240479,7.353494584094733e-05,0.0,11.029999732971191,1130.21240234375,-123.55555300873336,48.13227076398795
3831,0.9999926090240479,7.353494584094733e-05,0.0,11.029999732971191,1130.21240234375,-123.55555300873336,48.13227076398795
3832,0.9999926090240479,7.353494584094733e-05,0.0,11.029999732971191,1130.21240234375,-123.55555300873336,48.13227076398795
3833,0.9999926090240479,7.353494584094733e-05,0.0,11.029999732971191,1130.21240234375,-123.55555300873336,48.13227076398795
3834,0.9999926090240479,7.353494584094733e-05,0.0,11.029999732971191,1130.21240234375,-123.55555300873336,48.13227076398795
3835,0.9999926090240479,7.353494584094733e-05,0.0,11.029999732971191,1130.21240234375,-123.55555300873336,48.13227076398795
3836,0.9999974966049194,3.6629273381549865e-05,0.0,10.59000015258789,1191.5775146484375,-123.55515300873336,48.13227076398795
3837,0.9999974966049194,3.6629273381549865e-05,0.0,10.59000015258789,1191.5775146484375,-123.55515300873336,48.13227076398795
3838,0.9999974966049194,3.6629273381549865e-05,0.0,10.59000015258789,1191.5775146484375,-123.55515300873336,48.13227076398795
3839,0.9999974966049194,3.6629273381549865e-05,0.0,10.59000015258789,1191.5775146484375,-123.55515300873336,48.13227076398795
3840,0.9999974966049194,3.6629273381549865e-05,0.0,10.59000015258789,1191.5775146484375,-123.55515300873336,48.13227076398795
3841,0.9999974966049194,3.6629273381549865e-05,0.0,10.59000015258789,1191.5775146484375,-123.55515300873336,48.13227076398795
3842,0.9999974966049194,3.6629273381549865e-05,0.0,10.59000015258789,1191.5775146484375,-123.55515300873336,48.13227076398795
3843,0.9999974966049194,3.6629273381549865e-05,0.0,10.59000015258789,1191.5775146484375,-123.55515300873336,48.13227076398795
3844,0.9999974966049194,3.6629273381549865e-05,0.0,10.59000015258789,1191.5775146484375,-123.55515300873336,48.13227076398795
3845,0.9999974966049194,3.6629273381549865e-05,0.0,10.59000015258789,1191.5775146484375,-123.55515300873336,48.13227076398795
3846,0.9999961853027344,8.283929491881281e-05,0.0,11.100000381469727,1108.997802734375,-123.55475300873336,48.13227076398795
3847,0.9999961853027344,8.283929491881281e-05,0.0,11.100000381469727,1108.997802734375,-123.55475300873336,48.13227076398795
3848,0.9999961853027344,8.283929491881281e-05,0.0,11.100000381469727,1108.997802734375,-123.55475300873336,48.13227076398795
3849,0.9999961853027344,8.283929491881281e-05,0.0,11.100000381469727,1108.997802734375,-123.55475300873336,48.13227076398795
3850,0.9999961853027344,8.283929491881281e-05,0.0,11.100000381469727,1108.997802734375,-123.55475300873336,48.13227076398795
3851,0.9999961853027344,8.283929491881281e-05,0.0,11.100000381469727,1108.997802734375,-123.55475300873336,48.13227076398795
3852,0.9999961853027344,8.283929491881281e-05,0.0,11.100000381469727,1108.997802734375,-123.55475300873336,48.13227076398795
3853,0.9999961853027344,8.283929491881281e-05,0.0,11.100000381469727,1108.997802734375,-123.55475300873336,48.13227076398795
3854,0.9999961853027344,8.283929491881281e-05,0.0,11.100000381469727,1108.997802734375,-123.55475300873336,48.13227076398795
3855,0.9999961853027344,8.283929491881281e-05,0.0,11.100000381469727,1108.997802734375,-123.55475300873336,48.13227076398795
3856,0.9999898672103882,0.0001817002921598032,0.0,10.6899995803833,1032.2000732421875,-123.55435300873336,48.13227076398795
3857,0.9999898672103882,0.0001817002921598032,0.0,10.6899995803833,1032.2000732421875,-123.55435300873336,48.13227076398795
3858,0.9999898672103882,0.0001817002921598032,0.0,10.6899995803833,1032.2000732421875,-123.55435300873336,48.13227076398795
3859,0.9999898672103882,0.0001817002921598032,0.0,10.6899995803833,1032.2000732421875,-123.55435300873336,48.13227076398795
3860,0.9999898672103882,0.0001817002921598032,0.0,10.6899995803833,1032.2000732421875,-123.55435300873336,48.13227076398795
3861,0.9999898672103882,0.0001817002921598032,0.0,10.6899995803833,1032.2000732421875,-123.55435300873336,48.13227076398795
3862,0.9999898672103882,0.0001817002921598032,0.0,10.6899995803833,1032.2000732421875,-123.55435300873336,48.13227076398795
3863,0.9999898672103882,0.0001817002921598032,0.0,10.6899995803833,1032.2000732421875,-123.55435300873336,48.13227076398795
3864,0.9999898672103882,0.0001817002921598032,0.0,10.6899995803833,1032.2000732421875,-123.55435300873336,48.13227076398795
3865,0.9999898672103882,0.0001817002921598032,0.0,10.6899995803833,1032.2000732421875,-123.55435300873336,48.13227076398795
3866,0.9999934434890747,0.0002390820300206542,0.0,10.6899995803833,955.37744140625,-123.55395300873336,48.13227076398795
3867,0.9999934434890747,0.0002390820300206542,0.0,10.6899995803833,955.37744140625,-123.55395300873336,48.13227076398795
3868,0.9999934434890747,0.0002390820300206542,0.0,10.6899995803833,955.37744140625,-123.55395300873336,48.13227076398795
3869,0.9999934434890747,0.0002390820300206542,0.0,10.6899995803833,955.37744140625,-123.55395300873336,48.13227076398795
3870,0.9999934434890747,0.0002390820300206542,0.0,10.6899995803833,955.37744140625,-123.55395300873336,48.13227076398795
3871,0.9999934434890747,0.0002390820300206542,0.0,10.6899995803833,955.37744140625,-123.55395300873336,48.13227076398795
3872,0.9999934434890747,0.0002390820300206542,0.0,10.6899995803833,955.37744140625,-123.55395300873336,48.13227076398795
3873,0.9999934434890747,0.0002390820300206542,0.0,10.6899995803833,955.37744140625,-123.55395300873336,48.13227076398795
3874,0.9999934434890747,0.0002390820300206542,0.0,10.6899995803833,955.37744140625,-123.55395300873336,48.13227076398795
3875,0.9999934434890747,0.0002390820300206542,0.0,10.6899995803833,955.37744140625,-123.55395300873336,48.13227076398795
3876,0.9999967813491821,8.84078981471248e-05,0.0,10.630000114440918,923.0,-123.55355300873336,48.13227076398795
3877,0.9999967813491821,8.84078981471248e-05,0.0,10.630000114440918,923.0,-123.55355300873336,48.13227076398795
3878,0.9999967813491821,8.84078981471248e-05,0.0,10.630000114440918,923.0,-123.55355300873336,48.13227076398795
3879,0.9999967813491821,8.84078981471248e-05,0.0,10.630000114440918,923.0,-123.55355300873336,48.13227076398795
3880,0.9999967813491821,8.84078981471248e-05,0.0,10.630000114440918,923.0,-123.55355300873336,48.13227076398795
3881,0.9999967813491821,8.84078981471248e-05,0.0,10.630000114440918,923.0,-123.55355300873336,48.13227076398795
3882,0.9999967813491821,8.84078981471248e-05,0.0,10.630000114440918,923.0,-123.55355300873336,48.13227076398795
3883,0.9999967813491821,8.84078981471248e-05,0.0,10.630000114440918,923.0,-123.55355300873336,48.13227076398795
3884,0.9999967813491821,8.84078981471248e-05,0.0,10.630000114440918,923.0,-123.55355300873336,48.13227076398795
3885,0.9999967813491821,8.84078981471248e-05,0.0,10.630000114440918,923.0,-123.55355300873336,48.13227076398795
3886,0.9999982118606567,4.035353413200937e-05,0.0,10.09000015258789,937.3633422851562,-123.55315300873336,48.13227076398795
3887,0.9999982118606567,4.035353413200937e-05,0.0,10.09000015258789,937.3633422851562,-123.55315300873336,48.13227076398795
3888,0.9999982118606567,4.035353413200937e-05,0.0,10.09000015258789,937.3633422851562,-123.55315300873336,48.13227076398795
3889,0.9999982118606567,4.035353413200937e-05,0.0,10.09000015258789,937.3633422851562,-123.55315300873336,48.13227076398795
3890,0.9999982118606567,4.035353413200937e-05,0.0,10.09000015258789,937.3633422851562,-123.55315300873336,48.13227076398795
3891,0.9999982118606567,4.035353413200937e-05,0.0,10.09000015258789,937.3633422851562,-123.55315300873336,48.13227076398795
3892,0.9999982118606567,4.035353413200937e-05,0.0,10.09000015258789,937.3633422851562,-123.55315300873336,48.13227076398795
3893,0.9999982118606567,4.035353413200937e-05,0.0,10.09000015258789,937.3633422851562,-123.55315300873336,48.13227076398795
3894,0.9999982118606567,4.035353413200937e-05,0.0,10.09000015258789,937.3633422851562,-123.55315300873336,48.13227076398795
3895,0.9999982118606567,4.035353413200937e-05,0.0,10.09000015258789,937.3633422851562,-123.55315300873336,48.13227076398795
3896,0.9999955892562866,4.966558481100947e-05,0.0,9.890000343322754,889.2063598632812,-123.55275300873336,48.13227076398795
3897,0.9999955892562866,4.966558481100947e-05,0.0,9.890000343322754,889.2063598632812,-123.55275300873336,48.13227076398795
3898,0.9999955892562866,4.966558481100947e-05,0.0,9.890000343322754,889.2063598632812,-123.55275300873336,48.13227076398795
3899,0.9999955892562866,4.966558481100947e-05,0.0,9.890000343322754,889.2063598632812,-123.55275300873336,48.13227076398795
3900,0.9999955892562866,4.966558481100947e-05,0.0,9.890000343322754,889.2063598632812,-123.55275300873336,48.13227076398795
3901,0.9999955892562866,4.966558481100947e-05,0.0,9.890000343322754,889.2063598632812,-123.55275300873336,48.13227076398795
3902,0.9999955892562866,4.966558481100947e-05,0.0,9.890000343322754,889.2063598632812,-123.55275300873336,48.13227076398795
3903,0.9999955892562866,4.966558481100947e-05,0.0,9.890000343322754,889.2063598632812,-123.55275300873336,48.13227076398795
3904,0.9999955892562866,4.966558481100947e-05,0.0,9.890000343322754,889.2063598632812,-123.55275300873336,48.13227076398795
3905,0.9999955892562866,4.966558481100947e-05,0.0,9.890000343322754,889.2063598632812,-123.55275300873336,48.13227076398795
3906,0.9999938011169434,2.2890038962941617e-05,0.0,10.149999618530273,673.6712646484375,-123.55235300873336,48.13227076398795
3907,0.9999938011169434,2.2890038962941617e-05,0.0,10.149999618530273,673.6712646484375,-123.55235300873336,48.13227076398795
3908,0.9999938011169434,2.2890038962941617e-05,0.0,10.149999618530273,673.6712646484375,-123.55235300873336,48.13227076398795
3909,0.9999938011169434,2.2890038962941617e-05,0.0,10.149999618530273,673.6712646484375,-123.55235300873336,48.13227076398795
3910,0.9999938011169434,2.2890038962941617e-05,0.0,10.149999618530273,673.6712646484375,-123.55235300873336,48.13227076398795
3911,0.9999938011169434,2.2890038962941617e-05,0.0,10.149999618530273,673.6712646484375,-123.55235300873336,48.13227076398795
3912,0.9999938011169434,2.2890038962941617e-05,0.0,10.149999618530273,673.6712646484375,-123.55235300873336,48.13227076398795
3913,0.9999938011169434,2.2890038962941617e-05,0.0,10.149999618530273,673.6712646484375,-123.55235300873336,48.13227076398795
3914,0.9999938011169434,2.2890038962941617e-05,0.0,10.149999618530273,673.6712646484375,-123.55235300873336,48.13227076398795
3915,0.9999938011169434,2.2890038962941617e-05,0.0,10.149999618530273,673.6712646484375,-123.55235300873336,48.13227076398795
3916,0.9999994039535522,1.2477897143980954e-05,0.0,9.850000381469727,481.81427001953125,-123.55195300873336,48.13227076398795
3917,0.9999994039535522,1.2477897143980954e-05,0.0,9.850000381469727,481.81427001953125,-123.55195300873336,48.13227076398795
3918,0.9999994039535522,1.2477897143980954e-05,0.0,9.850000381469727,481.81427001953125,-123.55195300873336,48.13227076398795
3919,0.9999994039535522,1.2477897143980954e-05,0.0,9.850000381469727,481.81427001953125,-123.55195300873336,48.13227076398795
3920,0.9999994039535522,1.2477897143980954e-05,0.0,9.850000381469727,481.81427001953125,-123.55195300873336,48.13227076398795
3921,0.9999994039535522,1.2477897143980954e-05,0.0,9.850000381469727,481.81427001953125,-123.55195300873336,48.13227076398795
3922,0.9999994039535522,1.2477897143980954e-05,0.0,9.850000381469727,481.81427001953125,-123.55195300873336,48.13227076398795
3923,0.9999994039535522,1.2477897143980954e-05,0.0,9.850000381469727,481.81427001953125,-123.55195300873336,48.13227076398795
3924,0.9999994039535522,1.2477897143980954e-05,0.0,9.850000381469727,481.81427001953125,-123.55195300873336,48.13227076398795
3925,0.9999994039535522,1.2477897143980954e-05,0.0,9.850000381469727,481.81427001953125,-123.55195300873336,48.13227076398795
3926,4.531079866865184e-07,0.9429762363433838,0.0,9.54072093963623,258.2789306640625,-123.55155300873336,48.13227076398795
3927,4.531079866865184e-07,0.9429762363433838,0.0,9.54072093963623,258.2789306640625,-123.55155300873336,48.13227076398795
3928,4.531079866865184e-07,0.9429762363433838,0.0,9.54072093963623,258.2789306640625,-123.55155300873336,48.13227076398795
3929,4.531079866865184e-07,0.9429762363433838,0.0,9.54072093963623,258.2789306640625,-123.55155300873336,48.13227076398795
3930,4.531079866865184e-07,0.9429762363433838,0.0,9.54072093963623,258.2789306640625,-123.55155300873336,48.13227076398795
3931,4.531079866865184e-07,0.9429762363433838,0.0,9.54072093963623,258.2789306640625,-123.55155300873336,48.13227076398795
3932,4.531079866865184e-07,0.9429762363433838,0.0,9.54072093963623,258.2789306640625,-123.55155300873336,48.13227076398795
3933,4.531079866865184e-07,0.9429762363433838,0.0,9.54072093963623,258.2789306640625,-123.55155300873336,48.13227076398795
3934,4.531079866865184e-07,0.9429762363433838,0.0,9.54072093963623,258.2789306640625,-123.55155300873336,48.13227076398795
3935,4.531079866865184e-07,0.9429762363433838,0.0,9.54072093963623,258.2789306640625,-123.55155300873336,48.13227076398795
3936,6.331823954042193e-08,0.9470681548118591,0.0,9.448819160461426,4.0,-123.55115300873337,48.13227076398795
3937,6.331823954042193e-08,0.9470681548118591,0.0,9.448819160461426,4.0,-123.55115300873337,48.13227076398795
3938,6.331823954042193e-08,0.9470681548118591,0.0,9.448819160461426,4.0,-123.55115300873337,48.13227076398795
3939,6.331823954042193e-08,0.9470681548118591,0.0,9.448819160461426,4.0,-123.55115300873337,48.13227076398795
3940,6.331823954042193e-08,0.9470681548118591,0.0,9.448819160461426,4.0,-123.55115300873337,48.13227076398795
3941,6.331823954042193e-08,0.9470681548118591,0.0,9.448819160461426,4.0,-123.55115300873337,48.13227076398795
3942,6.331823954042193e-08,0.9470681548118591,0.0,9.448819160461426,4.0,-123.55115300873337,48.13227076398795
3943,6.331823954042193e-08,0.9470681548118591,0.0,9.448819160461426,4.0,-123.55115300873337,48.13227076398795
3944,6.331823954042193e-08,0.9470681548118591,0.0,9.448819160461426,4.0,-123.55115300873337,48.13227076398795
3945,6.331823954042193e-08,0.9470681548118591,0.0,9.448819160461426,4.0,-123.55115300873337,48.13227076398795
3946,0.0,0.0,0.0,0.0,249.64974975585938,-123.55075300873337,48.13227076398795
3947,3.100703179370612e-05,0.157032310962677,0.0,10.453869819641113,363.24786376953125,-123.55795300873335,48.13187076398795
3948,3.100703179370612e-05,0.157032310962677,0.0,10.453869819641113,363.24786376953125,-123.55795300873335,48.13187076398795
3949,3.100703179370612e-05,0.157032310962677,0.0,10.453869819641113,363.24786376953125,-123.55795300873335,48.13187076398795
3950,3.100703179370612e-05,0.157032310962677,0.0,10.453869819641113,363.24786376953125,-123.55795300873335,48.13187076398795
3951,3.100703179370612e-05,0.157032310962677,0.0,10.453869819641113,363.24786376953125,-123.55795300873335,48.13187076398795
3952,3.100703179370612e-05,0.157032310962677,0.0,10.453869819641113,363.24786376953125,-123.55795300873335,48.13187076398795
3953,3.100703179370612e-05,0.157032310962677,0.0,10.453869819641113,363.24786376953125,-123.55795300873335,48.13187076398795
3954,3.100703179370612e-05,0.157032310962677,0.0,10.453869819641113,363.24786376953125,-123.55795300873335,48.13187076398795
3955,3.100703179370612e-05,0.157032310962677,0.0,10.453869819641113,363.24786376953125,-123.55795300873335,48.13187076398795
3956,0.004033094737678766,0.001769727561622858,0.0,10.899999618530273,163.08279418945312,-123.55755300873335,48.13187076398795
3957,0.004033094737678766,0.001769727561622858,0.0,10.899999618530273,163.08279418945312,-123.55755300873335,48.13187076398795
3958,0.004033094737678766,0.001769727561622858,0.0,10.899999618530273,163.08279418945312,-123.55755300873335,48.13187076398795
3959,0.004033094737678766,0.001769727561622858,0.0,10.899999618530273,163.08279418945312,-123.55755300873335,48.13187076398795
3960,0.004033094737678766,0.001769727561622858,0.0,10.899999618530273,163.08279418945312,-123.55755300873335,48.13187076398795
3961,0.004033094737678766,0.001769727561622858,0.0,10.899999618530273,163.08279418945312,-123.55755300873335,48.13187076398795
3962,0.004033094737678766,0.001769727561622858,0.0,10.899999618530273,163.08279418945312,-123.55755300873335,48.13187076398795
3963,0.004033094737678766,0.001769727561622858,0.0,10.899999618530273,163.08279418945312,-123.55755300873335,48.13187076398795
3964,0.004033094737678766,0.001769727561622858,0.0,10.899999618530273,163.08279418945312,-123.55755300873335,48.13187076398795
3965,0.004033094737678766,0.001769727561622858,0.0,10.899999618530273,163.08279418945312,-123.55755300873335,48.13187076398795
3966,5.778551349067129e-05,0.014431905932724476,0.0,9.286715507507324,79.07591247558594,-123.55715300873335,48.13187076398795
3967,5.778551349067129e-05,0.014431905932724476,0.0,9.286715507507324,79.07591247558594,-123.55715300873335,48.13187076398795
3968,5.778551349067129e-05,0.014431905932724476,0.0,9.286715507507324,79.07591247558594,-123.55715300873335,48.13187076398795
3969,5.778551349067129e-05,0.014431905932724476,0.0,9.286715507507324,79.07591247558594,-123.55715300873335,48.13187076398795
3970,5.778551349067129e-05,0.014431905932724476,0.0,9.286715507507324,79.07591247558594,-123.55715300873335,48.13187076398795
3971,5.778551349067129e-05,0.014431905932724476,0.0,9.286715507507324,79.07591247558594,-123.55715300873335,48.13187076398795
3972,5.778551349067129e-05,0.014431905932724476,0.0,9.286715507507324,79.07591247558594,-123.55715300873335,48.13187076398795
3973,5.778551349067129e-05,0.014431905932724476,0.0,9.286715507507324,79.07591247558594,-123.55715300873335,48.13187076398795
3974,5.778551349067129e-05,0.014431905932724476,0.0,9.286715507507324,79.07591247558594,-123.55715300873335,48.13187076398795
3975,5.778551349067129e-05,0.014431905932724476,0.0,9.286715507507324,79.07591247558594,-123.55715300873335,48.13187076398795
3976,0.9999983310699463,3.864054087898694e-05,0.0,11.25,327.9085388183594,-123.55675300873335,48.13187076398795
3977,0.9999983310699463,3.864054087898694e-05,0.0,11.25,327.9085388183594,-123.55675300873335,48.13187076398795
3978,0.9999983310699463,3.864054087898694e-05,0.0,11.25,327.9085388183594,-123.55675300873335,48.13187076398795
3979,0.9999983310699463,3.864054087898694e-05,0.0,11.25,327.9085388183594,-123.55675300873335,48.13187076398795
3980,0.9999983310699463,3.864054087898694e-05,0.0,11.25,327.9085388183594,-123.55675300873335,48.13187076398795
3981,0.9999983310699463,3.864054087898694e-05,0.0,11.25,327.9085388183594,-123.55675300873335,48.13187076398795
3982,0.9999983310699463,3.864054087898694e-05,0.0,11.25,327.9085388183594,-123.55675300873335,48.13187076398795
3983,0.9999983310699463,3.864054087898694e-05,0.0,11.25,327.9085388183594,-123.55675300873335,48.13187076398795
3984,0.9999983310699463,3.864054087898694e-05,0.0,11.25,327.9085388183594,-123.55675300873335,48.13187076398795
3985,0.9999983310699463,3.864054087898694e-05,0.0,11.25,327.9085388183594,-123.55675300873335,48.13187076398795
3986,0.9999967813491821,0.0012031111400574446,0.0,10.569999694824219,576.6151123046875,-123.55635300873335,48.13187076398795
3987,0.9999967813491821,0.0012031111400574446,0.0,10.569999694824219,576.6151123046875,-123.55635300873335,48.13187076398795
3988,0.9999967813491821,0.0012031111400574446,0.0,10.569999694824219,576.6151123046875,-123.55635300873335,48.13187076398795
3989,0.9999967813491821,0.0012031111400574446,0.0,10.569999694824219,576.6151123046875,-123.55635300873335,48.13187076398795
3990,0.9999967813491821,0.0012031111400574446,0.0,10.569999694824219,576.6151123046875,-123.55635300873335,48.13187076398795
3991,0.9999967813491821,0.0012031111400574446,0.0,10.569999694824219,576.6151123046875,-123.55635300873335,48.13187076398795
3992,0.9999967813491821,0.0012031111400574446,0.0,10.569999694824219,576.6151123046875,-123.55635300873335,48.13187076398795
3993,0.9999967813491821,0.0012031111400574446,0.0,10.569999694824219,576.6151123046875,-123.55635300873335,48.13187076398795
3994,0.9999967813491821,0.0012031111400574446,0.0,10.569999694824219,576.6151123046875,-123.55635300873335,48.13187076398795
3995,0.9999967813491821,0.0012031111400574446,0.0,10.569999694824219,576.6151123046875,-123.55635300873335,48.13187076398795
3996,0.9999939203262329,0.00017301955085713416,0.0,10.90999984741211,827.1215209960938,-123.55595300873335,48.13187076398795
3997,0.9999939203262329,0.00017301955085713416,0.0,10.90999984741211,827.1215209960938,-123.55595300873335,48.13187076398795
3998,0.9999939203262329,0.00017301955085713416,0.0,10.90999984741211,827.1215209960938,-123.55595300873335,48.13187076398795
3999,0.9999939203262329,0.00017301955085713416,0.0,10.90999984741211,827.1215209960938,-123.55595300873335,48.13187076398795
4000,0.9999939203262329,0.00017301955085713416,0.0,10.90999984741211,827.1215209960938,-123.55595300873335,48.13187076398795
4001,0.9999939203262329,0.00017301955085713416,0.0,10.90999984741211,827.1215209960938,-123.55595300873335,48.13187076398795
4002,0.9999939203262329,0.00017301955085713416,0.0,10.90999984741211,827.1215209960938,-123.55595300873335,48.13187076398795
4003,0.9999939203262329,0.00017301955085713416,0.0,10.90999984741211,827.1215209960938,-123.55595300873335,48.13187076398795
4004,0.9999939203262329,0.00017301955085713416,0.0,10.90999984741211,827.1215209960938,-123.55595300873335,48.13187076398795
4005,0.9999939203262329,0.00017301955085713416,0.0,10.90999984741211,827.1215209960938,-123.55595300873335,48.13187076398795
4006,0.9999796152114868,0.0004554365877993405,0.0,10.5,1079.600341796875,-123.55555300873336,48.13187076398795
4007,0.9999796152114868,0.0004554365877993405,0.0,10.5,1079.600341796875,-123.55555300873336,48.13187076398795
4008,0.9999796152114868,0.0004554365877993405,0.0,10.5,1079.600341796875,-123.55555300873336,48.13187076398795
4009,0.9999796152114868,0.0004554365877993405,0.0,10.5,1079.600341796875,-123.55555300873336,48.13187076398795
4010,0.9999796152114868,0.0004554365877993405,0.0,10.5,1079.600341796875,-123.55555300873336,48.13187076398795
4011,0.9999796152114868,0.0004554365877993405,0.0,10.5,1079.600341796875,-123.55555300873336,48.13187076398795
4012,0.9999796152114868,0.0004554365877993405,0.0,10.5,1079.600341796875,-123.55555300873336,48.13187076398795
4013,0.9999796152114868,0.0004554365877993405,0.0,10.5,1079.600341796875,-123.55555300873336,48.13187076398795
4014,0.9999796152114868,0.0004554365877993405,0.0,10.5,1079.600341796875,-123.55555300873336,48.13187076398795
4015,0.9999796152114868,0.0004554365877993405,0.0,10.5,1079.600341796875,-123.55555300873336,48.13187076398795
4016,0.9999958276748657,0.00013171717000659555,0.0,11.279999732971191,1115.5089111328125,-123.55515300873336,48.13187076398795
4017,0.9999958276748657,0.00013171717000659555,0.0,11.279999732971191,1115.5089111328125,-123.55515300873336,48.13187076398795
4018,0.9999958276748657,0.00013171717000659555,0.0,11.279999732971191,1115.5089111328125,-123.55515300873336,48.13187076398795
4019,0.9999958276748657,0.00013171717000659555,0.0,11.279999732971191,1115.5089111328125,-123.55515300873336,48.13187076398795
4020,0.9999958276748657,0.00013171717000659555,0.0,11.279999732971191,1115.5089111328125,-123.55515300873336,48.13187076398795
4021,0.9999958276748657,0.00013171717000659555,0.0,11.279999732971191,1115.5089111328125,-123.55515300873336,48.13187076398795
4022,0.9999958276748657,0.00013171717000659555,0.0,11.279999732971191,1115.5089111328125,-123.55515300873336,48.13187076398795
4023,0.9999958276748657,0.00013171717000659555,0.0,11.279999732971191,1115.5089111328125,-123.55515300873336,48.13187076398795
4024,0.9999958276748657,0.00013171717000659555,0.0,11.279999732971191,1115.5089111328125,-123.55515300873336,48.13187076398795
4025,0.9999958276748657,0.00013171717000659555,0.0,11.279999732971191,1115.5089111328125,-123.55515300873336,48.13187076398795
4026,0.9999990463256836,3.64011139026843e-05,0.0,11.25,1084.1346435546875,-123.55475300873336,48.13187076398795
4027,0.9999990463256836,3.64011139026843e-05,0.0,11.25,1084.1346435546875,-123.55475300873336,48.13187076398795
4028,0.9999990463256836,3.64011139026843e-05,0.0,11.25,1084.1346435546875,-123.55475300873336,48.13187076398795
4029,0.9999990463256836,3.64011139026843e-05,0.0,11.25,1084.1346435546875,-123.55475300873336,48.13187076398795
4030,0.9999990463256836,3.64011139026843e-05,0.0,11.25,1084.1346435546875,-123.55475300873336,48.13187076398795
4031,0.9999990463256836,3.64011139026843e-05,0.0,11.25,1084.1346435546875,-123.55475300873336,48.13187076398795
4032,0.9999990463256836,3.64011139026843e-05,0.0,11.25,1084.1346435546875,-123.55475300873336,48.13187076398795
4033,0.9999990463256836,3.64011139026843e-05,0.0,11.25,1084.1346435546875,-123.55475300873336,48.13187076398795
4034,0.9999990463256836,3.64011139026843e-05,0.0,11.25,1084.1346435546875,-123.55475300873336,48.13187076398795
4035,0.9999990463256836,3.64011139026843e-05,0.0,11.25,1084.1346435546875,-123.55475300873336,48.13187076398795
4036,0.9999874830245972,0.00015732851170469075,0.0,10.899999618530273,1056.6370849609375,-123.55435300873336,48.13187076398795
4037,0.9999874830245972,0.00015732851170469075,0.0,10.899999618530273,1056.6370849609375,-123.55435300873336,48.13187076398795
4038,0.9999874830245972,0.00015732851170469075,0.0,10.899999618530273,1056.6370849609375,-123.55435300873336,48.13187076398795
4039,0.9999874830245972,0.00015732851170469075,0.0,10.899999618530273,1056.6370849609375,-123.55435300873336,48.13187076398795
4040,0.9999874830245972,0.00015732851170469075,0.0,10.899999618530273,1056.6370849609375,-123.55435300873336,48.13187076398795
4041,0.9999874830245972,0.00015732851170469075,0.0,10.899999618530273,1056.6370849609375,-123.55435300873336,48.13187076398795
4042,0.9999874830245972,0.00015732851170469075,0.0,10.899999618530273,1056.6370849609375,-123.55435300873336,48.13187076398795
4043,0.9999874830245972,0.00015732851170469075,0.0,10.899999618530273,1056.6370849609375,-123.55435300873336,48.13187076398795
4044,0.9999874830245972,0.00015732851170469075,0.0,10.899999618530273,1056.6370849609375,-123.55435300873336,48.13187076398795
4045,0.9999874830245972,0.00015732851170469075,0.0,10.899999618530273,1056.6370849609375,-123.55435300873336,48.13187076398795
4046,0.9999964237213135,9.333807247458026e-05,0.0,11.289999961853027,1020.1083374023438,-123.55395300873336,48.13187076398795
4047,0.9999964237213135,9.333807247458026e-05,0.0,11.289999961853027,1020.1083374023438,-123.55395300873336,48.13187076398795
4048,0.9999964237213135,9.333807247458026e-05,0.0,11.289999961853027,1020.1083374023438,-123.55395300873336,48.13187076398795
4049,0.9999964237213135,9.333807247458026e-05,0.0,11.289999961853027,1020.1083374023438,-123.55395300873336,48.13187076398795
4050,0.9999964237213135,9.333807247458026e-05,0.0,11.289999961853027,1020.1083374023438,-123.55395300873336,48.13187076398795
4051,0.9999964237213135,9.333807247458026e-05,0.0,11.289999961853027,1020.1083374023438,-123.55395300873336,48.13187076398795
4052,0.9999964237213135,9.333807247458026e-05,0.0,11.289999961853027,1020.1083374023438,-123.55395300873336,48.13187076398795
4053,0.9999964237213135,9.333807247458026e-05,0.0,11.289999961853027,1020.1083374023438,-123.55395300873336,48.13187076398795
4054,0.9999964237213135,9.333807247458026e-05,0.0,11.289999961853027,1020.1083374023438,-123.55395300873336,48.13187076398795
4055,0.9999964237213135,9.333807247458026e-05,0.0,11.289999961853027,1020.1083374023438,-123.55395300873336,48.13187076398795
4056,0.9999978542327881,7.291028305189684e-05,0.0,11.170000076293945,984.9187622070312,-123.55355300873336,48.13187076398795
4057,0.9999978542327881,7.291028305189684e-05,0.0,11.170000076293945,984.9187622070312,-123.55355300873336,48.13187076398795
4058,0.9999978542327881,7.291028305189684e-05,0.0,11.170000076293945,984.9187622070312,-123.55355300873336,48.13187076398795
4059,0.9999978542327881,7.291028305189684e-05,0.0,11.170000076293945,984.9187622070312,-123.55355300873336,48.13187076398795
4060,0.9999978542327881,7.291028305189684e-05,0.0,11.170000076293945,984.9187622070312,-123.55355300873336,48.13187076398795
4061,0.9999978542327881,7.291028305189684e-05,0.0,11.170000076293945,984.9187622070312,-123.55355300873336,48.13187076398795
4062,0.9999978542327881,7.291028305189684e-05,0.0,11.170000076293945,984.9187622070312,-123.55355300873336,48.13187076398795
4063,0.9999978542327881,7.291028305189684e-05,0.0,11.170000076293945,984.9187622070312,-123.55355300873336,48.13187076398795
4064,0.9999978542327881,7.291028305189684e-05,0.0,11.170000076293945,984.9187622070312,-123.55355300873336,48.13187076398795
4065,0.9999978542327881,7.291028305189684e-05,0.0,11.170000076293945,984.9187622070312,-123.55355300873336,48.13187076398795
4066,0.9999971389770508,5.447653165902011e-05,0.0,10.630000114440918,861.4522705078125,-123.55315300873336,48.13187076398795
4067,0.9999971389770508,5.447653165902011e-05,0.0,10.630000114440918,861.4522705078125,-123.55315300873336,48.13187076398795
4068,0.9999971389770508,5.447653165902011e-05,0.0,10.630000114440918,861.4522705078125,-123.55315300873336,48.13187076398795
4069,0.9999971389770508,5.447653165902011e-05,0.0,10.630000114440918,861.4522705078125,-123.55315300873336,48.13187076398795
4070,0.9999971389770508,5.447653165902011e-05,0.0,10.630000114440918,861.4522705078125,-123.55315300873336,48.13187076398795
4071,0.9999971389770508,5.447653165902011e-05,0.0,10.630000114440918,861.4522705078125,-123.55315300873336,48.13187076398795
4072,0.9999971389770508,5.447653165902011e-05,0.0,10.630000114440918,861.4522705078125,-123.55315300873336,48.13187076398795
4073,0.9999971389770508,5.447653165902011e-05,0.0,10.630000114440918,861.4522705078125,-123.55315300873336,48.13187076398795
4074,0.9999971389770508,5.447653165902011e-05,0.0,10.630000114440918,861.4522705078125,-123.55315300873336,48.13187076398795
4075,0.9999971389770508,5.447653165902011e-05,0.0,10.630000114440918,861.4522705078125,-123.55315300873336,48.13187076398795
4076,0.9999983310699463,4.751044252770953e-05,0.0,10.020000457763672,720.8335571289062,-123.55275300873336,48.13187076398795
4077,0.9999983310699463,4.751044252770953e-05,0.0,10.020000457763672,720.8335571289062,-123.55275300873336,48.13187076398795
4078,0.9999983310699463,4.751044252770953e-05,0.0,10.020000457763672,720.8335571289062,-123.55275300873336,48.13187076398795
4079,0.9999983310699463,4.751044252770953e-05,0.0,10.020000457763672,720.8335571289062,-123.55275300873336,48.13187076398795
4080,0.9999983310699463,4.751044252770953e-05,0.0,10.020000457763672,720.8335571289062,-123.55275300873336,48.13187076398795
4081,0.9999983310699463,4.751044252770953e-05,0.0,10.020000457763672,720.8335571289062,-123.55275300873336,48.13187076398795
4082,0.9999983310699463,4.751044252770953e-05,0.0,10.020000457763672,720.8335571289062,-123.55275300873336,48.13187076398795
4083,0.9999983310699463,4.751044252770953e-05,0.0,10.020000457763672,720.8335571289062,-123.55275300873336,48.13187076398795
4084,0.9999983310699463,4.751044252770953e-05,0.0,10.020000457763672,720.8335571289062,-123.55275300873336,48.13187076398795
4085,0.9999983310699463,4.751044252770953e-05,0.0,10.020000457763672,720.8335571289062,-123.55275300873336,48.13187076398795
4086,0.9999924898147583,3.0182953196344897e-05,0.0,10.119999885559082,551.2349853515625,-123.55235300873336,48.13187076398795
4087,0.9999924898147583,3.0182953196344897e-05,0.0,10.119999885559082,551.2349853515625,-123.55235300873336,48.13187076398795
4088,0.9999924898147583,3.0182953196344897e-05,0.0,10.119999885559082,551.2349853515625,-123.55235300873336,48.13187076398795
4089,0.9999924898147583,3.0182953196344897e-05,0.0,10.119999885559082,551.2349853515625,-123.55235300873336,48.13187076398795
4090,0.9999924898147583,3.0182953196344897e-05,0.0,10.119999885559082,551.2349853515625,-123.55235300873336,48.13187076398795
4091,0.9999924898147583,3.0182953196344897e-05,0.0,10.119999885559082,551.2349853515625,-123.55235300873336,48.13187076398795
4092,0.9999924898147583,3.0182953196344897e-05,0.0,10.119999885559082,551.2349853515625,-123.55235300873336,48.13187076398795
4093,0.9999924898147583,3.0182953196344897e-05,0.0,10.119999885559082,551.2349853515625,-123.55235300873336,48.13187076398795
4094,0.9999924898147583,3.0182953196344897e-05,0.0,10.119999885559082,551.2349853515625,-123.55235300873336,48.13187076398795
4095,0.9999924898147583,3.0182953196344897e-05,0.0,10.119999885559082,551.2349853515625,-123.55235300873336,48.13187076398795
4096,1.0,4.4929063733434305e-05,0.0,10.220000267028809,319.26947021484375,-123.55195300873336,48.13187076398795
4097,1.0,4.4929063733434305e-05,0.0,10.220000267028809,319.26947021484375,-123.55195300873336,48.13187076398795
4098,1.0,4.4929063733434305e-05,0.0,10.220000267028809,319.26947021484375,-123.55195300873336,48.13187076398795
4099,1.0,4.4929063733434305e-05,0.0,10.220000267028809,319.26947021484375,-123.55195300873336,48.13187076398795
4100,1.0,4.4929063733434305e-05,0.0,10.220000267028809,319.26947021484375,-123.55195300873336,48.13187076398795
4101,1.0,4.4929063733434305e-05,0.0,10.220000267028809,319.26947021484375,-123.55195300873336,48.13187076398795
4102,1.0,4.4929063733434305e-05,0.0,10.220000267028809,319.26947021484375,-123.55195300873336,48.13187076398795
4103,1.0,4.4929063733434305e-05,0.0,10.220000267028809,319.26947021484375,-123.55195300873336,48.13187076398795
4104,1.0,4.4929063733434305e-05,0.0,10.220000267028809,319.26947021484375,-123.55195300873336,48.13187076398795
4105,1.0,4.4929063733434305e-05,0.0,10.220000267028809,319.26947021484375,-123.55195300873336,48.13187076398795
4106,0.007631535641849041,0.007778423838317394,0.0,9.43875503540039,122.28655242919922,-123.55155300873336,48.13187076398795
4107,0.007631535641849041,0.007778423838317394,0.0,9.43875503540039,122.28655242919922,-123.55155300873336,48.13187076398795
4108,0.007631535641849041,0.007778423838317394,0.0,9.43875503540039,122.28655242919922,-123.55155300873336,48.13187076398795
4109,0.007631535641849041,0.007778423838317394,0.0,9.43875503540039,122.28655242919922,-123.55155300873336,48.13187076398795
4110,0.007631535641849041,0.007778423838317394,0.0,9.43875503540039,122.28655242919922,-123.55155300873336,48.13187076398795
4111,0.007631535641849041,0.007778423838317394,0.0,9.43875503540039,122.28655242919922,-123.55155300873336,48.13187076398795
4112,0.007631535641849041,0.007778423838317394,0.0,9.43875503540039,122.28655242919922,-123.55155300873336,48.13187076398795
4113,0.007631535641849041,0.007778423838317394,0.0,9.43875503540039,122.28655242919922,-123.55155300873336,48.13187076398795
4114,0.007631535641849041,0.007778423838317394,0.0,9.43875503540039,122.28655242919922,-123.55155300873336,48.13187076398795
4115,0.007631535641849041,0.007778423838317394,0.0,9.43875503540039,122.28655242919922,-123.55155300873336,48.13187076398795
4116,3.1711366865749824e-09,0.6544897556304932,0.0,9.448819160461426,72.80110168457031,-123.55115300873337,48.13187076398795
4117,3.1711366865749824e-09,0.6544897556304932,0.0,9.448819160461426,72.80110168457031,-123.55115300873337,48.13187076398795
4118,3.1711366865749824e-09,0.6544897556304932,0.0,9.448819160461426,72.80110168457031,-123.55115300873337,48.13187076398795
4119,3.1711366865749824e-09,0.6544897556304932,0.0,9.448819160461426,72.80110168457031,-123.55115300873337,48.13187076398795
4120,3.1711366865749824e-09,0.6544897556304932,0.0,9.448819160461426,72.80110168457031,-123.55115300873337,48.13187076398795
4121,3.1711366865749824e-09,0.6544897556304932,0.0,9.448819160461426,72.80110168457031,-123.55115300873337,48.13187076398795
4122,3.1711366865749824e-09,0.6544897556304932,0.0,9.448819160461426,72.80110168457031,-123.55115300873337,48.13187076398795
4123,3.1711366865749824e-09,0.6544897556304932,0.0,9.448819160461426,72.80110168457031,-123.55115300873337,48.13187076398795
4124,3.1711366865749824e-09,0.6544897556304932,0.0,9.448819160461426,72.80110168457031,-123.55115300873337,48.13187076398795
4125,3.1711366865749824e-09,0.6544897556304932,0.0,9.448819160461426,72.80110168457031,-123.55115300873337,48.13187076398795
4126,0.0,0.0,0.0,0.0,288.444091796875,-123.55075300873337,48.13187076398795
4127,3.095125066465698e-05,0.0044127837754786015,0.0,10.642020225524902,468.2702331542969,-123.55795300873335,48.13147076398795
4128,3.095125066465698e-05,0.0044127837754786015,0.0,10.642020225524902,468.2702331542969,-123.55795300873335,48.13147076398795
4129,3.095125066465698e-05,0.0044127837754786015,0.0,10.642020225524902,468.2702331542969,-123.55795300873335,48.13147076398795
4130,3.095125066465698e-05,0.0044127837754786015,0.0,10.642020225524902,468.2702331542969,-123.55795300873335,48.13147076398795
4131,3.095125066465698e-05,0.0044127837754786015,0.0,10.642020225524902,468.2702331542969,-123.55795300873335,48.13147076398795
4132,3.095125066465698e-05,0.0044127837754786015,0.0,10.642020225524902,468.2702331542969,-123.55795300873335,48.13147076398795
4133,3.095125066465698e-05,0.0044127837754786015,0.0,10.642020225524902,468.2702331542969,-123.55795300873335,48.13147076398795
4134,3.095125066465698e-05,0.0044127837754786015,0.0,10.642020225524902,468.2702331542969,-123.55795300873335,48.13147076398795
4135,3.095125066465698e-05,0.0044127837754786015,0.0,10.642020225524902,468.2702331542969,-123.55795300873335,48.13147076398795
4136,0.024741489440202713,0.004271334502846003,0.0,11.069999694824219,216.0925750732422,-123.55755300873335,48.13147076398795
4137,0.024741489440202713,0.004271334502846003,0.0,11.069999694824219,216.0925750732422,-123.55755300873335,48.13147076398795
4138,0.024741489440202713,0.004271334502846003,0.0,11.069999694824219,216.0925750732422,-123.55755300873335,48.13147076398795
4139,0.024741489440202713,0.004271334502846003,0.0,11.069999694824219,216.0925750732422,-123.55755300873335,48.13147076398795
4140,0.024741489440202713,0.004271334502846003,0.0,11.069999694824219,216.0925750732422,-123.55755300873335,48.13147076398795
4141,0.024741489440202713,0.004271334502846003,0.0,11.069999694824219,216.0925750732422,-123.55755300873335,48.13147076398795
4142,0.024741489440202713,0.004271334502846003,0.0,11.069999694824219,216.0925750732422,-123.55755300873335,48.13147076398795
4143,0.024741489440202713,0.004271334502846003,0.0,11.069999694824219,216.0925750732422,-123.55755300873335,48.13147076398795
4144,0.024741489440202713,0.004271334502846003,0.0,11.069999694824219,216.0925750732422,-123.55755300873335,48.13147076398795
4145,0.0005943168071098626,0.41118165850639343,0.0,9.596699714660645,36.22154235839844,-123.55715300873335,48.13147076398795
4146,0.0005943168071098626,0.41118165850639343,0.0,9.596699714660645,36.22154235839844,-123.55715300873335,48.13147076398795
4147,0.0005943168071098626,0.41118165850639343,0.0,9.596699714660645,36.22154235839844,-123.55715300873335,48.13147076398795
4148,0.0005943168071098626,0.41118165850639343,0.0,9.596699714660645,36.22154235839844,-123.55715300873335,48.13147076398795
4149,0.0005943168071098626,0.41118165850639343,0.0,9.596699714660645,36.22154235839844,-123.55715300873335,48.13147076398795
4150,0.0005943168071098626,0.41118165850639343,0.0,9.596699714660645,36.22154235839844,-123.55715300873335,48.13147076398795
4151,0.0005943168071098626,0.41118165850639343,0.0,9.596699714660645,36.22154235839844,-123.55715300873335,48.13147076398795
4152,0.0005943168071098626,0.41118165850639343,0.0,9.596699714660645,36.22154235839844,-123.55715300873335,48.13147076398795
4153,0.0005943168071098626,0.41118165850639343,0.0,9.596699714660645,36.22154235839844,-123.55715300873335,48.13147076398795
4154,0.0005943168071098626,0.41118165850639343,0.0,9.596699714660645,36.22154235839844,-123.55715300873335,48.13147076398795
4155,0.9992677569389343,0.00010537530033616349,0.0,11.84000015258789,289.35791015625,-123.55675300873335,48.13147076398795
4156,0.9992677569389343,0.00010537530033616349,0.0,11.84000015258789,289.35791015625,-123.55675300873335,48.13147076398795
4157,0.9992677569389343,0.00010537530033616349,0.0,11.84000015258789,289.35791015625,-123.55675300873335,48.13147076398795
4158,0.9992677569389343,0.00010537530033616349,0.0,11.84000015258789,289.35791015625,-123.55675300873335,48.13147076398795
4159,0.9992677569389343,0.00010537530033616349,0.0,11.84000015258789,289.35791015625,-123.55675300873335,48.13147076398795
4160,0.9992677569389343,0.00010537530033616349,0.0,11.84000015258789,289.35791015625,-123.55675300873335,48.13147076398795
4161,0.9992677569389343,0.00010537530033616349,0.0,11.84000015258789,289.35791015625,-123.55675300873335,48.13147076398795
4162,0.9992677569389343,0.00010537530033616349,0.0,11.84000015258789,289.35791015625,-123.55675300873335,48.13147076398795
4163,0.9992677569389343,0.00010537530033616349,0.0,11.84000015258789,289.35791015625,-123.55675300873335,48.13147076398795
4164,0.9992677569389343,0.00010537530033616349,0.0,11.84000015258789,289.35791015625,-123.55675300873335,48.13147076398795
4165,0.9999932050704956,6.744467827957124e-05,0.0,11.1899995803833,543.721435546875,-123.55635300873335,48.13147076398795
4166,0.9999932050704956,6.744467827957124e-05,0.0,11.1899995803833,543.721435546875,-123.55635300873335,48.13147076398795
4167,0.9999932050704956,6.744467827957124e-05,0.0,11.1899995803833,543.721435546875,-123.55635300873335,48.13147076398795
4168,0.9999932050704956,6.744467827957124e-05,0.0,11.1899995803833,543.721435546875,-123.55635300873335,48.13147076398795
4169,0.9999932050704956,6.744467827957124e-05,0.0,11.1899995803833,543.721435546875,-123.55635300873335,48.13147076398795
4170,0.9999932050704956,6.744467827957124e-05,0.0,11.1899995803833,543.721435546875,-123.55635300873335,48.13147076398795
4171,0.9999932050704956,6.744467827957124e-05,0.0,11.1899995803833,543.721435546875,-123.55635300873335,48.13147076398795
4172,0.9999932050704956,6.744467827957124e-05,0.0,11.1899995803833,543.721435546875,-123.55635300873335,48.13147076398795
4173,0.9999932050704956,6.744467827957124e-05,0.0,11.1899995803833,543.721435546875,-123.55635300873335,48.13147076398795
4174,0.9999932050704956,6.744467827957124e-05,0.0,11.1899995803833,543.721435546875,-123.55635300873335,48.13147076398795
4175,0.9996907711029053,0.00041688213241286576,0.0,10.8100004196167,798.4910888671875,-123.55595300873335,48.13147076398795
4176,0.9996907711029053,0.00041688213241286576,0.0,10.8100004196167,798.4910888671875,-123.55595300873335,48.13147076398795
4177,0.9996907711029053,0.00041688213241286576,0.0,10.8100004196167,798.4910888671875,-123.55595300873335,48.13147076398795
4178,0.9996907711029053,0.00041688213241286576,0.0,10.8100004196167,798.4910888671875,-123.55595300873335,48.13147076398795
4179,0.9996907711029053,0.00041688213241286576,0.0,10.8100004196167,798.4910888671875,-123.55595300873335,48.13147076398795
4180,0.9996907711029053,0.00041688213241286576,0.0,10.8100004196167,798.4910888671875,-123.55595300873335,48.13147076398795
4181,0.9996907711029053,0.00041688213241286576,0.0,10.8100004196167,798.4910888671875,-123.55595300873335,48.13147076398795
4182,0.9996907711029053,0.00041688213241286576,0.0,10.8100004196167,798.4910888671875,-123.55595300873335,48.13147076398795
4183,0.9996907711029053,0.00041688213241286576,0.0,10.8100004196167,798.4910888671875,-123.55595300873335,48.13147076398795
4184,0.9996907711029053,0.00041688213241286576,0.0,10.8100004196167,798.4910888671875,-123.55595300873335,48.13147076398795
4185,0.999990701675415,0.0003292066976428032,0.0,11.0,931.2529296875,-123.55555300873336,48.13147076398795
4186,0.999990701675415,0.0003292066976428032,0.0,11.0,931.2529296875,-123.55555300873336,48.13147076398795
4187,0.999990701675415,0.0003292066976428032,0.0,11.0,931.2529296875,-123.55555300873336,48.13147076398795
4188,0.999990701675415,0.0003292066976428032,0.0,11.0,931.2529296875,-123.55555300873336,48.13147076398795
4189,0.999990701675415,0.0003292066976428032,0.0,11.0,931.2529296875,-123.55555300873336,48.13147076398795
4190,0.999990701675415,0.0003292066976428032,0.0,11.0,931.2529296875,-123.55555300873336,48.13147076398795
4191,0.999990701675415,0.0003292066976428032,0.0,11.0,931.2529296875,-123.55555300873336,48.13147076398795
4192,0.999990701675415,0.0003292066976428032,0.0,11.0,931.2529296875,-123.55555300873336,48.13147076398795
4193,0.999990701675415,0.0003292066976428032,0.0,11.0,931.2529296875,-123.55555300873336,48.13147076398795
4194,0.999990701675415,0.0003292066976428032,0.0,11.0,931.2529296875,-123.55555300873336,48.13147076398795
4195,0.9999974966049194,0.0002746719401329756,0.0,11.359999656677246,865.0762939453125,-123.55515300873336,48.13147076398795
4196,0.9999974966049194,0.0002746719401329756,0.0,11.359999656677246,865.0762939453125,-123.55515300873336,48.13147076398795
4197,0.9999974966049194,0.0002746719401329756,0.0,11.359999656677246,865.0762939453125,-123.55515300873336,48.13147076398795
4198,0.9999974966049194,0.0002746719401329756,0.0,11.359999656677246,865.0762939453125,-123.55515300873336,48.13147076398795
4199,0.9999974966049194,0.0002746719401329756,0.0,11.359999656677246,865.0762939453125,-123.55515300873336,48.13147076398795
4200,0.9999974966049194,0.0002746719401329756,0.0,11.359999656677246,865.0762939453125,-123.55515300873336,48.13147076398795
4201,0.9999974966049194,0.0002746719401329756,0.0,11.359999656677246,865.0762939453125,-123.55515300873336,48.13147076398795
4202,0.9999974966049194,0.0002746719401329756,0.0,11.359999656677246,865.0762939453125,-123.55515300873336,48.13147076398795
4203,0.9999974966049194,0.0002746719401329756,0.0,11.359999656677246,865.0762939453125,-123.55515300873336,48.13147076398795
4204,0.9999974966049194,0.0002746719401329756,0.0,11.359999656677246,865.0762939453125,-123.55515300873336,48.13147076398795
4205,0.9999961853027344,0.00010568926518317312,0.0,11.369999885559082,829.7589721679688,-123.55475300873336,48.13147076398795
4206,0.9999961853027344,0.00010568926518317312,0.0,11.369999885559082,829.7589721679688,-123.55475300873336,48.13147076398795
4207,0.9999961853027344,0.00010568926518317312,0.0,11.369999885559082,829.7589721679688,-123.55475300873336,48.13147076398795
4208,0.9999961853027344,0.00010568926518317312,0.0,11.369999885559082,829.7589721679688,-123.55475300873336,48.13147076398795
4209,0.9999961853027344,0.00010568926518317312,0.0,11.369999885559082,829.7589721679688,-123.55475300873336,48.13147076398795
4210,0.9999961853027344,0.00010568926518317312,0.0,11.369999885559082,829.7589721679688,-123.55475300873336,48.13147076398795
4211,0.9999961853027344,0.00010568926518317312,0.0,11.369999885559082,829.7589721679688,-123.55475300873336,48.13147076398795
4212,0.9999961853027344,0.00010568926518317312,0.0,11.369999885559082,829.7589721679688,-123.55475300873336,48.13147076398795
4213,0.9999961853027344,0.00010568926518317312,0.0,11.369999885559082,829.7589721679688,-123.55475300873336,48.13147076398795
4214,0.9999961853027344,0.00010568926518317312,0.0,11.369999885559082,829.7589721679688,-123.55475300873336,48.13147076398795
4215,0.9999818801879883,0.00021392038615886122,0.0,10.819999694824219,802.8848266601562,-123.55435300873336,48.13147076398795
4216,0.9999818801879883,0.00021392038615886122,0.0,10.819999694824219,802.8848266601562,-123.55435300873336,48.13147076398795
4217,0.9999818801879883,0.00021392038615886122,0.0,10.819999694824219,802.8848266601562,-123.55435300873336,48.13147076398795
4218,0.9999818801879883,0.00021392038615886122,0.0,10.819999694824219,802.8848266601562,-123.55435300873336,48.13147076398795
4219,0.9999818801879883,0.00021392038615886122,0.0,10.819999694824219,802.8848266601562,-123.55435300873336,48.13147076398795
4220,0.9999818801879883,0.00021392038615886122,0.0,10.819999694824219,802.8848266601562,-123.55435300873336,48.13147076398795
4221,0.9999818801879883,0.00021392038615886122,0.0,10.819999694824219,802.8848266601562,-123.55435300873336,48.13147076398795
4222,0.9999818801879883,0.00021392038615886122,0.0,10.819999694824219,802.8848266601562,-123.55435300873336,48.13147076398795
4223,0.9999818801879883,0.00021392038615886122,0.0,10.819999694824219,802.8848266601562,-123.55435300873336,48.13147076398795
4224,0.9999818801879883,0.00021392038615886122,0.0,10.819999694824219,802.8848266601562,-123.55435300873336,48.13147076398795
4225,0.9999978542327881,6.069839218980633e-05,0.0,11.40999984741211,774.4423828125,-123.55395300873336,48.13147076398795
4226,0.9999978542327881,6.069839218980633e-05,0.0,11.40999984741211,774.4423828125,-123.55395300873336,48.13147076398795
4227,0.9999978542327881,6.069839218980633e-05,0.0,11.40999984741211,774.4423828125,-123.55395300873336,48.13147076398795
4228,0.9999978542327881,6.069839218980633e-05,0.0,11.40999984741211,774.4423828125,-123.55395300873336,48.13147076398795
4229,0.9999978542327881,6.069839218980633e-05,0.0,11.40999984741211,774.4423828125,-123.55395300873336,48.13147076398795
4230,0.9999978542327881,6.069839218980633e-05,0.0,11.40999984741211,774.4423828125,-123.55395300873336,48.13147076398795
4231,0.9999978542327881,6.069839218980633e-05,0.0,11.40999984741211,774.4423828125,-123.55395300873336,48.13147076398795
4232,0.9999978542327881,6.069839218980633e-05,0.0,11.40999984741211,774.4423828125,-123.55395300873336,48.13147076398795
4233,0.9999978542327881,6.069839218980633e-05,0.0,11.40999984741211,774.4423828125,-123.55395300873336,48.13147076398795
4234,0.9999978542327881,6.069839218980633e-05,0.0,11.40999984741211,774.4423828125,-123.55395300873336,48.13147076398795
4235,0.9999982118606567,0.00014020685921423137,0.0,11.069999694824219,731.83740234375,-123.55355300873336,48.13147076398795
4236,0.9999982118606567,0.00014020685921423137,0.0,11.069999694824219,731.83740234375,-123.55355300873336,48.13147076398795
4237,0.9999982118606567,0.00014020685921423137,0.0,11.069999694824219,731.83740234375,-123.55355300873336,48.13147076398795
4238,0.9999982118606567,0.00014020685921423137,0.0,11.069999694824219,731.83740234375,-123.55355300873336,48.13147076398795
4239,0.9999982118606567,0.00014020685921423137,0.0,11.069999694824219,731.83740234375,-123.55355300873336,48.13147076398795
4240,0.9999982118606567,0.00014020685921423137,0.0,11.069999694824219,731.83740234375,-123.55355300873336,48.13147076398795
4241,0.9999982118606567,0.00014020685921423137,0.0,11.069999694824219,731.83740234375,-123.55355300873336,48.13147076398795
4242,0.9999982118606567,0.00014020685921423137,0.0,11.069999694824219,731.83740234375,-123.55355300873336,48.13147076398795
4243,0.9999982118606567,0.00014020685921423137,0.0,11.069999694824219,731.83740234375,-123.55355300873336,48.13147076398795
4244,0.9999982118606567,0.00014020685921423137,0.0,11.069999694824219,731.83740234375,-123.55355300873336,48.13147076398795
4245,0.9999966621398926,7.48090460547246e-05,0.0,10.760000228881836,638.3510131835938,-123.55315300873336,48.13147076398795
4246,0.9999966621398926,7.48090460547246e-05,0.0,10.760000228881836,638.3510131835938,-123.55315300873336,48.13147076398795
4247,0.9999966621398926,7.48090460547246e-05,0.0,10.760000228881836,638.3510131835938,-123.55315300873336,48.13147076398795
4248,0.9999966621398926,7.48090460547246e-05,0.0,10.760000228881836,638.3510131835938,-123.55315300873336,48.13147076398795
4249,0.9999966621398926,7.48090460547246e-05,0.0,10.760000228881836,638.3510131835938,-123.55315300873336,48.13147076398795
4250,0.9999966621398926,7.48090460547246e-05,0.0,10.760000228881836,638.3510131835938,-123.55315300873336,48.13147076398795
4251,0.9999966621398926,7.48090460547246e-05,0.0,10.760000228881836,638.3510131835938,-123.55315300873336,48.13147076398795
4252,0.9999966621398926,7.48090460547246e-05,0.0,10.760000228881836,638.3510131835938,-123.55315300873336,48.13147076398795
4253,0.9999966621398926,7.48090460547246e-05,0.0,10.760000228881836,638.3510131835938,-123.55315300873336,48.13147076398795
4254,0.9999966621398926,7.48090460547246e-05,0.0,10.760000228881836,638.3510131835938,-123.55315300873336,48.13147076398795
4255,0.9999594688415527,6.257274799281731e-05,0.0,10.34000015258789,515.0971069335938,-123.55275300873336,48.13147076398795
4256,0.9999594688415527,6.257274799281731e-05,0.0,10.34000015258789,515.0971069335938,-123.55275300873336,48.13147076398795
4257,0.9999594688415527,6.257274799281731e-05,0.0,10.34000015258789,515.0971069335938,-123.55275300873336,48.13147076398795
4258,0.9999594688415527,6.257274799281731e-05,0.0,10.34000015258789,515.0971069335938,-123.55275300873336,48.13147076398795
4259,0.9999594688415527,6.257274799281731e-05,0.0,10.34000015258789,515.0971069335938,-123.55275300873336,48.13147076398795
4260,0.9999594688415527,6.257274799281731e-05,0.0,10.34000015258789,515.0971069335938,-123.55275300873336,48.13147076398795
4261,0.9999594688415527,6.257274799281731e-05,0.0,10.34000015258789,515.0971069335938,-123.55275300873336,48.13147076398795
4262,0.9999594688415527,6.257274799281731e-05,0.0,10.34000015258789,515.0971069335938,-123.55275300873336,48.13147076398795
4263,0.9999594688415527,6.257274799281731e-05,0.0,10.34000015258789,515.0971069335938,-123.55275300873336,48.13147076398795
4264,0.9999594688415527,6.257274799281731e-05,0.0,10.34000015258789,515.0971069335938,-123.55275300873336,48.13147076398795
4265,0.9999990463256836,2.0229977963026613e-05,0.0,10.960000038146973,371.6463317871094,-123.55235300873336,48.13147076398795
4266,0.9999990463256836,2.0229977963026613e-05,0.0,10.960000038146973,371.6463317871094,-123.55235300873336,48.13147076398795
4267,0.9999990463256836,2.0229977963026613e-05,0.0,10.960000038146973,371.6463317871094,-123.55235300873336,48.13147076398795
4268,0.9999990463256836,2.0229977963026613e-05,0.0,10.960000038146973,371.6463317871094,-123.55235300873336,48.13147076398795
4269,0.9999990463256836,2.0229977963026613e-05,0.0,10.960000038146973,371.6463317871094,-123.55235300873336,48.13147076398795
4270,0.9999990463256836,2.0229977963026613e-05,0.0,10.960000038146973,371.6463317871094,-123.55235300873336,48.13147076398795
4271,0.9999990463256836,2.0229977963026613e-05,0.0,10.960000038146973,371.6463317871094,-123.55235300873336,48.13147076398795
4272,0.9999990463256836,2.0229977963026613e-05,0.0,10.960000038146973,371.6463317871094,-123.55235300873336,48.13147076398795
4273,0.9999990463256836,2.0229977963026613e-05,0.0,10.960000038146973,371.6463317871094,-123.55235300873336,48.13147076398795
4274,0.9999990463256836,2.0229977963026613e-05,0.0,10.960000038146973,371.6463317871094,-123.55235300873336,48.13147076398795
4275,0.9997398257255554,0.0013879231410101056,0.0,9.779999732971191,225.56817626953125,-123.55195300873336,48.13147076398795
4276,0.9997398257255554,0.0013879231410101056,0.0,9.779999732971191,225.56817626953125,-123.55195300873336,48.13147076398795
4277,0.9997398257255554,0.0013879231410101056,0.0,9.779999732971191,225.56817626953125,-123.55195300873336,48.13147076398795
4278,0.9997398257255554,0.0013879231410101056,0.0,9.779999732971191,225.56817626953125,-123.55195300873336,48.13147076398795
4279,0.9997398257255554,0.0013879231410101056,0.0,9.779999732971191,225.56817626953125,-123.55195300873336,48.13147076398795
4280,0.9997398257255554,0.0013879231410101056,0.0,9.779999732971191,225.56817626953125,-123.55195300873336,48.13147076398795
4281,0.9997398257255554,0.0013879231410101056,0.0,9.779999732971191,225.56817626953125,-123.55195300873336,48.13147076398795
4282,0.9997398257255554,0.0013879231410101056,0.0,9.779999732971191,225.56817626953125,-123.55195300873336,48.13147076398795
4283,0.9997398257255554,0.0013879231410101056,0.0,9.779999732971191,225.56817626953125,-123.55195300873336,48.13147076398795
4284,0.9997398257255554,0.0013879231410101056,0.0,9.779999732971191,225.56817626953125,-123.55195300873336,48.13147076398795
4285,8.385824656897967e-08,0.014167377725243568,0.0,9.482322692871094,17.464248657226562,-123.55155300873336,48.13147076398795
4286,8.385824656897967e-08,0.014167377725243568,0.0,9.482322692871094,17.464248657226562,-123.55155300873336,48.13147076398795
4287,8.385824656897967e-08,0.014167377725243568,0.0,9.482322692871094,17.464248657226562,-123.55155300873336,48.13147076398795
4288,8.385824656897967e-08,0.014167377725243568,0.0,9.482322692871094,17.464248657226562,-123.55155300873336,48.13147076398795
4289,8.385824656897967e-08,0.014167377725243568,0.0,9.482322692871094,17.464248657226562,-123.55155300873336,48.13147076398795
4290,8.385824656897967e-08,0.014167377725243568,0.0,9.482322692871094,17.464248657226562,-123.55155300873336,48.13147076398795
4291,8.385824656897967e-08,0.014167377725243568,0.0,9.482322692871094,17.464248657226562,-123.55155300873336,48.13147076398795
4292,8.385824656897967e-08,0.014167377725243568,0.0,9.482322692871094,17.464248657226562,-123.55155300873336,48.13147076398795
4293,8.385824656897967e-08,0.014167377725243568,0.0,9.482322692871094,17.464248657226562,-123.55155300873336,48.13147076398795
4294,8.385824656897967e-08,0.014167377725243568,0.0,9.482322692871094,17.464248657226562,-123.55155300873336,48.13147076398795
4295,0.0,0.0,0.0,0.0,236.68544006347656,-123.55115300873337,48.13147076398795
4296,0.0,0.0,0.0,0.0,236.68544006347656,-123.55115300873337,48.13147076398795
4297,0.0,0.0,0.0,0.0,431.04058837890625,-123.55075300873337,48.13147076398795
4298,0.37997251749038696,0.03469613939523697,0.0,10.470000267028809,360.92242431640625,-123.55795300873335,48.13107076398795
4299,0.37997251749038696,0.03469613939523697,0.0,10.470000267028809,360.92242431640625,-123.55795300873335,48.13107076398795
4300,0.37997251749038696,0.03469613939523697,0.0,10.470000267028809,360.92242431640625,-123.55795300873335,48.13107076398795
4301,0.37997251749038696,0.03469613939523697,0.0,10.470000267028809,360.92242431640625,-123.55795300873335,48.13107076398795
4302,0.37997251749038696,0.03469613939523697,0.0,10.470000267028809,360.92242431640625,-123.55795300873335,48.13107076398795
4303,0.0006357748061418533,0.015269600786268711,1.0,10.65999984741211,143.27944946289062,-123.55755300873335,48.13107076398795
4304,0.0006357748061418533,0.015269600786268711,1.0,10.65999984741211,143.27944946289062,-123.55755300873335,48.13107076398795
4305,0.0006357748061418533,0.015269600786268711,1.0,10.65999984741211,143.27944946289062,-123.55755300873335,48.13107076398795
4306,0.0006357748061418533,0.015269600786268711,1.0,10.65999984741211,143.27944946289062,-123.55755300873335,48.13107076398795
4307,0.0006357748061418533,0.015269600786268711,1.0,10.65999984741211,143.27944946289062,-123.55755300873335,48.13107076398795
4308,0.0006357748061418533,0.015269600786268711,1.0,10.65999984741211,143.27944946289062,-123.55755300873335,48.13107076398795
4309,0.0006357748061418533,0.015269600786268711,1.0,10.65999984741211,143.27944946289062,-123.55755300873335,48.13107076398795
4310,0.0006357748061418533,0.015269600786268711,1.0,10.65999984741211,143.27944946289062,-123.55755300873335,48.13107076398795
4311,0.0006357748061418533,0.015269600786268711,1.0,10.65999984741211,143.27944946289062,-123.55755300873335,48.13107076398795
4312,0.9999500513076782,0.0010757985292002559,0.0,9.795026779174805,95.07891082763672,-123.55715300873335,48.13107076398795
4313,0.9999500513076782,0.0010757985292002559,0.0,9.795026779174805,95.07891082763672,-123.55715300873335,48.13107076398795
4314,0.9999500513076782,0.0010757985292002559,0.0,9.795026779174805,95.07891082763672,-123.55715300873335,48.13107076398795
4315,0.9999500513076782,0.0010757985292002559,0.0,9.795026779174805,95.07891082763672,-123.55715300873335,48.13107076398795
4316,0.9999500513076782,0.0010757985292002559,0.0,9.795026779174805,95.07891082763672,-123.55715300873335,48.13107076398795
4317,0.9999500513076782,0.0010757985292002559,0.0,9.795026779174805,95.07891082763672,-123.55715300873335,48.13107076398795
4318,0.9999500513076782,0.0010757985292002559,0.0,9.795026779174805,95.07891082763672,-123.55715300873335,48.13107076398795
4319,0.9999500513076782,0.0010757985292002559,0.0,9.795026779174805,95.07891082763672,-123.55715300873335,48.13107076398795
4320,0.9999500513076782,0.0010757985292002559,0.0,9.795026779174805,95.07891082763672,-123.55715300873335,48.13107076398795
4321,0.9999500513076782,0.0010757985292002559,0.0,9.795026779174805,95.07891082763672,-123.55715300873335,48.13107076398795
4322,0.9999982118606567,0.0001050127757480368,0.0,11.260000228881836,335.9315490722656,-123.55675300873335,48.13107076398795
4323,0.9999982118606567,0.0001050127757480368,0.0,11.260000228881836,335.9315490722656,-123.55675300873335,48.13107076398795
4324,0.9999982118606567,0.0001050127757480368,0.0,11.260000228881836,335.9315490722656,-123.55675300873335,48.13107076398795
4325,0.9999982118606567,0.0001050127757480368,0.0,11.260000228881836,335.9315490722656,-123.55675300873335,48.13107076398795
4326,0.9999982118606567,0.0001050127757480368,0.0,11.260000228881836,335.9315490722656,-123.55675300873335,48.13107076398795
4327,0.9999982118606567,0.0001050127757480368,0.0,11.260000228881836,335.9315490722656,-123.55675300873335,48.13107076398795
4328,0.9999982118606567,0.0001050127757480368,0.0,11.260000228881836,335.9315490722656,-123.55675300873335,48.13107076398795
4329,0.9999982118606567,0.0001050127757480368,0.0,11.260000228881836,335.9315490722656,-123.55675300873335,48.13107076398795
4330,0.9999982118606567,0.0001050127757480368,0.0,11.260000228881836,335.9315490722656,-123.55675300873335,48.13107076398795
4331,0.9999982118606567,0.0001050127757480368,0.0,11.260000228881836,335.9315490722656,-123.55675300873335,48.13107076398795
4332,0.9999960660934448,7.181156979640946e-05,0.0,11.489999771118164,582.0189208984375,-123.55635300873335,48.13107076398795
4333,0.9999960660934448,7.181156979640946e-05,0.0,11.489999771118164,582.0189208984375,-123.55635300873335,48.13107076398795
4334,0.9999960660934448,7.181156979640946e-05,0.0,11.489999771118164,582.0189208984375,-123.55635300873335,48.13107076398795
4335,0.9999960660934448,7.181156979640946e-05,0.0,11.489999771118164,582.0189208984375,-123.55635300873335,48.13107076398795
4336,0.9999960660934448,7.181156979640946e-05,0.0,11.489999771118164,582.0189208984375,-123.55635300873335,48.13107076398795
4337,0.9999960660934448,7.181156979640946e-05,0.0,11.489999771118164,582.0189208984375,-123.55635300873335,48.13107076398795
4338,0.9999960660934448,7.181156979640946e-05,0.0,11.489999771118164,582.0189208984375,-123.55635300873335,48.13107076398795
4339,0.9999960660934448,7.181156979640946e-05,0.0,11.489999771118164,582.0189208984375,-123.55635300873335,48.13107076398795
4340,0.9999960660934448,7.181156979640946e-05,0.0,11.489999771118164,582.0189208984375,-123.55635300873335,48.13107076398795
4341,0.9999960660934448,7.181156979640946e-05,0.0,11.489999771118164,582.0189208984375,-123.55635300873335,48.13107076398795
4342,0.9999936819076538,0.0001524788822280243,0.0,12.09000015258789,818.9810791015625,-123.55595300873335,48.13107076398795
4343,0.9999936819076538,0.0001524788822280243,0.0,12.09000015258789,818.9810791015625,-123.55595300873335,48.13107076398795
4344,0.9999936819076538,0.0001524788822280243,0.0,12.09000015258789,818.9810791015625,-123.55595300873335,48.13107076398795
4345,0.9999936819076538,0.0001524788822280243,0.0,12.09000015258789,818.9810791015625,-123.55595300873335,48.13107076398795
4346,0.9999936819076538,0.0001524788822280243,0.0,12.09000015258789,818.9810791015625,-123.55595300873335,48.13107076398795
4347,0.9999936819076538,0.0001524788822280243,0.0,12.09000015258789,818.9810791015625,-123.55595300873335,48.13107076398795
4348,0.9999936819076538,0.0001524788822280243,0.0,12.09000015258789,818.9810791015625,-123.55595300873335,48.13107076398795
4349,0.9999936819076538,0.0001524788822280243,0.0,12.09000015258789,818.9810791015625,-123.55595300873335,48.13107076398795
4350,0.9999936819076538,0.0001524788822280243,0.0,12.09000015258789,818.9810791015625,-123.55595300873335,48.13107076398795
4351,0.9999936819076538,0.0001524788822280243,0.0,12.09000015258789,818.9810791015625,-123.55595300873335,48.13107076398795
4352,0.9999929666519165,3.886056219926104e-05,0.0,10.989999771118164,696.7639770507812,-123.55555300873336,48.13107076398795
4353,0.9999929666519165,3.886056219926104e-05,0.0,10.989999771118164,696.7639770507812,-123.55555300873336,48.13107076398795
4354,0.9999929666519165,3.886056219926104e-05,0.0,10.989999771118164,696.7639770507812,-123.55555300873336,48.13107076398795
4355,0.9999929666519165,3.886056219926104e-05,0.0,10.989999771118164,696.7639770507812,-123.55555300873336,48.13107076398795
4356,0.9999929666519165,3.886056219926104e-05,0.0,10.989999771118164,696.7639770507812,-123.55555300873336,48.13107076398795
4357,0.9999929666519165,3.886056219926104e-05,0.0,10.989999771118164,696.7639770507812,-123.55555300873336,48.13107076398795
4358,0.9999929666519165,3.886056219926104e-05,0.0,10.989999771118164,696.7639770507812,-123.55555300873336,48.13107076398795
4359,0.9999929666519165,3.886056219926104e-05,0.0,10.989999771118164,696.7639770507812,-123.55555300873336,48.13107076398795
4360,0.9999929666519165,3.886056219926104e-05,0.0,10.989999771118164,696.7639770507812,-123.55555300873336,48.13107076398795
4361,0.9999929666519165,3.886056219926104e-05,0.0,10.989999771118164,696.7639770507812,-123.55555300873336,48.13107076398795
4362,0.9999979734420776,9.225498070009053e-05,0.0,11.40999984741211,615.0,-123.55515300873336,48.13107076398795
4363,0.9999979734420776,9.225498070009053e-05,0.0,11.40999984741211,615.0,-123.55515300873336,48.13107076398795
4364,0.9999979734420776,9.225498070009053e-05,0.0,11.40999984741211,615.0,-123.55515300873336,48.13107076398795
4365,0.9999979734420776,9.225498070009053e-05,0.0,11.40999984741211,615.0,-123.55515300873336,48.13107076398795
4366,0.9999979734420776,9.225498070009053e-05,0.0,11.40999984741211,615.0,-123.55515300873336,48.13107076398795
4367,0.9999979734420776,9.225498070009053e-05,0.0,11.40999984741211,615.0,-123.55515300873336,48.13107076398795
4368,0.9999979734420776,9.225498070009053e-05,0.0,11.40999984741211,615.0,-123.55515300873336,48.13107076398795
4369,0.9999979734420776,9.225498070009053e-05,0.0,11.40999984741211,615.0,-123.55515300873336,48.13107076398795
4370,0.9999979734420776,9.225498070009053e-05,0.0,11.40999984741211,615.0,-123.55515300873336,48.13107076398795
4371,0.9999979734420776,9.225498070009053e-05,0.0,11.40999984741211,615.0,-123.55515300873336,48.13107076398795
4372,0.9999964237213135,0.00014106175513006747,0.0,11.300000190734863,575.3233642578125,-123.55475300873336,48.13107076398795
4373,0.9999964237213135,0.00014106175513006747,0.0,11.300000190734863,575.3233642578125,-123.55475300873336,48.13107076398795
4374,0.9999964237213135,0.00014106175513006747,0.0,11.300000190734863,575.3233642578125,-123.55475300873336,48.13107076398795
4375,0.9999964237213135,0.00014106175513006747,0.0,11.300000190734863,575.3233642578125,-123.55475300873336,48.13107076398795
4376,0.9999964237213135,0.00014106175513006747,0.0,11.300000190734863,575.3233642578125,-123.55475300873336,48.13107076398795
4377,0.9999964237213135,0.00014106175513006747,0.0,11.300000190734863,575.3233642578125,-123.55475300873336,48.13107076398795
4378,0.9999964237213135,0.00014106175513006747,0.0,11.300000190734863,575.3233642578125,-123.55475300873336,48.13107076398795
4379,0.9999964237213135,0.00014106175513006747,0.0,11.300000190734863,575.3233642578125,-123.55475300873336,48.13107076398795
4380,0.9999964237213135,0.00014106175513006747,0.0,11.300000190734863,575.3233642578125,-123.55475300873336,48.13107076398795
4381,0.9999964237213135,0.00014106175513006747,0.0,11.300000190734863,575.3233642578125,-123.55475300873336,48.13107076398795
4382,0.9996163845062256,6.72144306008704e-05,0.0,11.210000038146973,548.9307861328125,-123.55435300873336,48.13107076398795
4383,0.9996163845062256,6.72144306008704e-05,0.0,11.210000038146973,548.9307861328125,-123.55435300873336,48.13107076398795
4384,0.9996163845062256,6.72144306008704e-05,0.0,11.210000038146973,548.9307861328125,-123.55435300873336,48.13107076398795
4385,0.9996163845062256,6.72144306008704e-05,0.0,11.210000038146973,548.9307861328125,-123.55435300873336,48.13107076398795
4386,0.9996163845062256,6.72144306008704e-05,0.0,11.210000038146973,548.9307861328125,-123.55435300873336,48.13107076398795
4387,0.9996163845062256,6.72144306008704e-05,0.0,11.210000038146973,548.9307861328125,-123.55435300873336,48.13107076398795
4388,0.9996163845062256,6.72144306008704e-05,0.0,11.210000038146973,548.9307861328125,-123.55435300873336,48.13107076398795
4389,0.9996163845062256,6.72144306008704e-05,0.0,11.210000038146973,548.9307861328125,-123.55435300873336,48.13107076398795
4390,0.9996163845062256,6.72144306008704e-05,0.0,11.210000038146973,548.9307861328125,-123.55435300873336,48.13107076398795
4391,0.9996163845062256,6.72144306008704e-05,0.0,11.210000038146973,548.9307861328125,-123.55435300873336,48.13107076398795
4392,0.9999948740005493,5.3595340432366356e-05,0.0,11.359999656677246,526.9658203125,-123.55395300873336,48.13107076398795
4393,0.9999948740005493,5.3595340432366356e-05,0.0,11.359999656677246,526.9658203125,-123.55395300873336,48.13107076398795
4394,0.9999948740005493,5.3595340432366356e-05,0.0,11.359999656677246,526.9658203125,-123.55395300873336,48.13107076398795
4395,0.9999948740005493,5.3595340432366356e-05,0.0,11.359999656677246,526.9658203125,-123.55395300873336,48.13107076398795
4396,0.9999948740005493,5.3595340432366356e-05,0.0,11.359999656677246,526.9658203125,-123.55395300873336,48.13107076398795
4397,0.9999948740005493,5.3595340432366356e-05,0.0,11.359999656677246,526.9658203125,-123.55395300873336,48.13107076398795
4398,0.9999948740005493,5.3595340432366356e-05,0.0,11.359999656677246,526.9658203125,-123.55395300873336,48.13107076398795
4399,0.9999948740005493,5.3595340432366356e-05,0.0,11.359999656677246,526.9658203125,-123.55395300873336,48.13107076398795
4400,0.9999948740005493,5.3595340432366356e-05,0.0,11.359999656677246,526.9658203125,-123.55395300873336,48.13107076398795
4401,0.9999948740005493,5.3595340432366356e-05,0.0,11.359999656677246,526.9658203125,-123.55395300873336,48.13107076398795
4402,0.9999982118606567,0.00011796575563494116,0.0,10.880000114440918,477.1509094238281,-123.55355300873336,48.13107076398795
4403,0.9999982118606567,0.00011796575563494116,0.0,10.880000114440918,477.1509094238281,-123.55355300873336,48.13107076398795
4404,0.9999982118606567,0.00011796575563494116,0.0,10.880000114440918,477.1509094238281,-123.55355300873336,48.13107076398795
4405,0.9999982118606567,0.00011796575563494116,0.0,10.880000114440918,477.1509094238281,-123.55355300873336,48.13107076398795
4406,0.9999982118606567,0.00011796575563494116,0.0,10.880000114440918,477.1509094238281,-123.55355300873336,48.13107076398795
4407,0.9999982118606567,0.00011796575563494116,0.0,10.880000114440918,477.1509094238281,-123.55355300873336,48.13107076398795
4408,0.9999982118606567,0.00011796575563494116,0.0,10.880000114440918,477.1509094238281,-123.55355300873336,48.13107076398795
4409,0.9999982118606567,0.00011796575563494116,0.0,10.880000114440918,477.1509094238281,-123.55355300873336,48.13107076398795
4410,0.9999982118606567,0.00011796575563494116,0.0,10.880000114440918,477.1509094238281,-123.55355300873336,48.13107076398795
4411,0.9999982118606567,0.00011796575563494116,0.0,10.880000114440918,477.1509094238281,-123.55355300873336,48.13107076398795
4412,0.9999972581863403,0.00010322371235815808,0.0,10.779999732971191,421.03326416015625,-123.55315300873336,48.13107076398795
4413,0.9999972581863403,0.00010322371235815808,0.0,10.779999732971191,421.03326416015625,-123.55315300873336,48.13107076398795
4414,0.9999972581863403,0.00010322371235815808,0.0,10.779999732971191,421.03326416015625,-123.55315300873336,48.13107076398795
4415,0.9999972581863403,0.00010322371235815808,0.0,10.779999732971191,421.03326416015625,-123.55315300873336,48.13107076398795
4416,0.9999972581863403,0.00010322371235815808,0.0,10.779999732971191,421.03326416015625,-123.55315300873336,48.13107076398795
4417,0.9999972581863403,0.00010322371235815808,0.0,10.779999732971191,421.03326416015625,-123.55315300873336,48.13107076398795
4418,0.9999972581863403,0.00010322371235815808,0.0,10.779999732971191,421.03326416015625,-123.55315300873336,48.13107076398795
4419,0.9999972581863403,0.00010322371235815808,0.0,10.779999732971191,421.03326416015625,-123.55315300873336,48.13107076398795
4420,0.9999972581863403,0.00010322371235815808,0.0,10.779999732971191,421.03326416015625,-123.55315300873336,48.13107076398795
4421,0.9999972581863403,0.00010322371235815808,0.0,10.779999732971191,421.03326416015625,-123.55315300873336,48.13107076398795
4422,0.999997615814209,0.0001591125037521124,0.0,10.34000015258789,291.9794616699219,-123.55275300873336,48.13107076398795
4423,0.999997615814209,0.0001591125037521124,0.0,10.34000015258789,291.9794616699219,-123.55275300873336,48.13107076398795
4424,0.999997615814209,0.0001591125037521124,0.0,10.34000015258789,291.9794616699219,-123.55275300873336,48.13107076398795
4425,0.999997615814209,0.0001591125037521124,0.0,10.34000015258789,291.9794616699219,-123.55275300873336,48.13107076398795
4426,0.999997615814209,0.0001591125037521124,0.0,10.34000015258789,291.9794616699219,-123.55275300873336,48.13107076398795
4427,0.999997615814209,0.0001591125037521124,0.0,10.34000015258789,291.9794616699219,-123.55275300873336,48.13107076398795
4428,0.999997615814209,0.0001591125037521124,0.0,10.34000015258789,291.9794616699219,-123.55275300873336,48.13107076398795
4429,0.999997615814209,0.0001591125037521124,0.0,10.34000015258789,291.9794616699219,-123.55275300873336,48.13107076398795
4430,0.999997615814209,0.0001591125037521124,0.0,10.34000015258789,291.9794616699219,-123.55275300873336,48.13107076398795
4431,0.999997615814209,0.0001591125037521124,0.0,10.34000015258789,291.9794616699219,-123.55275300873336,48.13107076398795
4432,0.999994158744812,4.095010808669031e-05,0.0,9.600000381469727,157.11460876464844,-123.55235300873336,48.13107076398795
4433,0.999994158744812,4.095010808669031e-05,0.0,9.600000381469727,157.11460876464844,-123.55235300873336,48.13107076398795
4434,0.999994158744812,4.095010808669031e-05,0.0,9.600000381469727,157.11460876464844,-123.55235300873336,48.13107076398795
4435,0.999994158744812,4.095010808669031e-05,0.0,9.600000381469727,157.11460876464844,-123.55235300873336,48.13107076398795
4436,0.999994158744812,4.095010808669031e-05,0.0,9.600000381469727,157.11460876464844,-123.55235300873336,48.13107076398795
4437,0.999994158744812,4.095010808669031e-05,0.0,9.600000381469727,157.11460876464844,-123.55235300873336,48.13107076398795
4438,0.999994158744812,4.095010808669031e-05,0.0,9.600000381469727,157.11460876464844,-123.55235300873336,48.13107076398795
4439,0.999994158744812,4.095010808669031e-05,0.0,9.600000381469727,157.11460876464844,-123.55235300873336,48.13107076398795
4440,0.999994158744812,4.095010808669031e-05,0.0,9.600000381469727,157.11460876464844,-123.55235300873336,48.13107076398795
4441,0.999994158744812,4.095010808669031e-05,0.0,9.600000381469727,157.11460876464844,-123.55235300873336,48.13107076398795
4442,0.6888028979301453,0.05325066298246384,0.0,9.459160804748535,22.803508758544922,-123.55195300873336,48.13107076398795
4443,0.6888028979301453,0.05325066298246384,0.0,9.459160804748535,22.803508758544922,-123.55195300873336,48.13107076398795
4444,0.6888028979301453,0.05325066298246384,0.0,9.459160804748535,22.803508758544922,-123.55195300873336,48.13107076398795
4445,0.6888028979301453,0.05325066298246384,0.0,9.459160804748535,22.803508758544922,-123.55195300873336,48.13107076398795
4446,0.6888028979301453,0.05325066298246384,0.0,9.459160804748535,22.803508758544922,-123.55195300873336,48.13107076398795
4447,0.6888028979301453,0.05325066298246384,0.0,9.459160804748535,22.803508758544922,-123.55195300873336,48.13107076398795
4448,0.6888028979301453,0.05325066298246384,0.0,9.459160804748535,22.803508758544922,-123.55195300873336,48.13107076398795
4449,0.6888028979301453,0.05325066298246384,0.0,9.459160804748535,22.803508758544922,-123.55195300873336,48.13107076398795
4450,0.6888028979301453,0.05325066298246384,0.0,9.459160804748535,22.803508758544922,-123.55195300873336,48.13107076398795
4451,0.6888028979301453,0.05325066298246384,0.0,9.459160804748535,22.803508758544922,-123.55195300873336,48.13107076398795
4452,0.0,0.0,0.0,0.0,126.15070343017578,-123.55155300873336,48.13107076398795
4453,0.0,0.0,0.0,0.0,126.15070343017578,-123.55155300873336,48.13107076398795
4454,0.0,0.0,0.0,0.0,789.1071166992188,-123.55035300873337,48.13107076398795
4455,2.9207014449639246e-05,0.12195267528295517,0.0,11.149703979492188,163.220703125,-123.55795300873335,48.13067076398795
4456,2.9207014449639246e-05,0.12195267528295517,0.0,11.149703979492188,163.220703125,-123.55795300873335,48.13067076398795
4457,2.9207014449639246e-05,0.12195267528295517,0.0,11.149703979492188,163.220703125,-123.55795300873335,48.13067076398795
4458,2.9207014449639246e-05,0.12195267528295517,0.0,11.149703979492188,163.220703125,-123.55795300873335,48.13067076398795
4459,2.9207014449639246e-05,0.12195267528295517,0.0,11.149703979492188,163.220703125,-123.55795300873335,48.13067076398795
4460,2.9207014449639246e-05,0.12195267528295517,0.0,11.149703979492188,163.220703125,-123.55795300873335,48.13067076398795
4461,2.9207014449639246e-05,0.12195267528295517,0.0,11.149703979492188,163.220703125,-123.55795300873335,48.13067076398795
4462,2.9207014449639246e-05,0.12195267528295517,0.0,11.149703979492188,163.220703125,-123.55795300873335,48.13067076398795
4463,0.00021414384536910802,0.9981282353401184,0.0,10.733543395996094,3.605551242828369,-123.55755300873335,48.13067076398795
4464,0.00021414384536910802,0.9981282353401184,0.0,10.733543395996094,3.605551242828369,-123.55755300873335,48.13067076398795
4465,0.00021414384536910802,0.9981282353401184,0.0,10.733543395996094,3.605551242828369,-123.55755300873335,48.13067076398795
4466,0.00021414384536910802,0.9981282353401184,0.0,10.733543395996094,3.605551242828369,-123.55755300873335,48.13067076398795
4467,0.00021414384536910802,0.9981282353401184,0.0,10.733543395996094,3.605551242828369,-123.55755300873335,48.13067076398795
4468,0.00021414384536910802,0.9981282353401184,0.0,10.733543395996094,3.605551242828369,-123.55755300873335,48.13067076398795
4469,0.00021414384536910802,0.9981282353401184,0.0,10.733543395996094,3.605551242828369,-123.55755300873335,48.13067076398795
4470,0.00021414384536910802,0.9981282353401184,0.0,10.733543395996094,3.605551242828369,-123.55755300873335,48.13067076398795
4471,0.00021414384536910802,0.9981282353401184,0.0,10.733543395996094,3.605551242828369,-123.55755300873335,48.13067076398795
4472,0.00021414384536910802,0.9981282353401184,0.0,10.733543395996094,3.605551242828369,-123.55755300873335,48.13067076398795
4473,0.9996034502983093,0.0012635563034564257,0.0,12.029999732971191,201.35789489746094,-123.55715300873335,48.13067076398795
4474,0.9996034502983093,0.0012635563034564257,0.0,12.029999732971191,201.35789489746094,-123.55715300873335,48.13067076398795
4475,0.9996034502983093,0.0012635563034564257,0.0,12.029999732971191,201.35789489746094,-123.55715300873335,48.13067076398795
4476,0.9996034502983093,0.0012635563034564257,0.0,12.029999732971191,201.35789489746094,-123.55715300873335,48.13067076398795
4477,0.9996034502983093,0.0012635563034564257,0.0,12.029999732971191,201.35789489746094,-123.55715300873335,48.13067076398795
4478,0.9996034502983093,0.0012635563034564257,0.0,12.029999732971191,201.35789489746094,-123.55715300873335,48.13067076398795
4479,0.9996034502983093,0.0012635563034564257,0.0,12.029999732971191,201.35789489746094,-123.55715300873335,48.13067076398795
4480,0.9996034502983093,0.0012635563034564257,0.0,12.029999732971191,201.35789489746094,-123.55715300873335,48.13067076398795
4481,0.9996034502983093,0.0012635563034564257,0.0,12.029999732971191,201.35789489746094,-123.55715300873335,48.13067076398795
4482,0.9996034502983093,0.0012635563034564257,0.0,12.029999732971191,201.35789489746094,-123.55715300873335,48.13067076398795
4483,0.9999915361404419,0.00010767867206595838,0.0,11.75,422.849853515625,-123.55675300873335,48.13067076398795
4484,0.9999915361404419,0.00010767867206595838,0.0,11.75,422.849853515625,-123.55675300873335,48.13067076398795
4485,0.9999915361404419,0.00010767867206595838,0.0,11.75,422.849853515625,-123.55675300873335,48.13067076398795
4486,0.9999915361404419,0.00010767867206595838,0.0,11.75,422.849853515625,-123.55675300873335,48.13067076398795
4487,0.9999915361404419,0.00010767867206595838,0.0,11.75,422.849853515625,-123.55675300873335,48.13067076398795
4488,0.9999915361404419,0.00010767867206595838,0.0,11.75,422.849853515625,-123.55675300873335,48.13067076398795
4489,0.9999915361404419,0.00010767867206595838,0.0,11.75,422.849853515625,-123.55675300873335,48.13067076398795
4490,0.9999915361404419,0.00010767867206595838,0.0,11.75,422.849853515625,-123.55675300873335,48.13067076398795
4491,0.9999915361404419,0.00010767867206595838,0.0,11.75,422.849853515625,-123.55675300873335,48.13067076398795
4492,0.9999915361404419,0.00010767867206595838,0.0,11.75,422.849853515625,-123.55675300873335,48.13067076398795
4493,0.9999943971633911,0.0005943267024122179,0.0,11.9399995803833,548.7667846679688,-123.55635300873335,48.13067076398795
4494,0.9999943971633911,0.0005943267024122179,0.0,11.9399995803833,548.7667846679688,-123.55635300873335,48.13067076398795
4495,0.9999943971633911,0.0005943267024122179,0.0,11.9399995803833,548.7667846679688,-123.55635300873335,48.13067076398795
4496,0.9999943971633911,0.0005943267024122179,0.0,11.9399995803833,548.7667846679688,-123.55635300873335,48.13067076398795
4497,0.9999943971633911,0.0005943267024122179,0.0,11.9399995803833,548.7667846679688,-123.55635300873335,48.13067076398795
4498,0.9999943971633911,0.0005943267024122179,0.0,11.9399995803833,548.7667846679688,-123.55635300873335,48.13067076398795
4499,0.9999943971633911,0.0005943267024122179,0.0,11.9399995803833,548.7667846679688,-123.55635300873335,48.13067076398795
4500,0.9999943971633911,0.0005943267024122179,0.0,11.9399995803833,548.7667846679688,-123.55635300873335,48.13067076398795
4501,0.9999943971633911,0.0005943267024122179,0.0,11.9399995803833,548.7667846679688,-123.55635300873335,48.13067076398795
4502,0.9999943971633911,0.0005943267024122179,0.0,11.9399995803833,548.7667846679688,-123.55635300873335,48.13067076398795
4503,0.999998927116394,0.0001597328664502129,0.0,12.220000267028809,569.7200927734375,-123.55595300873335,48.13067076398795
4504,0.999998927116394,0.0001597328664502129,0.0,12.220000267028809,569.7200927734375,-123.55595300873335,48.13067076398795
4505,0.999998927116394,0.0001597328664502129,0.0,12.220000267028809,569.7200927734375,-123.55595300873335,48.13067076398795
4506,0.999998927116394,0.0001597328664502129,0.0,12.220000267028809,569.7200927734375,-123.55595300873335,48.13067076398795
4507,0.999998927116394,0.0001597328664502129,0.0,12.220000267028809,569.7200927734375,-123.55595300873335,48.13067076398795
4508,0.999998927116394,0.0001597328664502129,0.0,12.220000267028809,569.7200927734375,-123.55595300873335,48.13067076398795
4509,0.999998927116394,0.0001597328664502129,0.0,12.220000267028809,569.7200927734375,-123.55595300873335,48.13067076398795
4510,0.999998927116394,0.0001597328664502129,0.0,12.220000267028809,569.7200927734375,-123.55595300873335,48.13067076398795
4511,0.999998927116394,0.0001597328664502129,0.0,12.220000267028809,569.7200927734375,-123.55595300873335,48.13067076398795
4512,0.999998927116394,0.0001597328664502129,0.0,12.220000267028809,569.7200927734375,-123.55595300873335,48.13067076398795
4513,0.9998488426208496,0.00040251901373267174,0.0,11.779999732971191,482.7442321777344,-123.55555300873336,48.13067076398795
4514,0.9998488426208496,0.00040251901373267174,0.0,11.779999732971191,482.7442321777344,-123.55555300873336,48.13067076398795
4515,0.9998488426208496,0.00040251901373267174,0.0,11.779999732971191,482.7442321777344,-123.55555300873336,48.13067076398795
4516,0.9998488426208496,0.00040251901373267174,0.0,11.779999732971191,482.7442321777344,-123.55555300873336,48.13067076398795
4517,0.9998488426208496,0.00040251901373267174,0.0,11.779999732971191,482.7442321777344,-123.55555300873336,48.13067076398795
4518,0.9998488426208496,0.00040251901373267174,0.0,11.779999732971191,482.7442321777344,-123.55555300873336,48.13067076398795
4519,0.9998488426208496,0.00040251901373267174,0.0,11.779999732971191,482.7442321777344,-123.55555300873336,48.13067076398795
4520,0.9998488426208496,0.00040251901373267174,0.0,11.779999732971191,482.7442321777344,-123.55555300873336,48.13067076398795
4521,0.9998488426208496,0.00040251901373267174,0.0,11.779999732971191,482.7442321777344,-123.55555300873336,48.13067076398795
4522,0.9998488426208496,0.00040251901373267174,0.0,11.779999732971191,482.7442321777344,-123.55555300873336,48.13067076398795
4523,0.9999655485153198,0.00010629933967720717,0.0,11.6899995803833,369.640380859375,-123.55515300873336,48.13067076398795
4524,0.9999655485153198,0.00010629933967720717,0.0,11.6899995803833,369.640380859375,-123.55515300873336,48.13067076398795
4525,0.9999655485153198,0.00010629933967720717,0.0,11.6899995803833,369.640380859375,-123.55515300873336,48.13067076398795
4526,0.9999655485153198,0.00010629933967720717,0.0,11.6899995803833,369.640380859375,-123.55515300873336,48.13067076398795
4527,0.9999655485153198,0.00010629933967720717,0.0,11.6899995803833,369.640380859375,-123.55515300873336,48.13067076398795
4528,0.9999655485153198,0.00010629933967720717,0.0,11.6899995803833,369.640380859375,-123.55515300873336,48.13067076398795
4529,0.9999655485153198,0.00010629933967720717,0.0,11.6899995803833,369.640380859375,-123.55515300873336,48.13067076398795
4530,0.9999655485153198,0.00010629933967720717,0.0,11.6899995803833,369.640380859375,-123.55515300873336,48.13067076398795
4531,0.9999655485153198,0.00010629933967720717,0.0,11.6899995803833,369.640380859375,-123.55515300873336,48.13067076398795
4532,0.9999655485153198,0.00010629933967720717,0.0,11.6899995803833,369.640380859375,-123.55515300873336,48.13067076398795
4533,0.999988317489624,6.208304694155231e-05,0.0,11.949999809265137,321.89593505859375,-123.55475300873336,48.13067076398795
4534,0.999988317489624,6.208304694155231e-05,0.0,11.949999809265137,321.89593505859375,-123.55475300873336,48.13067076398795
4535,0.999988317489624,6.208304694155231e-05,0.0,11.949999809265137,321.89593505859375,-123.55475300873336,48.13067076398795
4536,0.999988317489624,6.208304694155231e-05,0.0,11.949999809265137,321.89593505859375,-123.55475300873336,48.13067076398795
4537,0.999988317489624,6.208304694155231e-05,0.0,11.949999809265137,321.89593505859375,-123.55475300873336,48.13067076398795
4538,0.999988317489624,6.208304694155231e-05,0.0,11.949999809265137,321.89593505859375,-123.55475300873336,48.13067076398795
4539,0.999988317489624,6.208304694155231e-05,0.0,11.949999809265137,321.89593505859375,-123.55475300873336,48.13067076398795
4540,0.999988317489624,6.208304694155231e-05,0.0,11.949999809265137,321.89593505859375,-123.55475300873336,48.13067076398795
4541,0.999988317489624,6.208304694155231e-05,0.0,11.949999809265137,321.89593505859375,-123.55475300873336,48.13067076398795
4542,0.999988317489624,6.208304694155231e-05,0.0,11.949999809265137,321.89593505859375,-123.55475300873336,48.13067076398795
4543,0.9992457628250122,0.00020779730402864516,0.0,11.930000305175781,295.895263671875,-123.55435300873336,48.13067076398795
4544,0.9992457628250122,0.00020779730402864516,0.0,11.930000305175781,295.895263671875,-123.55435300873336,48.13067076398795
4545,0.9992457628250122,0.00020779730402864516,0.0,11.930000305175781,295.895263671875,-123.55435300873336,48.13067076398795
4546,0.9992457628250122,0.00020779730402864516,0.0,11.930000305175781,295.895263671875,-123.55435300873336,48.13067076398795
4547,0.9992457628250122,0.00020779730402864516,0.0,11.930000305175781,295.895263671875,-123.55435300873336,48.13067076398795
4548,0.9992457628250122,0.00020779730402864516,0.0,11.930000305175781,295.895263671875,-123.55435300873336,48.13067076398795
4549,0.9992457628250122,0.00020779730402864516,0.0,11.930000305175781,295.895263671875,-123.55435300873336,48.13067076398795
4550,0.9992457628250122,0.00020779730402864516,0.0,11.930000305175781,295.895263671875,-123.55435300873336,48.13067076398795
4551,0.9992457628250122,0.00020779730402864516,0.0,11.930000305175781,295.895263671875,-123.55435300873336,48.13067076398795
4552,0.9992457628250122,0.00020779730402864516,0.0,11.930000305175781,295.895263671875,-123.55435300873336,48.13067076398795
4553,0.9999990463256836,7.666998862987384e-05,0.0,11.25,275.96014404296875,-123.55395300873336,48.13067076398795
4554,0.9999990463256836,7.666998862987384e-05,0.0,11.25,275.96014404296875,-123.55395300873336,48.13067076398795
4555,0.9999990463256836,7.666998862987384e-05,0.0,11.25,275.96014404296875,-123.55395300873336,48.13067076398795
4556,0.9999990463256836,7.666998862987384e-05,0.0,11.25,275.96014404296875,-123.55395300873336,48.13067076398795
4557,0.9999990463256836,7.666998862987384e-05,0.0,11.25,275.96014404296875,-123.55395300873336,48.13067076398795
4558,0.9999990463256836,7.666998862987384e-05,0.0,11.25,275.96014404296875,-123.55395300873336,48.13067076398795
4559,0.9999990463256836,7.666998862987384e-05,0.0,11.25,275.96014404296875,-123.55395300873336,48.13067076398795
4560,0.9999990463256836,7.666998862987384e-05,0.0,11.25,275.96014404296875,-123.55395300873336,48.13067076398795
4561,0.9999990463256836,7.666998862987384e-05,0.0,11.25,275.96014404296875,-123.55395300873336,48.13067076398795
4562,0.9999990463256836,7.666998862987384e-05,0.0,11.25,275.96014404296875,-123.55395300873336,48.13067076398795
4563,0.9999966621398926,5.7748606195673347e-05,0.0,11.170000076293945,223.3226318359375,-123.55355300873336,48.13067076398795
4564,0.9999966621398926,5.7748606195673347e-05,0.0,11.170000076293945,223.3226318359375,-123.55355300873336,48.13067076398795
4565,0.9999966621398926,5.7748606195673347e-05,0.0,11.170000076293945,223.3226318359375,-123.55355300873336,48.13067076398795
4566,0.9999966621398926,5.7748606195673347e-05,0.0,11.170000076293945,223.3226318359375,-123.55355300873336,48.13067076398795
4567,0.9999966621398926,5.7748606195673347e-05,0.0,11.170000076293945,223.3226318359375,-123.55355300873336,48.13067076398795
4568,0.9999966621398926,5.7748606195673347e-05,0.0,11.170000076293945,223.3226318359375,-123.55355300873336,48.13067076398795
4569,0.9999966621398926,5.7748606195673347e-05,0.0,11.170000076293945,223.3226318359375,-123.55355300873336,48.13067076398795
4570,0.9999966621398926,5.7748606195673347e-05,0.0,11.170000076293945,223.3226318359375,-123.55355300873336,48.13067076398795
4571,0.9999966621398926,5.7748606195673347e-05,0.0,11.170000076293945,223.3226318359375,-123.55355300873336,48.13067076398795
4572,0.9999966621398926,5.7748606195673347e-05,0.0,11.170000076293945,223.3226318359375,-123.55355300873336,48.13067076398795
4573,0.9999946355819702,0.00012462542508728802,0.0,10.399999618530273,203.5706329345703,-123.55315300873336,48.13067076398795
4574,0.9999946355819702,0.00012462542508728802,0.0,10.399999618530273,203.5706329345703,-123.55315300873336,48.13067076398795
4575,0.9999946355819702,0.00012462542508728802,0.0,10.399999618530273,203.5706329345703,-123.55315300873336,48.13067076398795
4576,0.9999946355819702,0.00012462542508728802,0.0,10.399999618530273,203.5706329345703,-123.55315300873336,48.13067076398795
4577,0.9999946355819702,0.00012462542508728802,0.0,10.399999618530273,203.5706329345703,-123.55315300873336,48.13067076398795
4578,0.9999946355819702,0.00012462542508728802,0.0,10.399999618530273,203.5706329345703,-123.55315300873336,48.13067076398795
4579,0.9999946355819702,0.00012462542508728802,0.0,10.399999618530273,203.5706329345703,-123.55315300873336,48.13067076398795
4580,0.9999946355819702,0.00012462542508728802,0.0,10.399999618530273,203.5706329345703,-123.55315300873336,48.13067076398795
4581,0.9999946355819702,0.00012462542508728802,0.0,10.399999618530273,203.5706329345703,-123.55315300873336,48.13067076398795
4582,0.9999946355819702,0.00012462542508728802,0.0,10.399999618530273,203.5706329345703,-123.55315300873336,48.13067076398795
4583,0.002804570598527789,0.007547684479504824,0.0,9.72049617767334,71.69379425048828,-123.55275300873336,48.13067076398795
4584,0.002804570598527789,0.007547684479504824,0.0,9.72049617767334,71.69379425048828,-123.55275300873336,48.13067076398795
4585,0.002804570598527789,0.007547684479504824,0.0,9.72049617767334,71.69379425048828,-123.55275300873336,48.13067076398795
4586,0.002804570598527789,0.007547684479504824,0.0,9.72049617767334,71.69379425048828,-123.55275300873336,48.13067076398795
4587,0.002804570598527789,0.007547684479504824,0.0,9.72049617767334,71.69379425048828,-123.55275300873336,48.13067076398795
4588,0.002804570598527789,0.007547684479504824,0.0,9.72049617767334,71.69379425048828,-123.55275300873336,48.13067076398795
4589,0.002804570598527789,0.007547684479504824,0.0,9.72049617767334,71.69379425048828,-123.55275300873336,48.13067076398795
4590,0.002804570598527789,0.007547684479504824,0.0,9.72049617767334,71.69379425048828,-123.55275300873336,48.13067076398795
4591,0.002804570598527789,0.007547684479504824,0.0,9.72049617767334,71.69379425048828,-123.55275300873336,48.13067076398795
4592,0.002804570598527789,0.007547684479504824,0.0,9.72049617767334,71.69379425048828,-123.55275300873336,48.13067076398795
4593,0.9216732382774353,0.058185163885354996,0.0,9.422027587890625,50.08992004394531,-123.55235300873336,48.13067076398795
4594,0.9216732382774353,0.058185163885354996,0.0,9.422027587890625,50.08992004394531,-123.55235300873336,48.13067076398795
4595,0.9216732382774353,0.058185163885354996,0.0,9.422027587890625,50.08992004394531,-123.55235300873336,48.13067076398795
4596,0.9216732382774353,0.058185163885354996,0.0,9.422027587890625,50.08992004394531,-123.55235300873336,48.13067076398795
4597,0.9216732382774353,0.058185163885354996,0.0,9.422027587890625,50.08992004394531,-123.55235300873336,48.13067076398795
4598,0.9216732382774353,0.058185163885354996,0.0,9.422027587890625,50.08992004394531,-123.55235300873336,48.13067076398795
4599,0.9216732382774353,0.058185163885354996,0.0,9.422027587890625,50.08992004394531,-123.55235300873336,48.13067076398795
4600,0.9216732382774353,0.058185163885354996,0.0,9.422027587890625,50.08992004394531,-123.55235300873336,48.13067076398795
4601,0.9216732382774353,0.058185163885354996,0.0,9.422027587890625,50.08992004394531,-123.55235300873336,48.13067076398795
4602,0.9216732382774353,0.058185163885354996,0.0,9.422027587890625,50.08992004394531,-123.55235300873336,48.13067076398795
4603,0.96602863073349,0.08480706065893173,0.0,11.0600004196167,145.34442138671875,-123.55835300873335,48.13027076398795
4604,0.96602863073349,0.08480706065893173,0.0,11.0600004196167,145.34442138671875,-123.55835300873335,48.13027076398795
4605,0.96602863073349,0.08480706065893173,0.0,11.0600004196167,145.34442138671875,-123.55835300873335,48.13027076398795
4606,0.96602863073349,0.08480706065893173,0.0,11.0600004196167,145.34442138671875,-123.55835300873335,48.13027076398795
4607,0.96602863073349,0.08480706065893173,0.0,11.0600004196167,145.34442138671875,-123.55835300873335,48.13027076398795
4608,0.96602863073349,0.08480706065893173,0.0,11.0600004196167,145.34442138671875,-123.55835300873335,48.13027076398795
4609,0.96602863073349,0.08480706065893173,0.0,11.0600004196167,145.34442138671875,-123.55835300873335,48.13027076398795
4610,0.96602863073349,0.08480706065893173,0.0,11.0600004196167,145.34442138671875,-123.55835300873335,48.13027076398795
4611,0.96602863073349,0.08480706065893173,0.0,11.0600004196167,145.34442138671875,-123.55835300873335,48.13027076398795
4612,6.655645847786218e-07,0.9322408437728882,0.0,10.728072166442871,28.284271240234375,-123.55795300873335,48.13027076398795
4613,6.655645847786218e-07,0.9322408437728882,0.0,10.728072166442871,28.284271240234375,-123.55795300873335,48.13027076398795
4614,6.655645847786218e-07,0.9322408437728882,0.0,10.728072166442871,28.284271240234375,-123.55795300873335,48.13027076398795
4615,6.655645847786218e-07,0.9322408437728882,0.0,10.728072166442871,28.284271240234375,-123.55795300873335,48.13027076398795
4616,6.655645847786218e-07,0.9322408437728882,0.0,10.728072166442871,28.284271240234375,-123.55795300873335,48.13027076398795
4617,6.655645847786218e-07,0.9322408437728882,0.0,10.728072166442871,28.284271240234375,-123.55795300873335,48.13027076398795
4618,6.655645847786218e-07,0.9322408437728882,0.0,10.728072166442871,28.284271240234375,-123.55795300873335,48.13027076398795
4619,6.655645847786218e-07,0.9322408437728882,0.0,10.728072166442871,28.284271240234375,-123.55795300873335,48.13027076398795
4620,6.655645847786218e-07,0.9322408437728882,0.0,10.728072166442871,28.284271240234375,-123.55795300873335,48.13027076398795
4621,6.655645847786218e-07,0.9322408437728882,0.0,10.728072166442871,28.284271240234375,-123.55795300873335,48.13027076398795
4622,0.9982580542564392,0.002732447814196348,0.0,12.640000343322754,194.75625610351562,-123.55755300873335,48.13027076398795
4623,0.9982580542564392,0.002732447814196348,0.0,12.640000343322754,194.75625610351562,-123.55755300873335,48.13027076398795
4624,0.9982580542564392,0.002732447814196348,0.0,12.640000343322754,194.75625610351562,-123.55755300873335,48.13027076398795
4625,0.9982580542564392,0.002732447814196348,0.0,12.640000343322754,194.75625610351562,-123.55755300873335,48.13027076398795
4626,0.9982580542564392,0.002732447814196348,0.0,12.640000343322754,194.75625610351562,-123.55755300873335,48.13027076398795
4627,0.9982580542564392,0.002732447814196348,0.0,12.640000343322754,194.75625610351562,-123.55755300873335,48.13027076398795
4628,0.9982580542564392,0.002732447814196348,0.0,12.640000343322754,194.75625610351562,-123.55755300873335,48.13027076398795
4629,0.9982580542564392,0.002732447814196348,0.0,12.640000343322754,194.75625610351562,-123.55755300873335,48.13027076398795
4630,0.9982580542564392,0.002732447814196348,0.0,12.640000343322754,194.75625610351562,-123.55755300873335,48.13027076398795
4631,0.9982580542564392,0.002732447814196348,0.0,12.640000343322754,194.75625610351562,-123.55755300873335,48.13027076398795
4632,0.9998681545257568,0.00024956613196991384,0.0,11.319999694824219,355.0281677246094,-123.55715300873335,48.13027076398795
4633,0.9998681545257568,0.00024956613196991384,0.0,11.319999694824219,355.0281677246094,-123.55715300873335,48.13027076398795
4634,0.9998681545257568,0.00024956613196991384,0.0,11.319999694824219,355.0281677246094,-123.55715300873335,48.13027076398795
4635,0.9998681545257568,0.00024956613196991384,0.0,11.319999694824219,355.0281677246094,-123.55715300873335,48.13027076398795
4636,0.9998681545257568,0.00024956613196991384,0.0,11.319999694824219,355.0281677246094,-123.55715300873335,48.13027076398795
4637,0.9998681545257568,0.00024956613196991384,0.0,11.319999694824219,355.0281677246094,-123.55715300873335,48.13027076398795
4638,0.9998681545257568,0.00024956613196991384,0.0,11.319999694824219,355.0281677246094,-123.55715300873335,48.13027076398795
4639,0.9998681545257568,0.00024956613196991384,0.0,11.319999694824219,355.0281677246094,-123.55715300873335,48.13027076398795
4640,0.9998681545257568,0.00024956613196991384,0.0,11.319999694824219,355.0281677246094,-123.55715300873335,48.13027076398795
4641,0.9998681545257568,0.00024956613196991384,0.0,11.319999694824219,355.0281677246094,-123.55715300873335,48.13027076398795
4642,0.9997937083244324,8.163017628248781e-05,0.0,11.869999885559082,351.5110168457031,-123.55675300873335,48.13027076398795
4643,0.9997937083244324,8.163017628248781e-05,0.0,11.869999885559082,351.5110168457031,-123.55675300873335,48.13027076398795
4644,0.9997937083244324,8.163017628248781e-05,0.0,11.869999885559082,351.5110168457031,-123.55675300873335,48.13027076398795
4645,0.9997937083244324,8.163017628248781e-05,0.0,11.869999885559082,351.5110168457031,-123.55675300873335,48.13027076398795
4646,0.9997937083244324,8.163017628248781e-05,0.0,11.869999885559082,351.5110168457031,-123.55675300873335,48.13027076398795
4647,0.9997937083244324,8.163017628248781e-05,0.0,11.869999885559082,351.5110168457031,-123.55675300873335,48.13027076398795
4648,0.9997937083244324,8.163017628248781e-05,0.0,11.869999885559082,351.5110168457031,-123.55675300873335,48.13027076398795
4649,0.9997937083244324,8.163017628248781e-05,0.0,11.869999885559082,351.5110168457031,-123.55675300873335,48.13027076398795
4650,0.9997937083244324,8.163017628248781e-05,0.0,11.869999885559082,351.5110168457031,-123.55675300873335,48.13027076398795
4651,0.9997937083244324,8.163017628248781e-05,0.0,11.869999885559082,351.5110168457031,-123.55675300873335,48.13027076398795
4652,0.9999067783355713,5.267808955977671e-05,0.0,12.220000267028809,294.3331298828125,-123.55635300873335,48.13027076398795
4653,0.9999067783355713,5.267808955977671e-05,0.0,12.220000267028809,294.3331298828125,-123.55635300873335,48.13027076398795
4654,0.9999067783355713,5.267808955977671e-05,0.0,12.220000267028809,294.3331298828125,-123.55635300873335,48.13027076398795
4655,0.9999067783355713,5.267808955977671e-05,0.0,12.220000267028809,294.3331298828125,-123.55635300873335,48.13027076398795
4656,0.9999067783355713,5.267808955977671e-05,0.0,12.220000267028809,294.3331298828125,-123.55635300873335,48.13027076398795
4657,0.9999067783355713,5.267808955977671e-05,0.0,12.220000267028809,294.3331298828125,-123.55635300873335,48.13027076398795
4658,0.9999067783355713,5.267808955977671e-05,0.0,12.220000267028809,294.3331298828125,-123.55635300873335,48.13027076398795
4659,0.9999067783355713,5.267808955977671e-05,0.0,12.220000267028809,294.3331298828125,-123.55635300873335,48.13027076398795
4660,0.9999067783355713,5.267808955977671e-05,0.0,12.220000267028809,294.3331298828125,-123.55635300873335,48.13027076398795
4661,0.9999067783355713,5.267808955977671e-05,0.0,12.220000267028809,294.3331298828125,-123.55635300873335,48.13027076398795
4662,0.9999744892120361,0.0004305418988224119,0.0,12.039999961853027,319.47613525390625,-123.55595300873335,48.13027076398795
4663,0.9999744892120361,0.0004305418988224119,0.0,12.039999961853027,319.47613525390625,-123.55595300873335,48.13027076398795
4664,0.9999744892120361,0.0004305418988224119,0.0,12.039999961853027,319.47613525390625,-123.55595300873335,48.13027076398795
4665,0.9999744892120361,0.0004305418988224119,0.0,12.039999961853027,319.47613525390625,-123.55595300873335,48.13027076398795
4666,0.9999744892120361,0.0004305418988224119,0.0,12.039999961853027,319.47613525390625,-123.55595300873335,48.13027076398795
4667,0.9999744892120361,0.0004305418988224119,0.0,12.039999961853027,319.47613525390625,-123.55595300873335,48.13027076398795
4668,0.9999744892120361,0.0004305418988224119,0.0,12.039999961853027,319.47613525390625,-123.55595300873335,48.13027076398795
4669,0.9999744892120361,0.0004305418988224119,0.0,12.039999961853027,319.47613525390625,-123.55595300873335,48.13027076398795
4670,0.9999744892120361,0.0004305418988224119,0.0,12.039999961853027,319.47613525390625,-123.55595300873335,48.13027076398795
4671,0.9999744892120361,0.0004305418988224119,0.0,12.039999961853027,319.47613525390625,-123.55595300873335,48.13027076398795
4672,0.9996254444122314,0.00014277138689067215,0.0,12.180000305175781,270.1184997558594,-123.55555300873336,48.13027076398795
4673,0.9996254444122314,0.00014277138689067215,0.0,12.180000305175781,270.1184997558594,-123.55555300873336,48.13027076398795
4674,0.9996254444122314,0.00014277138689067215,0.0,12.180000305175781,270.1184997558594,-123.55555300873336,48.13027076398795
4675,0.9996254444122314,0.00014277138689067215,0.0,12.180000305175781,270.1184997558594,-123.55555300873336,48.13027076398795
4676,0.9996254444122314,0.00014277138689067215,0.0,12.180000305175781,270.1184997558594,-123.55555300873336,48.13027076398795
4677,0.9996254444122314,0.00014277138689067215,0.0,12.180000305175781,270.1184997558594,-123.55555300873336,48.13027076398795
4678,0.9996254444122314,0.00014277138689067215,0.0,12.180000305175781,270.1184997558594,-123.55555300873336,48.13027076398795
4679,0.9996254444122314,0.00014277138689067215,0.0,12.180000305175781,270.1184997558594,-123.55555300873336,48.13027076398795
4680,0.9996254444122314,0.00014277138689067215,0.0,12.180000305175781,270.1184997558594,-123.55555300873336,48.13027076398795
4681,0.9996254444122314,0.00014277138689067215,0.0,12.180000305175781,270.1184997558594,-123.55555300873336,48.13027076398795
4682,0.9999567270278931,9.415828390046954e-05,0.0,12.289999961853027,127.94139099121094,-123.55515300873336,48.13027076398795
4683,0.9999567270278931,9.415828390046954e-05,0.0,12.289999961853027,127.94139099121094,-123.55515300873336,48.13027076398795
4684,0.9999567270278931,9.415828390046954e-05,0.0,12.289999961853027,127.94139099121094,-123.55515300873336,48.13027076398795
4685,0.9999567270278931,9.415828390046954e-05,0.0,12.289999961853027,127.94139099121094,-123.55515300873336,48.13027076398795
4686,0.9999567270278931,9.415828390046954e-05,0.0,12.289999961853027,127.94139099121094,-123.55515300873336,48.13027076398795
4687,0.9999567270278931,9.415828390046954e-05,0.0,12.289999961853027,127.94139099121094,-123.55515300873336,48.13027076398795
4688,0.9999567270278931,9.415828390046954e-05,0.0,12.289999961853027,127.94139099121094,-123.55515300873336,48.13027076398795
4689,0.9999567270278931,9.415828390046954e-05,0.0,12.289999961853027,127.94139099121094,-123.55515300873336,48.13027076398795
4690,0.9999567270278931,9.415828390046954e-05,0.0,12.289999961853027,127.94139099121094,-123.55515300873336,48.13027076398795
4691,0.9999567270278931,9.415828390046954e-05,0.0,12.289999961853027,127.94139099121094,-123.55515300873336,48.13027076398795
4692,0.9997990727424622,0.00010862291674129665,0.0,11.9399995803833,67.74215698242188,-123.55475300873336,48.13027076398795
4693,0.9997990727424622,0.00010862291674129665,0.0,11.9399995803833,67.74215698242188,-123.55475300873336,48.13027076398795
4694,0.9997990727424622,0.00010862291674129665,0.0,11.9399995803833,67.74215698242188,-123.55475300873336,48.13027076398795
4695,0.9997990727424622,0.00010862291674129665,0.0,11.9399995803833,67.74215698242188,-123.55475300873336,48.13027076398795
4696,0.9997990727424622,0.00010862291674129665,0.0,11.9399995803833,67.74215698242188,-123.55475300873336,48.13027076398795
4697,0.9997990727424622,0.00010862291674129665,0.0,11.9399995803833,67.74215698242188,-123.55475300873336,48.13027076398795
4698,0.9997990727424622,0.00010862291674129665,0.0,11.9399995803833,67.74215698242188,-123.55475300873336,48.13027076398795
4699,0.9997990727424622,0.00010862291674129665,0.0,11.9399995803833,67.74215698242188,-123.55475300873336,48.13027076398795
4700,0.9997990727424622,0.00010862291674129665,0.0,11.9399995803833,67.74215698242188,-123.55475300873336,48.13027076398795
4701,0.9997990727424622,0.00010862291674129665,0.0,11.9399995803833,67.74215698242188,-123.55475300873336,48.13027076398795
4702,0.9996237754821777,0.0040760100819170475,0.0,10.130000114440918,42.01190185546875,-123.55435300873336,48.13027076398795
4703,0.9996237754821777,0.0040760100819170475,0.0,10.130000114440918,42.01190185546875,-123.55435300873336,48.13027076398795
4704,0.9996237754821777,0.0040760100819170475,0.0,10.130000114440918,42.01190185546875,-123.55435300873336,48.13027076398795
4705,0.9996237754821777,0.0040760100819170475,0.0,10.130000114440918,42.01190185546875,-123.55435300873336,48.13027076398795
4706,0.9996237754821777,0.0040760100819170475,0.0,10.130000114440918,42.01190185546875,-123.55435300873336,48.13027076398795
4707,0.9996237754821777,0.0040760100819170475,0.0,10.130000114440918,42.01190185546875,-123.55435300873336,48.13027076398795
4708,0.9996237754821777,0.0040760100819170475,0.0,10.130000114440918,42.01190185546875,-123.55435300873336,48.13027076398795
4709,0.9996237754821777,0.0040760100819170475,0.0,10.130000114440918,42.01190185546875,-123.55435300873336,48.13027076398795
4710,0.9996237754821777,0.0040760100819170475,0.0,10.130000114440918,42.01190185546875,-123.55435300873336,48.13027076398795
4711,0.9996237754821777,0.0040760100819170475,0.0,10.130000114440918,42.01190185546875,-123.55435300873336,48.13027076398795
4712,0.5482659935951233,0.011379789561033249,0.0,9.777684211730957,22.0,-123.55395300873336,48.13027076398795
4713,0.5482659935951233,0.011379789561033249,0.0,9.777684211730957,22.0,-123.55395300873336,48.13027076398795
4714,0.5482659935951233,0.011379789561033249,0.0,9.777684211730957,22.0,-123.55395300873336,48.13027076398795
4715,0.5482659935951233,0.011379789561033249,0.0,9.777684211730957,22.0,-123.55395300873336,48.13027076398795
4716,0.5482659935951233,0.011379789561033249,0.0,9.777684211730957,22.0,-123.55395300873336,48.13027076398795
4717,0.5482659935951233,0.011379789561033249,0.0,9.777684211730957,22.0,-123.55395300873336,48.13027076398795
4718,0.5482659935951233,0.011379789561033249,0.0,9.777684211730957,22.0,-123.55395300873336,48.13027076398795
4719,0.5482659935951233,0.011379789561033249,0.0,9.777684211730957,22.0,-123.55395300873336,48.13027076398795
4720,0.5482659935951233,0.011379789561033249,0.0,9.777684211730957,22.0,-123.55395300873336,48.13027076398795
4721,0.5482659935951233,0.011379789561033249,0.0,9.777684211730957,22.0,-123.55395300873336,48.13027076398795
4722,3.3029436963261105e-06,0.017178624868392944,0.0,9.81272029876709,29.4108829498291,-123.55355300873336,48.13027076398795
4723,3.3029436963261105e-06,0.017178624868392944,0.0,9.81272029876709,29.4108829498291,-123.55355300873336,48.13027076398795
4724,3.3029436963261105e-06,0.017178624868392944,0.0,9.81272029876709,29.4108829498291,-123.55355300873336,48.13027076398795
4725,3.3029436963261105e-06,0.017178624868392944,0.0,9.81272029876709,29.4108829498291,-123.55355300873336,48.13027076398795
4726,3.3029436963261105e-06,0.017178624868392944,0.0,9.81272029876709,29.4108829498291,-123.55355300873336,48.13027076398795
4727,3.3029436963261105e-06,0.017178624868392944,0.0,9.81272029876709,29.4108829498291,-123.55355300873336,48.13027076398795
4728,3.3029436963261105e-06,0.017178624868392944,0.0,9.81272029876709,29.4108829498291,-123.55355300873336,48.13027076398795
4729,3.3029436963261105e-06,0.017178624868392944,0.0,9.81272029876709,29.4108829498291,-123.55355300873336,48.13027076398795
4730,3.3029436963261105e-06,0.017178624868392944,0.0,9.81272029876709,29.4108829498291,-123.55355300873336,48.13027076398795
4731,3.3029436963261105e-06,0.017178624868392944,0.0,9.81272029876709,29.4108829498291,-123.55355300873336,48.13027076398795
4732,0.0005380682414397597,0.1564023792743683,0.0,9.43064022064209,16.124515533447266,-123.55315300873336,48.13027076398795
4733,0.0005380682414397597,0.1564023792743683,0.0,9.43064022064209,16.124515533447266,-123.55315300873336,48.13027076398795
4734,0.0005380682414397597,0.1564023792743683,0.0,9.43064022064209,16.124515533447266,-123.55315300873336,48.13027076398795
4735,0.0005380682414397597,0.1564023792743683,0.0,9.43064022064209,16.124515533447266,-123.55315300873336,48.13027076398795
4736,0.0005380682414397597,0.1564023792743683,0.0,9.43064022064209,16.124515533447266,-123.55315300873336,48.13027076398795
4737,0.0005380682414397597,0.1564023792743683,0.0,9.43064022064209,16.124515533447266,-123.55315300873336,48.13027076398795
4738,0.0005380682414397597,0.1564023792743683,0.0,9.43064022064209,16.124515533447266,-123.55315300873336,48.13027076398795
4739,0.0005380682414397597,0.1564023792743683,0.0,9.43064022064209,16.124515533447266,-123.55315300873336,48.13027076398795
4740,0.0005380682414397597,0.1564023792743683,0.0,9.43064022064209,16.124515533447266,-123.55315300873336,48.13027076398795
4741,0.0005380682414397597,0.1564023792743683,0.0,9.43064022064209,16.124515533447266,-123.55315300873336,48.13027076398795
4742,0.999980092048645,6.196203321451321e-05,0.0,11.180000305175781,116.45600128173828,-123.55875300873335,48.12987076398795
4743,0.999980092048645,6.196203321451321e-05,0.0,11.180000305175781,116.45600128173828,-123.55875300873335,48.12987076398795
4744,0.999980092048645,6.196203321451321e-05,0.0,11.180000305175781,116.45600128173828,-123.55875300873335,48.12987076398795
4745,1.0613603990350384e-05,0.7910942435264587,0.0,10.524155616760254,34.65544509887695,-123.55835300873335,48.12987076398795
4746,1.0613603990350384e-05,0.7910942435264587,0.0,10.524155616760254,34.65544509887695,-123.55835300873335,48.12987076398795
4747,1.0613603990350384e-05,0.7910942435264587,0.0,10.524155616760254,34.65544509887695,-123.55835300873335,48.12987076398795
4748,1.0613603990350384e-05,0.7910942435264587,0.0,10.524155616760254,34.65544509887695,-123.55835300873335,48.12987076398795
4749,1.0613603990350384e-05,0.7910942435264587,0.0,10.524155616760254,34.65544509887695,-123.55835300873335,48.12987076398795
4750,1.0613603990350384e-05,0.7910942435264587,0.0,10.524155616760254,34.65544509887695,-123.55835300873335,48.12987076398795
4751,1.0613603990350384e-05,0.7910942435264587,0.0,10.524155616760254,34.65544509887695,-123.55835300873335,48.12987076398795
4752,1.0613603990350384e-05,0.7910942435264587,0.0,10.524155616760254,34.65544509887695,-123.55835300873335,48.12987076398795
4753,1.0613603990350384e-05,0.7910942435264587,0.0,10.524155616760254,34.65544509887695,-123.55835300873335,48.12987076398795
4754,1.0613603990350384e-05,0.7910942435264587,0.0,10.524155616760254,34.65544509887695,-123.55835300873335,48.12987076398795
4755,0.9999771118164062,0.00021422024292405695,0.0,12.15999984741211,214.21951293945312,-123.55795300873335,48.12987076398795
4756,0.9999771118164062,0.00021422024292405695,0.0,12.15999984741211,214.21951293945312,-123.55795300873335,48.12987076398795
4757,0.9999771118164062,0.00021422024292405695,0.0,12.15999984741211,214.21951293945312,-123.55795300873335,48.12987076398795
4758,0.9999771118164062,0.00021422024292405695,0.0,12.15999984741211,214.21951293945312,-123.55795300873335,48.12987076398795
4759,0.9999771118164062,0.00021422024292405695,0.0,12.15999984741211,214.21951293945312,-123.55795300873335,48.12987076398795
4760,0.9999771118164062,0.00021422024292405695,0.0,12.15999984741211,214.21951293945312,-123.55795300873335,48.12987076398795
4761,0.9999771118164062,0.00021422024292405695,0.0,12.15999984741211,214.21951293945312,-123.55795300873335,48.12987076398795
4762,0.9999771118164062,0.00021422024292405695,0.0,12.15999984741211,214.21951293945312,-123.55795300873335,48.12987076398795
4763,0.9999771118164062,0.00021422024292405695,0.0,12.15999984741211,214.21951293945312,-123.55795300873335,48.12987076398795
4764,0.9999771118164062,0.00021422024292405695,0.0,12.15999984741211,214.21951293945312,-123.55795300873335,48.12987076398795
4765,0.9978411197662354,6.378630496328697e-05,0.0,13.050000190734863,294.6133117675781,-123.55755300873335,48.12987076398795
4766,0.9978411197662354,6.378630496328697e-05,0.0,13.050000190734863,294.6133117675781,-123.55755300873335,48.12987076398795
4767,0.9978411197662354,6.378630496328697e-05,0.0,13.050000190734863,294.6133117675781,-123.55755300873335,48.12987076398795
4768,0.9978411197662354,6.378630496328697e-05,0.0,13.050000190734863,294.6133117675781,-123.55755300873335,48.12987076398795
4769,0.9978411197662354,6.378630496328697e-05,0.0,13.050000190734863,294.6133117675781,-123.55755300873335,48.12987076398795
4770,0.9978411197662354,6.378630496328697e-05,0.0,13.050000190734863,294.6133117675781,-123.55755300873335,48.12987076398795
4771,0.9978411197662354,6.378630496328697e-05,0.0,13.050000190734863,294.6133117675781,-123.55755300873335,48.12987076398795
4772,0.9978411197662354,6.378630496328697e-05,0.0,13.050000190734863,294.6133117675781,-123.55755300873335,48.12987076398795
4773,0.9978411197662354,6.378630496328697e-05,0.0,13.050000190734863,294.6133117675781,-123.55755300873335,48.12987076398795
4774,0.9978411197662354,6.378630496328697e-05,0.0,13.050000190734863,294.6133117675781,-123.55755300873335,48.12987076398795
4775,0.9999986886978149,2.6879923098022118e-05,0.0,13.079999923706055,242.85386657714844,-123.55715300873335,48.12987076398795
4776,0.9999986886978149,2.6879923098022118e-05,0.0,13.079999923706055,242.85386657714844,-123.55715300873335,48.12987076398795
4777,0.9999986886978149,2.6879923098022118e-05,0.0,13.079999923706055,242.85386657714844,-123.55715300873335,48.12987076398795
4778,0.9999986886978149,2.6879923098022118e-05,0.0,13.079999923706055,242.85386657714844,-123.55715300873335,48.12987076398795
4779,0.9999986886978149,2.6879923098022118e-05,0.0,13.079999923706055,242.85386657714844,-123.55715300873335,48.12987076398795
4780,0.9999986886978149,2.6879923098022118e-05,0.0,13.079999923706055,242.85386657714844,-123.55715300873335,48.12987076398795
4781,0.9999986886978149,2.6879923098022118e-05,0.0,13.079999923706055,242.85386657714844,-123.55715300873335,48.12987076398795
4782,0.9999986886978149,2.6879923098022118e-05,0.0,13.079999923706055,242.85386657714844,-123.55715300873335,48.12987076398795
4783,0.9999986886978149,2.6879923098022118e-05,0.0,13.079999923706055,242.85386657714844,-123.55715300873335,48.12987076398795
4784,0.9999986886978149,2.6879923098022118e-05,0.0,13.079999923706055,242.85386657714844,-123.55715300873335,48.12987076398795
4785,0.9999969005584717,3.687896969495341e-05,0.0,12.640000343322754,155.97434997558594,-123.55675300873335,48.12987076398795
4786,0.9999969005584717,3.687896969495341e-05,0.0,12.640000343322754,155.97434997558594,-123.55675300873335,48.12987076398795
4787,0.9999969005584717,3.687896969495341e-05,0.0,12.640000343322754,155.97434997558594,-123.55675300873335,48.12987076398795
4788,0.9999969005584717,3.687896969495341e-05,0.0,12.640000343322754,155.97434997558594,-123.55675300873335,48.12987076398795
4789,0.9999969005584717,3.687896969495341e-05,0.0,12.640000343322754,155.97434997558594,-123.55675300873335,48.12987076398795
4790,0.9999969005584717,3.687896969495341e-05,0.0,12.640000343322754,155.97434997558594,-123.55675300873335,48.12987076398795
4791,0.9999969005584717,3.687896969495341e-05,0.0,12.640000343322754,155.97434997558594,-123.55675300873335,48.12987076398795
4792,0.9999969005584717,3.687896969495341e-05,0.0,12.640000343322754,155.97434997558594,-123.55675300873335,48.12987076398795
4793,0.9999969005584717,3.687896969495341e-05,0.0,12.640000343322754,155.97434997558594,-123.55675300873335,48.12987076398795
4794,0.9999969005584717,3.687896969495341e-05,0.0,12.640000343322754,155.97434997558594,-123.55675300873335,48.12987076398795
4795,0.999987006187439,0.00046392291551455855,0.0,10.949999809265137,40.0,-123.55635300873335,48.12987076398795
4796,0.999987006187439,0.00046392291551455855,0.0,10.949999809265137,40.0,-123.55635300873335,48.12987076398795
4797,0.999987006187439,0.00046392291551455855,0.0,10.949999809265137,40.0,-123.55635300873335,48.12987076398795
4798,0.999987006187439,0.00046392291551455855,0.0,10.949999809265137,40.0,-123.55635300873335,48.12987076398795
4799,0.999987006187439,0.00046392291551455855,0.0,10.949999809265137,40.0,-123.55635300873335,48.12987076398795
4800,0.999987006187439,0.00046392291551455855,0.0,10.949999809265137,40.0,-123.55635300873335,48.12987076398795
4801,0.999987006187439,0.00046392291551455855,0.0,10.949999809265137,40.0,-123.55635300873335,48.12987076398795
4802,0.999987006187439,0.00046392291551455855,0.0,10.949999809265137,40.0,-123.55635300873335,48.12987076398795
4803,0.999987006187439,0.00046392291551455855,0.0,10.949999809265137,40.0,-123.55635300873335,48.12987076398795
4804,0.999987006187439,0.00046392291551455855,0.0,10.949999809265137,40.0,-123.55635300873335,48.12987076398795
4805,0.007146577816456556,0.21788395941257477,1.0,11.630000114440918,69.63475799560547,-123.55595300873335,48.12987076398795
4806,0.007146577816456556,0.21788395941257477,1.0,11.630000114440918,69.63475799560547,-123.55595300873335,48.12987076398795
4807,0.007146577816456556,0.21788395941257477,1.0,11.630000114440918,69.63475799560547,-123.55595300873335,48.12987076398795
4808,0.007146577816456556,0.21788395941257477,1.0,11.630000114440918,69.63475799560547,-123.55595300873335,48.12987076398795
4809,0.007146577816456556,0.21788395941257477,1.0,11.630000114440918,69.63475799560547,-123.55595300873335,48.12987076398795
4810,0.007146577816456556,0.21788395941257477,1.0,11.630000114440918,69.63475799560547,-123.55595300873335,48.12987076398795
4811,0.007146577816456556,0.21788395941257477,1.0,11.630000114440918,69.63475799560547,-123.55595300873335,48.12987076398795
4812,0.007146577816456556,0.21788395941257477,1.0,11.630000114440918,69.63475799560547,-123.55595300873335,48.12987076398795
4813,0.007146577816456556,0.21788395941257477,1.0,11.630000114440918,69.63475799560547,-123.55595300873335,48.12987076398795
4814,0.007146577816456556,0.21788395941257477,1.0,11.630000114440918,69.63475799560547,-123.55595300873335,48.12987076398795
4815,4.482901942992612e-07,0.9579759240150452,0.0,9.745660781860352,20.2237491607666,-123.55555300873336,48.12987076398795
4816,4.482901942992612e-07,0.9579759240150452,0.0,9.745660781860352,20.2237491607666,-123.55555300873336,48.12987076398795
4817,4.482901942992612e-07,0.9579759240150452,0.0,9.745660781860352,20.2237491607666,-123.55555300873336,48.12987076398795
4818,4.482901942992612e-07,0.9579759240150452,0.0,9.745660781860352,20.2237491607666,-123.55555300873336,48.12987076398795
4819,4.482901942992612e-07,0.9579759240150452,0.0,9.745660781860352,20.2237491607666,-123.55555300873336,48.12987076398795
4820,4.482901942992612e-07,0.9579759240150452,0.0,9.745660781860352,20.2237491607666,-123.55555300873336,48.12987076398795
4821,4.482901942992612e-07,0.9579759240150452,0.0,9.745660781860352,20.2237491607666,-123.55555300873336,48.12987076398795
4822,4.482901942992612e-07,0.9579759240150452,0.0,9.745660781860352,20.2237491607666,-123.55555300873336,48.12987076398795
4823,4.482901942992612e-07,0.9579759240150452,0.0,9.745660781860352,20.2237491607666,-123.55555300873336,48.12987076398795
4824,4.482901942992612e-07,0.9579759240150452,0.0,9.745660781860352,20.2237491607666,-123.55555300873336,48.12987076398795
4825,1.6172943873016266e-08,0.9967589974403381,0.0,9.717268943786621,5.0,-123.55515300873336,48.12987076398795
4826,1.6172943873016266e-08,0.9967589974403381,0.0,9.717268943786621,5.0,-123.55515300873336,48.12987076398795
4827,1.6172943873016266e-08,0.9967589974403381,0.0,9.717268943786621,5.0,-123.55515300873336,48.12987076398795
4828,1.6172943873016266e-08,0.9967589974403381,0.0,9.717268943786621,5.0,-123.55515300873336,48.12987076398795
4829,1.6172943873016266e-08,0.9967589974403381,0.0,9.717268943786621,5.0,-123.55515300873336,48.12987076398795
4830,1.6172943873016266e-08,0.9967589974403381,0.0,9.717268943786621,5.0,-123.55515300873336,48.12987076398795
4831,1.6172943873016266e-08,0.9967589974403381,0.0,9.717268943786621,5.0,-123.55515300873336,48.12987076398795
4832,1.6172943873016266e-08,0.9967589974403381,0.0,9.717268943786621,5.0,-123.55515300873336,48.12987076398795
4833,1.6172943873016266e-08,0.9967589974403381,0.0,9.717268943786621,5.0,-123.55515300873336,48.12987076398795
4834,1.6172943873016266e-08,0.9967589974403381,0.0,9.717268943786621,5.0,-123.55515300873336,48.12987076398795
4835,2.01719050352267e-08,0.0325799360871315,0.0,9.689803123474121,19.0,-123.55475300873336,48.12987076398795
4836,2.01719050352267e-08,0.0325799360871315,0.0,9.689803123474121,19.0,-123.55475300873336,48.12987076398795
4837,2.01719050352267e-08,0.0325799360871315,0.0,9.689803123474121,19.0,-123.55475300873336,48.12987076398795
4838,2.01719050352267e-08,0.0325799360871315,0.0,9.689803123474121,19.0,-123.55475300873336,48.12987076398795
4839,2.01719050352267e-08,0.0325799360871315,0.0,9.689803123474121,19.0,-123.55475300873336,48.12987076398795
4840,2.01719050352267e-08,0.0325799360871315,0.0,9.689803123474121,19.0,-123.55475300873336,48.12987076398795
4841,2.01719050352267e-08,0.0325799360871315,0.0,9.689803123474121,19.0,-123.55475300873336,48.12987076398795
4842,2.01719050352267e-08,0.0325799360871315,0.0,9.689803123474121,19.0,-123.55475300873336,48.12987076398795
4843,2.01719050352267e-08,0.0325799360871315,0.0,9.689803123474121,19.0,-123.55475300873336,48.12987076398795
4844,2.01719050352267e-08,0.0325799360871315,0.0,9.689803123474121,19.0,-123.55475300873336,48.12987076398795
4845,0.00797684770077467,0.020644504576921463,0.0,10.225442886352539,5.385164737701416,-123.55435300873336,48.12987076398795
4846,0.00797684770077467,0.020644504576921463,0.0,10.225442886352539,5.385164737701416,-123.55435300873336,48.12987076398795
4847,0.00797684770077467,0.020644504576921463,0.0,10.225442886352539,5.385164737701416,-123.55435300873336,48.12987076398795
4848,0.00797684770077467,0.020644504576921463,0.0,10.225442886352539,5.385164737701416,-123.55435300873336,48.12987076398795
4849,0.00797684770077467,0.020644504576921463,0.0,10.225442886352539,5.385164737701416,-123.55435300873336,48.12987076398795
4850,0.00797684770077467,0.020644504576921463,0.0,10.225442886352539,5.385164737701416,-123.55435300873336,48.12987076398795
4851,0.00797684770077467,0.020644504576921463,0.0,10.225442886352539,5.385164737701416,-123.55435300873336,48.12987076398795
4852,0.00797684770077467,0.020644504576921463,0.0,10.225442886352539,5.385164737701416,-123.55435300873336,48.12987076398795
4853,0.00797684770077467,0.020644504576921463,0.0,10.225442886352539,5.385164737701416,-123.55435300873336,48.12987076398795
4854,0.00797684770077467,0.020644504576921463,0.0,10.225442886352539,5.385164737701416,-123.55435300873336,48.12987076398795
4855,1.6577048882027157e-05,0.11355402320623398,0.0,9.736721992492676,34.539833068847656,-123.55395300873336,48.12987076398795
4856,1.6577048882027157e-05,0.11355402320623398,0.0,9.736721992492676,34.539833068847656,-123.55395300873336,48.12987076398795
4857,1.6577048882027157e-05,0.11355402320623398,0.0,9.736721992492676,34.539833068847656,-123.55395300873336,48.12987076398795
4858,1.6577048882027157e-05,0.11355402320623398,0.0,9.736721992492676,34.539833068847656,-123.55395300873336,48.12987076398795
4859,1.6577048882027157e-05,0.11355402320623398,0.0,9.736721992492676,34.539833068847656,-123.55395300873336,48.12987076398795
4860,1.6577048882027157e-05,0.11355402320623398,0.0,9.736721992492676,34.539833068847656,-123.55395300873336,48.12987076398795
4861,1.6577048882027157e-05,0.11355402320623398,0.0,9.736721992492676,34.539833068847656,-123.55395300873336,48.12987076398795
4862,1.6577048882027157e-05,0.11355402320623398,0.0,9.736721992492676,34.539833068847656,-123.55395300873336,48.12987076398795
4863,1.6577048882027157e-05,0.11355402320623398,0.0,9.736721992492676,34.539833068847656,-123.55395300873336,48.12987076398795
4864,1.6577048882027157e-05,0.11355402320623398,0.0,9.736721992492676,34.539833068847656,-123.55395300873336,48.12987076398795
4865,1.7395856275470578e-06,0.47370487451553345,0.0,10.901708602905273,33.941123962402344,-123.55915300873335,48.12947076398795
4866,1.7395856275470578e-06,0.47370487451553345,0.0,10.901708602905273,33.941123962402344,-123.55915300873335,48.12947076398795
4867,1.7395856275470578e-06,0.47370487451553345,0.0,10.901708602905273,33.941123962402344,-123.55915300873335,48.12947076398795
4868,1.7395856275470578e-06,0.47370487451553345,0.0,10.901708602905273,33.941123962402344,-123.55915300873335,48.12947076398795
4869,1.7395856275470578e-06,0.47370487451553345,0.0,10.901708602905273,33.941123962402344,-123.55915300873335,48.12947076398795
4870,1.7395856275470578e-06,0.47370487451553345,0.0,10.901708602905273,33.941123962402344,-123.55915300873335,48.12947076398795
4871,1.7395856275470578e-06,0.47370487451553345,0.0,10.901708602905273,33.941123962402344,-123.55915300873335,48.12947076398795
4872,1.7395856275470578e-06,0.47370487451553345,0.0,10.901708602905273,33.941123962402344,-123.55915300873335,48.12947076398795
4873,1.7395856275470578e-06,0.47370487451553345,0.0,10.901708602905273,33.941123962402344,-123.55915300873335,48.12947076398795
4874,1.7395856275470578e-06,0.47370487451553345,0.0,10.901708602905273,33.941123962402344,-123.55915300873335,48.12947076398795
4875,6.878047315694857e-06,0.028551755473017693,0.0,11.6047945022583,123.3693618774414,-123.55875300873335,48.12947076398795
4876,6.878047315694857e-06,0.028551755473017693,0.0,11.6047945022583,123.3693618774414,-123.55875300873335,48.12947076398795
4877,6.878047315694857e-06,0.028551755473017693,0.0,11.6047945022583,123.3693618774414,-123.55875300873335,48.12947076398795
4878,6.878047315694857e-06,0.028551755473017693,0.0,11.6047945022583,123.3693618774414,-123.55875300873335,48.12947076398795
4879,6.878047315694857e-06,0.028551755473017693,0.0,11.6047945022583,123.3693618774414,-123.55875300873335,48.12947076398795
4880,6.878047315694857e-06,0.028551755473017693,0.0,11.6047945022583,123.3693618774414,-123.55875300873335,48.12947076398795
4881,6.878047315694857e-06,0.028551755473017693,0.0,11.6047945022583,123.3693618774414,-123.55875300873335,48.12947076398795
4882,6.878047315694857e-06,0.028551755473017693,0.0,11.6047945022583,123.3693618774414,-123.55875300873335,48.12947076398795
4883,6.878047315694857e-06,0.028551755473017693,0.0,11.6047945022583,123.3693618774414,-123.55875300873335,48.12947076398795
4884,6.878047315694857e-06,0.028551755473017693,0.0,11.6047945022583,123.3693618774414,-123.55875300873335,48.12947076398795
4885,0.9999998807907104,5.203046021051705e-05,0.0,12.380000114440918,214.76731872558594,-123.55835300873335,48.12947076398795
4886,0.9999998807907104,5.203046021051705e-05,0.0,12.380000114440918,214.76731872558594,-123.55835300873335,48.12947076398795
4887,0.9999998807907104,5.203046021051705e-05,0.0,12.380000114440918,214.76731872558594,-123.55835300873335,48.12947076398795
4888,0.9999998807907104,5.203046021051705e-05,0.0,12.380000114440918,214.76731872558594,-123.55835300873335,48.12947076398795
4889,0.9999998807907104,5.203046021051705e-05,0.0,12.380000114440918,214.76731872558594,-123.55835300873335,48.12947076398795
4890,0.9999998807907104,5.203046021051705e-05,0.0,12.380000114440918,214.76731872558594,-123.55835300873335,48.12947076398795
4891,0.9999998807907104,5.203046021051705e-05,0.0,12.380000114440918,214.76731872558594,-123.55835300873335,48.12947076398795
4892,0.9999998807907104,5.203046021051705e-05,0.0,12.380000114440918,214.76731872558594,-123.55835300873335,48.12947076398795
4893,0.9999998807907104,5.203046021051705e-05,0.0,12.380000114440918,214.76731872558594,-123.55835300873335,48.12947076398795
4894,0.9999998807907104,5.203046021051705e-05,0.0,12.380000114440918,214.76731872558594,-123.55835300873335,48.12947076398795
4895,0.9999905824661255,6.537075387313962e-05,0.0,13.229999542236328,118.2708740234375,-123.55795300873335,48.12947076398795
4896,0.9999905824661255,6.537075387313962e-05,0.0,13.229999542236328,118.2708740234375,-123.55795300873335,48.12947076398795
4897,0.9999905824661255,6.537075387313962e-05,0.0,13.229999542236328,118.2708740234375,-123.55795300873335,48.12947076398795
4898,0.9999905824661255,6.537075387313962e-05,0.0,13.229999542236328,118.2708740234375,-123.55795300873335,48.12947076398795
4899,0.9999905824661255,6.537075387313962e-05,0.0,13.229999542236328,118.2708740234375,-123.55795300873335,48.12947076398795
4900,0.9999905824661255,6.537075387313962e-05,0.0,13.229999542236328,118.2708740234375,-123.55795300873335,48.12947076398795
4901,0.9999905824661255,6.537075387313962e-05,0.0,13.229999542236328,118.2708740234375,-123.55795300873335,48.12947076398795
4902,0.9999905824661255,6.537075387313962e-05,0.0,13.229999542236328,118.2708740234375,-123.55795300873335,48.12947076398795
4903,0.9999905824661255,6.537075387313962e-05,0.0,13.229999542236328,118.2708740234375,-123.55795300873335,48.12947076398795
4904,0.9999905824661255,6.537075387313962e-05,0.0,13.229999542236328,118.2708740234375,-123.55795300873335,48.12947076398795
4905,0.996705949306488,0.000143799654324539,0.0,10.729999542236328,43.5660400390625,-123.55755300873335,48.12947076398795
4906,0.996705949306488,0.000143799654324539,0.0,10.729999542236328,43.5660400390625,-123.55755300873335,48.12947076398795
4907,0.996705949306488,0.000143799654324539,0.0,10.729999542236328,43.5660400390625,-123.55755300873335,48.12947076398795
4908,0.996705949306488,0.000143799654324539,0.0,10.729999542236328,43.5660400390625,-123.55755300873335,48.12947076398795
4909,0.996705949306488,0.000143799654324539,0.0,10.729999542236328,43.5660400390625,-123.55755300873335,48.12947076398795
4910,0.996705949306488,0.000143799654324539,0.0,10.729999542236328,43.5660400390625,-123.55755300873335,48.12947076398795
4911,0.996705949306488,0.000143799654324539,0.0,10.729999542236328,43.5660400390625,-123.55755300873335,48.12947076398795
4912,0.996705949306488,0.000143799654324539,0.0,10.729999542236328,43.5660400390625,-123.55755300873335,48.12947076398795
4913,0.996705949306488,0.000143799654324539,0.0,10.729999542236328,43.5660400390625,-123.55755300873335,48.12947076398795
4914,0.996705949306488,0.000143799654324539,0.0,10.729999542236328,43.5660400390625,-123.55755300873335,48.12947076398795
4915,2.566132764059148e-07,0.004980031400918961,0.0,10.651481628417969,4.4721360206604,-123.55715300873335,48.12947076398795
4916,2.566132764059148e-07,0.004980031400918961,0.0,10.651481628417969,4.4721360206604,-123.55715300873335,48.12947076398795
4917,2.566132764059148e-07,0.004980031400918961,0.0,10.651481628417969,4.4721360206604,-123.55715300873335,48.12947076398795
4918,2.566132764059148e-07,0.004980031400918961,0.0,10.651481628417969,4.4721360206604,-123.55715300873335,48.12947076398795
4919,2.566132764059148e-07,0.004980031400918961,0.0,10.651481628417969,4.4721360206604,-123.55715300873335,48.12947076398795
4920,2.566132764059148e-07,0.004980031400918961,0.0,10.651481628417969,4.4721360206604,-123.55715300873335,48.12947076398795
4921,2.566132764059148e-07,0.004980031400918961,0.0,10.651481628417969,4.4721360206604,-123.55715300873335,48.12947076398795
4922,2.566132764059148e-07,0.004980031400918961,0.0,10.651481628417969,4.4721360206604,-123.55715300873335,48.12947076398795
4923,2.566132764059148e-07,0.004980031400918961,0.0,10.651481628417969,4.4721360206604,-123.55715300873335,48.12947076398795
4924,2.566132764059148e-07,0.004980031400918961,0.0,10.651481628417969,4.4721360206604,-123.55715300873335,48.12947076398795
4925,3.499525973893469e-06,0.08916715532541275,0.0,10.10429859161377,60.01666259765625,-123.55675300873335,48.12947076398795
4926,3.499525973893469e-06,0.08916715532541275,0.0,10.10429859161377,60.01666259765625,-123.55675300873335,48.12947076398795
4927,3.499525973893469e-06,0.08916715532541275,0.0,10.10429859161377,60.01666259765625,-123.55675300873335,48.12947076398795
4928,3.499525973893469e-06,0.08916715532541275,0.0,10.10429859161377,60.01666259765625,-123.55675300873335,48.12947076398795
4929,3.499525973893469e-06,0.08916715532541275,0.0,10.10429859161377,60.01666259765625,-123.55675300873335,48.12947076398795
4930,3.499525973893469e-06,0.08916715532541275,0.0,10.10429859161377,60.01666259765625,-123.55675300873335,48.12947076398795
4931,3.499525973893469e-06,0.08916715532541275,0.0,10.10429859161377,60.01666259765625,-123.55675300873335,48.12947076398795
4932,3.499525973893469e-06,0.08916715532541275,0.0,10.10429859161377,60.01666259765625,-123.55675300873335,48.12947076398795
4933,3.499525973893469e-06,0.08916715532541275,0.0,10.10429859161377,60.01666259765625,-123.55675300873335,48.12947076398795
4934,3.499525973893469e-06,0.08916715532541275,0.0,10.10429859161377,60.01666259765625,-123.55675300873335,48.12947076398795
4935,2.6308279643671995e-07,0.06761285662651062,0.0,10.859999656677246,112.64102172851562,-123.55635300873335,48.12947076398795
4936,2.6308279643671995e-07,0.06761285662651062,0.0,10.859999656677246,112.64102172851562,-123.55635300873335,48.12947076398795
4937,2.6308279643671995e-07,0.06761285662651062,0.0,10.859999656677246,112.64102172851562,-123.55635300873335,48.12947076398795
4938,2.6308279643671995e-07,0.06761285662651062,0.0,10.859999656677246,112.64102172851562,-123.55635300873335,48.12947076398795
4939,2.6308279643671995e-07,0.06761285662651062,0.0,10.859999656677246,112.64102172851562,-123.55635300873335,48.12947076398795
4940,2.6308279643671995e-07,0.06761285662651062,0.0,10.859999656677246,112.64102172851562,-123.55635300873335,48.12947076398795
4941,2.6308279643671995e-07,0.06761285662651062,0.0,10.859999656677246,112.64102172851562,-123.55635300873335,48.12947076398795
4942,2.6308279643671995e-07,0.06761285662651062,0.0,10.859999656677246,112.64102172851562,-123.55635300873335,48.12947076398795
4943,2.6308279643671995e-07,0.06761285662651062,0.0,10.859999656677246,112.64102172851562,-123.55635300873335,48.12947076398795
4944,0.0,0.0,0.0,0.0,178.26385498046875,-123.55595300873335,48.12947076398795
4945,0.0,0.0,0.0,0.0,178.26385498046875,-123.55595300873335,48.12947076398795
4946,0.0,0.0,0.0,0.0,178.26385498046875,-123.55595300873335,48.12947076398795
4947,0.0,0.0,0.0,0.0,178.26385498046875,-123.55595300873335,48.12947076398795
4948,0.0,0.0,0.0,0.0,178.26385498046875,-123.55595300873335,48.12947076398795
4949,0.0,0.0,0.0,0.0,178.26385498046875,-123.55595300873335,48.12947076398795
4950,0.0,0.0,0.0,0.0,229.26185607910156,-123.55555300873336,48.12947076398795
4951,0.0,0.0,0.0,0.0,229.26185607910156,-123.55555300873336,48.12947076398795
4952,0.0,0.0,0.0,0.0,229.26185607910156,-123.55555300873336,48.12947076398795
4953,0.0,0.0,0.0,0.0,229.26185607910156,-123.55555300873336,48.12947076398795
4954,0.0,0.0,0.0,0.0,229.26185607910156,-123.55555300873336,48.12947076398795
4955,0.0,0.0,0.0,0.0,229.26185607910156,-123.55555300873336,48.12947076398795
4956,0.0,0.0,0.0,0.0,247.58836364746094,-123.55515300873336,48.12947076398795
4957,0.0,0.0,0.0,0.0,247.58836364746094,-123.55515300873336,48.12947076398795
4958,0.0,0.0,0.0,0.0,247.58836364746094,-123.55515300873336,48.12947076398795
4959,0.0,0.0,0.0,0.0,247.58836364746094,-123.55515300873336,48.12947076398795
4960,0.0,0.0,0.0,0.0,247.58836364746094,-123.55515300873336,48.12947076398795
4961,0.0,0.0,0.0,0.0,247.58836364746094,-123.55515300873336,48.12947076398795
4962,0.0,0.0,0.0,0.0,235.0765838623047,-123.55475300873336,48.12947076398795
4963,0.0,0.0,0.0,0.0,235.0765838623047,-123.55475300873336,48.12947076398795
4964,0.0,0.0,0.0,0.0,235.0765838623047,-123.55475300873336,48.12947076398795
4965,0.0,0.0,0.0,0.0,235.0765838623047,-123.55475300873336,48.12947076398795
4966,0.0,0.0,0.0,0.0,235.0765838623047,-123.55475300873336,48.12947076398795
4967,2.7135056370752864e-06,0.019538307562470436,0.0,11.210563659667969,97.74456787109375,-123.55955300873335,48.129070763987954
4968,2.7135056370752864e-06,0.019538307562470436,0.0,11.210563659667969,97.74456787109375,-123.55955300873335,48.129070763987954
4969,2.7135056370752864e-06,0.019538307562470436,0.0,11.210563659667969,97.74456787109375,-123.55955300873335,48.129070763987954
4970,2.7135056370752864e-06,0.019538307562470436,0.0,11.210563659667969,97.74456787109375,-123.55955300873335,48.129070763987954
4971,2.7135056370752864e-06,0.019538307562470436,0.0,11.210563659667969,97.74456787109375,-123.55955300873335,48.129070763987954
4972,2.7135056370752864e-06,0.019538307562470436,0.0,11.210563659667969,97.74456787109375,-123.55955300873335,48.129070763987954
4973,2.7135056370752864e-06,0.019538307562470436,0.0,11.210563659667969,97.74456787109375,-123.55955300873335,48.129070763987954
4974,2.7135056370752864e-06,0.019538307562470436,0.0,11.210563659667969,97.74456787109375,-123.55955300873335,48.129070763987954
4975,2.7135056370752864e-06,0.019538307562470436,0.0,11.210563659667969,97.74456787109375,-123.55955300873335,48.129070763987954
4976,2.7135056370752864e-06,0.019538307562470436,0.0,11.210563659667969,97.74456787109375,-123.55955300873335,48.129070763987954
4977,1.1384250683477148e-05,0.001112991594709456,0.0,11.971091270446777,123.40583801269531,-123.55915300873335,48.129070763987954
4978,1.1384250683477148e-05,0.001112991594709456,0.0,11.971091270446777,123.40583801269531,-123.55915300873335,48.129070763987954
4979,1.1384250683477148e-05,0.001112991594709456,0.0,11.971091270446777,123.40583801269531,-123.55915300873335,48.129070763987954
4980,1.1384250683477148e-05,0.001112991594709456,0.0,11.971091270446777,123.40583801269531,-123.55915300873335,48.129070763987954
4981,1.1384250683477148e-05,0.001112991594709456,0.0,11.971091270446777,123.40583801269531,-123.55915300873335,48.129070763987954
4982,1.1384250683477148e-05,0.001112991594709456,0.0,11.971091270446777,123.40583801269531,-123.55915300873335,48.129070763987954
4983,1.1384250683477148e-05,0.001112991594709456,0.0,11.971091270446777,123.40583801269531,-123.55915300873335,48.129070763987954
4984,1.1384250683477148e-05,0.001112991594709456,0.0,11.971091270446777,123.40583801269531,-123.55915300873335,48.129070763987954
4985,1.1384250683477148e-05,0.001112991594709456,0.0,11.971091270446777,123.40583801269531,-123.55915300873335,48.129070763987954
4986,1.1384250683477148e-05,0.001112991594709456,0.0,11.971091270446777,123.40583801269531,-123.55915300873335,48.129070763987954
4987,0.028512971475720406,0.007883581332862377,0.0,12.779999732971191,223.82582092285156,-123.55875300873335,48.129070763987954
4988,0.028512971475720406,0.007883581332862377,0.0,12.779999732971191,223.82582092285156,-123.55875300873335,48.129070763987954
4989,0.028512971475720406,0.007883581332862377,0.0,12.779999732971191,223.82582092285156,-123.55875300873335,48.129070763987954
4990,0.028512971475720406,0.007883581332862377,0.0,12.779999732971191,223.82582092285156,-123.55875300873335,48.129070763987954
4991,0.028512971475720406,0.007883581332862377,0.0,12.779999732971191,223.82582092285156,-123.55875300873335,48.129070763987954
4992,0.028512971475720406,0.007883581332862377,0.0,12.779999732971191,223.82582092285156,-123.55875300873335,48.129070763987954
4993,0.028512971475720406,0.007883581332862377,0.0,12.779999732971191,223.82582092285156,-123.55875300873335,48.129070763987954
4994,0.028512971475720406,0.007883581332862377,0.0,12.779999732971191,223.82582092285156,-123.55875300873335,48.129070763987954
4995,0.028512971475720406,0.007883581332862377,0.0,12.779999732971191,223.82582092285156,-123.55875300873335,48.129070763987954
4996,0.028512971475720406,0.007883581332862377,0.0,12.779999732971191,223.82582092285156,-123.55875300873335,48.129070763987954
4997,8.264499228971545e-06,0.8869554400444031,0.0,10.901656150817871,21.931713104248047,-123.55835300873335,48.129070763987954
4998,8.264499228971545e-06,0.8869554400444031,0.0,10.901656150817871,21.931713104248047,-123.55835300873335,48.129070763987954
4999,8.264499228971545e-06,0.8869554400444031,0.0,10.901656150817871,21.931713104248047,-123.55835300873335,48.129070763987954
5000,8.264499228971545e-06,0.8869554400444031,0.0,10.901656150817871,21.931713104248047,-123.55835300873335,48.129070763987954
5001,8.264499228971545e-06,0.8869554400444031,0.0,10.901656150817871,21.931713104248047,-123.55835300873335,48.129070763987954
5002,8.264499228971545e-06,0.8869554400444031,0.0,10.901656150817871,21.931713104248047,-123.55835300873335,48.129070763987954
5003,8.264499228971545e-06,0.8869554400444031,0.0,10.901656150817871,21.931713104248047,-123.55835300873335,48.129070763987954
5004,8.264499228971545e-06,0.8869554400444031,0.0,10.901656150817871,21.931713104248047,-123.55835300873335,48.129070763987954
5005,8.264499228971545e-06,0.8869554400444031,0.0,10.901656150817871,21.931713104248047,-123.55835300873335,48.129070763987954
5006,8.264499228971545e-06,0.8869554400444031,0.0,10.901656150817871,21.931713104248047,-123.55835300873335,48.129070763987954
5007,2.80873391602654e-05,0.0004385350621305406,0.0,11.863191604614258,119.40267944335938,-123.55795300873335,48.129070763987954
5008,2.80873391602654e-05,0.0004385350621305406,0.0,11.863191604614258,119.40267944335938,-123.55795300873335,48.129070763987954
5009,2.80873391602654e-05,0.0004385350621305406,0.0,11.863191604614258,119.40267944335938,-123.55795300873335,48.129070763987954
5010,2.80873391602654e-05,0.0004385350621305406,0.0,11.863191604614258,119.40267944335938,-123.55795300873335,48.129070763987954
5011,2.80873391602654e-05,0.0004385350621305406,0.0,11.863191604614258,119.40267944335938,-123.55795300873335,48.129070763987954
5012,2.80873391602654e-05,0.0004385350621305406,0.0,11.863191604614258,119.40267944335938,-123.55795300873335,48.129070763987954
5013,2.80873391602654e-05,0.0004385350621305406,0.0,11.863191604614258,119.40267944335938,-123.55795300873335,48.129070763987954
5014,2.80873391602654e-05,0.0004385350621305406,0.0,11.863191604614258,119.40267944335938,-123.55795300873335,48.129070763987954
5015,2.80873391602654e-05,0.0004385350621305406,0.0,11.863191604614258,119.40267944335938,-123.55795300873335,48.129070763987954
5016,2.80873391602654e-05,0.0004385350621305406,0.0,11.863191604614258,119.40267944335938,-123.55795300873335,48.129070763987954
5017,0.00869735423475504,0.0001443570217816159,0.0,12.260000228881836,205.5480499267578,-123.55755300873335,48.129070763987954
5018,0.00869735423475504,0.0001443570217816159,0.0,12.260000228881836,205.5480499267578,-123.55755300873335,48.129070763987954
5019,0.00869735423475504,0.0001443570217816159,0.0,12.260000228881836,205.5480499267578,-123.55755300873335,48.129070763987954
5020,0.00869735423475504,0.0001443570217816159,0.0,12.260000228881836,205.5480499267578,-123.55755300873335,48.129070763987954
5021,0.00869735423475504,0.0001443570217816159,0.0,12.260000228881836,205.5480499267578,-123.55755300873335,48.129070763987954
5022,0.00869735423475504,0.0001443570217816159,0.0,12.260000228881836,205.5480499267578,-123.55755300873335,48.129070763987954
5023,0.00869735423475504,0.0001443570217816159,0.0,12.260000228881836,205.5480499267578,-123.55755300873335,48.129070763987954
5024,0.00869735423475504,0.0001443570217816159,0.0,12.260000228881836,205.5480499267578,-123.55755300873335,48.129070763987954
5025,0.00869735423475504,0.0001443570217816159,0.0,12.260000228881836,205.5480499267578,-123.55755300873335,48.129070763987954
5026,0.9999276399612427,8.567634358769283e-05,0.0,11.720000267028809,252.47970581054688,-123.55715300873335,48.129070763987954
5027,0.9999276399612427,8.567634358769283e-05,0.0,11.720000267028809,252.47970581054688,-123.55715300873335,48.129070763987954
5028,0.9999276399612427,8.567634358769283e-05,0.0,11.720000267028809,252.47970581054688,-123.55715300873335,48.129070763987954
5029,0.9999276399612427,8.567634358769283e-05,0.0,11.720000267028809,252.47970581054688,-123.55715300873335,48.129070763987954
5030,0.9999276399612427,8.567634358769283e-05,0.0,11.720000267028809,252.47970581054688,-123.55715300873335,48.129070763987954
5031,0.9999276399612427,8.567634358769283e-05,0.0,11.720000267028809,252.47970581054688,-123.55715300873335,48.129070763987954
5032,0.9999276399612427,8.567634358769283e-05,0.0,11.720000267028809,252.47970581054688,-123.55715300873335,48.129070763987954
5033,0.9999020099639893,5.456918734125793e-05,0.0,11.869999885559082,310.7281799316406,-123.55675300873335,48.129070763987954
5034,0.9999020099639893,5.456918734125793e-05,0.0,11.869999885559082,310.7281799316406,-123.55675300873335,48.129070763987954
5035,0.9999020099639893,5.456918734125793e-05,0.0,11.869999885559082,310.7281799316406,-123.55675300873335,48.129070763987954
5036,0.9999020099639893,5.456918734125793e-05,0.0,11.869999885559082,310.7281799316406,-123.55675300873335,48.129070763987954
5037,0.9999020099639893,5.456918734125793e-05,0.0,11.869999885559082,310.7281799316406,-123.55675300873335,48.129070763987954
5038,0.9999020099639893,5.456918734125793e-05,0.0,11.869999885559082,310.7281799316406,-123.55675300873335,48.129070763987954
5039,0.9999020099639893,5.456918734125793e-05,0.0,11.869999885559082,310.7281799316406,-123.55675300873335,48.129070763987954
5040,0.0,0.0,0.0,0.0,357.5304260253906,-123.55635300873335,48.129070763987954
5041,0.0,0.0,0.0,0.0,357.5304260253906,-123.55635300873335,48.129070763987954
5042,0.0,0.0,0.0,0.0,357.5304260253906,-123.55635300873335,48.129070763987954
5043,0.0,0.0,0.0,0.0,357.5304260253906,-123.55635300873335,48.129070763987954
5044,0.0,0.0,0.0,0.0,357.5304260253906,-123.55635300873335,48.129070763987954
5045,0.0,0.0,0.0,0.0,357.5304260253906,-123.55635300873335,48.129070763987954
5046,0.0,0.0,0.0,0.0,426.9332580566406,-123.55595300873335,48.129070763987954
5047,0.0,0.0,0.0,0.0,426.9332580566406,-123.55595300873335,48.129070763987954
5048,0.0,0.0,0.0,0.0,426.9332580566406,-123.55595300873335,48.129070763987954
5049,0.0,0.0,0.0,0.0,426.9332580566406,-123.55595300873335,48.129070763987954
5050,0.0,0.0,0.0,0.0,426.9332580566406,-123.55595300873335,48.129070763987954
5051,0.0,0.0,0.0,0.0,426.9332580566406,-123.55595300873335,48.129070763987954
5052,0.0,0.0,0.0,0.0,479.50494384765625,-123.55555300873336,48.129070763987954
5053,0.0,0.0,0.0,0.0,479.50494384765625,-123.55555300873336,48.129070763987954
5054,0.0,0.0,0.0,0.0,479.50494384765625,-123.55555300873336,48.129070763987954
5055,0.0,0.0,0.0,0.0,479.50494384765625,-123.55555300873336,48.129070763987954
5056,0.0,0.0,0.0,0.0,479.50494384765625,-123.55555300873336,48.129070763987954
5057,0.0,0.0,0.0,0.0,479.50494384765625,-123.55555300873336,48.129070763987954
5058,0.0,0.0,0.0,0.0,500.9191589355469,-123.55515300873336,48.129070763987954
5059,0.0,0.0,0.0,0.0,500.9191589355469,-123.55515300873336,48.129070763987954
5060,0.0,0.0,0.0,0.0,500.9191589355469,-123.55515300873336,48.129070763987954
5061,0.0,0.0,0.0,0.0,500.9191589355469,-123.55515300873336,48.129070763987954
5062,0.0,0.0,0.0,0.0,500.9191589355469,-123.55515300873336,48.129070763987954
5063,0.0,0.0,0.0,0.0,500.9191589355469,-123.55515300873336,48.129070763987954
5064,0.0,0.0,0.0,0.0,489.6907043457031,-123.55475300873336,48.129070763987954
5065,7.941785952425562e-06,0.0012428268091753125,0.0,11.505013465881348,100.0,-123.55955300873335,48.128670763987955
5066,7.941785952425562e-06,0.0012428268091753125,0.0,11.505013465881348,100.0,-123.55955300873335,48.128670763987955
5067,7.941785952425562e-06,0.0012428268091753125,0.0,11.505013465881348,100.0,-123.55955300873335,48.128670763987955
5068,7.941785952425562e-06,0.0012428268091753125,0.0,11.505013465881348,100.0,-123.55955300873335,48.128670763987955
5069,7.941785952425562e-06,0.0012428268091753125,0.0,11.505013465881348,100.0,-123.55955300873335,48.128670763987955
5070,7.941785952425562e-06,0.0012428268091753125,0.0,11.505013465881348,100.0,-123.55955300873335,48.128670763987955
5071,7.941785952425562e-06,0.0012428268091753125,0.0,11.505013465881348,100.0,-123.55955300873335,48.128670763987955
5072,7.941785952425562e-06,0.0012428268091753125,0.0,11.505013465881348,100.0,-123.55955300873335,48.128670763987955
5073,7.941785952425562e-06,0.0012428268091753125,0.0,11.505013465881348,100.0,-123.55955300873335,48.128670763987955
5074,7.941785952425562e-06,0.0012428268091753125,0.0,11.505013465881348,100.0,-123.55955300873335,48.128670763987955
5075,0.0008549828198738396,0.0026580733247101307,0.0,14.960000038146973,144.2012481689453,-123.55915300873335,48.128670763987955
5076,0.0008549828198738396,0.0026580733247101307,0.0,14.960000038146973,144.2012481689453,-123.55915300873335,48.128670763987955
5077,0.0008549828198738396,0.0026580733247101307,0.0,14.960000038146973,144.2012481689453,-123.55915300873335,48.128670763987955
5078,0.0008549828198738396,0.0026580733247101307,0.0,14.960000038146973,144.2012481689453,-123.55915300873335,48.128670763987955
5079,0.0008549828198738396,0.0026580733247101307,0.0,14.960000038146973,144.2012481689453,-123.55915300873335,48.128670763987955
5080,0.0008549828198738396,0.0026580733247101307,0.0,14.960000038146973,144.2012481689453,-123.55915300873335,48.128670763987955
5081,0.0008549828198738396,0.0026580733247101307,0.0,14.960000038146973,144.2012481689453,-123.55915300873335,48.128670763987955
5082,0.0008549828198738396,0.0026580733247101307,0.0,14.960000038146973,144.2012481689453,-123.55915300873335,48.128670763987955
5083,0.0008549828198738396,0.0026580733247101307,0.0,14.960000038146973,144.2012481689453,-123.55915300873335,48.128670763987955
5084,0.0008549828198738396,0.0026580733247101307,0.0,14.960000038146973,144.2012481689453,-123.55915300873335,48.128670763987955
5085,2.4996201318572275e-05,0.22946797311306,0.0,11.470000267028809,53.66563034057617,-123.55875300873335,48.128670763987955
5086,2.4996201318572275e-05,0.22946797311306,0.0,11.470000267028809,53.66563034057617,-123.55875300873335,48.128670763987955
5087,2.4996201318572275e-05,0.22946797311306,0.0,11.470000267028809,53.66563034057617,-123.55875300873335,48.128670763987955
5088,2.4996201318572275e-05,0.22946797311306,0.0,11.470000267028809,53.66563034057617,-123.55875300873335,48.128670763987955
5089,2.4996201318572275e-05,0.22946797311306,0.0,11.470000267028809,53.66563034057617,-123.55875300873335,48.128670763987955
5090,2.4996201318572275e-05,0.22946797311306,0.0,11.470000267028809,53.66563034057617,-123.55875300873335,48.128670763987955
5091,2.4996201318572275e-05,0.22946797311306,0.0,11.470000267028809,53.66563034057617,-123.55875300873335,48.128670763987955
5092,2.4996201318572275e-05,0.22946797311306,0.0,11.470000267028809,53.66563034057617,-123.55875300873335,48.128670763987955
5093,2.4996201318572275e-05,0.22946797311306,0.0,11.470000267028809,53.66563034057617,-123.55875300873335,48.128670763987955
5094,2.4996201318572275e-05,0.22946797311306,0.0,11.470000267028809,53.66563034057617,-123.55875300873335,48.128670763987955
5095,3.32259105562116e-06,0.002296063117682934,0.0,12.056432723999023,130.8739776611328,-123.55835300873335,48.128670763987955
5096,3.32259105562116e-06,0.002296063117682934,0.0,12.056432723999023,130.8739776611328,-123.55835300873335,48.128670763987955
5097,3.32259105562116e-06,0.002296063117682934,0.0,12.056432723999023,130.8739776611328,-123.55835300873335,48.128670763987955
5098,3.32259105562116e-06,0.002296063117682934,0.0,12.056432723999023,130.8739776611328,-123.55835300873335,48.128670763987955
5099,3.32259105562116e-06,0.002296063117682934,0.0,12.056432723999023,130.8739776611328,-123.55835300873335,48.128670763987955
5100,3.32259105562116e-06,0.002296063117682934,0.0,12.056432723999023,130.8739776611328,-123.55835300873335,48.128670763987955
5101,3.32259105562116e-06,0.002296063117682934,0.0,12.056432723999023,130.8739776611328,-123.55835300873335,48.128670763987955
5102,3.32259105562116e-06,0.002296063117682934,0.0,12.056432723999023,130.8739776611328,-123.55835300873335,48.128670763987955
5103,3.32259105562116e-06,0.002296063117682934,0.0,12.056432723999023,130.8739776611328,-123.55835300873335,48.128670763987955
5104,3.32259105562116e-06,0.002296063117682934,0.0,12.056432723999023,130.8739776611328,-123.55835300873335,48.128670763987955
5105,0.00025687931338325143,0.0002719621697906405,0.0,13.640000343322754,337.3425598144531,-123.55795300873335,48.128670763987955
5106,0.00025687931338325143,0.0002719621697906405,0.0,13.640000343322754,337.3425598144531,-123.55795300873335,48.128670763987955
5107,0.00025687931338325143,0.0002719621697906405,0.0,13.640000343322754,337.3425598144531,-123.55795300873335,48.128670763987955
5108,0.00025687931338325143,0.0002719621697906405,0.0,13.640000343322754,337.3425598144531,-123.55795300873335,48.128670763987955
5109,0.00025687931338325143,0.0002719621697906405,0.0,13.640000343322754,337.3425598144531,-123.55795300873335,48.128670763987955
5110,0.00025687931338325143,0.0002719621697906405,0.0,13.640000343322754,337.3425598144531,-123.55795300873335,48.128670763987955
5111,0.00025687931338325143,0.0002719621697906405,0.0,13.640000343322754,337.3425598144531,-123.55795300873335,48.128670763987955
5112,0.00025687931338325143,0.0002719621697906405,0.0,13.640000343322754,337.3425598144531,-123.55795300873335,48.128670763987955
5113,0.9994631409645081,3.637578265625052e-05,0.0,12.600000381469727,446.5154113769531,-123.55755300873335,48.128670763987955
5114,0.9994631409645081,3.637578265625052e-05,0.0,12.600000381469727,446.5154113769531,-123.55755300873335,48.128670763987955
5115,0.9994631409645081,3.637578265625052e-05,0.0,12.600000381469727,446.5154113769531,-123.55755300873335,48.128670763987955
5116,0.9994631409645081,3.637578265625052e-05,0.0,12.600000381469727,446.5154113769531,-123.55755300873335,48.128670763987955
5117,0.9994631409645081,3.637578265625052e-05,0.0,12.600000381469727,446.5154113769531,-123.55755300873335,48.128670763987955
5118,0.9994631409645081,3.637578265625052e-05,0.0,12.600000381469727,446.5154113769531,-123.55755300873335,48.128670763987955
5119,0.9994631409645081,3.637578265625052e-05,0.0,12.600000381469727,446.5154113769531,-123.55755300873335,48.128670763987955
5120,3.593244628063985e-06,5.149581193109043e-05,0.0,12.260000228881836,502.5704040527344,-123.55715300873335,48.128670763987955
5121,3.593244628063985e-06,5.149581193109043e-05,0.0,12.260000228881836,502.5704040527344,-123.55715300873335,48.128670763987955
5122,3.593244628063985e-06,5.149581193109043e-05,0.0,12.260000228881836,502.5704040527344,-123.55715300873335,48.128670763987955
5123,3.593244628063985e-06,5.149581193109043e-05,0.0,12.260000228881836,502.5704040527344,-123.55715300873335,48.128670763987955
5124,3.593244628063985e-06,5.149581193109043e-05,0.0,12.260000228881836,502.5704040527344,-123.55715300873335,48.128670763987955
5125,3.593244628063985e-06,5.149581193109043e-05,0.0,12.260000228881836,502.5704040527344,-123.55715300873335,48.128670763987955
5126,3.593244628063985e-06,5.149581193109043e-05,0.0,12.260000228881836,502.5704040527344,-123.55715300873335,48.128670763987955
5127,1.5610658010700718e-05,6.429489440051839e-05,0.0,11.770000457763672,559.5301513671875,-123.55675300873335,48.128670763987955
5128,1.5610658010700718e-05,6.429489440051839e-05,0.0,11.770000457763672,559.5301513671875,-123.55675300873335,48.128670763987955
5129,1.5610658010700718e-05,6.429489440051839e-05,0.0,11.770000457763672,559.5301513671875,-123.55675300873335,48.128670763987955
5130,1.5610658010700718e-05,6.429489440051839e-05,0.0,11.770000457763672,559.5301513671875,-123.55675300873335,48.128670763987955
5131,1.5610658010700718e-05,6.429489440051839e-05,0.0,11.770000457763672,559.5301513671875,-123.55675300873335,48.128670763987955
5132,1.5610658010700718e-05,6.429489440051839e-05,0.0,11.770000457763672,559.5301513671875,-123.55675300873335,48.128670763987955
5133,1.5610658010700718e-05,6.429489440051839e-05,0.0,11.770000457763672,559.5301513671875,-123.55675300873335,48.128670763987955
5134,0.0,0.0,0.0,0.0,607.852783203125,-123.55635300873335,48.128670763987955
5135,0.0,0.0,0.0,0.0,607.852783203125,-123.55635300873335,48.128670763987955
5136,0.0,0.0,0.0,0.0,607.852783203125,-123.55635300873335,48.128670763987955
5137,0.0,0.0,0.0,0.0,607.852783203125,-123.55635300873335,48.128670763987955
5138,0.0,0.0,0.0,0.0,607.852783203125,-123.55635300873335,48.128670763987955
5139,0.0,0.0,0.0,0.0,607.852783203125,-123.55635300873335,48.128670763987955
5140,0.0,0.0,0.0,0.0,675.000732421875,-123.55595300873335,48.128670763987955
5141,0.0,0.0,0.0,0.0,675.000732421875,-123.55595300873335,48.128670763987955
5142,0.0,0.0,0.0,0.0,675.000732421875,-123.55595300873335,48.128670763987955
5143,0.0,0.0,0.0,0.0,675.000732421875,-123.55595300873335,48.128670763987955
5144,0.0,0.0,0.0,0.0,675.000732421875,-123.55595300873335,48.128670763987955
5145,0.0,0.0,0.0,0.0,675.000732421875,-123.55595300873335,48.128670763987955
5146,0.0,0.0,0.0,0.0,729.7513427734375,-123.55555300873336,48.128670763987955
5147,0.0,0.0,0.0,0.0,729.7513427734375,-123.55555300873336,48.128670763987955
5148,0.0,0.0,0.0,0.0,729.7513427734375,-123.55555300873336,48.128670763987955
5149,0.0,0.0,0.0,0.0,729.7513427734375,-123.55555300873336,48.128670763987955
5150,0.0,0.0,0.0,0.0,729.7513427734375,-123.55555300873336,48.128670763987955
5151,0.0,0.0,0.0,0.0,754.2545776367188,-123.55515300873336,48.128670763987955
5152,0.0,0.0,0.0,0.0,754.2545776367188,-123.55515300873336,48.128670763987955
5153,0.0,0.0,0.0,0.0,754.2545776367188,-123.55515300873336,48.128670763987955
5154,0.0,0.0,0.0,0.0,754.2545776367188,-123.55515300873336,48.128670763987955
5155,0.0,0.0,0.0,0.0,172.0523223876953,-123.55955300873335,48.128270763987956
5156,2.1194102373556234e-05,0.02500278502702713,0.0,10.789941787719727,81.1541748046875,-123.55915300873335,48.128270763987956
5157,2.1194102373556234e-05,0.02500278502702713,0.0,10.789941787719727,81.1541748046875,-123.55915300873335,48.128270763987956
5158,2.1194102373556234e-05,0.02500278502702713,0.0,10.789941787719727,81.1541748046875,-123.55915300873335,48.128270763987956
5159,2.1194102373556234e-05,0.02500278502702713,0.0,10.789941787719727,81.1541748046875,-123.55915300873335,48.128270763987956
5160,2.1194102373556234e-05,0.02500278502702713,0.0,10.789941787719727,81.1541748046875,-123.55915300873335,48.128270763987956
5161,2.1194102373556234e-05,0.02500278502702713,0.0,10.789941787719727,81.1541748046875,-123.55915300873335,48.128270763987956
5162,2.1194102373556234e-05,0.02500278502702713,0.0,10.789941787719727,81.1541748046875,-123.55915300873335,48.128270763987956
5163,2.1194102373556234e-05,0.02500278502702713,0.0,10.789941787719727,81.1541748046875,-123.55915300873335,48.128270763987956
5164,2.1194102373556234e-05,0.02500278502702713,0.0,10.789941787719727,81.1541748046875,-123.55915300873335,48.128270763987956
5165,2.1194102373556234e-05,0.02500278502702713,0.0,10.789941787719727,81.1541748046875,-123.55915300873335,48.128270763987956
5166,0.00015583340427838266,0.0009227409027516842,0.0,12.052347183227539,170.836181640625,-123.55875300873335,48.128270763987956
5167,0.00015583340427838266,0.0009227409027516842,0.0,12.052347183227539,170.836181640625,-123.55875300873335,48.128270763987956
5168,0.00015583340427838266,0.0009227409027516842,0.0,12.052347183227539,170.836181640625,-123.55875300873335,48.128270763987956
5169,0.00015583340427838266,0.0009227409027516842,0.0,12.052347183227539,170.836181640625,-123.55875300873335,48.128270763987956
5170,0.00015583340427838266,0.0009227409027516842,0.0,12.052347183227539,170.836181640625,-123.55875300873335,48.128270763987956
5171,0.00015583340427838266,0.0009227409027516842,0.0,12.052347183227539,170.836181640625,-123.55875300873335,48.128270763987956
5172,0.00015583340427838266,0.0009227409027516842,0.0,12.052347183227539,170.836181640625,-123.55875300873335,48.128270763987956
5173,0.00015583340427838266,0.0009227409027516842,0.0,12.052347183227539,170.836181640625,-123.55875300873335,48.128270763987956
5174,0.00015583340427838266,0.0009227409027516842,0.0,12.052347183227539,170.836181640625,-123.55875300873335,48.128270763987956
5175,0.00015583340427838266,0.0009227409027516842,0.0,12.052347183227539,170.836181640625,-123.55875300873335,48.128270763987956
5176,5.353049670198118e-10,0.0019596151541918516,0.0,12.600345611572266,301.9420471191406,-123.55835300873335,48.128270763987956
5177,5.353049670198118e-10,0.0019596151541918516,0.0,12.600345611572266,301.9420471191406,-123.55835300873335,48.128270763987956
5178,5.353049670198118e-10,0.0019596151541918516,0.0,12.600345611572266,301.9420471191406,-123.55835300873335,48.128270763987956
5179,5.353049670198118e-10,0.0019596151541918516,0.0,12.600345611572266,301.9420471191406,-123.55835300873335,48.128270763987956
5180,5.353049670198118e-10,0.0019596151541918516,0.0,12.600345611572266,301.9420471191406,-123.55835300873335,48.128270763987956
5181,5.353049670198118e-10,0.0019596151541918516,0.0,12.600345611572266,301.9420471191406,-123.55835300873335,48.128270763987956
5182,5.353049670198118e-10,0.0019596151541918516,0.0,12.600345611572266,301.9420471191406,-123.55835300873335,48.128270763987956
5183,5.353049670198118e-10,0.0019596151541918516,0.0,12.600345611572266,301.9420471191406,-123.55835300873335,48.128270763987956
5184,5.353049670198118e-10,0.0019596151541918516,0.0,12.600345611572266,301.9420471191406,-123.55835300873335,48.128270763987956
5185,5.353049670198118e-10,0.0019596151541918516,0.0,12.600345611572266,301.9420471191406,-123.55835300873335,48.128270763987956
5186,0.9999996423721313,3.2214233215199783e-05,0.0,12.649999618530273,489.3883972167969,-123.55795300873335,48.128270763987956
5187,0.9999996423721313,3.2214233215199783e-05,0.0,12.649999618530273,489.3883972167969,-123.55795300873335,48.128270763987956
5188,0.9999996423721313,3.2214233215199783e-05,0.0,12.649999618530273,489.3883972167969,-123.55795300873335,48.128270763987956
5189,0.9999996423721313,3.2214233215199783e-05,0.0,12.649999618530273,489.3883972167969,-123.55795300873335,48.128270763987956
5190,0.9999996423721313,3.2214233215199783e-05,0.0,12.649999618530273,489.3883972167969,-123.55795300873335,48.128270763987956
5191,0.9999996423721313,3.2214233215199783e-05,0.0,12.649999618530273,489.3883972167969,-123.55795300873335,48.128270763987956
5192,0.9999996423721313,3.2214233215199783e-05,0.0,12.649999618530273,489.3883972167969,-123.55795300873335,48.128270763987956
5193,0.9961495399475098,7.875642768340185e-05,0.0,13.039999961853027,685.8695068359375,-123.55755300873335,48.128270763987956
5194,0.9961495399475098,7.875642768340185e-05,0.0,13.039999961853027,685.8695068359375,-123.55755300873335,48.128270763987956
5195,0.9961495399475098,7.875642768340185e-05,0.0,13.039999961853027,685.8695068359375,-123.55755300873335,48.128270763987956
5196,0.9961495399475098,7.875642768340185e-05,0.0,13.039999961853027,685.8695068359375,-123.55755300873335,48.128270763987956
5197,0.9961495399475098,7.875642768340185e-05,0.0,13.039999961853027,685.8695068359375,-123.55755300873335,48.128270763987956
5198,0.9961495399475098,7.875642768340185e-05,0.0,13.039999961853027,685.8695068359375,-123.55755300873335,48.128270763987956
5199,0.9961495399475098,7.875642768340185e-05,0.0,13.039999961853027,685.8695068359375,-123.55755300873335,48.128270763987956
5200,8.180922122846823e-06,6.664073589490727e-05,0.0,13.100000381469727,752.5748901367188,-123.55715300873335,48.128270763987956
5201,8.180922122846823e-06,6.664073589490727e-05,0.0,13.100000381469727,752.5748901367188,-123.55715300873335,48.128270763987956
5202,8.180922122846823e-06,6.664073589490727e-05,0.0,13.100000381469727,752.5748901367188,-123.55715300873335,48.128270763987956
5203,8.180922122846823e-06,6.664073589490727e-05,0.0,13.100000381469727,752.5748901367188,-123.55715300873335,48.128270763987956
5204,8.180922122846823e-06,6.664073589490727e-05,0.0,13.100000381469727,752.5748901367188,-123.55715300873335,48.128270763987956
5205,8.180922122846823e-06,6.664073589490727e-05,0.0,13.100000381469727,752.5748901367188,-123.55715300873335,48.128270763987956
5206,8.180922122846823e-06,6.664073589490727e-05,0.0,13.100000381469727,752.5748901367188,-123.55715300873335,48.128270763987956
5207,0.0,0.0,0.0,0.0,806.6585693359375,-123.55675300873335,48.128270763987956
5208,0.0,0.0,0.0,0.0,806.6585693359375,-123.55675300873335,48.128270763987956
5209,0.0,0.0,0.0,0.0,806.6585693359375,-123.55675300873335,48.128270763987956
5210,0.0,0.0,0.0,0.0,806.6585693359375,-123.55675300873335,48.128270763987956
5211,0.0,0.0,0.0,0.0,806.6585693359375,-123.55675300873335,48.128270763987956
5212,0.0,0.0,0.0,0.0,806.6585693359375,-123.55675300873335,48.128270763987956
5213,0.0,0.0,0.0,0.0,857.5780029296875,-123.55635300873335,48.128270763987956
5214,0.0,0.0,0.0,0.0,857.5780029296875,-123.55635300873335,48.128270763987956
5215,0.0,0.0,0.0,0.0,857.5780029296875,-123.55635300873335,48.128270763987956
5216,0.0,0.0,0.0,0.0,857.5780029296875,-123.55635300873335,48.128270763987956
5217,0.0,0.0,0.0,0.0,857.5780029296875,-123.55635300873335,48.128270763987956
5218,0.0,0.0,0.0,0.0,857.5780029296875,-123.55635300873335,48.128270763987956
5219,0.0,0.0,0.0,0.0,917.8518676757812,-123.55595300873335,48.128270763987956
5220,0.0,0.0,0.0,0.0,917.8518676757812,-123.55595300873335,48.128270763987956
5221,0.0,0.0,0.0,0.0,917.8518676757812,-123.55595300873335,48.128270763987956
5222,0.0,0.0,0.0,0.0,917.8518676757812,-123.55595300873335,48.128270763987956
5223,0.0,0.0,0.0,0.0,979.01171875,-123.55555300873336,48.128270763987956
5224,0.0,0.0,0.0,0.0,979.01171875,-123.55555300873336,48.128270763987956
5225,0.0,0.0,0.0,0.0,979.01171875,-123.55555300873336,48.128270763987956
5226,0.0,0.0,0.0,0.0,979.01171875,-123.55555300873336,48.128270763987956
5227,0.22189964354038239,0.5975178480148315,0.0,11.75,155.32225036621094,-123.55955300873335,48.12787076398796
5228,0.22189964354038239,0.5975178480148315,0.0,11.75,155.32225036621094,-123.55955300873335,48.12787076398796
5229,0.22189964354038239,0.5975178480148315,0.0,11.75,155.32225036621094,-123.55955300873335,48.12787076398796
5230,0.22189964354038239,0.5975178480148315,0.0,11.75,155.32225036621094,-123.55955300873335,48.12787076398796
5231,0.22189964354038239,0.5975178480148315,0.0,11.75,155.32225036621094,-123.55955300873335,48.12787076398796
5232,0.22189964354038239,0.5975178480148315,0.0,11.75,155.32225036621094,-123.55955300873335,48.12787076398796
5233,0.22189964354038239,0.5975178480148315,0.0,11.75,155.32225036621094,-123.55955300873335,48.12787076398796
5234,0.22189964354038239,0.5975178480148315,0.0,11.75,155.32225036621094,-123.55955300873335,48.12787076398796
5235,0.22189964354038239,0.5975178480148315,0.0,11.75,155.32225036621094,-123.55955300873335,48.12787076398796
5236,0.22189964354038239,0.5975178480148315,0.0,11.75,155.32225036621094,-123.55955300873335,48.12787076398796
5237,1.2071149285475258e-05,0.02582939900457859,0.0,11.08045768737793,99.0,-123.55915300873335,48.12787076398796
5238,1.2071149285475258e-05,0.02582939900457859,0.0,11.08045768737793,99.0,-123.55915300873335,48.12787076398796
5239,1.2071149285475258e-05,0.02582939900457859,0.0,11.08045768737793,99.0,-123.55915300873335,48.12787076398796
5240,1.2071149285475258e-05,0.02582939900457859,0.0,11.08045768737793,99.0,-123.55915300873335,48.12787076398796
5241,1.2071149285475258e-05,0.02582939900457859,0.0,11.08045768737793,99.0,-123.55915300873335,48.12787076398796
5242,1.2071149285475258e-05,0.02582939900457859,0.0,11.08045768737793,99.0,-123.55915300873335,48.12787076398796
5243,1.2071149285475258e-05,0.02582939900457859,0.0,11.08045768737793,99.0,-123.55915300873335,48.12787076398796
5244,1.2071149285475258e-05,0.02582939900457859,0.0,11.08045768737793,99.0,-123.55915300873335,48.12787076398796
5245,1.2071149285475258e-05,0.02582939900457859,0.0,11.08045768737793,99.0,-123.55915300873335,48.12787076398796
5246,1.2071149285475258e-05,0.02582939900457859,0.0,11.08045768737793,99.0,-123.55915300873335,48.12787076398796
5247,1.7500419744465034e-06,0.0012807230232283473,0.0,12.139422416687012,354.0,-123.55875300873335,48.12787076398796
5248,1.7500419744465034e-06,0.0012807230232283473,0.0,12.139422416687012,354.0,-123.55875300873335,48.12787076398796
5249,1.7500419744465034e-06,0.0012807230232283473,0.0,12.139422416687012,354.0,-123.55875300873335,48.12787076398796
5250,1.7500419744465034e-06,0.0012807230232283473,0.0,12.139422416687012,354.0,-123.55875300873335,48.12787076398796
5251,1.7500419744465034e-06,0.0012807230232283473,0.0,12.139422416687012,354.0,-123.55875300873335,48.12787076398796
5252,1.7500419744465034e-06,0.0012807230232283473,0.0,12.139422416687012,354.0,-123.55875300873335,48.12787076398796
5253,1.7500419744465034e-06,0.0012807230232283473,0.0,12.139422416687012,354.0,-123.55875300873335,48.12787076398796
5254,1.7500419744465034e-06,0.0012807230232283473,0.0,12.139422416687012,354.0,-123.55875300873335,48.12787076398796
5255,1.7500419744465034e-06,0.0012807230232283473,0.0,12.139422416687012,354.0,-123.55875300873335,48.12787076398796
5256,1.7500419744465034e-06,0.0012807230232283473,0.0,12.139422416687012,354.0,-123.55875300873335,48.12787076398796
5257,0.999984622001648,6.157967436593026e-05,0.0,13.170000076293945,514.7523803710938,-123.55835300873335,48.12787076398796
5258,0.999984622001648,6.157967436593026e-05,0.0,13.170000076293945,514.7523803710938,-123.55835300873335,48.12787076398796
5259,0.999984622001648,6.157967436593026e-05,0.0,13.170000076293945,514.7523803710938,-123.55835300873335,48.12787076398796
5260,0.999984622001648,6.157967436593026e-05,0.0,13.170000076293945,514.7523803710938,-123.55835300873335,48.12787076398796
5261,0.999984622001648,6.157967436593026e-05,0.0,13.170000076293945,514.7523803710938,-123.55835300873335,48.12787076398796
5262,0.999984622001648,6.157967436593026e-05,0.0,13.170000076293945,514.7523803710938,-123.55835300873335,48.12787076398796
5263,0.999984622001648,6.157967436593026e-05,0.0,13.170000076293945,514.7523803710938,-123.55835300873335,48.12787076398796
5264,0.999998927116394,2.9183709557401016e-05,0.0,13.399999618530273,617.2560424804688,-123.55795300873335,48.12787076398796
5265,0.999998927116394,2.9183709557401016e-05,0.0,13.399999618530273,617.2560424804688,-123.55795300873335,48.12787076398796
5266,0.999998927116394,2.9183709557401016e-05,0.0,13.399999618530273,617.2560424804688,-123.55795300873335,48.12787076398796
5267,0.999998927116394,2.9183709557401016e-05,0.0,13.399999618530273,617.2560424804688,-123.55795300873335,48.12787076398796
5268,0.999998927116394,2.9183709557401016e-05,0.0,13.399999618530273,617.2560424804688,-123.55795300873335,48.12787076398796
5269,0.999998927116394,2.9183709557401016e-05,0.0,13.399999618530273,617.2560424804688,-123.55795300873335,48.12787076398796
5270,0.999998927116394,2.9183709557401016e-05,0.0,13.399999618530273,617.2560424804688,-123.55795300873335,48.12787076398796
5271,0.999586284160614,5.70272168260999e-05,0.0,13.260000228881836,769.3438720703125,-123.55755300873335,48.12787076398796
5272,0.999586284160614,5.70272168260999e-05,0.0,13.260000228881836,769.3438720703125,-123.55755300873335,48.12787076398796
5273,0.999586284160614,5.70272168260999e-05,0.0,13.260000228881836,769.3438720703125,-123.55755300873335,48.12787076398796
5274,0.999586284160614,5.70272168260999e-05,0.0,13.260000228881836,769.3438720703125,-123.55755300873335,48.12787076398796
5275,0.999586284160614,5.70272168260999e-05,0.0,13.260000228881836,769.3438720703125,-123.55755300873335,48.12787076398796
5276,0.999586284160614,5.70272168260999e-05,0.0,13.260000228881836,769.3438720703125,-123.55755300873335,48.12787076398796
5277,0.999586284160614,5.70272168260999e-05,0.0,13.260000228881836,769.3438720703125,-123.55755300873335,48.12787076398796
5278,0.0,0.0,0.0,0.0,965.5718383789062,-123.55715300873335,48.12787076398796
5279,0.0,0.0,0.0,0.0,965.5718383789062,-123.55715300873335,48.12787076398796
5280,0.0,0.0,0.0,0.0,965.5718383789062,-123.55715300873335,48.12787076398796
5281,0.0,0.0,0.0,0.0,965.5718383789062,-123.55715300873335,48.12787076398796
5282,0.0,0.0,0.0,0.0,965.5718383789062,-123.55715300873335,48.12787076398796
5283,0.0,0.0,0.0,0.0,965.5718383789062,-123.55715300873335,48.12787076398796
5284,0.0,0.0,0.0,0.0,1054.6700439453125,-123.55675300873335,48.12787076398796
5285,0.0,0.0,0.0,0.0,1054.6700439453125,-123.55675300873335,48.12787076398796
5286,0.0,0.0,0.0,0.0,1054.6700439453125,-123.55675300873335,48.12787076398796
5287,0.0,0.0,0.0,0.0,1054.6700439453125,-123.55675300873335,48.12787076398796
5288,0.0,0.0,0.0,0.0,1108.3126220703125,-123.55635300873335,48.12787076398796
5289,0.0,0.0,0.0,0.0,1108.3126220703125,-123.55635300873335,48.12787076398796
5290,0.0,0.0,0.0,0.0,1108.3126220703125,-123.55635300873335,48.12787076398796
5291,0.0,0.0,0.0,0.0,1108.3126220703125,-123.55635300873335,48.12787076398796
5292,0.0,0.0,0.0,0.0,1161.6802978515625,-123.55595300873335,48.12787076398796
5293,0.0,0.0,0.0,0.0,1161.6802978515625,-123.55595300873335,48.12787076398796
5294,0.0,0.0,0.0,0.0,1161.6802978515625,-123.55595300873335,48.12787076398796
5295,0.0,0.0,0.0,0.0,1161.6802978515625,-123.55595300873335,48.12787076398796
5296,0.0,0.0,0.0,0.0,1228.482421875,-123.55555300873336,48.12787076398796
5297,0.05803577974438667,0.8256326913833618,0.0,11.414095878601074,154.74171447753906,-123.55955300873335,48.12747076398796
5298,0.05803577974438667,0.8256326913833618,0.0,11.414095878601074,154.74171447753906,-123.55955300873335,48.12747076398796
5299,0.05803577974438667,0.8256326913833618,0.0,11.414095878601074,154.74171447753906,-123.55955300873335,48.12747076398796
5300,0.05803577974438667,0.8256326913833618,0.0,11.414095878601074,154.74171447753906,-123.55955300873335,48.12747076398796
5301,0.05803577974438667,0.8256326913833618,0.0,11.414095878601074,154.74171447753906,-123.55955300873335,48.12747076398796
5302,0.05803577974438667,0.8256326913833618,0.0,11.414095878601074,154.74171447753906,-123.55955300873335,48.12747076398796
5303,0.05803577974438667,0.8256326913833618,0.0,11.414095878601074,154.74171447753906,-123.55955300873335,48.12747076398796
5304,0.05803577974438667,0.8256326913833618,0.0,11.414095878601074,154.74171447753906,-123.55955300873335,48.12747076398796
5305,0.05803577974438667,0.8256326913833618,0.0,11.414095878601074,154.74171447753906,-123.55955300873335,48.12747076398796
5306,0.05803577974438667,0.8256326913833618,0.0,11.414095878601074,154.74171447753906,-123.55955300873335,48.12747076398796
5307,2.8456868676585145e-05,0.005455974955111742,0.0,11.964439392089844,86.02325439453125,-123.55915300873335,48.12747076398796
5308,2.8456868676585145e-05,0.005455974955111742,0.0,11.964439392089844,86.02325439453125,-123.55915300873335,48.12747076398796
5309,2.8456868676585145e-05,0.005455974955111742,0.0,11.964439392089844,86.02325439453125,-123.55915300873335,48.12747076398796
5310,2.8456868676585145e-05,0.005455974955111742,0.0,11.964439392089844,86.02325439453125,-123.55915300873335,48.12747076398796
5311,2.8456868676585145e-05,0.005455974955111742,0.0,11.964439392089844,86.02325439453125,-123.55915300873335,48.12747076398796
5312,2.8456868676585145e-05,0.005455974955111742,0.0,11.964439392089844,86.02325439453125,-123.55915300873335,48.12747076398796
5313,2.8456868676585145e-05,0.005455974955111742,0.0,11.964439392089844,86.02325439453125,-123.55915300873335,48.12747076398796
5314,2.8456868676585145e-05,0.005455974955111742,0.0,11.964439392089844,86.02325439453125,-123.55915300873335,48.12747076398796
5315,2.8456868676585145e-05,0.005455974955111742,0.0,11.964439392089844,86.02325439453125,-123.55915300873335,48.12747076398796
5316,2.8456868676585145e-05,0.005455974955111742,0.0,11.964439392089844,86.02325439453125,-123.55915300873335,48.12747076398796
5317,2.3679300284129567e-05,0.024052288383245468,0.0,12.570518493652344,197.24603271484375,-123.55875300873335,48.12747076398796
5318,2.3679300284129567e-05,0.024052288383245468,0.0,12.570518493652344,197.24603271484375,-123.55875300873335,48.12747076398796
5319,2.3679300284129567e-05,0.024052288383245468,0.0,12.570518493652344,197.24603271484375,-123.55875300873335,48.12747076398796
5320,2.3679300284129567e-05,0.024052288383245468,0.0,12.570518493652344,197.24603271484375,-123.55875300873335,48.12747076398796
5321,2.3679300284129567e-05,0.024052288383245468,0.0,12.570518493652344,197.24603271484375,-123.55875300873335,48.12747076398796
5322,2.3679300284129567e-05,0.024052288383245468,0.0,12.570518493652344,197.24603271484375,-123.55875300873335,48.12747076398796
5323,2.3679300284129567e-05,0.024052288383245468,0.0,12.570518493652344,197.24603271484375,-123.55875300873335,48.12747076398796
5324,2.3679300284129567e-05,0.024052288383245468,0.0,12.570518493652344,197.24603271484375,-123.55875300873335,48.12747076398796
5325,2.3679300284129567e-05,0.024052288383245468,0.0,12.570518493652344,197.24603271484375,-123.55875300873335,48.12747076398796
5326,2.3679300284129567e-05,0.024052288383245468,0.0,12.570518493652344,197.24603271484375,-123.55875300873335,48.12747076398796
5327,0.999745786190033,0.00011697589070536196,0.0,13.079999923706055,278.915771484375,-123.55835300873335,48.12747076398796
5328,0.999745786190033,0.00011697589070536196,0.0,13.079999923706055,278.915771484375,-123.55835300873335,48.12747076398796
5329,0.999745786190033,0.00011697589070536196,0.0,13.079999923706055,278.915771484375,-123.55835300873335,48.12747076398796
5330,0.999745786190033,0.00011697589070536196,0.0,13.079999923706055,278.915771484375,-123.55835300873335,48.12747076398796
5331,0.999745786190033,0.00011697589070536196,0.0,13.079999923706055,278.915771484375,-123.55835300873335,48.12747076398796
5332,0.999745786190033,0.00011697589070536196,0.0,13.079999923706055,278.915771484375,-123.55835300873335,48.12747076398796
5333,0.999745786190033,0.00011697589070536196,0.0,13.079999923706055,278.915771484375,-123.55835300873335,48.12747076398796
5334,0.9993382096290588,6.718405347783118e-05,0.0,13.300000190734863,408.729736328125,-123.55795300873335,48.12747076398796
5335,0.9993382096290588,6.718405347783118e-05,0.0,13.300000190734863,408.729736328125,-123.55795300873335,48.12747076398796
5336,0.9993382096290588,6.718405347783118e-05,0.0,13.300000190734863,408.729736328125,-123.55795300873335,48.12747076398796
5337,0.9993382096290588,6.718405347783118e-05,0.0,13.300000190734863,408.729736328125,-123.55795300873335,48.12747076398796
5338,0.9993382096290588,6.718405347783118e-05,0.0,13.300000190734863,408.729736328125,-123.55795300873335,48.12747076398796
5339,0.9993382096290588,6.718405347783118e-05,0.0,13.300000190734863,408.729736328125,-123.55795300873335,48.12747076398796
5340,0.9993382096290588,6.718405347783118e-05,0.0,13.300000190734863,408.729736328125,-123.55795300873335,48.12747076398796
5341,0.0,0.0,0.0,0.0,613.9658203125,-123.55755300873335,48.12747076398796
5342,0.0,0.0,0.0,0.0,613.9658203125,-123.55755300873335,48.12747076398796
5343,0.0,0.0,0.0,0.0,613.9658203125,-123.55755300873335,48.12747076398796
5344,0.0,0.0,0.0,0.0,613.9658203125,-123.55755300873335,48.12747076398796
5345,0.0,0.0,0.0,0.0,613.9658203125,-123.55755300873335,48.12747076398796
5346,0.0,0.0,0.0,0.0,613.9658203125,-123.55755300873335,48.12747076398796
5347,0.0,0.0,0.0,0.0,839.2883911132812,-123.55715300873335,48.12747076398796
5348,0.0,0.0,0.0,0.0,839.2883911132812,-123.55715300873335,48.12747076398796
5349,0.0,0.0,0.0,0.0,839.2883911132812,-123.55715300873335,48.12747076398796
5350,0.0,0.0,0.0,0.0,839.2883911132812,-123.55715300873335,48.12747076398796
5351,0.0,0.0,0.0,0.0,839.2883911132812,-123.55715300873335,48.12747076398796
5352,0.0,0.0,0.0,0.0,839.2883911132812,-123.55715300873335,48.12747076398796
5353,0.0,0.0,0.0,0.0,981.7586059570312,-123.55675300873335,48.12747076398796
5354,0.0,0.0,0.0,0.0,981.7586059570312,-123.55675300873335,48.12747076398796
5355,0.0,0.0,0.0,0.0,981.7586059570312,-123.55675300873335,48.12747076398796
5356,0.0,0.0,0.0,0.0,981.7586059570312,-123.55675300873335,48.12747076398796
5357,0.0,0.0,0.0,0.0,1117.16650390625,-123.55635300873335,48.12747076398796
5358,0.0,0.0,0.0,0.0,1117.16650390625,-123.55635300873335,48.12747076398796
5359,0.0,0.0,0.0,0.0,1117.16650390625,-123.55635300873335,48.12747076398796
5360,0.0,0.0,0.0,0.0,1117.16650390625,-123.55635300873335,48.12747076398796
5361,0.0,0.0,0.0,0.0,1223.2554931640625,-123.55595300873335,48.12747076398796
5362,0.0,0.0,0.0,0.0,1223.2554931640625,-123.55595300873335,48.12747076398796
5363,0.0,0.0,0.0,0.0,1223.2554931640625,-123.55595300873335,48.12747076398796
5364,0.0,0.0,0.0,0.0,1223.2554931640625,-123.55595300873335,48.12747076398796
5365,3.943543731566024e-07,0.21212898194789886,0.0,11.817187309265137,67.88224792480469,-123.55915300873335,48.12707076398796
5366,3.943543731566024e-07,0.21212898194789886,0.0,11.817187309265137,67.88224792480469,-123.55915300873335,48.12707076398796
5367,3.943543731566024e-07,0.21212898194789886,0.0,11.817187309265137,67.88224792480469,-123.55915300873335,48.12707076398796
5368,3.943543731566024e-07,0.21212898194789886,0.0,11.817187309265137,67.88224792480469,-123.55915300873335,48.12707076398796
5369,3.943543731566024e-07,0.21212898194789886,0.0,11.817187309265137,67.88224792480469,-123.55915300873335,48.12707076398796
5370,3.943543731566024e-07,0.21212898194789886,0.0,11.817187309265137,67.88224792480469,-123.55915300873335,48.12707076398796
5371,3.943543731566024e-07,0.21212898194789886,0.0,11.817187309265137,67.88224792480469,-123.55915300873335,48.12707076398796
5372,3.943543731566024e-07,0.21212898194789886,0.0,11.817187309265137,67.88224792480469,-123.55915300873335,48.12707076398796
5373,3.943543731566024e-07,0.21212898194789886,0.0,11.817187309265137,67.88224792480469,-123.55915300873335,48.12707076398796
5374,3.943543731566024e-07,0.21212898194789886,0.0,11.817187309265137,67.88224792480469,-123.55915300873335,48.12707076398796
5375,3.5640341593534686e-06,0.008307025767862797,0.0,11.922938346862793,34.48188018798828,-123.55875300873335,48.12707076398796
5376,3.5640341593534686e-06,0.008307025767862797,0.0,11.922938346862793,34.48188018798828,-123.55875300873335,48.12707076398796
5377,3.5640341593534686e-06,0.008307025767862797,0.0,11.922938346862793,34.48188018798828,-123.55875300873335,48.12707076398796
5378,3.5640341593534686e-06,0.008307025767862797,0.0,11.922938346862793,34.48188018798828,-123.55875300873335,48.12707076398796
5379,3.5640341593534686e-06,0.008307025767862797,0.0,11.922938346862793,34.48188018798828,-123.55875300873335,48.12707076398796
5380,3.5640341593534686e-06,0.008307025767862797,0.0,11.922938346862793,34.48188018798828,-123.55875300873335,48.12707076398796
5381,3.5640341593534686e-06,0.008307025767862797,0.0,11.922938346862793,34.48188018798828,-123.55875300873335,48.12707076398796
5382,3.5640341593534686e-06,0.008307025767862797,0.0,11.922938346862793,34.48188018798828,-123.55875300873335,48.12707076398796
5383,3.5640341593534686e-06,0.008307025767862797,0.0,11.922938346862793,34.48188018798828,-123.55875300873335,48.12707076398796
5384,3.5640341593534686e-06,0.008307025767862797,0.0,11.922938346862793,34.48188018798828,-123.55875300873335,48.12707076398796
5385,4.61202253063675e-05,0.0034795962274074554,0.0,12.229999542236328,48.91830062866211,-123.55835300873335,48.12707076398796
5386,4.61202253063675e-05,0.0034795962274074554,0.0,12.229999542236328,48.91830062866211,-123.55835300873335,48.12707076398796
5387,4.61202253063675e-05,0.0034795962274074554,0.0,12.229999542236328,48.91830062866211,-123.55835300873335,48.12707076398796
5388,4.61202253063675e-05,0.0034795962274074554,0.0,12.229999542236328,48.91830062866211,-123.55835300873335,48.12707076398796
5389,4.61202253063675e-05,0.0034795962274074554,0.0,12.229999542236328,48.91830062866211,-123.55835300873335,48.12707076398796
5390,4.61202253063675e-05,0.0034795962274074554,0.0,12.229999542236328,48.91830062866211,-123.55835300873335,48.12707076398796
5391,4.61202253063675e-05,0.0034795962274074554,0.0,12.229999542236328,48.91830062866211,-123.55835300873335,48.12707076398796
5392,4.61202253063675e-05,0.0034795962274074554,0.0,12.229999542236328,48.91830062866211,-123.55835300873335,48.12707076398796
5393,4.61202253063675e-05,0.0034795962274074554,0.0,12.229999542236328,48.91830062866211,-123.55835300873335,48.12707076398796
5394,4.61202253063675e-05,0.0034795962274074554,0.0,12.229999542236328,48.91830062866211,-123.55835300873335,48.12707076398796
5395,5.976190095680067e-06,0.6897082328796387,0.0,13.1899995803833,270.6011962890625,-123.55795300873335,48.12707076398796
5396,5.976190095680067e-06,0.6897082328796387,0.0,13.1899995803833,270.6011962890625,-123.55795300873335,48.12707076398796
5397,5.976190095680067e-06,0.6897082328796387,0.0,13.1899995803833,270.6011962890625,-123.55795300873335,48.12707076398796
5398,5.976190095680067e-06,0.6897082328796387,0.0,13.1899995803833,270.6011962890625,-123.55795300873335,48.12707076398796
5399,5.976190095680067e-06,0.6897082328796387,0.0,13.1899995803833,270.6011962890625,-123.55795300873335,48.12707076398796
5400,5.976190095680067e-06,0.6897082328796387,0.0,13.1899995803833,270.6011962890625,-123.55795300873335,48.12707076398796
5401,5.976190095680067e-06,0.6897082328796387,0.0,13.1899995803833,270.6011962890625,-123.55795300873335,48.12707076398796
5402,5.976190095680067e-06,0.6897082328796387,0.0,13.1899995803833,270.6011962890625,-123.55795300873335,48.12707076398796
5403,0.0,0.0,0.0,0.0,505.22271728515625,-123.55755300873335,48.12707076398796
5404,0.0,0.0,0.0,0.0,505.22271728515625,-123.55755300873335,48.12707076398796
5405,0.0,0.0,0.0,0.0,505.22271728515625,-123.55755300873335,48.12707076398796
5406,0.0,0.0,0.0,0.0,505.22271728515625,-123.55755300873335,48.12707076398796
5407,0.0,0.0,0.0,0.0,505.22271728515625,-123.55755300873335,48.12707076398796
5408,0.0,0.0,0.0,0.0,505.22271728515625,-123.55755300873335,48.12707076398796
5409,0.0,0.0,0.0,0.0,641.648681640625,-123.55715300873335,48.12707076398796
5410,0.0,0.0,0.0,0.0,641.648681640625,-123.55715300873335,48.12707076398796
5411,0.0,0.0,0.0,0.0,641.648681640625,-123.55715300873335,48.12707076398796
5412,0.0,0.0,0.0,0.0,641.648681640625,-123.55715300873335,48.12707076398796
5413,0.0,0.0,0.0,0.0,641.648681640625,-123.55715300873335,48.12707076398796
5414,0.0,0.0,0.0,0.0,641.648681640625,-123.55715300873335,48.12707076398796
5415,0.0,0.0,0.0,0.0,763.8226318359375,-123.55675300873335,48.12707076398796
5416,0.0,0.0,0.0,0.0,763.8226318359375,-123.55675300873335,48.12707076398796
5417,0.0,0.0,0.0,0.0,763.8226318359375,-123.55675300873335,48.12707076398796
5418,0.0,0.0,0.0,0.0,763.8226318359375,-123.55675300873335,48.12707076398796
5419,0.0,0.0,0.0,0.0,887.5280151367188,-123.55635300873335,48.12707076398796
5420,0.0,0.0,0.0,0.0,887.5280151367188,-123.55635300873335,48.12707076398796
5421,0.0,0.0,0.0,0.0,887.5280151367188,-123.55635300873335,48.12707076398796
5422,0.0,0.0,0.0,0.0,887.5280151367188,-123.55635300873335,48.12707076398796
5423,0.0,0.0,0.0,0.0,988.3446044921875,-123.55595300873335,48.12707076398796
5424,0.0,0.0,0.0,0.0,988.3446044921875,-123.55595300873335,48.12707076398796
5425,0.0,0.0,0.0,0.0,988.3446044921875,-123.55595300873335,48.12707076398796
5426,3.951211510866415e-06,0.04699178785085678,0.0,11.991135597229004,106.43777465820312,-123.55875300873335,48.12667076398796
5427,3.951211510866415e-06,0.04699178785085678,0.0,11.991135597229004,106.43777465820312,-123.55875300873335,48.12667076398796
5428,3.951211510866415e-06,0.04699178785085678,0.0,11.991135597229004,106.43777465820312,-123.55875300873335,48.12667076398796
5429,3.951211510866415e-06,0.04699178785085678,0.0,11.991135597229004,106.43777465820312,-123.55875300873335,48.12667076398796
5430,3.951211510866415e-06,0.04699178785085678,0.0,11.991135597229004,106.43777465820312,-123.55875300873335,48.12667076398796
5431,3.951211510866415e-06,0.04699178785085678,0.0,11.991135597229004,106.43777465820312,-123.55875300873335,48.12667076398796
5432,3.951211510866415e-06,0.04699178785085678,0.0,11.991135597229004,106.43777465820312,-123.55875300873335,48.12667076398796
5433,3.951211510866415e-06,0.04699178785085678,0.0,11.991135597229004,106.43777465820312,-123.55875300873335,48.12667076398796
5434,3.951211510866415e-06,0.04699178785085678,0.0,11.991135597229004,106.43777465820312,-123.55875300873335,48.12667076398796
5435,3.951211510866415e-06,0.04699178785085678,0.0,11.991135597229004,106.43777465820312,-123.55875300873335,48.12667076398796
5436,1.2540324860310648e-05,0.13087086379528046,0.0,12.005136489868164,17.029386520385742,-123.55835300873335,48.12667076398796
5437,1.2540324860310648e-05,0.13087086379528046,0.0,12.005136489868164,17.029386520385742,-123.55835300873335,48.12667076398796
5438,1.2540324860310648e-05,0.13087086379528046,0.0,12.005136489868164,17.029386520385742,-123.55835300873335,48.12667076398796
5439,1.2540324860310648e-05,0.13087086379528046,0.0,12.005136489868164,17.029386520385742,-123.55835300873335,48.12667076398796
5440,1.2540324860310648e-05,0.13087086379528046,0.0,12.005136489868164,17.029386520385742,-123.55835300873335,48.12667076398796
5441,1.2540324860310648e-05,0.13087086379528046,0.0,12.005136489868164,17.029386520385742,-123.55835300873335,48.12667076398796
5442,1.2540324860310648e-05,0.13087086379528046,0.0,12.005136489868164,17.029386520385742,-123.55835300873335,48.12667076398796
5443,1.2540324860310648e-05,0.13087086379528046,0.0,12.005136489868164,17.029386520385742,-123.55835300873335,48.12667076398796
5444,1.2540324860310648e-05,0.13087086379528046,0.0,12.005136489868164,17.029386520385742,-123.55835300873335,48.12667076398796
5445,1.2540324860310648e-05,0.13087086379528046,0.0,12.005136489868164,17.029386520385742,-123.55835300873335,48.12667076398796
5446,2.233675559182302e-06,0.7977539896965027,0.0,11.993439674377441,154.8289337158203,-123.55795300873335,48.12667076398796
5447,2.233675559182302e-06,0.7977539896965027,0.0,11.993439674377441,154.8289337158203,-123.55795300873335,48.12667076398796
5448,2.233675559182302e-06,0.7977539896965027,0.0,11.993439674377441,154.8289337158203,-123.55795300873335,48.12667076398796
5449,2.233675559182302e-06,0.7977539896965027,0.0,11.993439674377441,154.8289337158203,-123.55795300873335,48.12667076398796
5450,2.233675559182302e-06,0.7977539896965027,0.0,11.993439674377441,154.8289337158203,-123.55795300873335,48.12667076398796
5451,2.233675559182302e-06,0.7977539896965027,0.0,11.993439674377441,154.8289337158203,-123.55795300873335,48.12667076398796
5452,2.233675559182302e-06,0.7977539896965027,0.0,11.993439674377441,154.8289337158203,-123.55795300873335,48.12667076398796
5453,2.233675559182302e-06,0.7977539896965027,0.0,11.993439674377441,154.8289337158203,-123.55795300873335,48.12667076398796
5454,2.233675559182302e-06,0.7977539896965027,0.0,11.993439674377441,154.8289337158203,-123.55795300873335,48.12667076398796
5455,2.233675559182302e-06,0.7977539896965027,0.0,11.993439674377441,154.8289337158203,-123.55795300873335,48.12667076398796
5456,2.6933730801204092e-09,0.006458337884396315,0.0,13.779999732971191,297.0269470214844,-123.55755300873335,48.12667076398796
5457,2.6933730801204092e-09,0.006458337884396315,0.0,13.779999732971191,297.0269470214844,-123.55755300873335,48.12667076398796
5458,2.6933730801204092e-09,0.006458337884396315,0.0,13.779999732971191,297.0269470214844,-123.55755300873335,48.12667076398796
5459,2.6933730801204092e-09,0.006458337884396315,0.0,13.779999732971191,297.0269470214844,-123.55755300873335,48.12667076398796
5460,2.6933730801204092e-09,0.006458337884396315,0.0,13.779999732971191,297.0269470214844,-123.55755300873335,48.12667076398796
5461,2.6933730801204092e-09,0.006458337884396315,0.0,13.779999732971191,297.0269470214844,-123.55755300873335,48.12667076398796
5462,2.6933730801204092e-09,0.006458337884396315,0.0,13.779999732971191,297.0269470214844,-123.55755300873335,48.12667076398796
5463,2.6933730801204092e-09,0.006458337884396315,0.0,13.779999732971191,297.0269470214844,-123.55755300873335,48.12667076398796
5464,2.6933730801204092e-09,0.006458337884396315,0.0,13.779999732971191,297.0269470214844,-123.55755300873335,48.12667076398796
5465,0.0,0.0,0.0,0.0,411.734130859375,-123.55715300873335,48.12667076398796
5466,0.0,0.0,0.0,0.0,411.734130859375,-123.55715300873335,48.12667076398796
5467,0.0,0.0,0.0,0.0,411.734130859375,-123.55715300873335,48.12667076398796
5468,0.0,0.0,0.0,0.0,411.734130859375,-123.55715300873335,48.12667076398796
5469,0.0,0.0,0.0,0.0,411.734130859375,-123.55715300873335,48.12667076398796
5470,0.0,0.0,0.0,0.0,411.734130859375,-123.55715300873335,48.12667076398796
5471,0.0,0.0,0.0,0.0,550.2953491210938,-123.55675300873335,48.12667076398796
5472,0.0,0.0,0.0,0.0,550.2953491210938,-123.55675300873335,48.12667076398796
5473,0.0,0.0,0.0,0.0,550.2953491210938,-123.55675300873335,48.12667076398796
5474,0.0,0.0,0.0,0.0,550.2953491210938,-123.55675300873335,48.12667076398796
5475,0.0,0.0,0.0,0.0,654.1712036132812,-123.55635300873335,48.12667076398796
5476,0.0,0.0,0.0,0.0,654.1712036132812,-123.55635300873335,48.12667076398796
5477,0.0,0.0,0.0,0.0,654.1712036132812,-123.55635300873335,48.12667076398796
5478,0.0,0.0,0.0,0.0,654.1712036132812,-123.55635300873335,48.12667076398796
5479,0.19074438512325287,0.6810107827186584,0.0,12.380000114440918,191.76026916503906,-123.55835300873335,48.12627076398796
5480,0.19074438512325287,0.6810107827186584,0.0,12.380000114440918,191.76026916503906,-123.55835300873335,48.12627076398796
5481,0.19074438512325287,0.6810107827186584,0.0,12.380000114440918,191.76026916503906,-123.55835300873335,48.12627076398796
5482,0.19074438512325287,0.6810107827186584,0.0,12.380000114440918,191.76026916503906,-123.55835300873335,48.12627076398796
5483,0.19074438512325287,0.6810107827186584,0.0,12.380000114440918,191.76026916503906,-123.55835300873335,48.12627076398796
5484,0.19074438512325287,0.6810107827186584,0.0,12.380000114440918,191.76026916503906,-123.55835300873335,48.12627076398796
5485,0.19074438512325287,0.6810107827186584,0.0,12.380000114440918,191.76026916503906,-123.55835300873335,48.12627076398796
5486,0.19074438512325287,0.6810107827186584,0.0,12.380000114440918,191.76026916503906,-123.55835300873335,48.12627076398796
5487,0.19074438512325287,0.6810107827186584,0.0,12.380000114440918,191.76026916503906,-123.55835300873335,48.12627076398796
5488,0.19074438512325287,0.6810107827186584,0.0,12.380000114440918,191.76026916503906,-123.55835300873335,48.12627076398796
5489,2.14572992263129e-06,0.9977377653121948,0.0,11.966923713684082,57.688819885253906,-123.55795300873335,48.12627076398796
5490,2.14572992263129e-06,0.9977377653121948,0.0,11.966923713684082,57.688819885253906,-123.55795300873335,48.12627076398796
5491,2.14572992263129e-06,0.9977377653121948,0.0,11.966923713684082,57.688819885253906,-123.55795300873335,48.12627076398796
5492,2.14572992263129e-06,0.9977377653121948,0.0,11.966923713684082,57.688819885253906,-123.55795300873335,48.12627076398796
5493,2.14572992263129e-06,0.9977377653121948,0.0,11.966923713684082,57.688819885253906,-123.55795300873335,48.12627076398796
5494,2.14572992263129e-06,0.9977377653121948,0.0,11.966923713684082,57.688819885253906,-123.55795300873335,48.12627076398796
5495,2.14572992263129e-06,0.9977377653121948,0.0,11.966923713684082,57.688819885253906,-123.55795300873335,48.12627076398796
5496,2.14572992263129e-06,0.9977377653121948,0.0,11.966923713684082,57.688819885253906,-123.55795300873335,48.12627076398796
5497,2.14572992263129e-06,0.9977377653121948,0.0,11.966923713684082,57.688819885253906,-123.55795300873335,48.12627076398796
5498,2.14572992263129e-06,0.9977377653121948,0.0,11.966923713684082,57.688819885253906,-123.55795300873335,48.12627076398796
5499,2.202685209340416e-06,0.9690028429031372,0.0,11.95486831665039,71.86793518066406,-123.55755300873335,48.12627076398796
5500,2.202685209340416e-06,0.9690028429031372,0.0,11.95486831665039,71.86793518066406,-123.55755300873335,48.12627076398796
5501,2.202685209340416e-06,0.9690028429031372,0.0,11.95486831665039,71.86793518066406,-123.55755300873335,48.12627076398796
5502,2.202685209340416e-06,0.9690028429031372,0.0,11.95486831665039,71.86793518066406,-123.55755300873335,48.12627076398796
5503,2.202685209340416e-06,0.9690028429031372,0.0,11.95486831665039,71.86793518066406,-123.55755300873335,48.12627076398796
5504,2.202685209340416e-06,0.9690028429031372,0.0,11.95486831665039,71.86793518066406,-123.55755300873335,48.12627076398796
5505,2.202685209340416e-06,0.9690028429031372,0.0,11.95486831665039,71.86793518066406,-123.55755300873335,48.12627076398796
5506,2.202685209340416e-06,0.9690028429031372,0.0,11.95486831665039,71.86793518066406,-123.55755300873335,48.12627076398796
5507,2.202685209340416e-06,0.9690028429031372,0.0,11.95486831665039,71.86793518066406,-123.55755300873335,48.12627076398796
5508,2.202685209340416e-06,0.9690028429031372,0.0,11.95486831665039,71.86793518066406,-123.55755300873335,48.12627076398796
5509,4.265299139660783e-06,0.0009943903423845768,0.0,13.520000457763672,197.7523651123047,-123.55715300873335,48.12627076398796
5510,4.265299139660783e-06,0.0009943903423845768,0.0,13.520000457763672,197.7523651123047,-123.55715300873335,48.12627076398796
5511,4.265299139660783e-06,0.0009943903423845768,0.0,13.520000457763672,197.7523651123047,-123.55715300873335,48.12627076398796
5512,4.265299139660783e-06,0.0009943903423845768,0.0,13.520000457763672,197.7523651123047,-123.55715300873335,48.12627076398796
5513,4.265299139660783e-06,0.0009943903423845768,0.0,13.520000457763672,197.7523651123047,-123.55715300873335,48.12627076398796
5514,4.265299139660783e-06,0.0009943903423845768,0.0,13.520000457763672,197.7523651123047,-123.55715300873335,48.12627076398796
5515,4.265299139660783e-06,0.0009943903423845768,0.0,13.520000457763672,197.7523651123047,-123.55715300873335,48.12627076398796
5516,4.265299139660783e-06,0.0009943903423845768,0.0,13.520000457763672,197.7523651123047,-123.55715300873335,48.12627076398796
5517,4.265299139660783e-06,0.0009943903423845768,0.0,13.520000457763672,197.7523651123047,-123.55715300873335,48.12627076398796
5518,0.010164369828999043,0.2426125407218933,0.0,13.220000267028809,317.8049621582031,-123.55675300873335,48.12627076398796
5519,0.010164369828999043,0.2426125407218933,0.0,13.220000267028809,317.8049621582031,-123.55675300873335,48.12627076398796
5520,0.010164369828999043,0.2426125407218933,0.0,13.220000267028809,317.8049621582031,-123.55675300873335,48.12627076398796
5521,0.010164369828999043,0.2426125407218933,0.0,13.220000267028809,317.8049621582031,-123.55675300873335,48.12627076398796
5522,0.010164369828999043,0.2426125407218933,0.0,13.220000267028809,317.8049621582031,-123.55675300873335,48.12627076398796
5523,0.010164369828999043,0.2426125407218933,0.0,13.220000267028809,317.8049621582031,-123.55675300873335,48.12627076398796
5524,0.010164369828999043,0.2426125407218933,0.0,13.220000267028809,317.8049621582031,-123.55675300873335,48.12627076398796
5525,0.0,0.0,0.0,0.0,419.3149108886719,-123.55635300873335,48.12627076398796
5526,0.0,0.0,0.0,0.0,419.3149108886719,-123.55635300873335,48.12627076398796
5527,0.0,0.0,0.0,0.0,419.3149108886719,-123.55635300873335,48.12627076398796
5528,0.0,0.0,0.0,0.0,419.3149108886719,-123.55635300873335,48.12627076398796
5529,0.0,0.0,0.0,0.0,498.95892333984375,-123.55595300873335,48.12627076398796
5530,0.0,0.0,0.0,0.0,498.95892333984375,-123.55595300873335,48.12627076398796
5531,0.0,0.0,0.0,0.0,498.95892333984375,-123.55595300873335,48.12627076398796
5532,0.0,0.0,0.0,0.0,498.95892333984375,-123.55595300873335,48.12627076398796
5533,0.0,0.0,0.0,0.0,498.95892333984375,-123.55595300873335,48.12627076398796
5534,0.0,0.0,0.0,0.0,498.95892333984375,-123.55595300873335,48.12627076398796
5535,2.67970153799979e-06,0.9343532919883728,0.0,12.640000343322754,154.20765686035156,-123.55755300873335,48.12587076398796
5536,2.67970153799979e-06,0.9343532919883728,0.0,12.640000343322754,154.20765686035156,-123.55755300873335,48.12587076398796
5537,2.67970153799979e-06,0.9343532919883728,0.0,12.640000343322754,154.20765686035156,-123.55755300873335,48.12587076398796
5538,2.67970153799979e-06,0.9343532919883728,0.0,12.640000343322754,154.20765686035156,-123.55755300873335,48.12587076398796
5539,2.67970153799979e-06,0.9343532919883728,0.0,12.640000343322754,154.20765686035156,-123.55755300873335,48.12587076398796
5540,2.67970153799979e-06,0.9343532919883728,0.0,12.640000343322754,154.20765686035156,-123.55755300873335,48.12587076398796
5541,2.67970153799979e-06,0.9343532919883728,0.0,12.640000343322754,154.20765686035156,-123.55755300873335,48.12587076398796
5542,2.67970153799979e-06,0.9343532919883728,0.0,12.640000343322754,154.20765686035156,-123.55755300873335,48.12587076398796
5543,2.67970153799979e-06,0.9343532919883728,0.0,12.640000343322754,154.20765686035156,-123.55755300873335,48.12587076398796
5544,1.998061634367332e-06,0.8863810896873474,0.0,12.01830005645752,17.8885440826416,-123.55715300873335,48.12587076398796
5545,1.998061634367332e-06,0.8863810896873474,0.0,12.01830005645752,17.8885440826416,-123.55715300873335,48.12587076398796
5546,1.998061634367332e-06,0.8863810896873474,0.0,12.01830005645752,17.8885440826416,-123.55715300873335,48.12587076398796
5547,1.998061634367332e-06,0.8863810896873474,0.0,12.01830005645752,17.8885440826416,-123.55715300873335,48.12587076398796
5548,1.998061634367332e-06,0.8863810896873474,0.0,12.01830005645752,17.8885440826416,-123.55715300873335,48.12587076398796
5549,1.998061634367332e-06,0.8863810896873474,0.0,12.01830005645752,17.8885440826416,-123.55715300873335,48.12587076398796
5550,1.998061634367332e-06,0.8863810896873474,0.0,12.01830005645752,17.8885440826416,-123.55715300873335,48.12587076398796
5551,1.998061634367332e-06,0.8863810896873474,0.0,12.01830005645752,17.8885440826416,-123.55715300873335,48.12587076398796
5552,1.998061634367332e-06,0.8863810896873474,0.0,12.01830005645752,17.8885440826416,-123.55715300873335,48.12587076398796
5553,1.998061634367332e-06,0.8863810896873474,0.0,12.01830005645752,17.8885440826416,-123.55715300873335,48.12587076398796
5554,5.759257874160539e-06,0.6235818266868591,0.0,12.051262855529785,86.16263580322266,-123.55675300873335,48.12587076398796
5555,5.759257874160539e-06,0.6235818266868591,0.0,12.051262855529785,86.16263580322266,-123.55675300873335,48.12587076398796
5556,5.759257874160539e-06,0.6235818266868591,0.0,12.051262855529785,86.16263580322266,-123.55675300873335,48.12587076398796
5557,5.759257874160539e-06,0.6235818266868591,0.0,12.051262855529785,86.16263580322266,-123.55675300873335,48.12587076398796
5558,5.759257874160539e-06,0.6235818266868591,0.0,12.051262855529785,86.16263580322266,-123.55675300873335,48.12587076398796
5559,5.759257874160539e-06,0.6235818266868591,0.0,12.051262855529785,86.16263580322266,-123.55675300873335,48.12587076398796
5560,5.759257874160539e-06,0.6235818266868591,0.0,12.051262855529785,86.16263580322266,-123.55675300873335,48.12587076398796
5561,5.759257874160539e-06,0.6235818266868591,0.0,12.051262855529785,86.16263580322266,-123.55675300873335,48.12587076398796
5562,5.759257874160539e-06,0.6235818266868591,0.0,12.051262855529785,86.16263580322266,-123.55675300873335,48.12587076398796
5563,5.759257874160539e-06,0.6235818266868591,0.0,12.051262855529785,86.16263580322266,-123.55675300873335,48.12587076398796
5564,0.6542688608169556,9.155954467132688e-05,0.0,14.550000190734863,185.40765380859375,-123.55635300873335,48.12587076398796
5565,0.6542688608169556,9.155954467132688e-05,0.0,14.550000190734863,185.40765380859375,-123.55635300873335,48.12587076398796
5566,0.6542688608169556,9.155954467132688e-05,0.0,14.550000190734863,185.40765380859375,-123.55635300873335,48.12587076398796
5567,0.6542688608169556,9.155954467132688e-05,0.0,14.550000190734863,185.40765380859375,-123.55635300873335,48.12587076398796
5568,0.6542688608169556,9.155954467132688e-05,0.0,14.550000190734863,185.40765380859375,-123.55635300873335,48.12587076398796
5569,0.6542688608169556,9.155954467132688e-05,0.0,14.550000190734863,185.40765380859375,-123.55635300873335,48.12587076398796
5570,0.6542688608169556,9.155954467132688e-05,0.0,14.550000190734863,185.40765380859375,-123.55635300873335,48.12587076398796
5571,0.0,0.0,0.0,0.0,249.1947021484375,-123.55595300873335,48.12587076398796
5572,0.0,0.0,0.0,0.0,249.1947021484375,-123.55595300873335,48.12587076398796
5573,0.0,0.0,0.0,0.0,249.1947021484375,-123.55595300873335,48.12587076398796
5574,0.0,0.0,0.0,0.0,249.1947021484375,-123.55595300873335,48.12587076398796
5575,0.0,0.0,0.0,0.0,249.1947021484375,-123.55595300873335,48.12587076398796
5576,0.0,0.0,0.0,0.0,249.1947021484375,-123.55595300873335,48.12587076398796
5577,0.0,0.0,0.0,0.0,279.0,-123.55555300873336,48.12587076398796
5578,0.0,0.0,0.0,0.0,279.0,-123.55555300873336,48.12587076398796
5579,0.0,0.0,0.0,0.0,279.0,-123.55555300873336,48.12587076398796
5580,0.0,0.0,0.0,0.0,279.0,-123.55555300873336,48.12587076398796
5581,0.0,0.0,0.0,0.0,279.0,-123.55555300873336,48.12587076398796
5582,0.0,0.0,0.0,0.0,282.0,-123.55515300873336,48.12587076398796
5583,0.0,0.0,0.0,0.0,282.0,-123.55515300873336,48.12587076398796
5584,0.0,0.0,0.0,0.0,282.0,-123.55515300873336,48.12587076398796
5585,0.0,0.0,0.0,0.0,282.0,-123.55515300873336,48.12587076398796
5586,0.0,0.0,0.0,0.0,291.4395446777344,-123.55475300873336,48.12587076398796
5587,0.0,0.0,0.0,0.0,291.4395446777344,-123.55475300873336,48.12587076398796
5588,0.0,0.0,0.0,0.0,291.4395446777344,-123.55475300873336,48.12587076398796
5589,0.0,0.0,0.0,0.0,315.83538818359375,-123.55435300873336,48.12587076398796
5590,0.0,0.0,0.0,0.0,387.76409912109375,-123.55395300873336,48.12587076398796
5591,0.0,0.0,0.0,0.0,510.6015930175781,-123.55355300873336,48.12587076398796
5592,0.0,0.0,0.0,0.0,661.8912353515625,-123.55315300873336,48.12587076398796
5593,0.0,0.0,0.0,0.0,833.1446533203125,-123.55275300873336,48.12587076398796
5594,0.0,0.0,0.0,0.0,1021.1385498046875,-123.55235300873336,48.12587076398796
5595,0.0028092714492231607,0.761726975440979,0.0,12.729999542236328,148.0033721923828,-123.55675300873335,48.12547076398796
5596,0.0028092714492231607,0.761726975440979,0.0,12.729999542236328,148.0033721923828,-123.55675300873335,48.12547076398796
5597,0.0028092714492231607,0.761726975440979,0.0,12.729999542236328,148.0033721923828,-123.55675300873335,48.12547076398796
5598,0.0028092714492231607,0.761726975440979,0.0,12.729999542236328,148.0033721923828,-123.55675300873335,48.12547076398796
5599,0.0028092714492231607,0.761726975440979,0.0,12.729999542236328,148.0033721923828,-123.55675300873335,48.12547076398796
5600,0.0028092714492231607,0.761726975440979,0.0,12.729999542236328,148.0033721923828,-123.55675300873335,48.12547076398796
5601,0.0028092714492231607,0.761726975440979,0.0,12.729999542236328,148.0033721923828,-123.55675300873335,48.12547076398796
5602,0.0028092714492231607,0.761726975440979,0.0,12.729999542236328,148.0033721923828,-123.55675300873335,48.12547076398796
5603,2.092839110900968e-07,0.9137590527534485,0.0,12.062633514404297,29.4108829498291,-123.55635300873335,48.12547076398796
5604,2.092839110900968e-07,0.9137590527534485,0.0,12.062633514404297,29.4108829498291,-123.55635300873335,48.12547076398796
5605,2.092839110900968e-07,0.9137590527534485,0.0,12.062633514404297,29.4108829498291,-123.55635300873335,48.12547076398796
5606,2.092839110900968e-07,0.9137590527534485,0.0,12.062633514404297,29.4108829498291,-123.55635300873335,48.12547076398796
5607,2.092839110900968e-07,0.9137590527534485,0.0,12.062633514404297,29.4108829498291,-123.55635300873335,48.12547076398796
5608,2.092839110900968e-07,0.9137590527534485,0.0,12.062633514404297,29.4108829498291,-123.55635300873335,48.12547076398796
5609,2.092839110900968e-07,0.9137590527534485,0.0,12.062633514404297,29.4108829498291,-123.55635300873335,48.12547076398796
5610,2.092839110900968e-07,0.9137590527534485,0.0,12.062633514404297,29.4108829498291,-123.55635300873335,48.12547076398796
5611,2.092839110900968e-07,0.9137590527534485,0.0,12.062633514404297,29.4108829498291,-123.55635300873335,48.12547076398796
5612,2.092839110900968e-07,0.9137590527534485,0.0,12.062633514404297,29.4108829498291,-123.55635300873335,48.12547076398796
5613,3.7471343716788397e-07,0.13618804514408112,0.0,13.1391019821167,3.0,-123.55595300873335,48.12547076398796
5614,3.7471343716788397e-07,0.13618804514408112,0.0,13.1391019821167,3.0,-123.55595300873335,48.12547076398796
5615,3.7471343716788397e-07,0.13618804514408112,0.0,13.1391019821167,3.0,-123.55595300873335,48.12547076398796
5616,3.7471343716788397e-07,0.13618804514408112,0.0,13.1391019821167,3.0,-123.55595300873335,48.12547076398796
5617,3.7471343716788397e-07,0.13618804514408112,0.0,13.1391019821167,3.0,-123.55595300873335,48.12547076398796
5618,3.7471343716788397e-07,0.13618804514408112,0.0,13.1391019821167,3.0,-123.55595300873335,48.12547076398796
5619,3.7471343716788397e-07,0.13618804514408112,0.0,13.1391019821167,3.0,-123.55595300873335,48.12547076398796
5620,3.7471343716788397e-07,0.13618804514408112,0.0,13.1391019821167,3.0,-123.55595300873335,48.12547076398796
5621,3.7471343716788397e-07,0.13618804514408112,0.0,13.1391019821167,3.0,-123.55595300873335,48.12547076398796
5622,3.7471343716788397e-07,0.13618804514408112,0.0,13.1391019821167,3.0,-123.55595300873335,48.12547076398796
5623,6.559634613267917e-09,0.9977218508720398,0.0,13.247797966003418,24.0,-123.55555300873336,48.12547076398796
5624,6.559634613267917e-09,0.9977218508720398,0.0,13.247797966003418,24.0,-123.55555300873336,48.12547076398796
5625,6.559634613267917e-09,0.9977218508720398,0.0,13.247797966003418,24.0,-123.55555300873336,48.12547076398796
5626,6.559634613267917e-09,0.9977218508720398,0.0,13.247797966003418,24.0,-123.55555300873336,48.12547076398796
5627,6.559634613267917e-09,0.9977218508720398,0.0,13.247797966003418,24.0,-123.55555300873336,48.12547076398796
5628,6.559634613267917e-09,0.9977218508720398,0.0,13.247797966003418,24.0,-123.55555300873336,48.12547076398796
5629,6.559634613267917e-09,0.9977218508720398,0.0,13.247797966003418,24.0,-123.55555300873336,48.12547076398796
5630,6.559634613267917e-09,0.9977218508720398,0.0,13.247797966003418,24.0,-123.55555300873336,48.12547076398796
5631,6.559634613267917e-09,0.9977218508720398,0.0,13.247797966003418,24.0,-123.55555300873336,48.12547076398796
5632,6.559634613267917e-09,0.9977218508720398,0.0,13.247797966003418,24.0,-123.55555300873336,48.12547076398796
5633,1.230719415268311e-09,0.9982830286026001,0.0,13.35422420501709,27.0,-123.55515300873336,48.12547076398796
5634,1.230719415268311e-09,0.9982830286026001,0.0,13.35422420501709,27.0,-123.55515300873336,48.12547076398796
5635,1.230719415268311e-09,0.9982830286026001,0.0,13.35422420501709,27.0,-123.55515300873336,48.12547076398796
5636,1.230719415268311e-09,0.9982830286026001,0.0,13.35422420501709,27.0,-123.55515300873336,48.12547076398796
5637,1.230719415268311e-09,0.9982830286026001,0.0,13.35422420501709,27.0,-123.55515300873336,48.12547076398796
5638,1.230719415268311e-09,0.9982830286026001,0.0,13.35422420501709,27.0,-123.55515300873336,48.12547076398796
5639,1.230719415268311e-09,0.9982830286026001,0.0,13.35422420501709,27.0,-123.55515300873336,48.12547076398796
5640,1.230719415268311e-09,0.9982830286026001,0.0,13.35422420501709,27.0,-123.55515300873336,48.12547076398796
5641,1.230719415268311e-09,0.9982830286026001,0.0,13.35422420501709,27.0,-123.55515300873336,48.12547076398796
5642,1.230719415268311e-09,0.9982830286026001,0.0,13.35422420501709,27.0,-123.55515300873336,48.12547076398796
5643,0.013246447779238224,0.7404188513755798,0.0,12.283796310424805,37.0,-123.55475300873336,48.12547076398796
5644,0.013246447779238224,0.7404188513755798,0.0,12.283796310424805,37.0,-123.55475300873336,48.12547076398796
5645,0.013246447779238224,0.7404188513755798,0.0,12.283796310424805,37.0,-123.55475300873336,48.12547076398796
5646,0.013246447779238224,0.7404188513755798,0.0,12.283796310424805,37.0,-123.55475300873336,48.12547076398796
5647,0.013246447779238224,0.7404188513755798,0.0,12.283796310424805,37.0,-123.55475300873336,48.12547076398796
5648,0.013246447779238224,0.7404188513755798,0.0,12.283796310424805,37.0,-123.55475300873336,48.12547076398796
5649,0.013246447779238224,0.7404188513755798,0.0,12.283796310424805,37.0,-123.55475300873336,48.12547076398796
5650,0.013246447779238224,0.7404188513755798,0.0,12.283796310424805,37.0,-123.55475300873336,48.12547076398796
5651,0.013246447779238224,0.7404188513755798,0.0,12.283796310424805,37.0,-123.55475300873336,48.12547076398796
5652,0.013246447779238224,0.7404188513755798,0.0,12.283796310424805,37.0,-123.55475300873336,48.12547076398796
5653,0.0,0.0,0.0,0.0,62.513999938964844,-123.55435300873336,48.12547076398796
5654,0.0,0.0,0.0,0.0,62.513999938964844,-123.55435300873336,48.12547076398796
5655,0.0,0.0,0.0,0.0,62.513999938964844,-123.55435300873336,48.12547076398796
5656,0.0,0.0,0.0,0.0,62.513999938964844,-123.55435300873336,48.12547076398796
5657,0.0,0.0,0.0,0.0,62.513999938964844,-123.55435300873336,48.12547076398796
5658,0.0,0.0,0.0,0.0,62.513999938964844,-123.55435300873336,48.12547076398796
5659,0.0,0.0,0.0,0.0,156.5790557861328,-123.55395300873336,48.12547076398796
5660,0.0,0.0,0.0,0.0,302.0761413574219,-123.55355300873336,48.12547076398796
5661,0.0,0.0,0.0,0.0,302.0761413574219,-123.55355300873336,48.12547076398796
5662,0.0,0.0,0.0,0.0,473.3846130371094,-123.55315300873336,48.12547076398796
5663,0.0,0.0,0.0,0.0,661.3274536132812,-123.55275300873336,48.12547076398796
5664,0.0,0.0,0.0,0.0,188.21530151367188,-123.55635300873335,48.125070763987964
5665,0.0,0.0,0.0,0.0,188.21530151367188,-123.55635300873335,48.125070763987964
5666,7.513735340580752e-07,0.8817606568336487,0.0,12.194711685180664,6.7082037925720215,-123.55595300873335,48.125070763987964
5667,7.513735340580752e-07,0.8817606568336487,0.0,12.194711685180664,6.7082037925720215,-123.55595300873335,48.125070763987964
5668,7.513735340580752e-07,0.8817606568336487,0.0,12.194711685180664,6.7082037925720215,-123.55595300873335,48.125070763987964
5669,7.513735340580752e-07,0.8817606568336487,0.0,12.194711685180664,6.7082037925720215,-123.55595300873335,48.125070763987964
5670,7.513735340580752e-07,0.8817606568336487,0.0,12.194711685180664,6.7082037925720215,-123.55595300873335,48.125070763987964
5671,7.513735340580752e-07,0.8817606568336487,0.0,12.194711685180664,6.7082037925720215,-123.55595300873335,48.125070763987964
5672,7.513735340580752e-07,0.8817606568336487,0.0,12.194711685180664,6.7082037925720215,-123.55595300873335,48.125070763987964
5673,7.513735340580752e-07,0.8817606568336487,0.0,12.194711685180664,6.7082037925720215,-123.55595300873335,48.125070763987964
5674,7.513735340580752e-07,0.8817606568336487,0.0,12.194711685180664,6.7082037925720215,-123.55595300873335,48.125070763987964
5675,7.513735340580752e-07,0.8817606568336487,0.0,12.194711685180664,6.7082037925720215,-123.55595300873335,48.125070763987964
5676,0.9999940395355225,0.00012895066174678504,0.0,14.260000228881836,213.17832946777344,-123.55555300873336,48.125070763987964
5677,0.9999940395355225,0.00012895066174678504,0.0,14.260000228881836,213.17832946777344,-123.55555300873336,48.125070763987964
5678,0.9999940395355225,0.00012895066174678504,0.0,14.260000228881836,213.17832946777344,-123.55555300873336,48.125070763987964
5679,0.9999940395355225,0.00012895066174678504,0.0,14.260000228881836,213.17832946777344,-123.55555300873336,48.125070763987964
5680,0.9999940395355225,0.00012895066174678504,0.0,14.260000228881836,213.17832946777344,-123.55555300873336,48.125070763987964
5681,0.9999940395355225,0.00012895066174678504,0.0,14.260000228881836,213.17832946777344,-123.55555300873336,48.125070763987964
5682,0.9999940395355225,0.00012895066174678504,0.0,14.260000228881836,213.17832946777344,-123.55555300873336,48.125070763987964
5683,0.9999940395355225,0.00012895066174678504,0.0,14.260000228881836,213.17832946777344,-123.55555300873336,48.125070763987964
5684,0.9999940395355225,0.00012895066174678504,0.0,14.260000228881836,213.17832946777344,-123.55555300873336,48.125070763987964
5685,0.9999940395355225,0.00012895066174678504,0.0,14.260000228881836,213.17832946777344,-123.55555300873336,48.125070763987964
5686,0.999997615814209,1.951307785930112e-05,0.0,13.729999542236328,106.21205139160156,-123.55515300873336,48.125070763987964
5687,0.999997615814209,1.951307785930112e-05,0.0,13.729999542236328,106.21205139160156,-123.55515300873336,48.125070763987964
5688,0.999997615814209,1.951307785930112e-05,0.0,13.729999542236328,106.21205139160156,-123.55515300873336,48.125070763987964
5689,0.999997615814209,1.951307785930112e-05,0.0,13.729999542236328,106.21205139160156,-123.55515300873336,48.125070763987964
5690,0.999997615814209,1.951307785930112e-05,0.0,13.729999542236328,106.21205139160156,-123.55515300873336,48.125070763987964
5691,0.999997615814209,1.951307785930112e-05,0.0,13.729999542236328,106.21205139160156,-123.55515300873336,48.125070763987964
5692,0.999997615814209,1.951307785930112e-05,0.0,13.729999542236328,106.21205139160156,-123.55515300873336,48.125070763987964
5693,0.999997615814209,1.951307785930112e-05,0.0,13.729999542236328,106.21205139160156,-123.55515300873336,48.125070763987964
5694,0.999997615814209,1.951307785930112e-05,0.0,13.729999542236328,106.21205139160156,-123.55515300873336,48.125070763987964
5695,0.999997615814209,1.951307785930112e-05,0.0,13.729999542236328,106.21205139160156,-123.55515300873336,48.125070763987964
5696,0.06276901066303253,0.04667935147881508,0.0,13.260000228881836,1.4142135381698608,-123.55475300873336,48.125070763987964
5697,0.06276901066303253,0.04667935147881508,0.0,13.260000228881836,1.4142135381698608,-123.55475300873336,48.125070763987964
5698,0.06276901066303253,0.04667935147881508,0.0,13.260000228881836,1.4142135381698608,-123.55475300873336,48.125070763987964
5699,0.06276901066303253,0.04667935147881508,0.0,13.260000228881836,1.4142135381698608,-123.55475300873336,48.125070763987964
5700,0.06276901066303253,0.04667935147881508,0.0,13.260000228881836,1.4142135381698608,-123.55475300873336,48.125070763987964
5701,0.06276901066303253,0.04667935147881508,0.0,13.260000228881836,1.4142135381698608,-123.55475300873336,48.125070763987964
5702,0.06276901066303253,0.04667935147881508,0.0,13.260000228881836,1.4142135381698608,-123.55475300873336,48.125070763987964
5703,0.06276901066303253,0.04667935147881508,0.0,13.260000228881836,1.4142135381698608,-123.55475300873336,48.125070763987964
5704,0.06276901066303253,0.04667935147881508,0.0,13.260000228881836,1.4142135381698608,-123.55475300873336,48.125070763987964
5705,0.06276901066303253,0.04667935147881508,0.0,13.260000228881836,1.4142135381698608,-123.55475300873336,48.125070763987964
5706,0.9988883137702942,0.0011163289891555905,0.0,13.619999885559082,28.284271240234375,-123.55435300873336,48.125070763987964
5707,0.9988883137702942,0.0011163289891555905,0.0,13.619999885559082,28.284271240234375,-123.55435300873336,48.125070763987964
5708,0.9988883137702942,0.0011163289891555905,0.0,13.619999885559082,28.284271240234375,-123.55435300873336,48.125070763987964
5709,0.9988883137702942,0.0011163289891555905,0.0,13.619999885559082,28.284271240234375,-123.55435300873336,48.125070763987964
5710,0.9988883137702942,0.0011163289891555905,0.0,13.619999885559082,28.284271240234375,-123.55435300873336,48.125070763987964
5711,0.9988883137702942,0.0011163289891555905,0.0,13.619999885559082,28.284271240234375,-123.55435300873336,48.125070763987964
5712,0.9988883137702942,0.0011163289891555905,0.0,13.619999885559082,28.284271240234375,-123.55435300873336,48.125070763987964
5713,0.9988883137702942,0.0011163289891555905,0.0,13.619999885559082,28.284271240234375,-123.55435300873336,48.125070763987964
5714,0.9988883137702942,0.0011163289891555905,0.0,13.619999885559082,28.284271240234375,-123.55435300873336,48.125070763987964
5715,0.9988883137702942,0.0011163289891555905,0.0,13.619999885559082,28.284271240234375,-123.55435300873336,48.125070763987964
5716,1.4386646318698126e-09,0.1880737990140915,0.0,14.205724716186523,15.81138801574707,-123.55395300873336,48.125070763987964
5717,1.4386646318698126e-09,0.1880737990140915,0.0,14.205724716186523,15.81138801574707,-123.55395300873336,48.125070763987964
5718,1.4386646318698126e-09,0.1880737990140915,0.0,14.205724716186523,15.81138801574707,-123.55395300873336,48.125070763987964
5719,1.4386646318698126e-09,0.1880737990140915,0.0,14.205724716186523,15.81138801574707,-123.55395300873336,48.125070763987964
5720,1.4386646318698126e-09,0.1880737990140915,0.0,14.205724716186523,15.81138801574707,-123.55395300873336,48.125070763987964
5721,1.4386646318698126e-09,0.1880737990140915,0.0,14.205724716186523,15.81138801574707,-123.55395300873336,48.125070763987964
5722,1.4386646318698126e-09,0.1880737990140915,0.0,14.205724716186523,15.81138801574707,-123.55395300873336,48.125070763987964
5723,1.4386646318698126e-09,0.1880737990140915,0.0,14.205724716186523,15.81138801574707,-123.55395300873336,48.125070763987964
5724,1.4386646318698126e-09,0.1880737990140915,0.0,14.205724716186523,15.81138801574707,-123.55395300873336,48.125070763987964
5725,1.4386646318698126e-09,0.1880737990140915,0.0,14.205724716186523,15.81138801574707,-123.55395300873336,48.125070763987964
5726,0.0,0.0,0.0,0.0,113.14591979980469,-123.55355300873336,48.125070763987964
5727,0.0,0.0,0.0,0.0,113.14591979980469,-123.55355300873336,48.125070763987964
5728,0.9979262351989746,0.10349369049072266,0.0,13.0,137.29530334472656,-123.55595300873335,48.124670763987965
5729,0.9979262351989746,0.10349369049072266,0.0,13.0,137.29530334472656,-123.55595300873335,48.124670763987965
5730,0.9979262351989746,0.10349369049072266,0.0,13.0,137.29530334472656,-123.55595300873335,48.124670763987965
5731,0.9979262351989746,0.10349369049072266,0.0,13.0,137.29530334472656,-123.55595300873335,48.124670763987965
5732,0.9979262351989746,0.10349369049072266,0.0,13.0,137.29530334472656,-123.55595300873335,48.124670763987965
5733,3.0634626568826206e-07,0.26693347096443176,0.0,12.59085750579834,78.77182006835938,-123.55555300873336,48.124670763987965
5734,3.0634626568826206e-07,0.26693347096443176,0.0,12.59085750579834,78.77182006835938,-123.55555300873336,48.124670763987965
5735,3.0634626568826206e-07,0.26693347096443176,0.0,12.59085750579834,78.77182006835938,-123.55555300873336,48.124670763987965
5736,3.0634626568826206e-07,0.26693347096443176,0.0,12.59085750579834,78.77182006835938,-123.55555300873336,48.124670763987965
5737,3.0634626568826206e-07,0.26693347096443176,0.0,12.59085750579834,78.77182006835938,-123.55555300873336,48.124670763987965
5738,3.0634626568826206e-07,0.26693347096443176,0.0,12.59085750579834,78.77182006835938,-123.55555300873336,48.124670763987965
5739,3.0634626568826206e-07,0.26693347096443176,0.0,12.59085750579834,78.77182006835938,-123.55555300873336,48.124670763987965
5740,3.0634626568826206e-07,0.26693347096443176,0.0,12.59085750579834,78.77182006835938,-123.55555300873336,48.124670763987965
5741,3.0634626568826206e-07,0.26693347096443176,0.0,12.59085750579834,78.77182006835938,-123.55555300873336,48.124670763987965
5742,3.0634626568826206e-07,0.26693347096443176,0.0,12.59085750579834,78.77182006835938,-123.55555300873336,48.124670763987965
5743,0.9973995685577393,6.773394852643833e-05,0.0,14.970000267028809,284.0158386230469,-123.55515300873336,48.124670763987965
5744,0.9973995685577393,6.773394852643833e-05,0.0,14.970000267028809,284.0158386230469,-123.55515300873336,48.124670763987965
5745,0.9973995685577393,6.773394852643833e-05,0.0,14.970000267028809,284.0158386230469,-123.55515300873336,48.124670763987965
5746,0.9973995685577393,6.773394852643833e-05,0.0,14.970000267028809,284.0158386230469,-123.55515300873336,48.124670763987965
5747,0.9973995685577393,6.773394852643833e-05,0.0,14.970000267028809,284.0158386230469,-123.55515300873336,48.124670763987965
5748,0.9973995685577393,6.773394852643833e-05,0.0,14.970000267028809,284.0158386230469,-123.55515300873336,48.124670763987965
5749,0.9973995685577393,6.773394852643833e-05,0.0,14.970000267028809,284.0158386230469,-123.55515300873336,48.124670763987965
5750,0.9973995685577393,6.773394852643833e-05,0.0,14.970000267028809,284.0158386230469,-123.55515300873336,48.124670763987965
5751,0.9973995685577393,6.773394852643833e-05,0.0,14.970000267028809,284.0158386230469,-123.55515300873336,48.124670763987965
5752,0.9973995685577393,6.773394852643833e-05,0.0,14.970000267028809,284.0158386230469,-123.55515300873336,48.124670763987965
5753,0.9999897480010986,4.4290951336734e-05,0.0,14.479999542236328,247.07286071777344,-123.55475300873336,48.124670763987965
5754,0.9999897480010986,4.4290951336734e-05,0.0,14.479999542236328,247.07286071777344,-123.55475300873336,48.124670763987965
5755,0.9999897480010986,4.4290951336734e-05,0.0,14.479999542236328,247.07286071777344,-123.55475300873336,48.124670763987965
5756,0.9999897480010986,4.4290951336734e-05,0.0,14.479999542236328,247.07286071777344,-123.55475300873336,48.124670763987965
5757,0.9999897480010986,4.4290951336734e-05,0.0,14.479999542236328,247.07286071777344,-123.55475300873336,48.124670763987965
5758,0.9999897480010986,4.4290951336734e-05,0.0,14.479999542236328,247.07286071777344,-123.55475300873336,48.124670763987965
5759,0.9999897480010986,4.4290951336734e-05,0.0,14.479999542236328,247.07286071777344,-123.55475300873336,48.124670763987965
5760,0.9999897480010986,4.4290951336734e-05,0.0,14.479999542236328,247.07286071777344,-123.55475300873336,48.124670763987965
5761,0.9999897480010986,4.4290951336734e-05,0.0,14.479999542236328,247.07286071777344,-123.55475300873336,48.124670763987965
5762,0.9999897480010986,4.4290951336734e-05,0.0,14.479999542236328,247.07286071777344,-123.55475300873336,48.124670763987965
5763,0.9998376369476318,0.00041133526246994734,0.0,14.020000457763672,279.80706787109375,-123.55435300873336,48.124670763987965
5764,0.9998376369476318,0.00041133526246994734,0.0,14.020000457763672,279.80706787109375,-123.55435300873336,48.124670763987965
5765,0.9998376369476318,0.00041133526246994734,0.0,14.020000457763672,279.80706787109375,-123.55435300873336,48.124670763987965
5766,0.9998376369476318,0.00041133526246994734,0.0,14.020000457763672,279.80706787109375,-123.55435300873336,48.124670763987965
5767,0.9998376369476318,0.00041133526246994734,0.0,14.020000457763672,279.80706787109375,-123.55435300873336,48.124670763987965
5768,0.9998376369476318,0.00041133526246994734,0.0,14.020000457763672,279.80706787109375,-123.55435300873336,48.124670763987965
5769,0.9998376369476318,0.00041133526246994734,0.0,14.020000457763672,279.80706787109375,-123.55435300873336,48.124670763987965
5770,0.9998376369476318,0.00041133526246994734,0.0,14.020000457763672,279.80706787109375,-123.55435300873336,48.124670763987965
5771,0.9998376369476318,0.00041133526246994734,0.0,14.020000457763672,279.80706787109375,-123.55435300873336,48.124670763987965
5772,0.9998376369476318,0.00041133526246994734,0.0,14.020000457763672,279.80706787109375,-123.55435300873336,48.124670763987965
5773,0.9999966621398926,5.7340988860232756e-05,0.0,14.600000381469727,229.0,-123.55395300873336,48.124670763987965
5774,0.9999966621398926,5.7340988860232756e-05,0.0,14.600000381469727,229.0,-123.55395300873336,48.124670763987965
5775,0.9999966621398926,5.7340988860232756e-05,0.0,14.600000381469727,229.0,-123.55395300873336,48.124670763987965
5776,0.9999966621398926,5.7340988860232756e-05,0.0,14.600000381469727,229.0,-123.55395300873336,48.124670763987965
5777,0.9999966621398926,5.7340988860232756e-05,0.0,14.600000381469727,229.0,-123.55395300873336,48.124670763987965
5778,0.9999966621398926,5.7340988860232756e-05,0.0,14.600000381469727,229.0,-123.55395300873336,48.124670763987965
5779,0.9999966621398926,5.7340988860232756e-05,0.0,14.600000381469727,229.0,-123.55395300873336,48.124670763987965
5780,0.9999966621398926,5.7340988860232756e-05,0.0,14.600000381469727,229.0,-123.55395300873336,48.124670763987965
5781,0.9999966621398926,5.7340988860232756e-05,0.0,14.600000381469727,229.0,-123.55395300873336,48.124670763987965
5782,0.9999966621398926,5.7340988860232756e-05,0.0,14.600000381469727,229.0,-123.55395300873336,48.124670763987965
5783,0.03240387514233589,0.010958951897919178,0.0,14.220000267028809,54.20331954956055,-123.55355300873336,48.124670763987965
5784,0.03240387514233589,0.010958951897919178,0.0,14.220000267028809,54.20331954956055,-123.55355300873336,48.124670763987965
5785,0.03240387514233589,0.010958951897919178,0.0,14.220000267028809,54.20331954956055,-123.55355300873336,48.124670763987965
5786,0.03240387514233589,0.010958951897919178,0.0,14.220000267028809,54.20331954956055,-123.55355300873336,48.124670763987965
5787,0.03240387514233589,0.010958951897919178,0.0,14.220000267028809,54.20331954956055,-123.55355300873336,48.124670763987965
5788,0.03240387514233589,0.010958951897919178,0.0,14.220000267028809,54.20331954956055,-123.55355300873336,48.124670763987965
5789,0.03240387514233589,0.010958951897919178,0.0,14.220000267028809,54.20331954956055,-123.55355300873336,48.124670763987965
5790,0.03240387514233589,0.010958951897919178,0.0,14.220000267028809,54.20331954956055,-123.55355300873336,48.124670763987965
5791,0.03240387514233589,0.010958951897919178,0.0,14.220000267028809,54.20331954956055,-123.55355300873336,48.124670763987965
5792,0.03240387514233589,0.010958951897919178,0.0,14.220000267028809,54.20331954956055,-123.55355300873336,48.124670763987965
5793,1.957841533339888e-07,0.6125532388687134,0.0,12.767292976379395,38.27531814575195,-123.55555300873336,48.124270763987965
5794,1.957841533339888e-07,0.6125532388687134,0.0,12.767292976379395,38.27531814575195,-123.55555300873336,48.124270763987965
5795,1.957841533339888e-07,0.6125532388687134,0.0,12.767292976379395,38.27531814575195,-123.55555300873336,48.124270763987965
5796,1.957841533339888e-07,0.6125532388687134,0.0,12.767292976379395,38.27531814575195,-123.55555300873336,48.124270763987965
5797,1.957841533339888e-07,0.6125532388687134,0.0,12.767292976379395,38.27531814575195,-123.55555300873336,48.124270763987965
5798,1.957841533339888e-07,0.6125532388687134,0.0,12.767292976379395,38.27531814575195,-123.55555300873336,48.124270763987965
5799,1.957841533339888e-07,0.6125532388687134,0.0,12.767292976379395,38.27531814575195,-123.55555300873336,48.124270763987965
5800,1.957841533339888e-07,0.6125532388687134,0.0,12.767292976379395,38.27531814575195,-123.55555300873336,48.124270763987965
5801,1.957841533339888e-07,0.6125532388687134,0.0,12.767292976379395,38.27531814575195,-123.55555300873336,48.124270763987965
5802,1.957841533339888e-07,0.6125532388687134,0.0,12.767292976379395,38.27531814575195,-123.55555300873336,48.124270763987965
5803,0.9996914863586426,0.00016828521620482206,0.0,15.010000228881836,200.60906982421875,-123.55515300873336,48.124270763987965
5804,0.9996914863586426,0.00016828521620482206,0.0,15.010000228881836,200.60906982421875,-123.55515300873336,48.124270763987965
5805,0.9996914863586426,0.00016828521620482206,0.0,15.010000228881836,200.60906982421875,-123.55515300873336,48.124270763987965
5806,0.9996914863586426,0.00016828521620482206,0.0,15.010000228881836,200.60906982421875,-123.55515300873336,48.124270763987965
5807,0.9996914863586426,0.00016828521620482206,0.0,15.010000228881836,200.60906982421875,-123.55515300873336,48.124270763987965
5808,0.9996914863586426,0.00016828521620482206,0.0,15.010000228881836,200.60906982421875,-123.55515300873336,48.124270763987965
5809,0.9996914863586426,0.00016828521620482206,0.0,15.010000228881836,200.60906982421875,-123.55515300873336,48.124270763987965
5810,0.9996914863586426,0.00016828521620482206,0.0,15.010000228881836,200.60906982421875,-123.55515300873336,48.124270763987965
5811,0.9996914863586426,0.00016828521620482206,0.0,15.010000228881836,200.60906982421875,-123.55515300873336,48.124270763987965
5812,0.9996914863586426,0.00016828521620482206,0.0,15.010000228881836,200.60906982421875,-123.55515300873336,48.124270763987965
5813,0.9999948740005493,1.373157647321932e-05,0.0,14.399999618530273,440.6007385253906,-123.55475300873336,48.124270763987965
5814,0.9999948740005493,1.373157647321932e-05,0.0,14.399999618530273,440.6007385253906,-123.55475300873336,48.124270763987965
5815,0.9999948740005493,1.373157647321932e-05,0.0,14.399999618530273,440.6007385253906,-123.55475300873336,48.124270763987965
5816,0.9999948740005493,1.373157647321932e-05,0.0,14.399999618530273,440.6007385253906,-123.55475300873336,48.124270763987965
5817,0.9999948740005493,1.373157647321932e-05,0.0,14.399999618530273,440.6007385253906,-123.55475300873336,48.124270763987965
5818,0.9999948740005493,1.373157647321932e-05,0.0,14.399999618530273,440.6007385253906,-123.55475300873336,48.124270763987965
5819,0.9999948740005493,1.373157647321932e-05,0.0,14.399999618530273,440.6007385253906,-123.55475300873336,48.124270763987965
5820,0.9999948740005493,1.373157647321932e-05,0.0,14.399999618530273,440.6007385253906,-123.55475300873336,48.124270763987965
5821,0.9999948740005493,1.373157647321932e-05,0.0,14.399999618530273,440.6007385253906,-123.55475300873336,48.124270763987965
5822,0.9999948740005493,1.373157647321932e-05,0.0,14.399999618530273,440.6007385253906,-123.55475300873336,48.124270763987965
5823,0.9999814033508301,9.808144386624917e-05,0.0,14.039999961853027,530.4950561523438,-123.55435300873336,48.124270763987965
5824,0.9999814033508301,9.808144386624917e-05,0.0,14.039999961853027,530.4950561523438,-123.55435300873336,48.124270763987965
5825,0.9999814033508301,9.808144386624917e-05,0.0,14.039999961853027,530.4950561523438,-123.55435300873336,48.124270763987965
5826,0.9999814033508301,9.808144386624917e-05,0.0,14.039999961853027,530.4950561523438,-123.55435300873336,48.124270763987965
5827,0.9999814033508301,9.808144386624917e-05,0.0,14.039999961853027,530.4950561523438,-123.55435300873336,48.124270763987965
5828,0.9999814033508301,9.808144386624917e-05,0.0,14.039999961853027,530.4950561523438,-123.55435300873336,48.124270763987965
5829,0.9999814033508301,9.808144386624917e-05,0.0,14.039999961853027,530.4950561523438,-123.55435300873336,48.124270763987965
5830,0.9999814033508301,9.808144386624917e-05,0.0,14.039999961853027,530.4950561523438,-123.55435300873336,48.124270763987965
5831,0.9999814033508301,9.808144386624917e-05,0.0,14.039999961853027,530.4950561523438,-123.55435300873336,48.124270763987965
5832,0.9999814033508301,9.808144386624917e-05,0.0,14.039999961853027,530.4950561523438,-123.55435300873336,48.124270763987965
5833,0.9999971389770508,9.29376037674956e-05,0.0,14.59000015258789,412.45849609375,-123.55395300873336,48.124270763987965
5834,0.9999971389770508,9.29376037674956e-05,0.0,14.59000015258789,412.45849609375,-123.55395300873336,48.124270763987965
5835,0.9999971389770508,9.29376037674956e-05,0.0,14.59000015258789,412.45849609375,-123.55395300873336,48.124270763987965
5836,0.9999971389770508,9.29376037674956e-05,0.0,14.59000015258789,412.45849609375,-123.55395300873336,48.124270763987965
5837,0.9999971389770508,9.29376037674956e-05,0.0,14.59000015258789,412.45849609375,-123.55395300873336,48.124270763987965
5838,0.9999971389770508,9.29376037674956e-05,0.0,14.59000015258789,412.45849609375,-123.55395300873336,48.124270763987965
5839,0.9999971389770508,9.29376037674956e-05,0.0,14.59000015258789,412.45849609375,-123.55395300873336,48.124270763987965
5840,0.9999971389770508,9.29376037674956e-05,0.0,14.59000015258789,412.45849609375,-123.55395300873336,48.124270763987965
5841,0.9999971389770508,9.29376037674956e-05,0.0,14.59000015258789,412.45849609375,-123.55395300873336,48.124270763987965
5842,0.9999971389770508,9.29376037674956e-05,0.0,14.59000015258789,412.45849609375,-123.55395300873336,48.124270763987965
5843,0.9983206391334534,0.0007487382972612977,0.0,14.710000038146973,175.8237762451172,-123.55355300873336,48.124270763987965
5844,0.9983206391334534,0.0007487382972612977,0.0,14.710000038146973,175.8237762451172,-123.55355300873336,48.124270763987965
5845,0.9983206391334534,0.0007487382972612977,0.0,14.710000038146973,175.8237762451172,-123.55355300873336,48.124270763987965
5846,0.9983206391334534,0.0007487382972612977,0.0,14.710000038146973,175.8237762451172,-123.55355300873336,48.124270763987965
5847,0.9983206391334534,0.0007487382972612977,0.0,14.710000038146973,175.8237762451172,-123.55355300873336,48.124270763987965
5848,0.9983206391334534,0.0007487382972612977,0.0,14.710000038146973,175.8237762451172,-123.55355300873336,48.124270763987965
5849,0.9983206391334534,0.0007487382972612977,0.0,14.710000038146973,175.8237762451172,-123.55355300873336,48.124270763987965
5850,0.9983206391334534,0.0007487382972612977,0.0,14.710000038146973,175.8237762451172,-123.55355300873336,48.124270763987965
5851,0.9983206391334534,0.0007487382972612977,0.0,14.710000038146973,175.8237762451172,-123.55355300873336,48.124270763987965
5852,0.9983206391334534,0.0007487382972612977,0.0,14.710000038146973,175.8237762451172,-123.55355300873336,48.124270763987965
5853,0.003442244604229927,0.9937126040458679,0.0,12.877826690673828,64.47480010986328,-123.55315300873336,48.124270763987965
5854,0.003442244604229927,0.9937126040458679,0.0,12.877826690673828,64.47480010986328,-123.55315300873336,48.124270763987965
5855,0.003442244604229927,0.9937126040458679,0.0,12.877826690673828,64.47480010986328,-123.55315300873336,48.124270763987965
5856,0.003442244604229927,0.9937126040458679,0.0,12.877826690673828,64.47480010986328,-123.55315300873336,48.124270763987965
5857,0.003442244604229927,0.9937126040458679,0.0,12.877826690673828,64.47480010986328,-123.55315300873336,48.124270763987965
5858,0.003442244604229927,0.9937126040458679,0.0,12.877826690673828,64.47480010986328,-123.55315300873336,48.124270763987965
5859,0.003442244604229927,0.9937126040458679,0.0,12.877826690673828,64.47480010986328,-123.55315300873336,48.124270763987965
5860,0.003442244604229927,0.9937126040458679,0.0,12.877826690673828,64.47480010986328,-123.55315300873336,48.124270763987965
5861,0.003442244604229927,0.9937126040458679,0.0,12.877826690673828,64.47480010986328,-123.55315300873336,48.124270763987965
5862,0.003442244604229927,0.9937126040458679,0.0,12.877826690673828,64.47480010986328,-123.55315300873336,48.124270763987965
5863,0.4029894173145294,0.8791561126708984,0.0,12.911360740661621,124.42266845703125,-123.55555300873336,48.123870763987966
5864,0.4029894173145294,0.8791561126708984,0.0,12.911360740661621,124.42266845703125,-123.55555300873336,48.123870763987966
5865,0.4029894173145294,0.8791561126708984,0.0,12.911360740661621,124.42266845703125,-123.55555300873336,48.123870763987966
5866,0.4029894173145294,0.8791561126708984,0.0,12.911360740661621,124.42266845703125,-123.55555300873336,48.123870763987966
5867,0.4029894173145294,0.8791561126708984,0.0,12.911360740661621,124.42266845703125,-123.55555300873336,48.123870763987966
5868,0.4029894173145294,0.8791561126708984,0.0,12.911360740661621,124.42266845703125,-123.55555300873336,48.123870763987966
5869,0.4029894173145294,0.8791561126708984,0.0,12.911360740661621,124.42266845703125,-123.55555300873336,48.123870763987966
5870,0.4029894173145294,0.8791561126708984,0.0,12.911360740661621,124.42266845703125,-123.55555300873336,48.123870763987966
5871,0.4029894173145294,0.8791561126708984,0.0,12.911360740661621,124.42266845703125,-123.55555300873336,48.123870763987966
5872,0.4029894173145294,0.8791561126708984,0.0,12.911360740661621,124.42266845703125,-123.55555300873336,48.123870763987966
5873,6.107329681981355e-05,0.1854657083749771,0.0,13.675172805786133,113.08846282958984,-123.55515300873336,48.123870763987966
5874,6.107329681981355e-05,0.1854657083749771,0.0,13.675172805786133,113.08846282958984,-123.55515300873336,48.123870763987966
5875,6.107329681981355e-05,0.1854657083749771,0.0,13.675172805786133,113.08846282958984,-123.55515300873336,48.123870763987966
5876,6.107329681981355e-05,0.1854657083749771,0.0,13.675172805786133,113.08846282958984,-123.55515300873336,48.123870763987966
5877,6.107329681981355e-05,0.1854657083749771,0.0,13.675172805786133,113.08846282958984,-123.55515300873336,48.123870763987966
5878,6.107329681981355e-05,0.1854657083749771,0.0,13.675172805786133,113.08846282958984,-123.55515300873336,48.123870763987966
5879,6.107329681981355e-05,0.1854657083749771,0.0,13.675172805786133,113.08846282958984,-123.55515300873336,48.123870763987966
5880,6.107329681981355e-05,0.1854657083749771,0.0,13.675172805786133,113.08846282958984,-123.55515300873336,48.123870763987966
5881,6.107329681981355e-05,0.1854657083749771,0.0,13.675172805786133,113.08846282958984,-123.55515300873336,48.123870763987966
5882,6.107329681981355e-05,0.1854657083749771,0.0,13.675172805786133,113.08846282958984,-123.55515300873336,48.123870763987966
5883,0.9998800754547119,0.0002728298422880471,0.0,14.430000305175781,352.1775207519531,-123.55475300873336,48.123870763987966
5884,0.9998800754547119,0.0002728298422880471,0.0,14.430000305175781,352.1775207519531,-123.55475300873336,48.123870763987966
5885,0.9998800754547119,0.0002728298422880471,0.0,14.430000305175781,352.1775207519531,-123.55475300873336,48.123870763987966
5886,0.9998800754547119,0.0002728298422880471,0.0,14.430000305175781,352.1775207519531,-123.55475300873336,48.123870763987966
5887,0.9998800754547119,0.0002728298422880471,0.0,14.430000305175781,352.1775207519531,-123.55475300873336,48.123870763987966
5888,0.9998800754547119,0.0002728298422880471,0.0,14.430000305175781,352.1775207519531,-123.55475300873336,48.123870763987966
5889,0.9998800754547119,0.0002728298422880471,0.0,14.430000305175781,352.1775207519531,-123.55475300873336,48.123870763987966
5890,0.9998800754547119,0.0002728298422880471,0.0,14.430000305175781,352.1775207519531,-123.55475300873336,48.123870763987966
5891,0.9998800754547119,0.0002728298422880471,0.0,14.430000305175781,352.1775207519531,-123.55475300873336,48.123870763987966
5892,0.9998800754547119,0.0002728298422880471,0.0,14.430000305175781,352.1775207519531,-123.55475300873336,48.123870763987966
5893,0.9983885288238525,0.002167211612686515,0.0,13.970000267028809,587.081787109375,-123.55435300873336,48.123870763987966
5894,0.9983885288238525,0.002167211612686515,0.0,13.970000267028809,587.081787109375,-123.55435300873336,48.123870763987966
5895,0.9983885288238525,0.002167211612686515,0.0,13.970000267028809,587.081787109375,-123.55435300873336,48.123870763987966
5896,0.9983885288238525,0.002167211612686515,0.0,13.970000267028809,587.081787109375,-123.55435300873336,48.123870763987966
5897,0.9983885288238525,0.002167211612686515,0.0,13.970000267028809,587.081787109375,-123.55435300873336,48.123870763987966
5898,0.9983885288238525,0.002167211612686515,0.0,13.970000267028809,587.081787109375,-123.55435300873336,48.123870763987966
5899,0.9983885288238525,0.002167211612686515,0.0,13.970000267028809,587.081787109375,-123.55435300873336,48.123870763987966
5900,0.9983885288238525,0.002167211612686515,0.0,13.970000267028809,587.081787109375,-123.55435300873336,48.123870763987966
5901,0.9983885288238525,0.002167211612686515,0.0,13.970000267028809,587.081787109375,-123.55435300873336,48.123870763987966
5902,0.9983885288238525,0.002167211612686515,0.0,13.970000267028809,587.081787109375,-123.55435300873336,48.123870763987966
5903,0.9985219836235046,0.0007003863574936986,0.0,15.010000228881836,500.8812255859375,-123.55395300873336,48.123870763987966
5904,0.9985219836235046,0.0007003863574936986,0.0,15.010000228881836,500.8812255859375,-123.55395300873336,48.123870763987966
5905,0.9985219836235046,0.0007003863574936986,0.0,15.010000228881836,500.8812255859375,-123.55395300873336,48.123870763987966
5906,0.9985219836235046,0.0007003863574936986,0.0,15.010000228881836,500.8812255859375,-123.55395300873336,48.123870763987966
5907,0.9985219836235046,0.0007003863574936986,0.0,15.010000228881836,500.8812255859375,-123.55395300873336,48.123870763987966
5908,0.9985219836235046,0.0007003863574936986,0.0,15.010000228881836,500.8812255859375,-123.55395300873336,48.123870763987966
5909,0.9985219836235046,0.0007003863574936986,0.0,15.010000228881836,500.8812255859375,-123.55395300873336,48.123870763987966
5910,0.9985219836235046,0.0007003863574936986,0.0,15.010000228881836,500.8812255859375,-123.55395300873336,48.123870763987966
5911,0.9985219836235046,0.0007003863574936986,0.0,15.010000228881836,500.8812255859375,-123.55395300873336,48.123870763987966
5912,0.9985219836235046,0.0007003863574936986,0.0,15.010000228881836,500.8812255859375,-123.55395300873336,48.123870763987966
5913,0.9999169111251831,0.00027216499438509345,0.0,15.3100004196167,251.23097229003906,-123.55355300873336,48.123870763987966
5914,0.9999169111251831,0.00027216499438509345,0.0,15.3100004196167,251.23097229003906,-123.55355300873336,48.123870763987966
5915,0.9999169111251831,0.00027216499438509345,0.0,15.3100004196167,251.23097229003906,-123.55355300873336,48.123870763987966
5916,0.9999169111251831,0.00027216499438509345,0.0,15.3100004196167,251.23097229003906,-123.55355300873336,48.123870763987966
5917,0.9999169111251831,0.00027216499438509345,0.0,15.3100004196167,251.23097229003906,-123.55355300873336,48.123870763987966
5918,0.9999169111251831,0.00027216499438509345,0.0,15.3100004196167,251.23097229003906,-123.55355300873336,48.123870763987966
5919,0.9999169111251831,0.00027216499438509345,0.0,15.3100004196167,251.23097229003906,-123.55355300873336,48.123870763987966
5920,0.9999169111251831,0.00027216499438509345,0.0,15.3100004196167,251.23097229003906,-123.55355300873336,48.123870763987966
5921,0.9999169111251831,0.00027216499438509345,0.0,15.3100004196167,251.23097229003906,-123.55355300873336,48.123870763987966
5922,0.9999169111251831,0.00027216499438509345,0.0,15.3100004196167,251.23097229003906,-123.55355300873336,48.123870763987966
5923,0.012872421182692051,0.6920404434204102,0.0,14.641748428344727,1.0,-123.55315300873336,48.123870763987966
5924,0.012872421182692051,0.6920404434204102,0.0,14.641748428344727,1.0,-123.55315300873336,48.123870763987966
5925,0.012872421182692051,0.6920404434204102,0.0,14.641748428344727,1.0,-123.55315300873336,48.123870763987966
5926,0.012872421182692051,0.6920404434204102,0.0,14.641748428344727,1.0,-123.55315300873336,48.123870763987966
5927,0.012872421182692051,0.6920404434204102,0.0,14.641748428344727,1.0,-123.55315300873336,48.123870763987966
5928,0.012872421182692051,0.6920404434204102,0.0,14.641748428344727,1.0,-123.55315300873336,48.123870763987966
5929,0.012872421182692051,0.6920404434204102,0.0,14.641748428344727,1.0,-123.55315300873336,48.123870763987966
5930,0.012872421182692051,0.6920404434204102,0.0,14.641748428344727,1.0,-123.55315300873336,48.123870763987966
5931,0.012872421182692051,0.6920404434204102,0.0,14.641748428344727,1.0,-123.55315300873336,48.123870763987966
5932,0.012872421182692051,0.6920404434204102,0.0,14.641748428344727,1.0,-123.55315300873336,48.123870763987966
5933,0.0,0.0,0.0,0.0,214.16114807128906,-123.55555300873336,48.12347076398797
5934,0.0,0.0,0.0,0.0,214.16114807128906,-123.55555300873336,48.12347076398797
5935,0.0,0.0,0.0,0.0,214.16114807128906,-123.55555300873336,48.12347076398797
5936,0.0,0.0,0.0,0.0,214.16114807128906,-123.55555300873336,48.12347076398797
5937,1.2736861663142918e-06,0.0919867530465126,0.0,13.008971214294434,17.72004508972168,-123.55515300873336,48.12347076398797
5938,1.2736861663142918e-06,0.0919867530465126,0.0,13.008971214294434,17.72004508972168,-123.55515300873336,48.12347076398797
5939,1.2736861663142918e-06,0.0919867530465126,0.0,13.008971214294434,17.72004508972168,-123.55515300873336,48.12347076398797
5940,1.2736861663142918e-06,0.0919867530465126,0.0,13.008971214294434,17.72004508972168,-123.55515300873336,48.12347076398797
5941,1.2736861663142918e-06,0.0919867530465126,0.0,13.008971214294434,17.72004508972168,-123.55515300873336,48.12347076398797
5942,1.2736861663142918e-06,0.0919867530465126,0.0,13.008971214294434,17.72004508972168,-123.55515300873336,48.12347076398797
5943,1.2736861663142918e-06,0.0919867530465126,0.0,13.008971214294434,17.72004508972168,-123.55515300873336,48.12347076398797
5944,1.2736861663142918e-06,0.0919867530465126,0.0,13.008971214294434,17.72004508972168,-123.55515300873336,48.12347076398797
5945,1.2736861663142918e-06,0.0919867530465126,0.0,13.008971214294434,17.72004508972168,-123.55515300873336,48.12347076398797
5946,1.2736861663142918e-06,0.0919867530465126,0.0,13.008971214294434,17.72004508972168,-123.55515300873336,48.12347076398797
5947,0.9999377727508545,5.739553307648748e-05,0.0,14.899999618530273,250.0,-123.55475300873336,48.12347076398797
5948,0.9999377727508545,5.739553307648748e-05,0.0,14.899999618530273,250.0,-123.55475300873336,48.12347076398797
5949,0.9999377727508545,5.739553307648748e-05,0.0,14.899999618530273,250.0,-123.55475300873336,48.12347076398797
5950,0.9999377727508545,5.739553307648748e-05,0.0,14.899999618530273,250.0,-123.55475300873336,48.12347076398797
5951,0.9999377727508545,5.739553307648748e-05,0.0,14.899999618530273,250.0,-123.55475300873336,48.12347076398797
5952,0.9999377727508545,5.739553307648748e-05,0.0,14.899999618530273,250.0,-123.55475300873336,48.12347076398797
5953,0.9999377727508545,5.739553307648748e-05,0.0,14.899999618530273,250.0,-123.55475300873336,48.12347076398797
5954,0.9999377727508545,5.739553307648748e-05,0.0,14.899999618530273,250.0,-123.55475300873336,48.12347076398797
5955,0.9999377727508545,5.739553307648748e-05,0.0,14.899999618530273,250.0,-123.55475300873336,48.12347076398797
5956,0.9999377727508545,5.739553307648748e-05,0.0,14.899999618530273,250.0,-123.55475300873336,48.12347076398797
5957,0.9983552098274231,7.464593363692984e-05,0.0,15.130000114440918,455.8003845214844,-123.55435300873336,48.12347076398797
5958,0.9983552098274231,7.464593363692984e-05,0.0,15.130000114440918,455.8003845214844,-123.55435300873336,48.12347076398797
5959,0.9983552098274231,7.464593363692984e-05,0.0,15.130000114440918,455.8003845214844,-123.55435300873336,48.12347076398797
5960,0.9983552098274231,7.464593363692984e-05,0.0,15.130000114440918,455.8003845214844,-123.55435300873336,48.12347076398797
5961,0.9983552098274231,7.464593363692984e-05,0.0,15.130000114440918,455.8003845214844,-123.55435300873336,48.12347076398797
5962,0.9983552098274231,7.464593363692984e-05,0.0,15.130000114440918,455.8003845214844,-123.55435300873336,48.12347076398797
5963,0.9983552098274231,7.464593363692984e-05,0.0,15.130000114440918,455.8003845214844,-123.55435300873336,48.12347076398797
5964,0.9983552098274231,7.464593363692984e-05,0.0,15.130000114440918,455.8003845214844,-123.55435300873336,48.12347076398797
5965,0.9983552098274231,7.464593363692984e-05,0.0,15.130000114440918,455.8003845214844,-123.55435300873336,48.12347076398797
5966,0.9983552098274231,7.464593363692984e-05,0.0,15.130000114440918,455.8003845214844,-123.55435300873336,48.12347076398797
5967,0.9995563626289368,0.0009702334646135569,0.0,15.3100004196167,489.0357971191406,-123.55395300873336,48.12347076398797
5968,0.9995563626289368,0.0009702334646135569,0.0,15.3100004196167,489.0357971191406,-123.55395300873336,48.12347076398797
5969,0.9995563626289368,0.0009702334646135569,0.0,15.3100004196167,489.0357971191406,-123.55395300873336,48.12347076398797
5970,0.9995563626289368,0.0009702334646135569,0.0,15.3100004196167,489.0357971191406,-123.55395300873336,48.12347076398797
5971,0.9995563626289368,0.0009702334646135569,0.0,15.3100004196167,489.0357971191406,-123.55395300873336,48.12347076398797
5972,0.9995563626289368,0.0009702334646135569,0.0,15.3100004196167,489.0357971191406,-123.55395300873336,48.12347076398797
5973,0.9995563626289368,0.0009702334646135569,0.0,15.3100004196167,489.0357971191406,-123.55395300873336,48.12347076398797
5974,0.9995563626289368,0.0009702334646135569,0.0,15.3100004196167,489.0357971191406,-123.55395300873336,48.12347076398797
5975,0.9995563626289368,0.0009702334646135569,0.0,15.3100004196167,489.0357971191406,-123.55395300873336,48.12347076398797
5976,0.9995563626289368,0.0009702334646135569,0.0,15.3100004196167,489.0357971191406,-123.55395300873336,48.12347076398797
5977,0.9999949932098389,5.825969856232405e-05,0.0,14.430000305175781,236.75303649902344,-123.55355300873336,48.12347076398797
5978,0.9999949932098389,5.825969856232405e-05,0.0,14.430000305175781,236.75303649902344,-123.55355300873336,48.12347076398797
5979,0.9999949932098389,5.825969856232405e-05,0.0,14.430000305175781,236.75303649902344,-123.55355300873336,48.12347076398797
5980,0.9999949932098389,5.825969856232405e-05,0.0,14.430000305175781,236.75303649902344,-123.55355300873336,48.12347076398797
5981,0.9999949932098389,5.825969856232405e-05,0.0,14.430000305175781,236.75303649902344,-123.55355300873336,48.12347076398797
5982,0.9999949932098389,5.825969856232405e-05,0.0,14.430000305175781,236.75303649902344,-123.55355300873336,48.12347076398797
5983,0.9999949932098389,5.825969856232405e-05,0.0,14.430000305175781,236.75303649902344,-123.55355300873336,48.12347076398797
5984,0.9999949932098389,5.825969856232405e-05,0.0,14.430000305175781,236.75303649902344,-123.55355300873336,48.12347076398797
5985,0.9999949932098389,5.825969856232405e-05,0.0,14.430000305175781,236.75303649902344,-123.55355300873336,48.12347076398797
5986,0.9999949932098389,5.825969856232405e-05,0.0,14.430000305175781,236.75303649902344,-123.55355300873336,48.12347076398797
5987,6.32232634301122e-12,0.1709931194782257,0.0,14.898796081542969,15.0,-123.55315300873336,48.12347076398797
5988,6.32232634301122e-12,0.1709931194782257,0.0,14.898796081542969,15.0,-123.55315300873336,48.12347076398797
5989,6.32232634301122e-12,0.1709931194782257,0.0,14.898796081542969,15.0,-123.55315300873336,48.12347076398797
5990,6.32232634301122e-12,0.1709931194782257,0.0,14.898796081542969,15.0,-123.55315300873336,48.12347076398797
5991,6.32232634301122e-12,0.1709931194782257,0.0,14.898796081542969,15.0,-123.55315300873336,48.12347076398797
5992,6.32232634301122e-12,0.1709931194782257,0.0,14.898796081542969,15.0,-123.55315300873336,48.12347076398797
5993,6.32232634301122e-12,0.1709931194782257,0.0,14.898796081542969,15.0,-123.55315300873336,48.12347076398797
5994,6.32232634301122e-12,0.1709931194782257,0.0,14.898796081542969,15.0,-123.55315300873336,48.12347076398797
5995,6.32232634301122e-12,0.1709931194782257,0.0,14.898796081542969,15.0,-123.55315300873336,48.12347076398797
5996,6.32232634301122e-12,0.1709931194782257,0.0,14.898796081542969,15.0,-123.55315300873336,48.12347076398797
5997,0.0,0.0,0.0,0.0,316.6322937011719,-123.55555300873336,48.12307076398797
5998,0.005067262798547745,0.667357861995697,0.0,13.091434478759766,105.11898040771484,-123.55515300873336,48.12307076398797
5999,0.005067262798547745,0.667357861995697,0.0,13.091434478759766,105.11898040771484,-123.55515300873336,48.12307076398797
6000,0.005067262798547745,0.667357861995697,0.0,13.091434478759766,105.11898040771484,-123.55515300873336,48.12307076398797
6001,0.005067262798547745,0.667357861995697,0.0,13.091434478759766,105.11898040771484,-123.55515300873336,48.12307076398797
6002,0.005067262798547745,0.667357861995697,0.0,13.091434478759766,105.11898040771484,-123.55515300873336,48.12307076398797
6003,0.005067262798547745,0.667357861995697,0.0,13.091434478759766,105.11898040771484,-123.55515300873336,48.12307076398797
6004,0.005067262798547745,0.667357861995697,0.0,13.091434478759766,105.11898040771484,-123.55515300873336,48.12307076398797
6005,0.005067262798547745,0.667357861995697,0.0,13.091434478759766,105.11898040771484,-123.55515300873336,48.12307076398797
6006,0.005067262798547745,0.667357861995697,0.0,13.091434478759766,105.11898040771484,-123.55515300873336,48.12307076398797
6007,0.005067262798547745,0.667357861995697,0.0,13.091434478759766,105.11898040771484,-123.55515300873336,48.12307076398797
6008,8.678460972078028e-07,0.035555578768253326,0.0,14.205101013183594,100.0,-123.55475300873336,48.12307076398797
6009,8.678460972078028e-07,0.035555578768253326,0.0,14.205101013183594,100.0,-123.55475300873336,48.12307076398797
6010,8.678460972078028e-07,0.035555578768253326,0.0,14.205101013183594,100.0,-123.55475300873336,48.12307076398797
6011,8.678460972078028e-07,0.035555578768253326,0.0,14.205101013183594,100.0,-123.55475300873336,48.12307076398797
6012,8.678460972078028e-07,0.035555578768253326,0.0,14.205101013183594,100.0,-123.55475300873336,48.12307076398797
6013,8.678460972078028e-07,0.035555578768253326,0.0,14.205101013183594,100.0,-123.55475300873336,48.12307076398797
6014,8.678460972078028e-07,0.035555578768253326,0.0,14.205101013183594,100.0,-123.55475300873336,48.12307076398797
6015,8.678460972078028e-07,0.035555578768253326,0.0,14.205101013183594,100.0,-123.55475300873336,48.12307076398797
6016,8.678460972078028e-07,0.035555578768253326,0.0,14.205101013183594,100.0,-123.55475300873336,48.12307076398797
6017,8.678460972078028e-07,0.035555578768253326,0.0,14.205101013183594,100.0,-123.55475300873336,48.12307076398797
6018,0.9981787204742432,0.0005785435205325484,0.0,15.670000076293945,294.08331298828125,-123.55435300873336,48.12307076398797
6019,0.9981787204742432,0.0005785435205325484,0.0,15.670000076293945,294.08331298828125,-123.55435300873336,48.12307076398797
6020,0.9981787204742432,0.0005785435205325484,0.0,15.670000076293945,294.08331298828125,-123.55435300873336,48.12307076398797
6021,0.9981787204742432,0.0005785435205325484,0.0,15.670000076293945,294.08331298828125,-123.55435300873336,48.12307076398797
6022,0.9981787204742432,0.0005785435205325484,0.0,15.670000076293945,294.08331298828125,-123.55435300873336,48.12307076398797
6023,0.9981787204742432,0.0005785435205325484,0.0,15.670000076293945,294.08331298828125,-123.55435300873336,48.12307076398797
6024,0.9981787204742432,0.0005785435205325484,0.0,15.670000076293945,294.08331298828125,-123.55435300873336,48.12307076398797
6025,0.9981787204742432,0.0005785435205325484,0.0,15.670000076293945,294.08331298828125,-123.55435300873336,48.12307076398797
6026,0.9981787204742432,0.0005785435205325484,0.0,15.670000076293945,294.08331298828125,-123.55435300873336,48.12307076398797
6027,0.9981787204742432,0.0005785435205325484,0.0,15.670000076293945,294.08331298828125,-123.55435300873336,48.12307076398797
6028,0.9999942779541016,6.396269600372761e-05,0.0,15.390000343322754,446.55682373046875,-123.55395300873336,48.12307076398797
6029,0.9999942779541016,6.396269600372761e-05,0.0,15.390000343322754,446.55682373046875,-123.55395300873336,48.12307076398797
6030,0.9999942779541016,6.396269600372761e-05,0.0,15.390000343322754,446.55682373046875,-123.55395300873336,48.12307076398797
6031,0.9999942779541016,6.396269600372761e-05,0.0,15.390000343322754,446.55682373046875,-123.55395300873336,48.12307076398797
6032,0.9999942779541016,6.396269600372761e-05,0.0,15.390000343322754,446.55682373046875,-123.55395300873336,48.12307076398797
6033,0.9999942779541016,6.396269600372761e-05,0.0,15.390000343322754,446.55682373046875,-123.55395300873336,48.12307076398797
6034,0.9999942779541016,6.396269600372761e-05,0.0,15.390000343322754,446.55682373046875,-123.55395300873336,48.12307076398797
6035,0.9999942779541016,6.396269600372761e-05,0.0,15.390000343322754,446.55682373046875,-123.55395300873336,48.12307076398797
6036,0.9999942779541016,6.396269600372761e-05,0.0,15.390000343322754,446.55682373046875,-123.55395300873336,48.12307076398797
6037,0.9999942779541016,6.396269600372761e-05,0.0,15.390000343322754,446.55682373046875,-123.55395300873336,48.12307076398797
6038,0.99998939037323,0.00012645770038943738,0.0,15.329999923706055,196.7053680419922,-123.55355300873336,48.12307076398797
6039,0.99998939037323,0.00012645770038943738,0.0,15.329999923706055,196.7053680419922,-123.55355300873336,48.12307076398797
6040,0.99998939037323,0.00012645770038943738,0.0,15.329999923706055,196.7053680419922,-123.55355300873336,48.12307076398797
6041,0.99998939037323,0.00012645770038943738,0.0,15.329999923706055,196.7053680419922,-123.55355300873336,48.12307076398797
6042,0.99998939037323,0.00012645770038943738,0.0,15.329999923706055,196.7053680419922,-123.55355300873336,48.12307076398797
6043,0.99998939037323,0.00012645770038943738,0.0,15.329999923706055,196.7053680419922,-123.55355300873336,48.12307076398797
6044,0.99998939037323,0.00012645770038943738,0.0,15.329999923706055,196.7053680419922,-123.55355300873336,48.12307076398797
6045,0.99998939037323,0.00012645770038943738,0.0,15.329999923706055,196.7053680419922,-123.55355300873336,48.12307076398797
6046,0.99998939037323,0.00012645770038943738,0.0,15.329999923706055,196.7053680419922,-123.55355300873336,48.12307076398797
6047,0.99998939037323,0.00012645770038943738,0.0,15.329999923706055,196.7053680419922,-123.55355300873336,48.12307076398797
6048,0.9999948740005493,0.00011693785199895501,0.0,13.190332412719727,53.15073013305664,-123.55315300873336,48.12307076398797
6049,0.9999948740005493,0.00011693785199895501,0.0,13.190332412719727,53.15073013305664,-123.55315300873336,48.12307076398797
6050,0.9999948740005493,0.00011693785199895501,0.0,13.190332412719727,53.15073013305664,-123.55315300873336,48.12307076398797
6051,0.9999948740005493,0.00011693785199895501,0.0,13.190332412719727,53.15073013305664,-123.55315300873336,48.12307076398797
6052,0.9999948740005493,0.00011693785199895501,0.0,13.190332412719727,53.15073013305664,-123.55315300873336,48.12307076398797
6053,0.9999948740005493,0.00011693785199895501,0.0,13.190332412719727,53.15073013305664,-123.55315300873336,48.12307076398797
6054,0.9999948740005493,0.00011693785199895501,0.0,13.190332412719727,53.15073013305664,-123.55315300873336,48.12307076398797
6055,0.9999948740005493,0.00011693785199895501,0.0,13.190332412719727,53.15073013305664,-123.55315300873336,48.12307076398797
6056,0.9999948740005493,0.00011693785199895501,0.0,13.190332412719727,53.15073013305664,-123.55315300873336,48.12307076398797
6057,0.0,0.0,0.0,0.0,239.83535766601562,-123.55515300873336,48.12267076398797
6058,0.0,0.0,0.0,0.0,239.83535766601562,-123.55515300873336,48.12267076398797
6059,0.0,0.0,0.0,0.0,239.83535766601562,-123.55515300873336,48.12267076398797
6060,2.3067670554155484e-05,0.2243380844593048,0.0,13.683844566345215,8.5440034866333,-123.55475300873336,48.12267076398797
6061,2.3067670554155484e-05,0.2243380844593048,0.0,13.683844566345215,8.5440034866333,-123.55475300873336,48.12267076398797
6062,2.3067670554155484e-05,0.2243380844593048,0.0,13.683844566345215,8.5440034866333,-123.55475300873336,48.12267076398797
6063,2.3067670554155484e-05,0.2243380844593048,0.0,13.683844566345215,8.5440034866333,-123.55475300873336,48.12267076398797
6064,2.3067670554155484e-05,0.2243380844593048,0.0,13.683844566345215,8.5440034866333,-123.55475300873336,48.12267076398797
6065,2.3067670554155484e-05,0.2243380844593048,0.0,13.683844566345215,8.5440034866333,-123.55475300873336,48.12267076398797
6066,2.3067670554155484e-05,0.2243380844593048,0.0,13.683844566345215,8.5440034866333,-123.55475300873336,48.12267076398797
6067,2.3067670554155484e-05,0.2243380844593048,0.0,13.683844566345215,8.5440034866333,-123.55475300873336,48.12267076398797
6068,2.3067670554155484e-05,0.2243380844593048,0.0,13.683844566345215,8.5440034866333,-123.55475300873336,48.12267076398797
6069,2.3067670554155484e-05,0.2243380844593048,0.0,13.683844566345215,8.5440034866333,-123.55475300873336,48.12267076398797
6070,8.717929631529842e-07,0.9200435280799866,0.0,14.680946350097656,112.16059875488281,-123.55435300873336,48.12267076398797
6071,8.717929631529842e-07,0.9200435280799866,0.0,14.680946350097656,112.16059875488281,-123.55435300873336,48.12267076398797
6072,8.717929631529842e-07,0.9200435280799866,0.0,14.680946350097656,112.16059875488281,-123.55435300873336,48.12267076398797
6073,8.717929631529842e-07,0.9200435280799866,0.0,14.680946350097656,112.16059875488281,-123.55435300873336,48.12267076398797
6074,8.717929631529842e-07,0.9200435280799866,0.0,14.680946350097656,112.16059875488281,-123.55435300873336,48.12267076398797
6075,8.717929631529842e-07,0.9200435280799866,0.0,14.680946350097656,112.16059875488281,-123.55435300873336,48.12267076398797
6076,8.717929631529842e-07,0.9200435280799866,0.0,14.680946350097656,112.16059875488281,-123.55435300873336,48.12267076398797
6077,8.717929631529842e-07,0.9200435280799866,0.0,14.680946350097656,112.16059875488281,-123.55435300873336,48.12267076398797
6078,8.717929631529842e-07,0.9200435280799866,0.0,14.680946350097656,112.16059875488281,-123.55435300873336,48.12267076398797
6079,8.717929631529842e-07,0.9200435280799866,0.0,14.680946350097656,112.16059875488281,-123.55435300873336,48.12267076398797
6080,0.9999995231628418,2.205004966526758e-05,0.0,15.770000457763672,277.80029296875,-123.55395300873336,48.12267076398797
6081,0.9999995231628418,2.205004966526758e-05,0.0,15.770000457763672,277.80029296875,-123.55395300873336,48.12267076398797
6082,0.9999995231628418,2.205004966526758e-05,0.0,15.770000457763672,277.80029296875,-123.55395300873336,48.12267076398797
6083,0.9999995231628418,2.205004966526758e-05,0.0,15.770000457763672,277.80029296875,-123.55395300873336,48.12267076398797
6084,0.9999995231628418,2.205004966526758e-05,0.0,15.770000457763672,277.80029296875,-123.55395300873336,48.12267076398797
6085,0.9999995231628418,2.205004966526758e-05,0.0,15.770000457763672,277.80029296875,-123.55395300873336,48.12267076398797
6086,0.9999995231628418,2.205004966526758e-05,0.0,15.770000457763672,277.80029296875,-123.55395300873336,48.12267076398797
6087,0.9999995231628418,2.205004966526758e-05,0.0,15.770000457763672,277.80029296875,-123.55395300873336,48.12267076398797
6088,0.9999995231628418,2.205004966526758e-05,0.0,15.770000457763672,277.80029296875,-123.55395300873336,48.12267076398797
6089,0.9999995231628418,2.205004966526758e-05,0.0,15.770000457763672,277.80029296875,-123.55395300873336,48.12267076398797
6090,0.9999982118606567,6.857552943984047e-05,0.0,15.510000228881836,89.80534362792969,-123.55355300873336,48.12267076398797
6091,0.9999982118606567,6.857552943984047e-05,0.0,15.510000228881836,89.80534362792969,-123.55355300873336,48.12267076398797
6092,0.9999982118606567,6.857552943984047e-05,0.0,15.510000228881836,89.80534362792969,-123.55355300873336,48.12267076398797
6093,0.9999982118606567,6.857552943984047e-05,0.0,15.510000228881836,89.80534362792969,-123.55355300873336,48.12267076398797
6094,0.9999982118606567,6.857552943984047e-05,0.0,15.510000228881836,89.80534362792969,-123.55355300873336,48.12267076398797
6095,0.9999982118606567,6.857552943984047e-05,0.0,15.510000228881836,89.80534362792969,-123.55355300873336,48.12267076398797
6096,0.9999982118606567,6.857552943984047e-05,0.0,15.510000228881836,89.80534362792969,-123.55355300873336,48.12267076398797
6097,0.9999982118606567,6.857552943984047e-05,0.0,15.510000228881836,89.80534362792969,-123.55355300873336,48.12267076398797
6098,0.9999982118606567,6.857552943984047e-05,0.0,15.510000228881836,89.80534362792969,-123.55355300873336,48.12267076398797
6099,0.9999982118606567,6.857552943984047e-05,0.0,15.510000228881836,89.80534362792969,-123.55355300873336,48.12267076398797
6100,0.0,0.0,0.0,0.0,104.04806518554688,-123.55315300873336,48.12267076398797
6101,0.0,0.0,0.0,0.0,104.04806518554688,-123.55315300873336,48.12267076398797
6102,0.0,0.0,0.0,0.0,254.031494140625,-123.55515300873336,48.12227076398797
6103,6.990925612626597e-06,0.12265807390213013,0.0,14.321953773498535,19.646883010864258,-123.55475300873336,48.12227076398797
6104,6.990925612626597e-06,0.12265807390213013,0.0,14.321953773498535,19.646883010864258,-123.55475300873336,48.12227076398797
6105,6.990925612626597e-06,0.12265807390213013,0.0,14.321953773498535,19.646883010864258,-123.55475300873336,48.12227076398797
6106,6.990925612626597e-06,0.12265807390213013,0.0,14.321953773498535,19.646883010864258,-123.55475300873336,48.12227076398797
6107,6.990925612626597e-06,0.12265807390213013,0.0,14.321953773498535,19.646883010864258,-123.55475300873336,48.12227076398797
6108,6.990925612626597e-06,0.12265807390213013,0.0,14.321953773498535,19.646883010864258,-123.55475300873336,48.12227076398797
6109,6.990925612626597e-06,0.12265807390213013,0.0,14.321953773498535,19.646883010864258,-123.55475300873336,48.12227076398797
6110,6.990925612626597e-06,0.12265807390213013,0.0,14.321953773498535,19.646883010864258,-123.55475300873336,48.12227076398797
6111,6.990925612626597e-06,0.12265807390213013,0.0,14.321953773498535,19.646883010864258,-123.55475300873336,48.12227076398797
6112,6.990925612626597e-06,0.12265807390213013,0.0,14.321953773498535,19.646883010864258,-123.55475300873336,48.12227076398797
6113,4.232203082210617e-06,0.9812553524971008,0.0,14.316719055175781,1.0,-123.55435300873336,48.12227076398797
6114,4.232203082210617e-06,0.9812553524971008,0.0,14.316719055175781,1.0,-123.55435300873336,48.12227076398797
6115,4.232203082210617e-06,0.9812553524971008,0.0,14.316719055175781,1.0,-123.55435300873336,48.12227076398797
6116,4.232203082210617e-06,0.9812553524971008,0.0,14.316719055175781,1.0,-123.55435300873336,48.12227076398797
6117,4.232203082210617e-06,0.9812553524971008,0.0,14.316719055175781,1.0,-123.55435300873336,48.12227076398797
6118,4.232203082210617e-06,0.9812553524971008,0.0,14.316719055175781,1.0,-123.55435300873336,48.12227076398797
6119,4.232203082210617e-06,0.9812553524971008,0.0,14.316719055175781,1.0,-123.55435300873336,48.12227076398797
6120,4.232203082210617e-06,0.9812553524971008,0.0,14.316719055175781,1.0,-123.55435300873336,48.12227076398797
6121,4.232203082210617e-06,0.9812553524971008,0.0,14.316719055175781,1.0,-123.55435300873336,48.12227076398797
6122,4.232203082210617e-06,0.9812553524971008,0.0,14.316719055175781,1.0,-123.55435300873336,48.12227076398797
6123,0.00013394940469879657,0.381669819355011,0.0,15.713468551635742,137.90576171875,-123.55395300873336,48.12227076398797
6124,0.00013394940469879657,0.381669819355011,0.0,15.713468551635742,137.90576171875,-123.55395300873336,48.12227076398797
6125,0.00013394940469879657,0.381669819355011,0.0,15.713468551635742,137.90576171875,-123.55395300873336,48.12227076398797
6126,0.00013394940469879657,0.381669819355011,0.0,15.713468551635742,137.90576171875,-123.55395300873336,48.12227076398797
6127,0.00013394940469879657,0.381669819355011,0.0,15.713468551635742,137.90576171875,-123.55395300873336,48.12227076398797
6128,0.00013394940469879657,0.381669819355011,0.0,15.713468551635742,137.90576171875,-123.55395300873336,48.12227076398797
6129,0.00013394940469879657,0.381669819355011,0.0,15.713468551635742,137.90576171875,-123.55395300873336,48.12227076398797
6130,0.00013394940469879657,0.381669819355011,0.0,15.713468551635742,137.90576171875,-123.55395300873336,48.12227076398797
6131,0.00013394940469879657,0.381669819355011,0.0,15.713468551635742,137.90576171875,-123.55395300873336,48.12227076398797
6132,0.00013394940469879657,0.381669819355011,0.0,15.713468551635742,137.90576171875,-123.55395300873336,48.12227076398797
6133,0.00020318583119660616,0.44041919708251953,1.0,15.243030548095703,34.20526123046875,-123.55355300873336,48.12227076398797
6134,0.00020318583119660616,0.44041919708251953,1.0,15.243030548095703,34.20526123046875,-123.55355300873336,48.12227076398797
6135,0.00020318583119660616,0.44041919708251953,1.0,15.243030548095703,34.20526123046875,-123.55355300873336,48.12227076398797
6136,0.00020318583119660616,0.44041919708251953,1.0,15.243030548095703,34.20526123046875,-123.55355300873336,48.12227076398797
6137,0.00020318583119660616,0.44041919708251953,1.0,15.243030548095703,34.20526123046875,-123.55355300873336,48.12227076398797
6138,0.00020318583119660616,0.44041919708251953,1.0,15.243030548095703,34.20526123046875,-123.55355300873336,48.12227076398797
6139,0.00020318583119660616,0.44041919708251953,1.0,15.243030548095703,34.20526123046875,-123.55355300873336,48.12227076398797
6140,0.00020318583119660616,0.44041919708251953,1.0,15.243030548095703,34.20526123046875,-123.55355300873336,48.12227076398797
6141,0.00020318583119660616,0.44041919708251953,1.0,15.243030548095703,34.20526123046875,-123.55355300873336,48.12227076398797
6142,0.00020318583119660616,0.44041919708251953,1.0,15.243030548095703,34.20526123046875,-123.55355300873336,48.12227076398797
6143,0.9929859042167664,0.2586011290550232,0.0,15.667585372924805,54.33230972290039,-123.55475300873336,48.12187076398797
6144,0.9929859042167664,0.2586011290550232,0.0,15.667585372924805,54.33230972290039,-123.55475300873336,48.12187076398797
6145,0.9929859042167664,0.2586011290550232,0.0,15.667585372924805,54.33230972290039,-123.55475300873336,48.12187076398797
6146,0.9929859042167664,0.2586011290550232,0.0,15.667585372924805,54.33230972290039,-123.55475300873336,48.12187076398797
6147,0.9929859042167664,0.2586011290550232,0.0,15.667585372924805,54.33230972290039,-123.55475300873336,48.12187076398797
6148,0.9929859042167664,0.2586011290550232,0.0,15.667585372924805,54.33230972290039,-123.55475300873336,48.12187076398797
6149,0.9929859042167664,0.2586011290550232,0.0,15.667585372924805,54.33230972290039,-123.55475300873336,48.12187076398797
6150,0.9929859042167664,0.2586011290550232,0.0,15.667585372924805,54.33230972290039,-123.55475300873336,48.12187076398797
6151,0.9929859042167664,0.2586011290550232,0.0,15.667585372924805,54.33230972290039,-123.55475300873336,48.12187076398797
6152,0.9929859042167664,0.2586011290550232,0.0,15.667585372924805,54.33230972290039,-123.55475300873336,48.12187076398797
6153,2.3251459424500354e-06,0.8341576457023621,0.0,14.833012580871582,155.56349182128906,-123.55435300873336,48.12187076398797
6154,2.3251459424500354e-06,0.8341576457023621,0.0,14.833012580871582,155.56349182128906,-123.55435300873336,48.12187076398797
6155,2.3251459424500354e-06,0.8341576457023621,0.0,14.833012580871582,155.56349182128906,-123.55435300873336,48.12187076398797
6156,2.3251459424500354e-06,0.8341576457023621,0.0,14.833012580871582,155.56349182128906,-123.55435300873336,48.12187076398797
6157,2.3251459424500354e-06,0.8341576457023621,0.0,14.833012580871582,155.56349182128906,-123.55435300873336,48.12187076398797
6158,2.3251459424500354e-06,0.8341576457023621,0.0,14.833012580871582,155.56349182128906,-123.55435300873336,48.12187076398797
6159,2.3251459424500354e-06,0.8341576457023621,0.0,14.833012580871582,155.56349182128906,-123.55435300873336,48.12187076398797
6160,2.3251459424500354e-06,0.8341576457023621,0.0,14.833012580871582,155.56349182128906,-123.55435300873336,48.12187076398797
6161,2.3251459424500354e-06,0.8341576457023621,0.0,14.833012580871582,155.56349182128906,-123.55435300873336,48.12187076398797
6162,2.3251459424500354e-06,0.8341576457023621,0.0,14.833012580871582,155.56349182128906,-123.55435300873336,48.12187076398797
6163,1.122163848776836e-05,0.9721596240997314,0.0,14.836058616638184,0.0,-123.55395300873336,48.12187076398797
6164,1.122163848776836e-05,0.9721596240997314,0.0,14.836058616638184,0.0,-123.55395300873336,48.12187076398797
6165,1.122163848776836e-05,0.9721596240997314,0.0,14.836058616638184,0.0,-123.55395300873336,48.12187076398797
6166,1.122163848776836e-05,0.9721596240997314,0.0,14.836058616638184,0.0,-123.55395300873336,48.12187076398797
6167,1.122163848776836e-05,0.9721596240997314,0.0,14.836058616638184,0.0,-123.55395300873336,48.12187076398797
6168,1.122163848776836e-05,0.9721596240997314,0.0,14.836058616638184,0.0,-123.55395300873336,48.12187076398797
6169,1.122163848776836e-05,0.9721596240997314,0.0,14.836058616638184,0.0,-123.55395300873336,48.12187076398797
6170,1.122163848776836e-05,0.9721596240997314,0.0,14.836058616638184,0.0,-123.55395300873336,48.12187076398797
6171,1.122163848776836e-05,0.9721596240997314,0.0,14.836058616638184,0.0,-123.55395300873336,48.12187076398797
6172,1.122163848776836e-05,0.9721596240997314,0.0,14.836058616638184,0.0,-123.55395300873336,48.12187076398797
6173,0.1342112123966217,0.01815229468047619,0.0,15.915878295898438,92.0,-123.55475300873336,48.12147076398797
6174,0.1342112123966217,0.01815229468047619,0.0,15.915878295898438,92.0,-123.55475300873336,48.12147076398797
6175,0.1342112123966217,0.01815229468047619,0.0,15.915878295898438,92.0,-123.55475300873336,48.12147076398797
6176,0.1342112123966217,0.01815229468047619,0.0,15.915878295898438,92.0,-123.55475300873336,48.12147076398797
6177,0.1342112123966217,0.01815229468047619,0.0,15.915878295898438,92.0,-123.55475300873336,48.12147076398797
6178,0.1342112123966217,0.01815229468047619,0.0,15.915878295898438,92.0,-123.55475300873336,48.12147076398797
6179,0.1342112123966217,0.01815229468047619,0.0,15.915878295898438,92.0,-123.55475300873336,48.12147076398797
6180,0.1342112123966217,0.01815229468047619,0.0,15.915878295898438,92.0,-123.55475300873336,48.12147076398797
6181,0.1342112123966217,0.01815229468047619,0.0,15.915878295898438,92.0,-123.55475300873336,48.12147076398797
6182,0.1342112123966217,0.01815229468047619,0.0,15.915878295898438,92.0,-123.55475300873336,48.12147076398797
6183,8.17734360225586e-07,0.8744491338729858,0.0,15.71174430847168,197.0,-123.55435300873336,48.12147076398797
6184,8.17734360225586e-07,0.8744491338729858,0.0,15.71174430847168,197.0,-123.55435300873336,48.12147076398797
6185,8.17734360225586e-07,0.8744491338729858,0.0,15.71174430847168,197.0,-123.55435300873336,48.12147076398797
6186,8.17734360225586e-07,0.8744491338729858,0.0,15.71174430847168,197.0,-123.55435300873336,48.12147076398797
6187,8.17734360225586e-07,0.8744491338729858,0.0,15.71174430847168,197.0,-123.55435300873336,48.12147076398797
6188,8.17734360225586e-07,0.8744491338729858,0.0,15.71174430847168,197.0,-123.55435300873336,48.12147076398797
6189,8.17734360225586e-07,0.8744491338729858,0.0,15.71174430847168,197.0,-123.55435300873336,48.12147076398797
6190,8.17734360225586e-07,0.8744491338729858,0.0,15.71174430847168,197.0,-123.55435300873336,48.12147076398797
6191,8.17734360225586e-07,0.8744491338729858,0.0,15.71174430847168,197.0,-123.55435300873336,48.12147076398797
6192,8.17734360225586e-07,0.8744491338729858,0.0,15.71174430847168,197.0,-123.55435300873336,48.12147076398797
6193,7.584383638459258e-06,0.8581421971321106,0.0,14.608681678771973,57.07889175415039,-123.55395300873336,48.12147076398797
6194,7.584383638459258e-06,0.8581421971321106,0.0,14.608681678771973,57.07889175415039,-123.55395300873336,48.12147076398797
6195,7.584383638459258e-06,0.8581421971321106,0.0,14.608681678771973,57.07889175415039,-123.55395300873336,48.12147076398797
6196,7.584383638459258e-06,0.8581421971321106,0.0,14.608681678771973,57.07889175415039,-123.55395300873336,48.12147076398797
6197,7.584383638459258e-06,0.8581421971321106,0.0,14.608681678771973,57.07889175415039,-123.55395300873336,48.12147076398797
6198,7.584383638459258e-06,0.8581421971321106,0.0,14.608681678771973,57.07889175415039,-123.55395300873336,48.12147076398797
6199,7.584383638459258e-06,0.8581421971321106,0.0,14.608681678771973,57.07889175415039,-123.55395300873336,48.12147076398797
6200,7.584383638459258e-06,0.8581421971321106,0.0,14.608681678771973,57.07889175415039,-123.55395300873336,48.12147076398797
6201,7.584383638459258e-06,0.8581421971321106,0.0,14.608681678771973,57.07889175415039,-123.55395300873336,48.12147076398797
6202,7.584383638459258e-06,0.8581421971321106,0.0,14.608681678771973,57.07889175415039,-123.55395300873336,48.12147076398797
6203,0.052443329244852066,0.0004244277661200613,0.0,15.883200645446777,59.13543701171875,-123.55475300873336,48.12107076398797
6204,0.052443329244852066,0.0004244277661200613,0.0,15.883200645446777,59.13543701171875,-123.55475300873336,48.12107076398797
6205,0.052443329244852066,0.0004244277661200613,0.0,15.883200645446777,59.13543701171875,-123.55475300873336,48.12107076398797
6206,0.052443329244852066,0.0004244277661200613,0.0,15.883200645446777,59.13543701171875,-123.55475300873336,48.12107076398797
6207,0.052443329244852066,0.0004244277661200613,0.0,15.883200645446777,59.13543701171875,-123.55475300873336,48.12107076398797
6208,0.052443329244852066,0.0004244277661200613,0.0,15.883200645446777,59.13543701171875,-123.55475300873336,48.12107076398797
6209,0.052443329244852066,0.0004244277661200613,0.0,15.883200645446777,59.13543701171875,-123.55475300873336,48.12107076398797
6210,0.052443329244852066,0.0004244277661200613,0.0,15.883200645446777,59.13543701171875,-123.55475300873336,48.12107076398797
6211,0.052443329244852066,0.0004244277661200613,0.0,15.883200645446777,59.13543701171875,-123.55475300873336,48.12107076398797
6212,0.052443329244852066,0.0004244277661200613,0.0,15.883200645446777,59.13543701171875,-123.55475300873336,48.12107076398797
6213,1.1556402569112834e-05,0.6926852464675903,0.0,15.86009693145752,191.0,-123.55435300873336,48.12107076398797
6214,1.1556402569112834e-05,0.6926852464675903,0.0,15.86009693145752,191.0,-123.55435300873336,48.12107076398797
6215,1.1556402569112834e-05,0.6926852464675903,0.0,15.86009693145752,191.0,-123.55435300873336,48.12107076398797
6216,1.1556402569112834e-05,0.6926852464675903,0.0,15.86009693145752,191.0,-123.55435300873336,48.12107076398797
6217,1.1556402569112834e-05,0.6926852464675903,0.0,15.86009693145752,191.0,-123.55435300873336,48.12107076398797
6218,1.1556402569112834e-05,0.6926852464675903,0.0,15.86009693145752,191.0,-123.55435300873336,48.12107076398797
6219,1.1556402569112834e-05,0.6926852464675903,0.0,15.86009693145752,191.0,-123.55435300873336,48.12107076398797
6220,1.1556402569112834e-05,0.6926852464675903,0.0,15.86009693145752,191.0,-123.55435300873336,48.12107076398797
6221,1.1556402569112834e-05,0.6926852464675903,0.0,15.86009693145752,191.0,-123.55435300873336,48.12107076398797
6222,1.1556402569112834e-05,0.6926852464675903,0.0,15.86009693145752,191.0,-123.55435300873336,48.12107076398797
6223,6.551587375724921e-06,0.8965948820114136,0.0,14.716646194458008,63.50590515136719,-123.55395300873336,48.12107076398797
6224,6.551587375724921e-06,0.8965948820114136,0.0,14.716646194458008,63.50590515136719,-123.55395300873336,48.12107076398797
6225,6.551587375724921e-06,0.8965948820114136,0.0,14.716646194458008,63.50590515136719,-123.55395300873336,48.12107076398797
6226,6.551587375724921e-06,0.8965948820114136,0.0,14.716646194458008,63.50590515136719,-123.55395300873336,48.12107076398797
6227,6.551587375724921e-06,0.8965948820114136,0.0,14.716646194458008,63.50590515136719,-123.55395300873336,48.12107076398797
6228,6.551587375724921e-06,0.8965948820114136,0.0,14.716646194458008,63.50590515136719,-123.55395300873336,48.12107076398797
6229,6.551587375724921e-06,0.8965948820114136,0.0,14.716646194458008,63.50590515136719,-123.55395300873336,48.12107076398797
6230,6.551587375724921e-06,0.8965948820114136,0.0,14.716646194458008,63.50590515136719,-123.55395300873336,48.12107076398797
6231,6.551587375724921e-06,0.8965948820114136,0.0,14.716646194458008,63.50590515136719,-123.55395300873336,48.12107076398797
6232,6.551587375724921e-06,0.8965948820114136,0.0,14.716646194458008,63.50590515136719,-123.55395300873336,48.12107076398797
6233,0.0,0.0,0.0,0.0,39.66106414794922,-123.55595300873335,48.120670763987974
6234,0.0,0.0,0.0,0.0,39.66106414794922,-123.55595300873335,48.120670763987974
6235,0.0,0.0,0.0,0.0,39.66106414794922,-123.55595300873335,48.120670763987974
6236,0.0,0.0,0.0,0.0,39.66106414794922,-123.55595300873335,48.120670763987974
6237,0.0,0.0,0.0,0.0,39.66106414794922,-123.55595300873335,48.120670763987974
6238,0.0,0.0,0.0,0.0,39.66106414794922,-123.55595300873335,48.120670763987974
6239,1.329872816313582e-06,0.3756836950778961,0.0,14.989999771118164,2.2360680103302,-123.55555300873336,48.120670763987974
6240,1.329872816313582e-06,0.3756836950778961,0.0,14.989999771118164,2.2360680103302,-123.55555300873336,48.120670763987974
6241,1.329872816313582e-06,0.3756836950778961,0.0,14.989999771118164,2.2360680103302,-123.55555300873336,48.120670763987974
6242,1.329872816313582e-06,0.3756836950778961,0.0,14.989999771118164,2.2360680103302,-123.55555300873336,48.120670763987974
6243,1.329872816313582e-06,0.3756836950778961,0.0,14.989999771118164,2.2360680103302,-123.55555300873336,48.120670763987974
6244,1.329872816313582e-06,0.3756836950778961,0.0,14.989999771118164,2.2360680103302,-123.55555300873336,48.120670763987974
6245,1.329872816313582e-06,0.3756836950778961,0.0,14.989999771118164,2.2360680103302,-123.55555300873336,48.120670763987974
6246,1.329872816313582e-06,0.3756836950778961,0.0,14.989999771118164,2.2360680103302,-123.55555300873336,48.120670763987974
6247,1.329872816313582e-06,0.3756836950778961,0.0,14.989999771118164,2.2360680103302,-123.55555300873336,48.120670763987974
6248,1.329872816313582e-06,0.3756836950778961,0.0,14.989999771118164,2.2360680103302,-123.55555300873336,48.120670763987974
6249,2.7586682335822843e-05,0.0013329751091077924,0.0,15.425739288330078,18.0,-123.55515300873336,48.120670763987974
6250,2.7586682335822843e-05,0.0013329751091077924,0.0,15.425739288330078,18.0,-123.55515300873336,48.120670763987974
6251,2.7586682335822843e-05,0.0013329751091077924,0.0,15.425739288330078,18.0,-123.55515300873336,48.120670763987974
6252,2.7586682335822843e-05,0.0013329751091077924,0.0,15.425739288330078,18.0,-123.55515300873336,48.120670763987974
6253,2.7586682335822843e-05,0.0013329751091077924,0.0,15.425739288330078,18.0,-123.55515300873336,48.120670763987974
6254,2.7586682335822843e-05,0.0013329751091077924,0.0,15.425739288330078,18.0,-123.55515300873336,48.120670763987974
6255,2.7586682335822843e-05,0.0013329751091077924,0.0,15.425739288330078,18.0,-123.55515300873336,48.120670763987974
6256,2.7586682335822843e-05,0.0013329751091077924,0.0,15.425739288330078,18.0,-123.55515300873336,48.120670763987974
6257,2.7586682335822843e-05,0.0013329751091077924,0.0,15.425739288330078,18.0,-123.55515300873336,48.120670763987974
6258,2.7586682335822843e-05,0.0013329751091077924,0.0,15.425739288330078,18.0,-123.55515300873336,48.120670763987974
6259,0.19615207612514496,0.0013236741069704294,0.0,17.4520263671875,149.90663146972656,-123.55475300873336,48.120670763987974
6260,0.19615207612514496,0.0013236741069704294,0.0,17.4520263671875,149.90663146972656,-123.55475300873336,48.120670763987974
6261,0.19615207612514496,0.0013236741069704294,0.0,17.4520263671875,149.90663146972656,-123.55475300873336,48.120670763987974
6262,0.19615207612514496,0.0013236741069704294,0.0,17.4520263671875,149.90663146972656,-123.55475300873336,48.120670763987974
6263,0.19615207612514496,0.0013236741069704294,0.0,17.4520263671875,149.90663146972656,-123.55475300873336,48.120670763987974
6264,0.19615207612514496,0.0013236741069704294,0.0,17.4520263671875,149.90663146972656,-123.55475300873336,48.120670763987974
6265,0.19615207612514496,0.0013236741069704294,0.0,17.4520263671875,149.90663146972656,-123.55475300873336,48.120670763987974
6266,0.19615207612514496,0.0013236741069704294,0.0,17.4520263671875,149.90663146972656,-123.55475300873336,48.120670763987974
6267,0.19615207612514496,0.0013236741069704294,0.0,17.4520263671875,149.90663146972656,-123.55475300873336,48.120670763987974
6268,0.19615207612514496,0.0013236741069704294,0.0,17.4520263671875,149.90663146972656,-123.55475300873336,48.120670763987974
6269,2.7431718990555964e-05,0.771398663520813,0.0,16.001585006713867,183.63278198242188,-123.55435300873336,48.120670763987974
6270,2.7431718990555964e-05,0.771398663520813,0.0,16.001585006713867,183.63278198242188,-123.55435300873336,48.120670763987974
6271,2.7431718990555964e-05,0.771398663520813,0.0,16.001585006713867,183.63278198242188,-123.55435300873336,48.120670763987974
6272,2.7431718990555964e-05,0.771398663520813,0.0,16.001585006713867,183.63278198242188,-123.55435300873336,48.120670763987974
6273,2.7431718990555964e-05,0.771398663520813,0.0,16.001585006713867,183.63278198242188,-123.55435300873336,48.120670763987974
6274,2.7431718990555964e-05,0.771398663520813,0.0,16.001585006713867,183.63278198242188,-123.55435300873336,48.120670763987974
6275,2.7431718990555964e-05,0.771398663520813,0.0,16.001585006713867,183.63278198242188,-123.55435300873336,48.120670763987974
6276,2.7431718990555964e-05,0.771398663520813,0.0,16.001585006713867,183.63278198242188,-123.55435300873336,48.120670763987974
6277,2.7431718990555964e-05,0.771398663520813,0.0,16.001585006713867,183.63278198242188,-123.55435300873336,48.120670763987974
6278,2.7431718990555964e-05,0.771398663520813,0.0,16.001585006713867,183.63278198242188,-123.55435300873336,48.120670763987974
6279,9.619394404580817e-06,0.695190966129303,0.0,14.883909225463867,33.0,-123.55395300873336,48.120670763987974
6280,9.619394404580817e-06,0.695190966129303,0.0,14.883909225463867,33.0,-123.55395300873336,48.120670763987974
6281,9.619394404580817e-06,0.695190966129303,0.0,14.883909225463867,33.0,-123.55395300873336,48.120670763987974
6282,9.619394404580817e-06,0.695190966129303,0.0,14.883909225463867,33.0,-123.55395300873336,48.120670763987974
6283,9.619394404580817e-06,0.695190966129303,0.0,14.883909225463867,33.0,-123.55395300873336,48.120670763987974
6284,9.619394404580817e-06,0.695190966129303,0.0,14.883909225463867,33.0,-123.55395300873336,48.120670763987974
6285,9.619394404580817e-06,0.695190966129303,0.0,14.883909225463867,33.0,-123.55395300873336,48.120670763987974
6286,9.619394404580817e-06,0.695190966129303,0.0,14.883909225463867,33.0,-123.55395300873336,48.120670763987974
6287,9.619394404580817e-06,0.695190966129303,0.0,14.883909225463867,33.0,-123.55395300873336,48.120670763987974
6288,9.619394404580817e-06,0.695190966129303,0.0,14.883909225463867,33.0,-123.55395300873336,48.120670763987974
6289,0.0,0.0,0.0,0.0,140.4314727783203,-123.55595300873335,48.120270763987975
6290,0.0,0.0,0.0,0.0,140.4314727783203,-123.55595300873335,48.120270763987975
6291,0.07325628399848938,0.00879597570747137,0.0,16.25873374938965,70.03570556640625,-123.55555300873336,48.120270763987975
6292,0.07325628399848938,0.00879597570747137,0.0,16.25873374938965,70.03570556640625,-123.55555300873336,48.120270763987975
6293,0.07325628399848938,0.00879597570747137,0.0,16.25873374938965,70.03570556640625,-123.55555300873336,48.120270763987975
6294,0.07325628399848938,0.00879597570747137,0.0,16.25873374938965,70.03570556640625,-123.55555300873336,48.120270763987975
6295,0.07325628399848938,0.00879597570747137,0.0,16.25873374938965,70.03570556640625,-123.55555300873336,48.120270763987975
6296,0.07325628399848938,0.00879597570747137,0.0,16.25873374938965,70.03570556640625,-123.55555300873336,48.120270763987975
6297,0.07325628399848938,0.00879597570747137,0.0,16.25873374938965,70.03570556640625,-123.55555300873336,48.120270763987975
6298,0.07325628399848938,0.00879597570747137,0.0,16.25873374938965,70.03570556640625,-123.55555300873336,48.120270763987975
6299,0.07325628399848938,0.00879597570747137,0.0,16.25873374938965,70.03570556640625,-123.55555300873336,48.120270763987975
6300,0.07325628399848938,0.00879597570747137,0.0,16.25873374938965,70.03570556640625,-123.55555300873336,48.120270763987975
6301,0.1245662271976471,0.0017207845812663436,0.0,16.82597541809082,184.7620086669922,-123.55515300873336,48.120270763987975
6302,0.1245662271976471,0.0017207845812663436,0.0,16.82597541809082,184.7620086669922,-123.55515300873336,48.120270763987975
6303,0.1245662271976471,0.0017207845812663436,0.0,16.82597541809082,184.7620086669922,-123.55515300873336,48.120270763987975
6304,0.1245662271976471,0.0017207845812663436,0.0,16.82597541809082,184.7620086669922,-123.55515300873336,48.120270763987975
6305,0.1245662271976471,0.0017207845812663436,0.0,16.82597541809082,184.7620086669922,-123.55515300873336,48.120270763987975
6306,0.1245662271976471,0.0017207845812663436,0.0,16.82597541809082,184.7620086669922,-123.55515300873336,48.120270763987975
6307,0.1245662271976471,0.0017207845812663436,0.0,16.82597541809082,184.7620086669922,-123.55515300873336,48.120270763987975
6308,0.1245662271976471,0.0017207845812663436,0.0,16.82597541809082,184.7620086669922,-123.55515300873336,48.120270763987975
6309,0.1245662271976471,0.0017207845812663436,0.0,16.82597541809082,184.7620086669922,-123.55515300873336,48.120270763987975
6310,0.1245662271976471,0.0017207845812663436,0.0,16.82597541809082,184.7620086669922,-123.55515300873336,48.120270763987975
6311,1.7725935322232544e-05,0.0048613278195261955,0.0,17.059673309326172,231.52537536621094,-123.55475300873336,48.120270763987975
6312,1.7725935322232544e-05,0.0048613278195261955,0.0,17.059673309326172,231.52537536621094,-123.55475300873336,48.120270763987975
6313,1.7725935322232544e-05,0.0048613278195261955,0.0,17.059673309326172,231.52537536621094,-123.55475300873336,48.120270763987975
6314,1.7725935322232544e-05,0.0048613278195261955,0.0,17.059673309326172,231.52537536621094,-123.55475300873336,48.120270763987975
6315,1.7725935322232544e-05,0.0048613278195261955,0.0,17.059673309326172,231.52537536621094,-123.55475300873336,48.120270763987975
6316,1.7725935322232544e-05,0.0048613278195261955,0.0,17.059673309326172,231.52537536621094,-123.55475300873336,48.120270763987975
6317,1.7725935322232544e-05,0.0048613278195261955,0.0,17.059673309326172,231.52537536621094,-123.55475300873336,48.120270763987975
6318,1.7725935322232544e-05,0.0048613278195261955,0.0,17.059673309326172,231.52537536621094,-123.55475300873336,48.120270763987975
6319,1.7725935322232544e-05,0.0048613278195261955,0.0,17.059673309326172,231.52537536621094,-123.55475300873336,48.120270763987975
6320,1.7725935322232544e-05,0.0048613278195261955,0.0,17.059673309326172,231.52537536621094,-123.55475300873336,48.120270763987975
6321,1.037328092934331e-05,0.992827832698822,0.0,15.025219917297363,19.79899024963379,-123.55435300873336,48.120270763987975
6322,1.037328092934331e-05,0.992827832698822,0.0,15.025219917297363,19.79899024963379,-123.55435300873336,48.120270763987975
6323,1.037328092934331e-05,0.992827832698822,0.0,15.025219917297363,19.79899024963379,-123.55435300873336,48.120270763987975
6324,1.037328092934331e-05,0.992827832698822,0.0,15.025219917297363,19.79899024963379,-123.55435300873336,48.120270763987975
6325,1.037328092934331e-05,0.992827832698822,0.0,15.025219917297363,19.79899024963379,-123.55435300873336,48.120270763987975
6326,1.037328092934331e-05,0.992827832698822,0.0,15.025219917297363,19.79899024963379,-123.55435300873336,48.120270763987975
6327,1.037328092934331e-05,0.992827832698822,0.0,15.025219917297363,19.79899024963379,-123.55435300873336,48.120270763987975
6328,1.037328092934331e-05,0.992827832698822,0.0,15.025219917297363,19.79899024963379,-123.55435300873336,48.120270763987975
6329,1.037328092934331e-05,0.992827832698822,0.0,15.025219917297363,19.79899024963379,-123.55435300873336,48.120270763987975
6330,1.037328092934331e-05,0.992827832698822,0.0,15.025219917297363,19.79899024963379,-123.55435300873336,48.120270763987975
6331,8.19100114313187e-06,0.7143885493278503,0.0,15.014909744262695,29.4108829498291,-123.55395300873336,48.120270763987975
6332,8.19100114313187e-06,0.7143885493278503,0.0,15.014909744262695,29.4108829498291,-123.55395300873336,48.120270763987975
6333,8.19100114313187e-06,0.7143885493278503,0.0,15.014909744262695,29.4108829498291,-123.55395300873336,48.120270763987975
6334,8.19100114313187e-06,0.7143885493278503,0.0,15.014909744262695,29.4108829498291,-123.55395300873336,48.120270763987975
6335,8.19100114313187e-06,0.7143885493278503,0.0,15.014909744262695,29.4108829498291,-123.55395300873336,48.120270763987975
6336,8.19100114313187e-06,0.7143885493278503,0.0,15.014909744262695,29.4108829498291,-123.55395300873336,48.120270763987975
6337,8.19100114313187e-06,0.7143885493278503,0.0,15.014909744262695,29.4108829498291,-123.55395300873336,48.120270763987975
6338,8.19100114313187e-06,0.7143885493278503,0.0,15.014909744262695,29.4108829498291,-123.55395300873336,48.120270763987975
6339,8.19100114313187e-06,0.7143885493278503,0.0,15.014909744262695,29.4108829498291,-123.55395300873336,48.120270763987975
6340,8.19100114313187e-06,0.7143885493278503,0.0,15.014909744262695,29.4108829498291,-123.55395300873336,48.120270763987975
6341,0.0,0.0,0.0,0.0,395.15313720703125,-123.55595300873335,48.119870763987976
6342,0.0,0.0,0.0,0.0,395.15313720703125,-123.55595300873335,48.119870763987976
6343,0.0,0.0,0.0,0.0,307.2621154785156,-123.55555300873336,48.119870763987976
6344,0.0,0.0,0.0,0.0,307.2621154785156,-123.55555300873336,48.119870763987976
6345,0.0,0.0,0.0,0.0,307.2621154785156,-123.55555300873336,48.119870763987976
6346,0.0,0.0,0.0,0.0,307.2621154785156,-123.55555300873336,48.119870763987976
6347,0.0,0.0,0.0,0.0,356.4393310546875,-123.55515300873336,48.119870763987976
6348,0.0,0.0,0.0,0.0,356.4393310546875,-123.55515300873336,48.119870763987976
6349,0.0,0.0,0.0,0.0,356.4393310546875,-123.55515300873336,48.119870763987976
6350,0.0,0.0,0.0,0.0,356.4393310546875,-123.55515300873336,48.119870763987976
6351,1.319478360528592e-05,0.861116349697113,0.0,15.399443626403809,112.27198791503906,-123.55475300873336,48.119870763987976
6352,1.319478360528592e-05,0.861116349697113,0.0,15.399443626403809,112.27198791503906,-123.55475300873336,48.119870763987976
6353,1.319478360528592e-05,0.861116349697113,0.0,15.399443626403809,112.27198791503906,-123.55475300873336,48.119870763987976
6354,1.319478360528592e-05,0.861116349697113,0.0,15.399443626403809,112.27198791503906,-123.55475300873336,48.119870763987976
6355,1.319478360528592e-05,0.861116349697113,0.0,15.399443626403809,112.27198791503906,-123.55475300873336,48.119870763987976
6356,1.319478360528592e-05,0.861116349697113,0.0,15.399443626403809,112.27198791503906,-123.55475300873336,48.119870763987976
6357,1.319478360528592e-05,0.861116349697113,0.0,15.399443626403809,112.27198791503906,-123.55475300873336,48.119870763987976
6358,1.319478360528592e-05,0.861116349697113,0.0,15.399443626403809,112.27198791503906,-123.55475300873336,48.119870763987976
6359,1.319478360528592e-05,0.861116349697113,0.0,15.399443626403809,112.27198791503906,-123.55475300873336,48.119870763987976
6360,1.319478360528592e-05,0.861116349697113,0.0,15.399443626403809,112.27198791503906,-123.55475300873336,48.119870763987976
6361,2.7527263227966614e-05,0.7654814720153809,0.0,16.29273796081543,20.51828384399414,-123.55435300873336,48.119870763987976
6362,2.7527263227966614e-05,0.7654814720153809,0.0,16.29273796081543,20.51828384399414,-123.55435300873336,48.119870763987976
6363,2.7527263227966614e-05,0.7654814720153809,0.0,16.29273796081543,20.51828384399414,-123.55435300873336,48.119870763987976
6364,2.7527263227966614e-05,0.7654814720153809,0.0,16.29273796081543,20.51828384399414,-123.55435300873336,48.119870763987976
6365,2.7527263227966614e-05,0.7654814720153809,0.0,16.29273796081543,20.51828384399414,-123.55435300873336,48.119870763987976
6366,2.7527263227966614e-05,0.7654814720153809,0.0,16.29273796081543,20.51828384399414,-123.55435300873336,48.119870763987976
6367,2.7527263227966614e-05,0.7654814720153809,0.0,16.29273796081543,20.51828384399414,-123.55435300873336,48.119870763987976
6368,2.7527263227966614e-05,0.7654814720153809,0.0,16.29273796081543,20.51828384399414,-123.55435300873336,48.119870763987976
6369,2.7527263227966614e-05,0.7654814720153809,0.0,16.29273796081543,20.51828384399414,-123.55435300873336,48.119870763987976
6370,2.7527263227966614e-05,0.7654814720153809,0.0,16.29273796081543,20.51828384399414,-123.55435300873336,48.119870763987976
6371,1.3359067452256568e-05,0.024653906002640724,0.0,15.403489112854004,58.46366500854492,-123.55395300873336,48.119870763987976
6372,1.3359067452256568e-05,0.024653906002640724,0.0,15.403489112854004,58.46366500854492,-123.55395300873336,48.119870763987976
6373,1.3359067452256568e-05,0.024653906002640724,0.0,15.403489112854004,58.46366500854492,-123.55395300873336,48.119870763987976
6374,1.3359067452256568e-05,0.024653906002640724,0.0,15.403489112854004,58.46366500854492,-123.55395300873336,48.119870763987976
6375,1.3359067452256568e-05,0.024653906002640724,0.0,15.403489112854004,58.46366500854492,-123.55395300873336,48.119870763987976
6376,1.3359067452256568e-05,0.024653906002640724,0.0,15.403489112854004,58.46366500854492,-123.55395300873336,48.119870763987976
6377,1.3359067452256568e-05,0.024653906002640724,0.0,15.403489112854004,58.46366500854492,-123.55395300873336,48.119870763987976
6378,1.3359067452256568e-05,0.024653906002640724,0.0,15.403489112854004,58.46366500854492,-123.55395300873336,48.119870763987976
6379,1.3359067452256568e-05,0.024653906002640724,0.0,15.403489112854004,58.46366500854492,-123.55395300873336,48.119870763987976
6380,1.3359067452256568e-05,0.024653906002640724,0.0,15.403489112854004,58.46366500854492,-123.55395300873336,48.119870763987976
6381,0.0,0.0,0.0,0.0,587.823974609375,-123.55595300873335,48.11947076398798
6382,0.0,0.0,0.0,0.0,587.823974609375,-123.55595300873335,48.11947076398798
6383,0.0,0.0,0.0,0.0,366.17071533203125,-123.55555300873336,48.11947076398798
6384,0.0,0.0,0.0,0.0,366.17071533203125,-123.55555300873336,48.11947076398798
6385,0.0,0.0,0.0,0.0,366.17071533203125,-123.55555300873336,48.11947076398798
6386,0.0,0.0,0.0,0.0,366.17071533203125,-123.55555300873336,48.11947076398798
6387,0.004523883108049631,0.42942094802856445,0.0,15.091995239257812,170.5520477294922,-123.55515300873336,48.11947076398798
6388,0.004523883108049631,0.42942094802856445,0.0,15.091995239257812,170.5520477294922,-123.55515300873336,48.11947076398798
6389,0.004523883108049631,0.42942094802856445,0.0,15.091995239257812,170.5520477294922,-123.55515300873336,48.11947076398798
6390,0.004523883108049631,0.42942094802856445,0.0,15.091995239257812,170.5520477294922,-123.55515300873336,48.11947076398798
6391,0.004523883108049631,0.42942094802856445,0.0,15.091995239257812,170.5520477294922,-123.55515300873336,48.11947076398798
6392,0.004523883108049631,0.42942094802856445,0.0,15.091995239257812,170.5520477294922,-123.55515300873336,48.11947076398798
6393,0.004523883108049631,0.42942094802856445,0.0,15.091995239257812,170.5520477294922,-123.55515300873336,48.11947076398798
6394,0.004523883108049631,0.42942094802856445,0.0,15.091995239257812,170.5520477294922,-123.55515300873336,48.11947076398798
6395,0.004523883108049631,0.42942094802856445,0.0,15.091995239257812,170.5520477294922,-123.55515300873336,48.11947076398798
6396,0.004523883108049631,0.42942094802856445,0.0,15.091995239257812,170.5520477294922,-123.55515300873336,48.11947076398798
6397,3.1688963645137846e-05,0.03007616475224495,0.0,16.464820861816406,7.071067810058594,-123.55475300873336,48.11947076398798
6398,3.1688963645137846e-05,0.03007616475224495,0.0,16.464820861816406,7.071067810058594,-123.55475300873336,48.11947076398798
6399,3.1688963645137846e-05,0.03007616475224495,0.0,16.464820861816406,7.071067810058594,-123.55475300873336,48.11947076398798
6400,3.1688963645137846e-05,0.03007616475224495,0.0,16.464820861816406,7.071067810058594,-123.55475300873336,48.11947076398798
6401,3.1688963645137846e-05,0.03007616475224495,0.0,16.464820861816406,7.071067810058594,-123.55475300873336,48.11947076398798
6402,3.1688963645137846e-05,0.03007616475224495,0.0,16.464820861816406,7.071067810058594,-123.55475300873336,48.11947076398798
6403,3.1688963645137846e-05,0.03007616475224495,0.0,16.464820861816406,7.071067810058594,-123.55475300873336,48.11947076398798
6404,3.1688963645137846e-05,0.03007616475224495,0.0,16.464820861816406,7.071067810058594,-123.55475300873336,48.11947076398798
6405,3.1688963645137846e-05,0.03007616475224495,0.0,16.464820861816406,7.071067810058594,-123.55475300873336,48.11947076398798
6406,3.1688963645137846e-05,0.03007616475224495,0.0,16.464820861816406,7.071067810058594,-123.55475300873336,48.11947076398798
6407,7.68191421229858e-06,0.8903841376304626,0.0,16.951309204101562,26.925823211669922,-123.55435300873336,48.11947076398798
6408,7.68191421229858e-06,0.8903841376304626,0.0,16.951309204101562,26.925823211669922,-123.55435300873336,48.11947076398798
6409,7.68191421229858e-06,0.8903841376304626,0.0,16.951309204101562,26.925823211669922,-123.55435300873336,48.11947076398798
6410,7.68191421229858e-06,0.8903841376304626,0.0,16.951309204101562,26.925823211669922,-123.55435300873336,48.11947076398798
6411,7.68191421229858e-06,0.8903841376304626,0.0,16.951309204101562,26.925823211669922,-123.55435300873336,48.11947076398798
6412,7.68191421229858e-06,0.8903841376304626,0.0,16.951309204101562,26.925823211669922,-123.55435300873336,48.11947076398798
6413,7.68191421229858e-06,0.8903841376304626,0.0,16.951309204101562,26.925823211669922,-123.55435300873336,48.11947076398798
6414,7.68191421229858e-06,0.8903841376304626,0.0,16.951309204101562,26.925823211669922,-123.55435300873336,48.11947076398798
6415,7.68191421229858e-06,0.8903841376304626,0.0,16.951309204101562,26.925823211669922,-123.55435300873336,48.11947076398798
6416,7.68191421229858e-06,0.8903841376304626,0.0,16.951309204101562,26.925823211669922,-123.55435300873336,48.11947076398798
6417,1.6276634369205567e-06,0.8495050072669983,0.0,16.479032516479492,62.3939094543457,-123.55395300873336,48.11947076398798
6418,1.6276634369205567e-06,0.8495050072669983,0.0,16.479032516479492,62.3939094543457,-123.55395300873336,48.11947076398798
6419,1.6276634369205567e-06,0.8495050072669983,0.0,16.479032516479492,62.3939094543457,-123.55395300873336,48.11947076398798
6420,1.6276634369205567e-06,0.8495050072669983,0.0,16.479032516479492,62.3939094543457,-123.55395300873336,48.11947076398798
6421,1.6276634369205567e-06,0.8495050072669983,0.0,16.479032516479492,62.3939094543457,-123.55395300873336,48.11947076398798
6422,1.6276634369205567e-06,0.8495050072669983,0.0,16.479032516479492,62.3939094543457,-123.55395300873336,48.11947076398798
6423,1.6276634369205567e-06,0.8495050072669983,0.0,16.479032516479492,62.3939094543457,-123.55395300873336,48.11947076398798
6424,1.6276634369205567e-06,0.8495050072669983,0.0,16.479032516479492,62.3939094543457,-123.55395300873336,48.11947076398798
6425,1.6276634369205567e-06,0.8495050072669983,0.0,16.479032516479492,62.3939094543457,-123.55395300873336,48.11947076398798
6426,1.6276634369205567e-06,0.8495050072669983,0.0,16.479032516479492,62.3939094543457,-123.55395300873336,48.11947076398798
6427,0.0001254446542588994,0.9153621196746826,0.0,15.028969764709473,18.601076126098633,-123.55355300873336,48.11947076398798
6428,0.0001254446542588994,0.9153621196746826,0.0,15.028969764709473,18.601076126098633,-123.55355300873336,48.11947076398798
6429,0.0001254446542588994,0.9153621196746826,0.0,15.028969764709473,18.601076126098633,-123.55355300873336,48.11947076398798
6430,0.0001254446542588994,0.9153621196746826,0.0,15.028969764709473,18.601076126098633,-123.55355300873336,48.11947076398798
6431,0.0001254446542588994,0.9153621196746826,0.0,15.028969764709473,18.601076126098633,-123.55355300873336,48.11947076398798
6432,0.0001254446542588994,0.9153621196746826,0.0,15.028969764709473,18.601076126098633,-123.55355300873336,48.11947076398798
6433,0.0001254446542588994,0.9153621196746826,0.0,15.028969764709473,18.601076126098633,-123.55355300873336,48.11947076398798
6434,0.0001254446542588994,0.9153621196746826,0.0,15.028969764709473,18.601076126098633,-123.55355300873336,48.11947076398798
6435,0.0001254446542588994,0.9153621196746826,0.0,15.028969764709473,18.601076126098633,-123.55355300873336,48.11947076398798
6436,0.0,0.0,0.0,0.0,509.0274963378906,-123.55595300873335,48.11907076398798
6437,0.0,0.0,0.0,0.0,509.0274963378906,-123.55595300873335,48.11907076398798
6438,0.0,0.0,0.0,0.0,260.2479553222656,-123.55555300873336,48.11907076398798
6439,0.0,0.0,0.0,0.0,260.2479553222656,-123.55555300873336,48.11907076398798
6440,0.0,0.0,0.0,0.0,260.2479553222656,-123.55555300873336,48.11907076398798
6441,0.0,0.0,0.0,0.0,260.2479553222656,-123.55555300873336,48.11907076398798
6442,3.0443470677710138e-05,0.59889155626297,0.0,16.424095153808594,19.235383987426758,-123.55515300873336,48.11907076398798
6443,3.0443470677710138e-05,0.59889155626297,0.0,16.424095153808594,19.235383987426758,-123.55515300873336,48.11907076398798
6444,3.0443470677710138e-05,0.59889155626297,0.0,16.424095153808594,19.235383987426758,-123.55515300873336,48.11907076398798
6445,3.0443470677710138e-05,0.59889155626297,0.0,16.424095153808594,19.235383987426758,-123.55515300873336,48.11907076398798
6446,3.0443470677710138e-05,0.59889155626297,0.0,16.424095153808594,19.235383987426758,-123.55515300873336,48.11907076398798
6447,3.0443470677710138e-05,0.59889155626297,0.0,16.424095153808594,19.235383987426758,-123.55515300873336,48.11907076398798
6448,3.0443470677710138e-05,0.59889155626297,0.0,16.424095153808594,19.235383987426758,-123.55515300873336,48.11907076398798
6449,3.0443470677710138e-05,0.59889155626297,0.0,16.424095153808594,19.235383987426758,-123.55515300873336,48.11907076398798
6450,3.0443470677710138e-05,0.59889155626297,0.0,16.424095153808594,19.235383987426758,-123.55515300873336,48.11907076398798
6451,3.0443470677710138e-05,0.59889155626297,0.0,16.424095153808594,19.235383987426758,-123.55515300873336,48.11907076398798
6452,2.0674131064879475e-06,0.05962955579161644,0.0,17.06279945373535,135.72398376464844,-123.55475300873336,48.11907076398798
6453,2.0674131064879475e-06,0.05962955579161644,0.0,17.06279945373535,135.72398376464844,-123.55475300873336,48.11907076398798
6454,2.0674131064879475e-06,0.05962955579161644,0.0,17.06279945373535,135.72398376464844,-123.55475300873336,48.11907076398798
6455,2.0674131064879475e-06,0.05962955579161644,0.0,17.06279945373535,135.72398376464844,-123.55475300873336,48.11907076398798
6456,2.0674131064879475e-06,0.05962955579161644,0.0,17.06279945373535,135.72398376464844,-123.55475300873336,48.11907076398798
6457,2.0674131064879475e-06,0.05962955579161644,0.0,17.06279945373535,135.72398376464844,-123.55475300873336,48.11907076398798
6458,2.0674131064879475e-06,0.05962955579161644,0.0,17.06279945373535,135.72398376464844,-123.55475300873336,48.11907076398798
6459,2.0674131064879475e-06,0.05962955579161644,0.0,17.06279945373535,135.72398376464844,-123.55475300873336,48.11907076398798
6460,2.0674131064879475e-06,0.05962955579161644,0.0,17.06279945373535,135.72398376464844,-123.55475300873336,48.11907076398798
6461,2.0674131064879475e-06,0.05962955579161644,0.0,17.06279945373535,135.72398376464844,-123.55475300873336,48.11907076398798
6462,9.33238879952114e-06,0.003182639367878437,0.0,16.949182510375977,211.8726043701172,-123.55435300873336,48.11907076398798
6463,9.33238879952114e-06,0.003182639367878437,0.0,16.949182510375977,211.8726043701172,-123.55435300873336,48.11907076398798
6464,9.33238879952114e-06,0.003182639367878437,0.0,16.949182510375977,211.8726043701172,-123.55435300873336,48.11907076398798
6465,9.33238879952114e-06,0.003182639367878437,0.0,16.949182510375977,211.8726043701172,-123.55435300873336,48.11907076398798
6466,9.33238879952114e-06,0.003182639367878437,0.0,16.949182510375977,211.8726043701172,-123.55435300873336,48.11907076398798
6467,9.33238879952114e-06,0.003182639367878437,0.0,16.949182510375977,211.8726043701172,-123.55435300873336,48.11907076398798
6468,9.33238879952114e-06,0.003182639367878437,0.0,16.949182510375977,211.8726043701172,-123.55435300873336,48.11907076398798
6469,9.33238879952114e-06,0.003182639367878437,0.0,16.949182510375977,211.8726043701172,-123.55435300873336,48.11907076398798
6470,9.33238879952114e-06,0.003182639367878437,0.0,16.949182510375977,211.8726043701172,-123.55435300873336,48.11907076398798
6471,9.33238879952114e-06,0.003182639367878437,0.0,16.949182510375977,211.8726043701172,-123.55435300873336,48.11907076398798
6472,0.9999960660934448,7.932686276035383e-05,0.0,16.389999389648438,300.08831787109375,-123.55395300873336,48.11907076398798
6473,0.9999960660934448,7.932686276035383e-05,0.0,16.389999389648438,300.08831787109375,-123.55395300873336,48.11907076398798
6474,0.9999960660934448,7.932686276035383e-05,0.0,16.389999389648438,300.08831787109375,-123.55395300873336,48.11907076398798
6475,0.9999960660934448,7.932686276035383e-05,0.0,16.389999389648438,300.08831787109375,-123.55395300873336,48.11907076398798
6476,0.9999960660934448,7.932686276035383e-05,0.0,16.389999389648438,300.08831787109375,-123.55395300873336,48.11907076398798
6477,0.9999960660934448,7.932686276035383e-05,0.0,16.389999389648438,300.08831787109375,-123.55395300873336,48.11907076398798
6478,0.9999960660934448,7.932686276035383e-05,0.0,16.389999389648438,300.08831787109375,-123.55395300873336,48.11907076398798
6479,0.9999960660934448,7.932686276035383e-05,0.0,16.389999389648438,300.08831787109375,-123.55395300873336,48.11907076398798
6480,0.9999960660934448,7.932686276035383e-05,0.0,16.389999389648438,300.08831787109375,-123.55395300873336,48.11907076398798
6481,0.9999960660934448,7.932686276035383e-05,0.0,16.389999389648438,300.08831787109375,-123.55395300873336,48.11907076398798
6482,0.16001105308532715,0.7812817692756653,0.0,16.06999969482422,130.0,-123.55355300873336,48.11907076398798
6483,0.16001105308532715,0.7812817692756653,0.0,16.06999969482422,130.0,-123.55355300873336,48.11907076398798
6484,0.16001105308532715,0.7812817692756653,0.0,16.06999969482422,130.0,-123.55355300873336,48.11907076398798
6485,0.16001105308532715,0.7812817692756653,0.0,16.06999969482422,130.0,-123.55355300873336,48.11907076398798
6486,0.16001105308532715,0.7812817692756653,0.0,16.06999969482422,130.0,-123.55355300873336,48.11907076398798
6487,0.16001105308532715,0.7812817692756653,0.0,16.06999969482422,130.0,-123.55355300873336,48.11907076398798
6488,0.16001105308532715,0.7812817692756653,0.0,16.06999969482422,130.0,-123.55355300873336,48.11907076398798
6489,0.16001105308532715,0.7812817692756653,0.0,16.06999969482422,130.0,-123.55355300873336,48.11907076398798
6490,0.16001105308532715,0.7812817692756653,0.0,16.06999969482422,130.0,-123.55355300873336,48.11907076398798
6491,0.16001105308532715,0.7812817692756653,0.0,16.06999969482422,130.0,-123.55355300873336,48.11907076398798
6492,0.9996999502182007,0.0010012892307713628,0.0,15.827457427978516,77.10382843017578,-123.55315300873336,48.11907076398798
6493,0.9996999502182007,0.0010012892307713628,0.0,15.827457427978516,77.10382843017578,-123.55315300873336,48.11907076398798
6494,0.9996999502182007,0.0010012892307713628,0.0,15.827457427978516,77.10382843017578,-123.55315300873336,48.11907076398798
6495,0.9996999502182007,0.0010012892307713628,0.0,15.827457427978516,77.10382843017578,-123.55315300873336,48.11907076398798
6496,0.9996999502182007,0.0010012892307713628,0.0,15.827457427978516,77.10382843017578,-123.55315300873336,48.11907076398798
6497,0.9996999502182007,0.0010012892307713628,0.0,15.827457427978516,77.10382843017578,-123.55315300873336,48.11907076398798
6498,0.9996999502182007,0.0010012892307713628,0.0,15.827457427978516,77.10382843017578,-123.55315300873336,48.11907076398798
6499,0.0,0.0,0.0,0.0,473.2229919433594,-123.55595300873335,48.11867076398798
6500,0.0,0.0,0.0,0.0,218.66183471679688,-123.55555300873336,48.11867076398798
6501,0.0,0.0,0.0,0.0,218.66183471679688,-123.55555300873336,48.11867076398798
6502,0.0,0.0,0.0,0.0,218.66183471679688,-123.55555300873336,48.11867076398798
6503,0.0,0.0,0.0,0.0,218.66183471679688,-123.55555300873336,48.11867076398798
6504,0.0,0.0,0.0,0.0,218.66183471679688,-123.55555300873336,48.11867076398798
6505,0.0,0.0,0.0,0.0,218.66183471679688,-123.55555300873336,48.11867076398798
6506,0.00010610956815071404,0.8797088265419006,0.0,16.396678924560547,34.0,-123.55515300873336,48.11867076398798
6507,0.00010610956815071404,0.8797088265419006,0.0,16.396678924560547,34.0,-123.55515300873336,48.11867076398798
6508,0.00010610956815071404,0.8797088265419006,0.0,16.396678924560547,34.0,-123.55515300873336,48.11867076398798
6509,0.00010610956815071404,0.8797088265419006,0.0,16.396678924560547,34.0,-123.55515300873336,48.11867076398798
6510,0.00010610956815071404,0.8797088265419006,0.0,16.396678924560547,34.0,-123.55515300873336,48.11867076398798
6511,0.00010610956815071404,0.8797088265419006,0.0,16.396678924560547,34.0,-123.55515300873336,48.11867076398798
6512,0.00010610956815071404,0.8797088265419006,0.0,16.396678924560547,34.0,-123.55515300873336,48.11867076398798
6513,0.00010610956815071404,0.8797088265419006,0.0,16.396678924560547,34.0,-123.55515300873336,48.11867076398798
6514,0.00010610956815071404,0.8797088265419006,0.0,16.396678924560547,34.0,-123.55515300873336,48.11867076398798
6515,0.00010610956815071404,0.8797088265419006,0.0,16.396678924560547,34.0,-123.55515300873336,48.11867076398798
6516,0.008410670794546604,0.050647761672735214,0.0,17.080848693847656,288.5013122558594,-123.55475300873336,48.11867076398798
6517,0.008410670794546604,0.050647761672735214,0.0,17.080848693847656,288.5013122558594,-123.55475300873336,48.11867076398798
6518,0.008410670794546604,0.050647761672735214,0.0,17.080848693847656,288.5013122558594,-123.55475300873336,48.11867076398798
6519,0.008410670794546604,0.050647761672735214,0.0,17.080848693847656,288.5013122558594,-123.55475300873336,48.11867076398798
6520,0.008410670794546604,0.050647761672735214,0.0,17.080848693847656,288.5013122558594,-123.55475300873336,48.11867076398798
6521,0.008410670794546604,0.050647761672735214,0.0,17.080848693847656,288.5013122558594,-123.55475300873336,48.11867076398798
6522,0.008410670794546604,0.050647761672735214,0.0,17.080848693847656,288.5013122558594,-123.55475300873336,48.11867076398798
6523,0.008410670794546604,0.050647761672735214,0.0,17.080848693847656,288.5013122558594,-123.55475300873336,48.11867076398798
6524,0.008410670794546604,0.050647761672735214,0.0,17.080848693847656,288.5013122558594,-123.55475300873336,48.11867076398798
6525,0.008410670794546604,0.050647761672735214,0.0,17.080848693847656,288.5013122558594,-123.55475300873336,48.11867076398798
6526,0.8463190793991089,0.031515080481767654,0.0,17.301700592041016,451.947998046875,-123.55435300873336,48.11867076398798
6527,0.8463190793991089,0.031515080481767654,0.0,17.301700592041016,451.947998046875,-123.55435300873336,48.11867076398798
6528,0.8463190793991089,0.031515080481767654,0.0,17.301700592041016,451.947998046875,-123.55435300873336,48.11867076398798
6529,0.8463190793991089,0.031515080481767654,0.0,17.301700592041016,451.947998046875,-123.55435300873336,48.11867076398798
6530,0.8463190793991089,0.031515080481767654,0.0,17.301700592041016,451.947998046875,-123.55435300873336,48.11867076398798
6531,0.8463190793991089,0.031515080481767654,0.0,17.301700592041016,451.947998046875,-123.55435300873336,48.11867076398798
6532,0.8463190793991089,0.031515080481767654,0.0,17.301700592041016,451.947998046875,-123.55435300873336,48.11867076398798
6533,0.8463190793991089,0.031515080481767654,0.0,17.301700592041016,451.947998046875,-123.55435300873336,48.11867076398798
6534,0.8463190793991089,0.031515080481767654,0.0,17.301700592041016,451.947998046875,-123.55435300873336,48.11867076398798
6535,0.8463190793991089,0.031515080481767654,0.0,17.301700592041016,451.947998046875,-123.55435300873336,48.11867076398798
6536,0.9999942779541016,0.0001859546609921381,0.0,16.729999542236328,485.5687255859375,-123.55395300873336,48.11867076398798
6537,0.9999942779541016,0.0001859546609921381,0.0,16.729999542236328,485.5687255859375,-123.55395300873336,48.11867076398798
6538,0.9999942779541016,0.0001859546609921381,0.0,16.729999542236328,485.5687255859375,-123.55395300873336,48.11867076398798
6539,0.9999942779541016,0.0001859546609921381,0.0,16.729999542236328,485.5687255859375,-123.55395300873336,48.11867076398798
6540,0.9999942779541016,0.0001859546609921381,0.0,16.729999542236328,485.5687255859375,-123.55395300873336,48.11867076398798
6541,0.9999942779541016,0.0001859546609921381,0.0,16.729999542236328,485.5687255859375,-123.55395300873336,48.11867076398798
6542,0.9999942779541016,0.0001859546609921381,0.0,16.729999542236328,485.5687255859375,-123.55395300873336,48.11867076398798
6543,0.9999942779541016,0.0001859546609921381,0.0,16.729999542236328,485.5687255859375,-123.55395300873336,48.11867076398798
6544,0.9999942779541016,0.0001859546609921381,0.0,16.729999542236328,485.5687255859375,-123.55395300873336,48.11867076398798
6545,0.9999942779541016,0.0001859546609921381,0.0,16.729999542236328,485.5687255859375,-123.55395300873336,48.11867076398798
6546,0.9999974966049194,5.280629557091743e-05,0.0,16.420000076293945,277.62744140625,-123.55355300873336,48.11867076398798
6547,0.9999974966049194,5.280629557091743e-05,0.0,16.420000076293945,277.62744140625,-123.55355300873336,48.11867076398798
6548,0.9999974966049194,5.280629557091743e-05,0.0,16.420000076293945,277.62744140625,-123.55355300873336,48.11867076398798
6549,0.9999974966049194,5.280629557091743e-05,0.0,16.420000076293945,277.62744140625,-123.55355300873336,48.11867076398798
6550,0.9999974966049194,5.280629557091743e-05,0.0,16.420000076293945,277.62744140625,-123.55355300873336,48.11867076398798
6551,0.9999974966049194,5.280629557091743e-05,0.0,16.420000076293945,277.62744140625,-123.55355300873336,48.11867076398798
6552,0.9999974966049194,5.280629557091743e-05,0.0,16.420000076293945,277.62744140625,-123.55355300873336,48.11867076398798
6553,0.9999974966049194,5.280629557091743e-05,0.0,16.420000076293945,277.62744140625,-123.55355300873336,48.11867076398798
6554,0.9999974966049194,5.280629557091743e-05,0.0,16.420000076293945,277.62744140625,-123.55355300873336,48.11867076398798
6555,0.9999974966049194,5.280629557091743e-05,0.0,16.420000076293945,277.62744140625,-123.55355300873336,48.11867076398798
6556,0.49055397510528564,0.16524186730384827,0.0,16.170000076293945,66.2872543334961,-123.55315300873336,48.11867076398798
6557,0.49055397510528564,0.16524186730384827,0.0,16.170000076293945,66.2872543334961,-123.55315300873336,48.11867076398798
6558,0.49055397510528564,0.16524186730384827,0.0,16.170000076293945,66.2872543334961,-123.55315300873336,48.11867076398798
6559,0.49055397510528564,0.16524186730384827,0.0,16.170000076293945,66.2872543334961,-123.55315300873336,48.11867076398798
6560,0.49055397510528564,0.16524186730384827,0.0,16.170000076293945,66.2872543334961,-123.55315300873336,48.11867076398798
6561,0.49055397510528564,0.16524186730384827,0.0,16.170000076293945,66.2872543334961,-123.55315300873336,48.11867076398798
6562,0.49055397510528564,0.16524186730384827,0.0,16.170000076293945,66.2872543334961,-123.55315300873336,48.11867076398798
6563,0.49055397510528564,0.16524186730384827,0.0,16.170000076293945,66.2872543334961,-123.55315300873336,48.11867076398798
6564,0.49055397510528564,0.16524186730384827,0.0,16.170000076293945,66.2872543334961,-123.55315300873336,48.11867076398798
6565,0.49055397510528564,0.16524186730384827,0.0,16.170000076293945,66.2872543334961,-123.55315300873336,48.11867076398798
6566,0.0,0.0,0.0,0.0,325.20916748046875,-123.55235300873336,48.11867076398798
6567,0.0,0.0,0.0,0.0,223.787841796875,-123.55555300873336,48.11827076398798
6568,9.016910553327762e-06,0.9836727976799011,0.0,15.830879211425781,0.0,-123.55515300873336,48.11827076398798
6569,9.016910553327762e-06,0.9836727976799011,0.0,15.830879211425781,0.0,-123.55515300873336,48.11827076398798
6570,9.016910553327762e-06,0.9836727976799011,0.0,15.830879211425781,0.0,-123.55515300873336,48.11827076398798
6571,9.016910553327762e-06,0.9836727976799011,0.0,15.830879211425781,0.0,-123.55515300873336,48.11827076398798
6572,9.016910553327762e-06,0.9836727976799011,0.0,15.830879211425781,0.0,-123.55515300873336,48.11827076398798
6573,9.016910553327762e-06,0.9836727976799011,0.0,15.830879211425781,0.0,-123.55515300873336,48.11827076398798
6574,9.016910553327762e-06,0.9836727976799011,0.0,15.830879211425781,0.0,-123.55515300873336,48.11827076398798
6575,9.016910553327762e-06,0.9836727976799011,0.0,15.830879211425781,0.0,-123.55515300873336,48.11827076398798
6576,9.016910553327762e-06,0.9836727976799011,0.0,15.830879211425781,0.0,-123.55515300873336,48.11827076398798
6577,9.016910553327762e-06,0.9836727976799011,0.0,15.830879211425781,0.0,-123.55515300873336,48.11827076398798
6578,0.006556554697453976,0.6867130994796753,0.0,17.625286102294922,222.91029357910156,-123.55475300873336,48.11827076398798
6579,0.006556554697453976,0.6867130994796753,0.0,17.625286102294922,222.91029357910156,-123.55475300873336,48.11827076398798
6580,0.006556554697453976,0.6867130994796753,0.0,17.625286102294922,222.91029357910156,-123.55475300873336,48.11827076398798
6581,0.006556554697453976,0.6867130994796753,0.0,17.625286102294922,222.91029357910156,-123.55475300873336,48.11827076398798
6582,0.006556554697453976,0.6867130994796753,0.0,17.625286102294922,222.91029357910156,-123.55475300873336,48.11827076398798
6583,0.006556554697453976,0.6867130994796753,0.0,17.625286102294922,222.91029357910156,-123.55475300873336,48.11827076398798
6584,0.006556554697453976,0.6867130994796753,0.0,17.625286102294922,222.91029357910156,-123.55475300873336,48.11827076398798
6585,0.006556554697453976,0.6867130994796753,0.0,17.625286102294922,222.91029357910156,-123.55475300873336,48.11827076398798
6586,0.006556554697453976,0.6867130994796753,0.0,17.625286102294922,222.91029357910156,-123.55475300873336,48.11827076398798
6587,0.006556554697453976,0.6867130994796753,0.0,17.625286102294922,222.91029357910156,-123.55475300873336,48.11827076398798
6588,1.3398826013144571e-06,0.9973049163818359,0.0,18.13220977783203,377.572509765625,-123.55435300873336,48.11827076398798
6589,1.3398826013144571e-06,0.9973049163818359,0.0,18.13220977783203,377.572509765625,-123.55435300873336,48.11827076398798
6590,1.3398826013144571e-06,0.9973049163818359,0.0,18.13220977783203,377.572509765625,-123.55435300873336,48.11827076398798
6591,1.3398826013144571e-06,0.9973049163818359,0.0,18.13220977783203,377.572509765625,-123.55435300873336,48.11827076398798
6592,1.3398826013144571e-06,0.9973049163818359,0.0,18.13220977783203,377.572509765625,-123.55435300873336,48.11827076398798
6593,1.3398826013144571e-06,0.9973049163818359,0.0,18.13220977783203,377.572509765625,-123.55435300873336,48.11827076398798
6594,1.3398826013144571e-06,0.9973049163818359,0.0,18.13220977783203,377.572509765625,-123.55435300873336,48.11827076398798
6595,1.3398826013144571e-06,0.9973049163818359,0.0,18.13220977783203,377.572509765625,-123.55435300873336,48.11827076398798
6596,1.3398826013144571e-06,0.9973049163818359,0.0,18.13220977783203,377.572509765625,-123.55435300873336,48.11827076398798
6597,1.3398826013144571e-06,0.9973049163818359,0.0,18.13220977783203,377.572509765625,-123.55435300873336,48.11827076398798
6598,0.9997685551643372,0.0005873610498383641,0.0,17.450000762939453,427.79083251953125,-123.55395300873336,48.11827076398798
6599,0.9997685551643372,0.0005873610498383641,0.0,17.450000762939453,427.79083251953125,-123.55395300873336,48.11827076398798
6600,0.9997685551643372,0.0005873610498383641,0.0,17.450000762939453,427.79083251953125,-123.55395300873336,48.11827076398798
6601,0.9997685551643372,0.0005873610498383641,0.0,17.450000762939453,427.79083251953125,-123.55395300873336,48.11827076398798
6602,0.9997685551643372,0.0005873610498383641,0.0,17.450000762939453,427.79083251953125,-123.55395300873336,48.11827076398798
6603,0.9997685551643372,0.0005873610498383641,0.0,17.450000762939453,427.79083251953125,-123.55395300873336,48.11827076398798
6604,0.9997685551643372,0.0005873610498383641,0.0,17.450000762939453,427.79083251953125,-123.55395300873336,48.11827076398798
6605,0.9997685551643372,0.0005873610498383641,0.0,17.450000762939453,427.79083251953125,-123.55395300873336,48.11827076398798
6606,0.9997685551643372,0.0005873610498383641,0.0,17.450000762939453,427.79083251953125,-123.55395300873336,48.11827076398798
6607,0.9997685551643372,0.0005873610498383641,0.0,17.450000762939453,427.79083251953125,-123.55395300873336,48.11827076398798
6608,0.9999955892562866,4.679887933889404e-05,0.0,17.170000076293945,419.8880920410156,-123.55355300873336,48.11827076398798
6609,0.9999955892562866,4.679887933889404e-05,0.0,17.170000076293945,419.8880920410156,-123.55355300873336,48.11827076398798
6610,0.9999955892562866,4.679887933889404e-05,0.0,17.170000076293945,419.8880920410156,-123.55355300873336,48.11827076398798
6611,0.9999955892562866,4.679887933889404e-05,0.0,17.170000076293945,419.8880920410156,-123.55355300873336,48.11827076398798
6612,0.9999955892562866,4.679887933889404e-05,0.0,17.170000076293945,419.8880920410156,-123.55355300873336,48.11827076398798
6613,0.9999955892562866,4.679887933889404e-05,0.0,17.170000076293945,419.8880920410156,-123.55355300873336,48.11827076398798
6614,0.9999955892562866,4.679887933889404e-05,0.0,17.170000076293945,419.8880920410156,-123.55355300873336,48.11827076398798
6615,0.9999955892562866,4.679887933889404e-05,0.0,17.170000076293945,419.8880920410156,-123.55355300873336,48.11827076398798
6616,0.9999955892562866,4.679887933889404e-05,0.0,17.170000076293945,419.8880920410156,-123.55355300873336,48.11827076398798
6617,0.9999955892562866,4.679887933889404e-05,0.0,17.170000076293945,419.8880920410156,-123.55355300873336,48.11827076398798
6618,0.9999971389770508,6.795617809984833e-05,0.0,19.5,225.61029052734375,-123.55315300873336,48.11827076398798
6619,0.9999971389770508,6.795617809984833e-05,0.0,19.5,225.61029052734375,-123.55315300873336,48.11827076398798
6620,0.9999971389770508,6.795617809984833e-05,0.0,19.5,225.61029052734375,-123.55315300873336,48.11827076398798
6621,0.9999971389770508,6.795617809984833e-05,0.0,19.5,225.61029052734375,-123.55315300873336,48.11827076398798
6622,0.9999971389770508,6.795617809984833e-05,0.0,19.5,225.61029052734375,-123.55315300873336,48.11827076398798
6623,0.9999971389770508,6.795617809984833e-05,0.0,19.5,225.61029052734375,-123.55315300873336,48.11827076398798
6624,0.9999971389770508,6.795617809984833e-05,0.0,19.5,225.61029052734375,-123.55315300873336,48.11827076398798
6625,0.9999971389770508,6.795617809984833e-05,0.0,19.5,225.61029052734375,-123.55315300873336,48.11827076398798
6626,0.9999971389770508,6.795617809984833e-05,0.0,19.5,225.61029052734375,-123.55315300873336,48.11827076398798
6627,0.9999971389770508,6.795617809984833e-05,0.0,19.5,225.61029052734375,-123.55315300873336,48.11827076398798
6628,0.9986711740493774,0.02021636627614498,0.0,16.100000381469727,33.0151481628418,-123.55275300873336,48.11827076398798
6629,0.9986711740493774,0.02021636627614498,0.0,16.100000381469727,33.0151481628418,-123.55275300873336,48.11827076398798
6630,0.9986711740493774,0.02021636627614498,0.0,16.100000381469727,33.0151481628418,-123.55275300873336,48.11827076398798
6631,0.9986711740493774,0.02021636627614498,0.0,16.100000381469727,33.0151481628418,-123.55275300873336,48.11827076398798
6632,0.9986711740493774,0.02021636627614498,0.0,16.100000381469727,33.0151481628418,-123.55275300873336,48.11827076398798
6633,0.9986711740493774,0.02021636627614498,0.0,16.100000381469727,33.0151481628418,-123.55275300873336,48.11827076398798
6634,0.9986711740493774,0.02021636627614498,0.0,16.100000381469727,33.0151481628418,-123.55275300873336,48.11827076398798
6635,0.9986711740493774,0.02021636627614498,0.0,16.100000381469727,33.0151481628418,-123.55275300873336,48.11827076398798
6636,0.9986711740493774,0.02021636627614498,0.0,16.100000381469727,33.0151481628418,-123.55275300873336,48.11827076398798
6637,0.9986711740493774,0.02021636627614498,0.0,16.100000381469727,33.0151481628418,-123.55275300873336,48.11827076398798
6638,0.0,0.0,0.0,0.0,153.4438018798828,-123.55235300873336,48.11827076398798
6639,0.0,0.0,0.0,0.0,153.4438018798828,-123.55235300873336,48.11827076398798
6640,0.0,0.0,0.0,0.0,153.4438018798828,-123.55235300873336,48.11827076398798
6641,0.0,0.0,0.0,0.0,120.93386840820312,-123.55515300873336,48.11787076398798
6642,0.0,0.0,0.0,0.0,120.93386840820312,-123.55515300873336,48.11787076398798
6643,0.0,0.0,0.0,0.0,120.93386840820312,-123.55515300873336,48.11787076398798
6644,0.0,0.0,0.0,0.0,120.93386840820312,-123.55515300873336,48.11787076398798
6645,0.0,0.0,0.0,0.0,120.93386840820312,-123.55515300873336,48.11787076398798
6646,0.0,0.0,0.0,0.0,120.93386840820312,-123.55515300873336,48.11787076398798
6647,0.0,0.0,0.0,0.0,120.93386840820312,-123.55515300873336,48.11787076398798
6648,0.05913439393043518,0.6304640173912048,0.0,14.762472152709961,89.20201873779297,-123.55475300873336,48.11787076398798
6649,0.05913439393043518,0.6304640173912048,0.0,14.762472152709961,89.20201873779297,-123.55475300873336,48.11787076398798
6650,0.05913439393043518,0.6304640173912048,0.0,14.762472152709961,89.20201873779297,-123.55475300873336,48.11787076398798
6651,0.05913439393043518,0.6304640173912048,0.0,14.762472152709961,89.20201873779297,-123.55475300873336,48.11787076398798
6652,0.05913439393043518,0.6304640173912048,0.0,14.762472152709961,89.20201873779297,-123.55475300873336,48.11787076398798
6653,0.05913439393043518,0.6304640173912048,0.0,14.762472152709961,89.20201873779297,-123.55475300873336,48.11787076398798
6654,0.05913439393043518,0.6304640173912048,0.0,14.762472152709961,89.20201873779297,-123.55475300873336,48.11787076398798
6655,0.05913439393043518,0.6304640173912048,0.0,14.762472152709961,89.20201873779297,-123.55475300873336,48.11787076398798
6656,0.05913439393043518,0.6304640173912048,0.0,14.762472152709961,89.20201873779297,-123.55475300873336,48.11787076398798
6657,0.05913439393043518,0.6304640173912048,0.0,14.762472152709961,89.20201873779297,-123.55475300873336,48.11787076398798
6658,2.600103528038744e-07,0.9893374443054199,0.0,17.53055763244629,124.16924285888672,-123.55435300873336,48.11787076398798
6659,2.600103528038744e-07,0.9893374443054199,0.0,17.53055763244629,124.16924285888672,-123.55435300873336,48.11787076398798
6660,2.600103528038744e-07,0.9893374443054199,0.0,17.53055763244629,124.16924285888672,-123.55435300873336,48.11787076398798
6661,2.600103528038744e-07,0.9893374443054199,0.0,17.53055763244629,124.16924285888672,-123.55435300873336,48.11787076398798
6662,2.600103528038744e-07,0.9893374443054199,0.0,17.53055763244629,124.16924285888672,-123.55435300873336,48.11787076398798
6663,2.600103528038744e-07,0.9893374443054199,0.0,17.53055763244629,124.16924285888672,-123.55435300873336,48.11787076398798
6664,2.600103528038744e-07,0.9893374443054199,0.0,17.53055763244629,124.16924285888672,-123.55435300873336,48.11787076398798
6665,2.600103528038744e-07,0.9893374443054199,0.0,17.53055763244629,124.16924285888672,-123.55435300873336,48.11787076398798
6666,2.600103528038744e-07,0.9893374443054199,0.0,17.53055763244629,124.16924285888672,-123.55435300873336,48.11787076398798
6667,2.600103528038744e-07,0.9893374443054199,0.0,17.53055763244629,124.16924285888672,-123.55435300873336,48.11787076398798
6668,0.9999974966049194,0.0014810706488788128,0.0,18.040000915527344,215.52029418945312,-123.55395300873336,48.11787076398798
6669,0.9999974966049194,0.0014810706488788128,0.0,18.040000915527344,215.52029418945312,-123.55395300873336,48.11787076398798
6670,0.9999974966049194,0.0014810706488788128,0.0,18.040000915527344,215.52029418945312,-123.55395300873336,48.11787076398798
6671,0.9999974966049194,0.0014810706488788128,0.0,18.040000915527344,215.52029418945312,-123.55395300873336,48.11787076398798
6672,0.9999974966049194,0.0014810706488788128,0.0,18.040000915527344,215.52029418945312,-123.55395300873336,48.11787076398798
6673,0.9999974966049194,0.0014810706488788128,0.0,18.040000915527344,215.52029418945312,-123.55395300873336,48.11787076398798
6674,0.9999974966049194,0.0014810706488788128,0.0,18.040000915527344,215.52029418945312,-123.55395300873336,48.11787076398798
6675,0.9999974966049194,0.0014810706488788128,0.0,18.040000915527344,215.52029418945312,-123.55395300873336,48.11787076398798
6676,0.9999974966049194,0.0014810706488788128,0.0,18.040000915527344,215.52029418945312,-123.55395300873336,48.11787076398798
6677,0.9999974966049194,0.0014810706488788128,0.0,18.040000915527344,215.52029418945312,-123.55395300873336,48.11787076398798
6678,0.9997746348381042,0.0009357388480566442,0.0,17.75,371.32330322265625,-123.55355300873336,48.11787076398798
6679,0.9997746348381042,0.0009357388480566442,0.0,17.75,371.32330322265625,-123.55355300873336,48.11787076398798
6680,0.9997746348381042,0.0009357388480566442,0.0,17.75,371.32330322265625,-123.55355300873336,48.11787076398798
6681,0.9997746348381042,0.0009357388480566442,0.0,17.75,371.32330322265625,-123.55355300873336,48.11787076398798
6682,0.9997746348381042,0.0009357388480566442,0.0,17.75,371.32330322265625,-123.55355300873336,48.11787076398798
6683,0.9997746348381042,0.0009357388480566442,0.0,17.75,371.32330322265625,-123.55355300873336,48.11787076398798
6684,0.9997746348381042,0.0009357388480566442,0.0,17.75,371.32330322265625,-123.55355300873336,48.11787076398798
6685,0.9997746348381042,0.0009357388480566442,0.0,17.75,371.32330322265625,-123.55355300873336,48.11787076398798
6686,0.9997746348381042,0.0009357388480566442,0.0,17.75,371.32330322265625,-123.55355300873336,48.11787076398798
6687,0.9997746348381042,0.0009357388480566442,0.0,17.75,371.32330322265625,-123.55355300873336,48.11787076398798
6688,0.9999971389770508,6.364868022501469e-05,0.0,18.920000076293945,391.4511413574219,-123.55315300873336,48.11787076398798
6689,0.9999971389770508,6.364868022501469e-05,0.0,18.920000076293945,391.4511413574219,-123.55315300873336,48.11787076398798
6690,0.9999971389770508,6.364868022501469e-05,0.0,18.920000076293945,391.4511413574219,-123.55315300873336,48.11787076398798
6691,0.9999971389770508,6.364868022501469e-05,0.0,18.920000076293945,391.4511413574219,-123.55315300873336,48.11787076398798
6692,0.9999971389770508,6.364868022501469e-05,0.0,18.920000076293945,391.4511413574219,-123.55315300873336,48.11787076398798
6693,0.9999971389770508,6.364868022501469e-05,0.0,18.920000076293945,391.4511413574219,-123.55315300873336,48.11787076398798
6694,0.9999971389770508,6.364868022501469e-05,0.0,18.920000076293945,391.4511413574219,-123.55315300873336,48.11787076398798
6695,0.9999971389770508,6.364868022501469e-05,0.0,18.920000076293945,391.4511413574219,-123.55315300873336,48.11787076398798
6696,0.9999971389770508,6.364868022501469e-05,0.0,18.920000076293945,391.4511413574219,-123.55315300873336,48.11787076398798
6697,0.9999971389770508,6.364868022501469e-05,0.0,18.920000076293945,391.4511413574219,-123.55315300873336,48.11787076398798
6698,0.9999979734420776,0.0014208508655428886,0.0,18.729999542236328,206.8671112060547,-123.55275300873336,48.11787076398798
6699,0.9999979734420776,0.0014208508655428886,0.0,18.729999542236328,206.8671112060547,-123.55275300873336,48.11787076398798
6700,0.9999979734420776,0.0014208508655428886,0.0,18.729999542236328,206.8671112060547,-123.55275300873336,48.11787076398798
6701,0.9999979734420776,0.0014208508655428886,0.0,18.729999542236328,206.8671112060547,-123.55275300873336,48.11787076398798
6702,0.9999979734420776,0.0014208508655428886,0.0,18.729999542236328,206.8671112060547,-123.55275300873336,48.11787076398798
6703,0.9999979734420776,0.0014208508655428886,0.0,18.729999542236328,206.8671112060547,-123.55275300873336,48.11787076398798
6704,0.9999979734420776,0.0014208508655428886,0.0,18.729999542236328,206.8671112060547,-123.55275300873336,48.11787076398798
6705,0.9999979734420776,0.0014208508655428886,0.0,18.729999542236328,206.8671112060547,-123.55275300873336,48.11787076398798
6706,0.9999979734420776,0.0014208508655428886,0.0,18.729999542236328,206.8671112060547,-123.55275300873336,48.11787076398798
6707,0.9999979734420776,0.0014208508655428886,0.0,18.729999542236328,206.8671112060547,-123.55275300873336,48.11787076398798
6708,0.9998021721839905,0.08444762229919434,0.0,17.100000381469727,69.7782211303711,-123.55235300873336,48.11787076398798
6709,0.9998021721839905,0.08444762229919434,0.0,17.100000381469727,69.7782211303711,-123.55235300873336,48.11787076398798
6710,0.9998021721839905,0.08444762229919434,0.0,17.100000381469727,69.7782211303711,-123.55235300873336,48.11787076398798
6711,0.9998021721839905,0.08444762229919434,0.0,17.100000381469727,69.7782211303711,-123.55235300873336,48.11787076398798
6712,0.9998021721839905,0.08444762229919434,0.0,17.100000381469727,69.7782211303711,-123.55235300873336,48.11787076398798
6713,0.9998021721839905,0.08444762229919434,0.0,17.100000381469727,69.7782211303711,-123.55235300873336,48.11787076398798
6714,0.9998021721839905,0.08444762229919434,0.0,17.100000381469727,69.7782211303711,-123.55235300873336,48.11787076398798
6715,0.9998021721839905,0.08444762229919434,0.0,17.100000381469727,69.7782211303711,-123.55235300873336,48.11787076398798
6716,0.9998021721839905,0.08444762229919434,0.0,17.100000381469727,69.7782211303711,-123.55235300873336,48.11787076398798
6717,0.9998021721839905,0.08444762229919434,0.0,17.100000381469727,69.7782211303711,-123.55235300873336,48.11787076398798
6718,0.023586157709360123,0.25814127922058105,0.0,17.3799991607666,31.0,-123.55195300873336,48.11787076398798
6719,0.023586157709360123,0.25814127922058105,0.0,17.3799991607666,31.0,-123.55195300873336,48.11787076398798
6720,0.023586157709360123,0.25814127922058105,0.0,17.3799991607666,31.0,-123.55195300873336,48.11787076398798
6721,0.023586157709360123,0.25814127922058105,0.0,17.3799991607666,31.0,-123.55195300873336,48.11787076398798
6722,0.023586157709360123,0.25814127922058105,0.0,17.3799991607666,31.0,-123.55195300873336,48.11787076398798
6723,0.023586157709360123,0.25814127922058105,0.0,17.3799991607666,31.0,-123.55195300873336,48.11787076398798
6724,0.023586157709360123,0.25814127922058105,0.0,17.3799991607666,31.0,-123.55195300873336,48.11787076398798
6725,0.023586157709360123,0.25814127922058105,0.0,17.3799991607666,31.0,-123.55195300873336,48.11787076398798
6726,0.023586157709360123,0.25814127922058105,0.0,17.3799991607666,31.0,-123.55195300873336,48.11787076398798
6727,0.023586157709360123,0.25814127922058105,0.0,17.3799991607666,31.0,-123.55195300873336,48.11787076398798
6728,0.181588277220726,0.0719388797879219,0.0,17.399999618530273,20.51828384399414,-123.55155300873336,48.11787076398798
6729,0.181588277220726,0.0719388797879219,0.0,17.399999618530273,20.51828384399414,-123.55155300873336,48.11787076398798
6730,0.181588277220726,0.0719388797879219,0.0,17.399999618530273,20.51828384399414,-123.55155300873336,48.11787076398798
6731,0.181588277220726,0.0719388797879219,0.0,17.399999618530273,20.51828384399414,-123.55155300873336,48.11787076398798
6732,0.181588277220726,0.0719388797879219,0.0,17.399999618530273,20.51828384399414,-123.55155300873336,48.11787076398798
6733,0.181588277220726,0.0719388797879219,0.0,17.399999618530273,20.51828384399414,-123.55155300873336,48.11787076398798
6734,0.181588277220726,0.0719388797879219,0.0,17.399999618530273,20.51828384399414,-123.55155300873336,48.11787076398798
6735,0.181588277220726,0.0719388797879219,0.0,17.399999618530273,20.51828384399414,-123.55155300873336,48.11787076398798
6736,0.181588277220726,0.0719388797879219,0.0,17.399999618530273,20.51828384399414,-123.55155300873336,48.11787076398798
6737,0.181588277220726,0.0719388797879219,0.0,17.399999618530273,20.51828384399414,-123.55155300873336,48.11787076398798
6738,0.0032185351010411978,0.8475341200828552,0.0,16.325836181640625,72.00694274902344,-123.55475300873336,48.11747076398798
6739,0.0032185351010411978,0.8475341200828552,0.0,16.325836181640625,72.00694274902344,-123.55475300873336,48.11747076398798
6740,0.0032185351010411978,0.8475341200828552,0.0,16.325836181640625,72.00694274902344,-123.55475300873336,48.11747076398798
6741,0.0032185351010411978,0.8475341200828552,0.0,16.325836181640625,72.00694274902344,-123.55475300873336,48.11747076398798
6742,0.0032185351010411978,0.8475341200828552,0.0,16.325836181640625,72.00694274902344,-123.55475300873336,48.11747076398798
6743,0.0032185351010411978,0.8475341200828552,0.0,16.325836181640625,72.00694274902344,-123.55475300873336,48.11747076398798
6744,0.0032185351010411978,0.8475341200828552,0.0,16.325836181640625,72.00694274902344,-123.55475300873336,48.11747076398798
6745,0.0032185351010411978,0.8475341200828552,0.0,16.325836181640625,72.00694274902344,-123.55475300873336,48.11747076398798
6746,0.0032185351010411978,0.8475341200828552,0.0,16.325836181640625,72.00694274902344,-123.55475300873336,48.11747076398798
6747,0.0032185351010411978,0.8475341200828552,0.0,16.325836181640625,72.00694274902344,-123.55475300873336,48.11747076398798
6748,0.00016526906983926892,0.016835637390613556,0.0,17.071395874023438,20.880613327026367,-123.55435300873336,48.11747076398798
6749,0.00016526906983926892,0.016835637390613556,0.0,17.071395874023438,20.880613327026367,-123.55435300873336,48.11747076398798
6750,0.00016526906983926892,0.016835637390613556,0.0,17.071395874023438,20.880613327026367,-123.55435300873336,48.11747076398798
6751,0.00016526906983926892,0.016835637390613556,0.0,17.071395874023438,20.880613327026367,-123.55435300873336,48.11747076398798
6752,0.00016526906983926892,0.016835637390613556,0.0,17.071395874023438,20.880613327026367,-123.55435300873336,48.11747076398798
6753,0.00016526906983926892,0.016835637390613556,0.0,17.071395874023438,20.880613327026367,-123.55435300873336,48.11747076398798
6754,0.00016526906983926892,0.016835637390613556,0.0,17.071395874023438,20.880613327026367,-123.55435300873336,48.11747076398798
6755,0.00016526906983926892,0.016835637390613556,0.0,17.071395874023438,20.880613327026367,-123.55435300873336,48.11747076398798
6756,0.00016526906983926892,0.016835637390613556,0.0,17.071395874023438,20.880613327026367,-123.55435300873336,48.11747076398798
6757,0.00016526906983926892,0.016835637390613556,0.0,17.071395874023438,20.880613327026367,-123.55435300873336,48.11747076398798
6758,4.6692159230588004e-05,0.09187952429056168,0.0,16.69642448425293,16.401220321655273,-123.55395300873336,48.11747076398798
6759,4.6692159230588004e-05,0.09187952429056168,0.0,16.69642448425293,16.401220321655273,-123.55395300873336,48.11747076398798
6760,4.6692159230588004e-05,0.09187952429056168,0.0,16.69642448425293,16.401220321655273,-123.55395300873336,48.11747076398798
6761,4.6692159230588004e-05,0.09187952429056168,0.0,16.69642448425293,16.401220321655273,-123.55395300873336,48.11747076398798
6762,4.6692159230588004e-05,0.09187952429056168,0.0,16.69642448425293,16.401220321655273,-123.55395300873336,48.11747076398798
6763,4.6692159230588004e-05,0.09187952429056168,0.0,16.69642448425293,16.401220321655273,-123.55395300873336,48.11747076398798
6764,4.6692159230588004e-05,0.09187952429056168,0.0,16.69642448425293,16.401220321655273,-123.55395300873336,48.11747076398798
6765,4.6692159230588004e-05,0.09187952429056168,0.0,16.69642448425293,16.401220321655273,-123.55395300873336,48.11747076398798
6766,4.6692159230588004e-05,0.09187952429056168,0.0,16.69642448425293,16.401220321655273,-123.55395300873336,48.11747076398798
6767,4.6692159230588004e-05,0.09187952429056168,0.0,16.69642448425293,16.401220321655273,-123.55395300873336,48.11747076398798
6768,0.7652478814125061,0.061391860246658325,0.0,17.889999389648438,157.6102752685547,-123.55355300873336,48.11747076398798
6769,0.7652478814125061,0.061391860246658325,0.0,17.889999389648438,157.6102752685547,-123.55355300873336,48.11747076398798
6770,0.7652478814125061,0.061391860246658325,0.0,17.889999389648438,157.6102752685547,-123.55355300873336,48.11747076398798
6771,0.7652478814125061,0.061391860246658325,0.0,17.889999389648438,157.6102752685547,-123.55355300873336,48.11747076398798
6772,0.7652478814125061,0.061391860246658325,0.0,17.889999389648438,157.6102752685547,-123.55355300873336,48.11747076398798
6773,0.7652478814125061,0.061391860246658325,0.0,17.889999389648438,157.6102752685547,-123.55355300873336,48.11747076398798
6774,0.7652478814125061,0.061391860246658325,0.0,17.889999389648438,157.6102752685547,-123.55355300873336,48.11747076398798
6775,0.7652478814125061,0.061391860246658325,0.0,17.889999389648438,157.6102752685547,-123.55355300873336,48.11747076398798
6776,0.7652478814125061,0.061391860246658325,0.0,17.889999389648438,157.6102752685547,-123.55355300873336,48.11747076398798
6777,0.7652478814125061,0.061391860246658325,0.0,17.889999389648438,157.6102752685547,-123.55355300873336,48.11747076398798
6778,0.9993558526039124,0.0001670479541644454,0.0,18.3799991607666,309.2345275878906,-123.55315300873336,48.11747076398798
6779,0.9993558526039124,0.0001670479541644454,0.0,18.3799991607666,309.2345275878906,-123.55315300873336,48.11747076398798
6780,0.9993558526039124,0.0001670479541644454,0.0,18.3799991607666,309.2345275878906,-123.55315300873336,48.11747076398798
6781,0.9993558526039124,0.0001670479541644454,0.0,18.3799991607666,309.2345275878906,-123.55315300873336,48.11747076398798
6782,0.9993558526039124,0.0001670479541644454,0.0,18.3799991607666,309.2345275878906,-123.55315300873336,48.11747076398798
6783,0.9993558526039124,0.0001670479541644454,0.0,18.3799991607666,309.2345275878906,-123.55315300873336,48.11747076398798
6784,0.9993558526039124,0.0001670479541644454,0.0,18.3799991607666,309.2345275878906,-123.55315300873336,48.11747076398798
6785,0.9993558526039124,0.0001670479541644454,0.0,18.3799991607666,309.2345275878906,-123.55315300873336,48.11747076398798
6786,0.9993558526039124,0.0001670479541644454,0.0,18.3799991607666,309.2345275878906,-123.55315300873336,48.11747076398798
6787,0.9993558526039124,0.0001670479541644454,0.0,18.3799991607666,309.2345275878906,-123.55315300873336,48.11747076398798
6788,0.9999401569366455,0.00020474397751968354,0.0,19.260000228881836,408.7688903808594,-123.55275300873336,48.11747076398798
6789,0.9999401569366455,0.00020474397751968354,0.0,19.260000228881836,408.7688903808594,-123.55275300873336,48.11747076398798
6790,0.9999401569366455,0.00020474397751968354,0.0,19.260000228881836,408.7688903808594,-123.55275300873336,48.11747076398798
6791,0.9999401569366455,0.00020474397751968354,0.0,19.260000228881836,408.7688903808594,-123.55275300873336,48.11747076398798
6792,0.9999401569366455,0.00020474397751968354,0.0,19.260000228881836,408.7688903808594,-123.55275300873336,48.11747076398798
6793,0.9999401569366455,0.00020474397751968354,0.0,19.260000228881836,408.7688903808594,-123.55275300873336,48.11747076398798
6794,0.9999401569366455,0.00020474397751968354,0.0,19.260000228881836,408.7688903808594,-123.55275300873336,48.11747076398798
6795,0.9999401569366455,0.00020474397751968354,0.0,19.260000228881836,408.7688903808594,-123.55275300873336,48.11747076398798
6796,0.9999401569366455,0.00020474397751968354,0.0,19.260000228881836,408.7688903808594,-123.55275300873336,48.11747076398798
6797,0.9999401569366455,0.00020474397751968354,0.0,19.260000228881836,408.7688903808594,-123.55275300873336,48.11747076398798
6798,0.999987006187439,0.00020831325673498213,0.0,18.479999542236328,305.655029296875,-123.55235300873336,48.11747076398798
6799,0.999987006187439,0.00020831325673498213,0.0,18.479999542236328,305.655029296875,-123.55235300873336,48.11747076398798
6800,0.999987006187439,0.00020831325673498213,0.0,18.479999542236328,305.655029296875,-123.55235300873336,48.11747076398798
6801,0.999987006187439,0.00020831325673498213,0.0,18.479999542236328,305.655029296875,-123.55235300873336,48.11747076398798
6802,0.999987006187439,0.00020831325673498213,0.0,18.479999542236328,305.655029296875,-123.55235300873336,48.11747076398798
6803,0.999987006187439,0.00020831325673498213,0.0,18.479999542236328,305.655029296875,-123.55235300873336,48.11747076398798
6804,0.999987006187439,0.00020831325673498213,0.0,18.479999542236328,305.655029296875,-123.55235300873336,48.11747076398798
6805,0.999987006187439,0.00020831325673498213,0.0,18.479999542236328,305.655029296875,-123.55235300873336,48.11747076398798
6806,0.999987006187439,0.00020831325673498213,0.0,18.479999542236328,305.655029296875,-123.55235300873336,48.11747076398798
6807,0.999987006187439,0.00020831325673498213,0.0,18.479999542236328,305.655029296875,-123.55235300873336,48.11747076398798
6808,0.9999266862869263,0.0003754235804080963,0.0,18.170000076293945,285.3436584472656,-123.55195300873336,48.11747076398798
6809,0.9999266862869263,0.0003754235804080963,0.0,18.170000076293945,285.3436584472656,-123.55195300873336,48.11747076398798
6810,0.9999266862869263,0.0003754235804080963,0.0,18.170000076293945,285.3436584472656,-123.55195300873336,48.11747076398798
6811,0.9999266862869263,0.0003754235804080963,0.0,18.170000076293945,285.3436584472656,-123.55195300873336,48.11747076398798
6812,0.9999266862869263,0.0003754235804080963,0.0,18.170000076293945,285.3436584472656,-123.55195300873336,48.11747076398798
6813,0.9999266862869263,0.0003754235804080963,0.0,18.170000076293945,285.3436584472656,-123.55195300873336,48.11747076398798
6814,0.9999266862869263,0.0003754235804080963,0.0,18.170000076293945,285.3436584472656,-123.55195300873336,48.11747076398798
6815,0.9999266862869263,0.0003754235804080963,0.0,18.170000076293945,285.3436584472656,-123.55195300873336,48.11747076398798
6816,0.9999266862869263,0.0003754235804080963,0.0,18.170000076293945,285.3436584472656,-123.55195300873336,48.11747076398798
6817,0.9999266862869263,0.0003754235804080963,0.0,18.170000076293945,285.3436584472656,-123.55195300873336,48.11747076398798
6818,0.9996744394302368,0.0013304430758580565,0.0,18.209999084472656,125.86500549316406,-123.55155300873336,48.11747076398798
6819,0.9996744394302368,0.0013304430758580565,0.0,18.209999084472656,125.86500549316406,-123.55155300873336,48.11747076398798
6820,0.9996744394302368,0.0013304430758580565,0.0,18.209999084472656,125.86500549316406,-123.55155300873336,48.11747076398798
6821,0.9996744394302368,0.0013304430758580565,0.0,18.209999084472656,125.86500549316406,-123.55155300873336,48.11747076398798
6822,0.9996744394302368,0.0013304430758580565,0.0,18.209999084472656,125.86500549316406,-123.55155300873336,48.11747076398798
6823,0.9996744394302368,0.0013304430758580565,0.0,18.209999084472656,125.86500549316406,-123.55155300873336,48.11747076398798
6824,0.9996744394302368,0.0013304430758580565,0.0,18.209999084472656,125.86500549316406,-123.55155300873336,48.11747076398798
6825,0.9996744394302368,0.0013304430758580565,0.0,18.209999084472656,125.86500549316406,-123.55155300873336,48.11747076398798
6826,0.9996744394302368,0.0013304430758580565,0.0,18.209999084472656,125.86500549316406,-123.55155300873336,48.11747076398798
6827,0.9996744394302368,0.0013304430758580565,0.0,18.209999084472656,125.86500549316406,-123.55155300873336,48.11747076398798
6828,0.8938640356063843,0.004364498890936375,0.0,17.327409744262695,65.19202423095703,-123.55115300873337,48.11747076398798
6829,0.8938640356063843,0.004364498890936375,0.0,17.327409744262695,65.19202423095703,-123.55115300873337,48.11747076398798
6830,0.8938640356063843,0.004364498890936375,0.0,17.327409744262695,65.19202423095703,-123.55115300873337,48.11747076398798
6831,0.8938640356063843,0.004364498890936375,0.0,17.327409744262695,65.19202423095703,-123.55115300873337,48.11747076398798
6832,0.8938640356063843,0.004364498890936375,0.0,17.327409744262695,65.19202423095703,-123.55115300873337,48.11747076398798
6833,0.8938640356063843,0.004364498890936375,0.0,17.327409744262695,65.19202423095703,-123.55115300873337,48.11747076398798
6834,0.8938640356063843,0.004364498890936375,0.0,17.327409744262695,65.19202423095703,-123.55115300873337,48.11747076398798
6835,0.8938640356063843,0.004364498890936375,0.0,17.327409744262695,65.19202423095703,-123.55115300873337,48.11747076398798
6836,0.8938640356063843,0.004364498890936375,0.0,17.327409744262695,65.19202423095703,-123.55115300873337,48.11747076398798
6837,0.8938640356063843,0.004364498890936375,0.0,17.327409744262695,65.19202423095703,-123.55115300873337,48.11747076398798
6838,0.0,0.0,0.0,0.0,257.49755859375,-123.55475300873336,48.11707076398798
6839,0.0,0.0,0.0,0.0,257.49755859375,-123.55475300873336,48.11707076398798
6840,0.0,0.0,0.0,0.0,257.49755859375,-123.55475300873336,48.11707076398798
6841,0.0,0.0,0.0,0.0,257.49755859375,-123.55475300873336,48.11707076398798
6842,0.0,0.0,0.0,0.0,257.49755859375,-123.55475300873336,48.11707076398798
6843,0.0,0.0,0.0,0.0,257.49755859375,-123.55475300873336,48.11707076398798
6844,0.0,0.0,0.0,0.0,257.49755859375,-123.55475300873336,48.11707076398798
6845,7.494050078094006e-05,0.018540039658546448,0.0,17.292951583862305,93.23625946044922,-123.55435300873336,48.11707076398798
6846,7.494050078094006e-05,0.018540039658546448,0.0,17.292951583862305,93.23625946044922,-123.55435300873336,48.11707076398798
6847,7.494050078094006e-05,0.018540039658546448,0.0,17.292951583862305,93.23625946044922,-123.55435300873336,48.11707076398798
6848,7.494050078094006e-05,0.018540039658546448,0.0,17.292951583862305,93.23625946044922,-123.55435300873336,48.11707076398798
6849,7.494050078094006e-05,0.018540039658546448,0.0,17.292951583862305,93.23625946044922,-123.55435300873336,48.11707076398798
6850,7.494050078094006e-05,0.018540039658546448,0.0,17.292951583862305,93.23625946044922,-123.55435300873336,48.11707076398798
6851,7.494050078094006e-05,0.018540039658546448,0.0,17.292951583862305,93.23625946044922,-123.55435300873336,48.11707076398798
6852,7.494050078094006e-05,0.018540039658546448,0.0,17.292951583862305,93.23625946044922,-123.55435300873336,48.11707076398798
6853,7.494050078094006e-05,0.018540039658546448,0.0,17.292951583862305,93.23625946044922,-123.55435300873336,48.11707076398798
6854,7.494050078094006e-05,0.018540039658546448,0.0,17.292951583862305,93.23625946044922,-123.55435300873336,48.11707076398798
6855,0.0002490209008101374,0.04130683094263077,0.0,17.88799476623535,25.0,-123.55395300873336,48.11707076398798
6856,0.0002490209008101374,0.04130683094263077,0.0,17.88799476623535,25.0,-123.55395300873336,48.11707076398798
6857,0.0002490209008101374,0.04130683094263077,0.0,17.88799476623535,25.0,-123.55395300873336,48.11707076398798
6858,0.0002490209008101374,0.04130683094263077,0.0,17.88799476623535,25.0,-123.55395300873336,48.11707076398798
6859,0.0002490209008101374,0.04130683094263077,0.0,17.88799476623535,25.0,-123.55395300873336,48.11707076398798
6860,0.0002490209008101374,0.04130683094263077,0.0,17.88799476623535,25.0,-123.55395300873336,48.11707076398798
6861,0.0002490209008101374,0.04130683094263077,0.0,17.88799476623535,25.0,-123.55395300873336,48.11707076398798
6862,0.0002490209008101374,0.04130683094263077,0.0,17.88799476623535,25.0,-123.55395300873336,48.11707076398798
6863,0.0002490209008101374,0.04130683094263077,0.0,17.88799476623535,25.0,-123.55395300873336,48.11707076398798
6864,0.0002490209008101374,0.04130683094263077,0.0,17.88799476623535,25.0,-123.55395300873336,48.11707076398798
6865,7.311676199606154e-06,0.826514720916748,0.0,18.43144416809082,21.0,-123.55355300873336,48.11707076398798
6866,7.311676199606154e-06,0.826514720916748,0.0,18.43144416809082,21.0,-123.55355300873336,48.11707076398798
6867,7.311676199606154e-06,0.826514720916748,0.0,18.43144416809082,21.0,-123.55355300873336,48.11707076398798
6868,7.311676199606154e-06,0.826514720916748,0.0,18.43144416809082,21.0,-123.55355300873336,48.11707076398798
6869,7.311676199606154e-06,0.826514720916748,0.0,18.43144416809082,21.0,-123.55355300873336,48.11707076398798
6870,7.311676199606154e-06,0.826514720916748,0.0,18.43144416809082,21.0,-123.55355300873336,48.11707076398798
6871,7.311676199606154e-06,0.826514720916748,0.0,18.43144416809082,21.0,-123.55355300873336,48.11707076398798
6872,7.311676199606154e-06,0.826514720916748,0.0,18.43144416809082,21.0,-123.55355300873336,48.11707076398798
6873,7.311676199606154e-06,0.826514720916748,0.0,18.43144416809082,21.0,-123.55355300873336,48.11707076398798
6874,7.311676199606154e-06,0.826514720916748,0.0,18.43144416809082,21.0,-123.55355300873336,48.11707076398798
6875,0.7071837782859802,0.6953912377357483,0.0,17.055686950683594,113.85077667236328,-123.55315300873336,48.11707076398798
6876,0.7071837782859802,0.6953912377357483,0.0,17.055686950683594,113.85077667236328,-123.55315300873336,48.11707076398798
6877,0.7071837782859802,0.6953912377357483,0.0,17.055686950683594,113.85077667236328,-123.55315300873336,48.11707076398798
6878,0.7071837782859802,0.6953912377357483,0.0,17.055686950683594,113.85077667236328,-123.55315300873336,48.11707076398798
6879,0.7071837782859802,0.6953912377357483,0.0,17.055686950683594,113.85077667236328,-123.55315300873336,48.11707076398798
6880,0.7071837782859802,0.6953912377357483,0.0,17.055686950683594,113.85077667236328,-123.55315300873336,48.11707076398798
6881,0.7071837782859802,0.6953912377357483,0.0,17.055686950683594,113.85077667236328,-123.55315300873336,48.11707076398798
6882,0.7071837782859802,0.6953912377357483,0.0,17.055686950683594,113.85077667236328,-123.55315300873336,48.11707076398798
6883,0.7071837782859802,0.6953912377357483,0.0,17.055686950683594,113.85077667236328,-123.55315300873336,48.11707076398798
6884,0.7071837782859802,0.6953912377357483,0.0,17.055686950683594,113.85077667236328,-123.55315300873336,48.11707076398798
6885,0.9999947547912598,7.146928692236543e-05,0.0,19.690000534057617,281.1921081542969,-123.55275300873336,48.11707076398798
6886,0.9999947547912598,7.146928692236543e-05,0.0,19.690000534057617,281.1921081542969,-123.55275300873336,48.11707076398798
6887,0.9999947547912598,7.146928692236543e-05,0.0,19.690000534057617,281.1921081542969,-123.55275300873336,48.11707076398798
6888,0.9999947547912598,7.146928692236543e-05,0.0,19.690000534057617,281.1921081542969,-123.55275300873336,48.11707076398798
6889,0.9999947547912598,7.146928692236543e-05,0.0,19.690000534057617,281.1921081542969,-123.55275300873336,48.11707076398798
6890,0.9999947547912598,7.146928692236543e-05,0.0,19.690000534057617,281.1921081542969,-123.55275300873336,48.11707076398798
6891,0.9999947547912598,7.146928692236543e-05,0.0,19.690000534057617,281.1921081542969,-123.55275300873336,48.11707076398798
6892,0.9999947547912598,7.146928692236543e-05,0.0,19.690000534057617,281.1921081542969,-123.55275300873336,48.11707076398798
6893,0.9999947547912598,7.146928692236543e-05,0.0,19.690000534057617,281.1921081542969,-123.55275300873336,48.11707076398798
6894,0.9999947547912598,7.146928692236543e-05,0.0,19.690000534057617,281.1921081542969,-123.55275300873336,48.11707076398798
6895,0.9999912977218628,0.0003775684745050967,0.0,19.1200008392334,452.1338195800781,-123.55235300873336,48.11707076398798
6896,0.9999912977218628,0.0003775684745050967,0.0,19.1200008392334,452.1338195800781,-123.55235300873336,48.11707076398798
6897,0.9999912977218628,0.0003775684745050967,0.0,19.1200008392334,452.1338195800781,-123.55235300873336,48.11707076398798
6898,0.9999912977218628,0.0003775684745050967,0.0,19.1200008392334,452.1338195800781,-123.55235300873336,48.11707076398798
6899,0.9999912977218628,0.0003775684745050967,0.0,19.1200008392334,452.1338195800781,-123.55235300873336,48.11707076398798
6900,0.9999912977218628,0.0003775684745050967,0.0,19.1200008392334,452.1338195800781,-123.55235300873336,48.11707076398798
6901,0.9999912977218628,0.0003775684745050967,0.0,19.1200008392334,452.1338195800781,-123.55235300873336,48.11707076398798
6902,0.9999912977218628,0.0003775684745050967,0.0,19.1200008392334,452.1338195800781,-123.55235300873336,48.11707076398798
6903,0.9999912977218628,0.0003775684745050967,0.0,19.1200008392334,452.1338195800781,-123.55235300873336,48.11707076398798
6904,0.9999912977218628,0.0003775684745050967,0.0,19.1200008392334,452.1338195800781,-123.55235300873336,48.11707076398798
6905,0.9999926090240479,0.0001302482414757833,0.0,18.709999084472656,414.6625061035156,-123.55195300873336,48.11707076398798
6906,0.9999926090240479,0.0001302482414757833,0.0,18.709999084472656,414.6625061035156,-123.55195300873336,48.11707076398798
6907,0.9999926090240479,0.0001302482414757833,0.0,18.709999084472656,414.6625061035156,-123.55195300873336,48.11707076398798
6908,0.9999926090240479,0.0001302482414757833,0.0,18.709999084472656,414.6625061035156,-123.55195300873336,48.11707076398798
6909,0.9999926090240479,0.0001302482414757833,0.0,18.709999084472656,414.6625061035156,-123.55195300873336,48.11707076398798
6910,0.9999926090240479,0.0001302482414757833,0.0,18.709999084472656,414.6625061035156,-123.55195300873336,48.11707076398798
6911,0.9999926090240479,0.0001302482414757833,0.0,18.709999084472656,414.6625061035156,-123.55195300873336,48.11707076398798
6912,0.9999926090240479,0.0001302482414757833,0.0,18.709999084472656,414.6625061035156,-123.55195300873336,48.11707076398798
6913,0.9999926090240479,0.0001302482414757833,0.0,18.709999084472656,414.6625061035156,-123.55195300873336,48.11707076398798
6914,0.9999926090240479,0.0001302482414757833,0.0,18.709999084472656,414.6625061035156,-123.55195300873336,48.11707076398798
6915,0.9999977350234985,0.00015120909665711224,0.0,18.579999923706055,177.3414764404297,-123.55155300873336,48.11707076398798
6916,0.9999977350234985,0.00015120909665711224,0.0,18.579999923706055,177.3414764404297,-123.55155300873336,48.11707076398798
6917,0.9999977350234985,0.00015120909665711224,0.0,18.579999923706055,177.3414764404297,-123.55155300873336,48.11707076398798
6918,0.9999977350234985,0.00015120909665711224,0.0,18.579999923706055,177.3414764404297,-123.55155300873336,48.11707076398798
6919,0.9999977350234985,0.00015120909665711224,0.0,18.579999923706055,177.3414764404297,-123.55155300873336,48.11707076398798
6920,0.9999977350234985,0.00015120909665711224,0.0,18.579999923706055,177.3414764404297,-123.55155300873336,48.11707076398798
6921,0.9999977350234985,0.00015120909665711224,0.0,18.579999923706055,177.3414764404297,-123.55155300873336,48.11707076398798
6922,0.9999977350234985,0.00015120909665711224,0.0,18.579999923706055,177.3414764404297,-123.55155300873336,48.11707076398798
6923,0.9999977350234985,0.00015120909665711224,0.0,18.579999923706055,177.3414764404297,-123.55155300873336,48.11707076398798
6924,0.9999977350234985,0.00015120909665711224,0.0,18.579999923706055,177.3414764404297,-123.55155300873336,48.11707076398798
6925,0.6629758477210999,0.0004845204239245504,0.0,17.6200008392334,53.22593307495117,-123.55115300873337,48.11707076398798
6926,0.6629758477210999,0.0004845204239245504,0.0,17.6200008392334,53.22593307495117,-123.55115300873337,48.11707076398798
6927,0.6629758477210999,0.0004845204239245504,0.0,17.6200008392334,53.22593307495117,-123.55115300873337,48.11707076398798
6928,0.6629758477210999,0.0004845204239245504,0.0,17.6200008392334,53.22593307495117,-123.55115300873337,48.11707076398798
6929,0.6629758477210999,0.0004845204239245504,0.0,17.6200008392334,53.22593307495117,-123.55115300873337,48.11707076398798
6930,0.6629758477210999,0.0004845204239245504,0.0,17.6200008392334,53.22593307495117,-123.55115300873337,48.11707076398798
6931,0.6629758477210999,0.0004845204239245504,0.0,17.6200008392334,53.22593307495117,-123.55115300873337,48.11707076398798
6932,0.6629758477210999,0.0004845204239245504,0.0,17.6200008392334,53.22593307495117,-123.55115300873337,48.11707076398798
6933,0.6629758477210999,0.0004845204239245504,0.0,17.6200008392334,53.22593307495117,-123.55115300873337,48.11707076398798
6934,0.6629758477210999,0.0004845204239245504,0.0,17.6200008392334,53.22593307495117,-123.55115300873337,48.11707076398798
6935,0.16568273305892944,0.08875416219234467,0.0,17.054141998291016,143.02447509765625,-123.55435300873336,48.11667076398798
6936,0.16568273305892944,0.08875416219234467,0.0,17.054141998291016,143.02447509765625,-123.55435300873336,48.11667076398798
6937,0.16568273305892944,0.08875416219234467,0.0,17.054141998291016,143.02447509765625,-123.55435300873336,48.11667076398798
6938,0.16568273305892944,0.08875416219234467,0.0,17.054141998291016,143.02447509765625,-123.55435300873336,48.11667076398798
6939,0.16568273305892944,0.08875416219234467,0.0,17.054141998291016,143.02447509765625,-123.55435300873336,48.11667076398798
6940,0.16568273305892944,0.08875416219234467,0.0,17.054141998291016,143.02447509765625,-123.55435300873336,48.11667076398798
6941,0.16568273305892944,0.08875416219234467,0.0,17.054141998291016,143.02447509765625,-123.55435300873336,48.11667076398798
6942,0.16568273305892944,0.08875416219234467,0.0,17.054141998291016,143.02447509765625,-123.55435300873336,48.11667076398798
6943,0.16568273305892944,0.08875416219234467,0.0,17.054141998291016,143.02447509765625,-123.55435300873336,48.11667076398798
6944,0.16568273305892944,0.08875416219234467,0.0,17.054141998291016,143.02447509765625,-123.55435300873336,48.11667076398798
6945,0.0009514798875898123,0.009598123840987682,0.0,18.400493621826172,92.8493423461914,-123.55395300873336,48.11667076398798
6946,0.0009514798875898123,0.009598123840987682,0.0,18.400493621826172,92.8493423461914,-123.55395300873336,48.11667076398798
6947,0.0009514798875898123,0.009598123840987682,0.0,18.400493621826172,92.8493423461914,-123.55395300873336,48.11667076398798
6948,0.0009514798875898123,0.009598123840987682,0.0,18.400493621826172,92.8493423461914,-123.55395300873336,48.11667076398798
6949,0.0009514798875898123,0.009598123840987682,0.0,18.400493621826172,92.8493423461914,-123.55395300873336,48.11667076398798
6950,0.0009514798875898123,0.009598123840987682,0.0,18.400493621826172,92.8493423461914,-123.55395300873336,48.11667076398798
6951,0.0009514798875898123,0.009598123840987682,0.0,18.400493621826172,92.8493423461914,-123.55395300873336,48.11667076398798
6952,0.0009514798875898123,0.009598123840987682,0.0,18.400493621826172,92.8493423461914,-123.55395300873336,48.11667076398798
6953,0.0009514798875898123,0.009598123840987682,0.0,18.400493621826172,92.8493423461914,-123.55395300873336,48.11667076398798
6954,0.0009514798875898123,0.009598123840987682,0.0,18.400493621826172,92.8493423461914,-123.55395300873336,48.11667076398798
6955,1.6195024727494456e-05,0.008376721292734146,0.0,18.684362411499023,244.8121795654297,-123.55355300873336,48.11667076398798
6956,1.6195024727494456e-05,0.008376721292734146,0.0,18.684362411499023,244.8121795654297,-123.55355300873336,48.11667076398798
6957,1.6195024727494456e-05,0.008376721292734146,0.0,18.684362411499023,244.8121795654297,-123.55355300873336,48.11667076398798
6958,1.6195024727494456e-05,0.008376721292734146,0.0,18.684362411499023,244.8121795654297,-123.55355300873336,48.11667076398798
6959,1.6195024727494456e-05,0.008376721292734146,0.0,18.684362411499023,244.8121795654297,-123.55355300873336,48.11667076398798
6960,1.6195024727494456e-05,0.008376721292734146,0.0,18.684362411499023,244.8121795654297,-123.55355300873336,48.11667076398798
6961,1.6195024727494456e-05,0.008376721292734146,0.0,18.684362411499023,244.8121795654297,-123.55355300873336,48.11667076398798
6962,1.6195024727494456e-05,0.008376721292734146,0.0,18.684362411499023,244.8121795654297,-123.55355300873336,48.11667076398798
6963,1.6195024727494456e-05,0.008376721292734146,0.0,18.684362411499023,244.8121795654297,-123.55355300873336,48.11667076398798
6964,1.6195024727494456e-05,0.008376721292734146,0.0,18.684362411499023,244.8121795654297,-123.55355300873336,48.11667076398798
6965,3.864662176056299e-06,0.17897245287895203,0.0,18.26906967163086,77.33692169189453,-123.55315300873336,48.11667076398798
6966,3.864662176056299e-06,0.17897245287895203,0.0,18.26906967163086,77.33692169189453,-123.55315300873336,48.11667076398798
6967,3.864662176056299e-06,0.17897245287895203,0.0,18.26906967163086,77.33692169189453,-123.55315300873336,48.11667076398798
6968,3.864662176056299e-06,0.17897245287895203,0.0,18.26906967163086,77.33692169189453,-123.55315300873336,48.11667076398798
6969,3.864662176056299e-06,0.17897245287895203,0.0,18.26906967163086,77.33692169189453,-123.55315300873336,48.11667076398798
6970,3.864662176056299e-06,0.17897245287895203,0.0,18.26906967163086,77.33692169189453,-123.55315300873336,48.11667076398798
6971,3.864662176056299e-06,0.17897245287895203,0.0,18.26906967163086,77.33692169189453,-123.55315300873336,48.11667076398798
6972,3.864662176056299e-06,0.17897245287895203,0.0,18.26906967163086,77.33692169189453,-123.55315300873336,48.11667076398798
6973,3.864662176056299e-06,0.17897245287895203,0.0,18.26906967163086,77.33692169189453,-123.55315300873336,48.11667076398798
6974,3.864662176056299e-06,0.17897245287895203,0.0,18.26906967163086,77.33692169189453,-123.55315300873336,48.11667076398798
6975,0.0002473915519658476,0.488877534866333,0.0,17.624305725097656,92.6552734375,-123.55275300873336,48.11667076398798
6976,0.0002473915519658476,0.488877534866333,0.0,17.624305725097656,92.6552734375,-123.55275300873336,48.11667076398798
6977,0.0002473915519658476,0.488877534866333,0.0,17.624305725097656,92.6552734375,-123.55275300873336,48.11667076398798
6978,0.0002473915519658476,0.488877534866333,0.0,17.624305725097656,92.6552734375,-123.55275300873336,48.11667076398798
6979,0.0002473915519658476,0.488877534866333,0.0,17.624305725097656,92.6552734375,-123.55275300873336,48.11667076398798
6980,0.0002473915519658476,0.488877534866333,0.0,17.624305725097656,92.6552734375,-123.55275300873336,48.11667076398798
6981,0.0002473915519658476,0.488877534866333,0.0,17.624305725097656,92.6552734375,-123.55275300873336,48.11667076398798
6982,0.0002473915519658476,0.488877534866333,0.0,17.624305725097656,92.6552734375,-123.55275300873336,48.11667076398798
6983,0.0002473915519658476,0.488877534866333,0.0,17.624305725097656,92.6552734375,-123.55275300873336,48.11667076398798
6984,0.0002473915519658476,0.488877534866333,0.0,17.624305725097656,92.6552734375,-123.55275300873336,48.11667076398798
6985,0.9999769926071167,5.707927994080819e-05,0.0,19.579999923706055,306.1976623535156,-123.55235300873336,48.11667076398798
6986,0.9999769926071167,5.707927994080819e-05,0.0,19.579999923706055,306.1976623535156,-123.55235300873336,48.11667076398798
6987,0.9999769926071167,5.707927994080819e-05,0.0,19.579999923706055,306.1976623535156,-123.55235300873336,48.11667076398798
6988,0.9999769926071167,5.707927994080819e-05,0.0,19.579999923706055,306.1976623535156,-123.55235300873336,48.11667076398798
6989,0.9999769926071167,5.707927994080819e-05,0.0,19.579999923706055,306.1976623535156,-123.55235300873336,48.11667076398798
6990,0.9999769926071167,5.707927994080819e-05,0.0,19.579999923706055,306.1976623535156,-123.55235300873336,48.11667076398798
6991,0.9999769926071167,5.707927994080819e-05,0.0,19.579999923706055,306.1976623535156,-123.55235300873336,48.11667076398798
6992,0.9999769926071167,5.707927994080819e-05,0.0,19.579999923706055,306.1976623535156,-123.55235300873336,48.11667076398798
6993,0.9999769926071167,5.707927994080819e-05,0.0,19.579999923706055,306.1976623535156,-123.55235300873336,48.11667076398798
6994,0.9999769926071167,5.707927994080819e-05,0.0,19.579999923706055,306.1976623535156,-123.55235300873336,48.11667076398798
6995,0.999994158744812,0.00017209010547958314,0.0,18.760000228881836,296.5619812011719,-123.55195300873336,48.11667076398798
6996,0.999994158744812,0.00017209010547958314,0.0,18.760000228881836,296.5619812011719,-123.55195300873336,48.11667076398798
6997,0.999994158744812,0.00017209010547958314,0.0,18.760000228881836,296.5619812011719,-123.55195300873336,48.11667076398798
6998,0.999994158744812,0.00017209010547958314,0.0,18.760000228881836,296.5619812011719,-123.55195300873336,48.11667076398798
6999,0.999994158744812,0.00017209010547958314,0.0,18.760000228881836,296.5619812011719,-123.55195300873336,48.11667076398798
7000,0.999994158744812,0.00017209010547958314,0.0,18.760000228881836,296.5619812011719,-123.55195300873336,48.11667076398798
7001,0.999994158744812,0.00017209010547958314,0.0,18.760000228881836,296.5619812011719,-123.55195300873336,48.11667076398798
7002,0.999994158744812,0.00017209010547958314,0.0,18.760000228881836,296.5619812011719,-123.55195300873336,48.11667076398798
7003,0.999994158744812,0.00017209010547958314,0.0,18.760000228881836,296.5619812011719,-123.55195300873336,48.11667076398798
7004,0.999994158744812,0.00017209010547958314,0.0,18.760000228881836,296.5619812011719,-123.55195300873336,48.11667076398798
7005,0.9999977350234985,0.0002033416531048715,0.0,18.579999923706055,65.73431396484375,-123.55155300873336,48.11667076398798
7006,0.9999977350234985,0.0002033416531048715,0.0,18.579999923706055,65.73431396484375,-123.55155300873336,48.11667076398798
7007,0.9999977350234985,0.0002033416531048715,0.0,18.579999923706055,65.73431396484375,-123.55155300873336,48.11667076398798
7008,0.9999977350234985,0.0002033416531048715,0.0,18.579999923706055,65.73431396484375,-123.55155300873336,48.11667076398798
7009,0.9999977350234985,0.0002033416531048715,0.0,18.579999923706055,65.73431396484375,-123.55155300873336,48.11667076398798
7010,0.9999977350234985,0.0002033416531048715,0.0,18.579999923706055,65.73431396484375,-123.55155300873336,48.11667076398798
7011,0.9999977350234985,0.0002033416531048715,0.0,18.579999923706055,65.73431396484375,-123.55155300873336,48.11667076398798
7012,0.9999977350234985,0.0002033416531048715,0.0,18.579999923706055,65.73431396484375,-123.55155300873336,48.11667076398798
7013,0.9999977350234985,0.0002033416531048715,0.0,18.579999923706055,65.73431396484375,-123.55155300873336,48.11667076398798
7014,0.9999977350234985,0.0002033416531048715,0.0,18.579999923706055,65.73431396484375,-123.55155300873336,48.11667076398798
7015,0.0,0.0,0.0,0.0,142.6639404296875,-123.55115300873337,48.11667076398798
7016,2.501840526747401e-06,0.8126286864280701,0.0,17.629013061523438,33.0151481628418,-123.55395300873336,48.116270763987984
7017,2.501840526747401e-06,0.8126286864280701,0.0,17.629013061523438,33.0151481628418,-123.55395300873336,48.116270763987984
7018,2.501840526747401e-06,0.8126286864280701,0.0,17.629013061523438,33.0151481628418,-123.55395300873336,48.116270763987984
7019,2.501840526747401e-06,0.8126286864280701,0.0,17.629013061523438,33.0151481628418,-123.55395300873336,48.116270763987984
7020,2.501840526747401e-06,0.8126286864280701,0.0,17.629013061523438,33.0151481628418,-123.55395300873336,48.116270763987984
7021,2.501840526747401e-06,0.8126286864280701,0.0,17.629013061523438,33.0151481628418,-123.55395300873336,48.116270763987984
7022,2.501840526747401e-06,0.8126286864280701,0.0,17.629013061523438,33.0151481628418,-123.55395300873336,48.116270763987984
7023,2.501840526747401e-06,0.8126286864280701,0.0,17.629013061523438,33.0151481628418,-123.55395300873336,48.116270763987984
7024,2.501840526747401e-06,0.8126286864280701,0.0,17.629013061523438,33.0151481628418,-123.55395300873336,48.116270763987984
7025,2.501840526747401e-06,0.8126286864280701,0.0,17.629013061523438,33.0151481628418,-123.55395300873336,48.116270763987984
7026,0.9999954700469971,0.0007548447465524077,0.0,19.299999237060547,180.09442138671875,-123.55355300873336,48.116270763987984
7027,0.9999954700469971,0.0007548447465524077,0.0,19.299999237060547,180.09442138671875,-123.55355300873336,48.116270763987984
7028,0.9999954700469971,0.0007548447465524077,0.0,19.299999237060547,180.09442138671875,-123.55355300873336,48.116270763987984
7029,0.9999954700469971,0.0007548447465524077,0.0,19.299999237060547,180.09442138671875,-123.55355300873336,48.116270763987984
7030,0.9999954700469971,0.0007548447465524077,0.0,19.299999237060547,180.09442138671875,-123.55355300873336,48.116270763987984
7031,0.9999954700469971,0.0007548447465524077,0.0,19.299999237060547,180.09442138671875,-123.55355300873336,48.116270763987984
7032,0.9999954700469971,0.0007548447465524077,0.0,19.299999237060547,180.09442138671875,-123.55355300873336,48.116270763987984
7033,0.9999954700469971,0.0007548447465524077,0.0,19.299999237060547,180.09442138671875,-123.55355300873336,48.116270763987984
7034,0.9999954700469971,0.0007548447465524077,0.0,19.299999237060547,180.09442138671875,-123.55355300873336,48.116270763987984
7035,0.9999954700469971,0.0007548447465524077,0.0,19.299999237060547,180.09442138671875,-123.55355300873336,48.116270763987984
7036,3.914708941010758e-06,0.0013893519062548876,0.0,19.23557472229004,258.76824951171875,-123.55315300873336,48.116270763987984
7037,3.914708941010758e-06,0.0013893519062548876,0.0,19.23557472229004,258.76824951171875,-123.55315300873336,48.116270763987984
7038,3.914708941010758e-06,0.0013893519062548876,0.0,19.23557472229004,258.76824951171875,-123.55315300873336,48.116270763987984
7039,3.914708941010758e-06,0.0013893519062548876,0.0,19.23557472229004,258.76824951171875,-123.55315300873336,48.116270763987984
7040,3.914708941010758e-06,0.0013893519062548876,0.0,19.23557472229004,258.76824951171875,-123.55315300873336,48.116270763987984
7041,3.914708941010758e-06,0.0013893519062548876,0.0,19.23557472229004,258.76824951171875,-123.55315300873336,48.116270763987984
7042,3.914708941010758e-06,0.0013893519062548876,0.0,19.23557472229004,258.76824951171875,-123.55315300873336,48.116270763987984
7043,3.914708941010758e-06,0.0013893519062548876,0.0,19.23557472229004,258.76824951171875,-123.55315300873336,48.116270763987984
7044,3.914708941010758e-06,0.0013893519062548876,0.0,19.23557472229004,258.76824951171875,-123.55315300873336,48.116270763987984
7045,3.914708941010758e-06,0.0013893519062548876,0.0,19.23557472229004,258.76824951171875,-123.55315300873336,48.116270763987984
7046,2.1322856014194258e-07,0.9983001351356506,0.0,18.04779624938965,36.67424011230469,-123.55275300873336,48.116270763987984
7047,2.1322856014194258e-07,0.9983001351356506,0.0,18.04779624938965,36.67424011230469,-123.55275300873336,48.116270763987984
7048,2.1322856014194258e-07,0.9983001351356506,0.0,18.04779624938965,36.67424011230469,-123.55275300873336,48.116270763987984
7049,2.1322856014194258e-07,0.9983001351356506,0.0,18.04779624938965,36.67424011230469,-123.55275300873336,48.116270763987984
7050,2.1322856014194258e-07,0.9983001351356506,0.0,18.04779624938965,36.67424011230469,-123.55275300873336,48.116270763987984
7051,2.1322856014194258e-07,0.9983001351356506,0.0,18.04779624938965,36.67424011230469,-123.55275300873336,48.116270763987984
7052,2.1322856014194258e-07,0.9983001351356506,0.0,18.04779624938965,36.67424011230469,-123.55275300873336,48.116270763987984
7053,2.1322856014194258e-07,0.9983001351356506,0.0,18.04779624938965,36.67424011230469,-123.55275300873336,48.116270763987984
7054,2.1322856014194258e-07,0.9983001351356506,0.0,18.04779624938965,36.67424011230469,-123.55275300873336,48.116270763987984
7055,2.1322856014194258e-07,0.9983001351356506,0.0,18.04779624938965,36.67424011230469,-123.55275300873336,48.116270763987984
7056,0.7459556460380554,9.530897659715265e-05,0.0,20.010000228881836,216.83404541015625,-123.55235300873336,48.116270763987984
7057,0.7459556460380554,9.530897659715265e-05,0.0,20.010000228881836,216.83404541015625,-123.55235300873336,48.116270763987984
7058,0.7459556460380554,9.530897659715265e-05,0.0,20.010000228881836,216.83404541015625,-123.55235300873336,48.116270763987984
7059,0.7459556460380554,9.530897659715265e-05,0.0,20.010000228881836,216.83404541015625,-123.55235300873336,48.116270763987984
7060,0.7459556460380554,9.530897659715265e-05,0.0,20.010000228881836,216.83404541015625,-123.55235300873336,48.116270763987984
7061,0.7459556460380554,9.530897659715265e-05,0.0,20.010000228881836,216.83404541015625,-123.55235300873336,48.116270763987984
7062,0.7459556460380554,9.530897659715265e-05,0.0,20.010000228881836,216.83404541015625,-123.55235300873336,48.116270763987984
7063,0.7459556460380554,9.530897659715265e-05,0.0,20.010000228881836,216.83404541015625,-123.55235300873336,48.116270763987984
7064,0.7459556460380554,9.530897659715265e-05,0.0,20.010000228881836,216.83404541015625,-123.55235300873336,48.116270763987984
7065,0.7459556460380554,9.530897659715265e-05,0.0,20.010000228881836,216.83404541015625,-123.55235300873336,48.116270763987984
7066,0.999997615814209,8.210475061787292e-05,0.0,19.0,184.8783416748047,-123.55195300873336,48.116270763987984
7067,0.999997615814209,8.210475061787292e-05,0.0,19.0,184.8783416748047,-123.55195300873336,48.116270763987984
7068,0.999997615814209,8.210475061787292e-05,0.0,19.0,184.8783416748047,-123.55195300873336,48.116270763987984
7069,0.999997615814209,8.210475061787292e-05,0.0,19.0,184.8783416748047,-123.55195300873336,48.116270763987984
7070,0.999997615814209,8.210475061787292e-05,0.0,19.0,184.8783416748047,-123.55195300873336,48.116270763987984
7071,0.999997615814209,8.210475061787292e-05,0.0,19.0,184.8783416748047,-123.55195300873336,48.116270763987984
7072,0.999997615814209,8.210475061787292e-05,0.0,19.0,184.8783416748047,-123.55195300873336,48.116270763987984
7073,0.999997615814209,8.210475061787292e-05,0.0,19.0,184.8783416748047,-123.55195300873336,48.116270763987984
7074,0.999997615814209,8.210475061787292e-05,0.0,19.0,184.8783416748047,-123.55195300873336,48.116270763987984
7075,0.999997615814209,8.210475061787292e-05,0.0,19.0,184.8783416748047,-123.55195300873336,48.116270763987984
7076,0.9999992847442627,0.00013978382048662752,0.0,18.1299991607666,34.0,-123.55155300873336,48.116270763987984
7077,0.9999992847442627,0.00013978382048662752,0.0,18.1299991607666,34.0,-123.55155300873336,48.116270763987984
7078,0.9999992847442627,0.00013978382048662752,0.0,18.1299991607666,34.0,-123.55155300873336,48.116270763987984
7079,0.9999992847442627,0.00013978382048662752,0.0,18.1299991607666,34.0,-123.55155300873336,48.116270763987984
7080,0.9999992847442627,0.00013978382048662752,0.0,18.1299991607666,34.0,-123.55155300873336,48.116270763987984
7081,0.9999992847442627,0.00013978382048662752,0.0,18.1299991607666,34.0,-123.55155300873336,48.116270763987984
7082,0.9999992847442627,0.00013978382048662752,0.0,18.1299991607666,34.0,-123.55155300873336,48.116270763987984
7083,0.9999992847442627,0.00013978382048662752,0.0,18.1299991607666,34.0,-123.55155300873336,48.116270763987984
7084,0.9999992847442627,0.00013978382048662752,0.0,18.1299991607666,34.0,-123.55155300873336,48.116270763987984
7085,0.9999992847442627,0.00013978382048662752,0.0,18.1299991607666,34.0,-123.55155300873336,48.116270763987984
7086,0.00010141269740415737,0.05623592436313629,0.0,18.130094528198242,38.27531814575195,-123.55355300873336,48.115870763987985
7087,0.00010141269740415737,0.05623592436313629,0.0,18.130094528198242,38.27531814575195,-123.55355300873336,48.115870763987985
7088,0.00010141269740415737,0.05623592436313629,0.0,18.130094528198242,38.27531814575195,-123.55355300873336,48.115870763987985
7089,0.00010141269740415737,0.05623592436313629,0.0,18.130094528198242,38.27531814575195,-123.55355300873336,48.115870763987985
7090,0.00010141269740415737,0.05623592436313629,0.0,18.130094528198242,38.27531814575195,-123.55355300873336,48.115870763987985
7091,0.00010141269740415737,0.05623592436313629,0.0,18.130094528198242,38.27531814575195,-123.55355300873336,48.115870763987985
7092,0.00010141269740415737,0.05623592436313629,0.0,18.130094528198242,38.27531814575195,-123.55355300873336,48.115870763987985
7093,0.00010141269740415737,0.05623592436313629,0.0,18.130094528198242,38.27531814575195,-123.55355300873336,48.115870763987985
7094,0.00010141269740415737,0.05623592436313629,0.0,18.130094528198242,38.27531814575195,-123.55355300873336,48.115870763987985
7095,0.00010141269740415737,0.05623592436313629,0.0,18.130094528198242,38.27531814575195,-123.55355300873336,48.115870763987985
7096,3.103427661699243e-05,0.31709516048431396,0.0,18.99022102355957,228.2191925048828,-123.55315300873336,48.115870763987985
7097,3.103427661699243e-05,0.31709516048431396,0.0,18.99022102355957,228.2191925048828,-123.55315300873336,48.115870763987985
7098,3.103427661699243e-05,0.31709516048431396,0.0,18.99022102355957,228.2191925048828,-123.55315300873336,48.115870763987985
7099,3.103427661699243e-05,0.31709516048431396,0.0,18.99022102355957,228.2191925048828,-123.55315300873336,48.115870763987985
7100,3.103427661699243e-05,0.31709516048431396,0.0,18.99022102355957,228.2191925048828,-123.55315300873336,48.115870763987985
7101,3.103427661699243e-05,0.31709516048431396,0.0,18.99022102355957,228.2191925048828,-123.55315300873336,48.115870763987985
7102,3.103427661699243e-05,0.31709516048431396,0.0,18.99022102355957,228.2191925048828,-123.55315300873336,48.115870763987985
7103,3.103427661699243e-05,0.31709516048431396,0.0,18.99022102355957,228.2191925048828,-123.55315300873336,48.115870763987985
7104,3.103427661699243e-05,0.31709516048431396,0.0,18.99022102355957,228.2191925048828,-123.55315300873336,48.115870763987985
7105,3.103427661699243e-05,0.31709516048431396,0.0,18.99022102355957,228.2191925048828,-123.55315300873336,48.115870763987985
7106,3.681480848172214e-06,0.9885097146034241,0.0,18.39179801940918,16.492422103881836,-123.55275300873336,48.115870763987985
7107,3.681480848172214e-06,0.9885097146034241,0.0,18.39179801940918,16.492422103881836,-123.55275300873336,48.115870763987985
7108,3.681480848172214e-06,0.9885097146034241,0.0,18.39179801940918,16.492422103881836,-123.55275300873336,48.115870763987985
7109,3.681480848172214e-06,0.9885097146034241,0.0,18.39179801940918,16.492422103881836,-123.55275300873336,48.115870763987985
7110,3.681480848172214e-06,0.9885097146034241,0.0,18.39179801940918,16.492422103881836,-123.55275300873336,48.115870763987985
7111,3.681480848172214e-06,0.9885097146034241,0.0,18.39179801940918,16.492422103881836,-123.55275300873336,48.115870763987985
7112,3.681480848172214e-06,0.9885097146034241,0.0,18.39179801940918,16.492422103881836,-123.55275300873336,48.115870763987985
7113,3.681480848172214e-06,0.9885097146034241,0.0,18.39179801940918,16.492422103881836,-123.55275300873336,48.115870763987985
7114,3.681480848172214e-06,0.9885097146034241,0.0,18.39179801940918,16.492422103881836,-123.55275300873336,48.115870763987985
7115,3.681480848172214e-06,0.9885097146034241,0.0,18.39179801940918,16.492422103881836,-123.55275300873336,48.115870763987985
7116,0.9997782111167908,6.2971594161354e-05,0.0,19.56999969482422,206.66156005859375,-123.55235300873336,48.115870763987985
7117,0.9997782111167908,6.2971594161354e-05,0.0,19.56999969482422,206.66156005859375,-123.55235300873336,48.115870763987985
7118,0.9997782111167908,6.2971594161354e-05,0.0,19.56999969482422,206.66156005859375,-123.55235300873336,48.115870763987985
7119,0.9997782111167908,6.2971594161354e-05,0.0,19.56999969482422,206.66156005859375,-123.55235300873336,48.115870763987985
7120,0.9997782111167908,6.2971594161354e-05,0.0,19.56999969482422,206.66156005859375,-123.55235300873336,48.115870763987985
7121,0.9997782111167908,6.2971594161354e-05,0.0,19.56999969482422,206.66156005859375,-123.55235300873336,48.115870763987985
7122,0.9997782111167908,6.2971594161354e-05,0.0,19.56999969482422,206.66156005859375,-123.55235300873336,48.115870763987985
7123,0.9997782111167908,6.2971594161354e-05,0.0,19.56999969482422,206.66156005859375,-123.55235300873336,48.115870763987985
7124,0.9997782111167908,6.2971594161354e-05,0.0,19.56999969482422,206.66156005859375,-123.55235300873336,48.115870763987985
7125,0.9997782111167908,6.2971594161354e-05,0.0,19.56999969482422,206.66156005859375,-123.55235300873336,48.115870763987985
7126,0.017611894756555557,0.0011173185193911195,0.0,18.639999389648438,30.4138126373291,-123.55195300873336,48.115870763987985
7127,0.017611894756555557,0.0011173185193911195,0.0,18.639999389648438,30.4138126373291,-123.55195300873336,48.115870763987985
7128,0.017611894756555557,0.0011173185193911195,0.0,18.639999389648438,30.4138126373291,-123.55195300873336,48.115870763987985
7129,0.017611894756555557,0.0011173185193911195,0.0,18.639999389648438,30.4138126373291,-123.55195300873336,48.115870763987985
7130,0.017611894756555557,0.0011173185193911195,0.0,18.639999389648438,30.4138126373291,-123.55195300873336,48.115870763987985
7131,0.017611894756555557,0.0011173185193911195,0.0,18.639999389648438,30.4138126373291,-123.55195300873336,48.115870763987985
7132,0.017611894756555557,0.0011173185193911195,0.0,18.639999389648438,30.4138126373291,-123.55195300873336,48.115870763987985
7133,0.017611894756555557,0.0011173185193911195,0.0,18.639999389648438,30.4138126373291,-123.55195300873336,48.115870763987985
7134,0.017611894756555557,0.0011173185193911195,0.0,18.639999389648438,30.4138126373291,-123.55195300873336,48.115870763987985
7135,0.017611894756555557,0.0011173185193911195,0.0,18.639999389648438,30.4138126373291,-123.55195300873336,48.115870763987985
7136,0.0,0.0,0.0,0.0,166.97305297851562,-123.55155300873336,48.115870763987985
7137,0.0,0.0,0.0,0.0,130.8319549560547,-123.55355300873336,48.115470763987986
7138,1.0903775546466932e-05,0.8583884239196777,0.0,18.185550689697266,55.75840759277344,-123.55315300873336,48.115470763987986
7139,1.0903775546466932e-05,0.8583884239196777,0.0,18.185550689697266,55.75840759277344,-123.55315300873336,48.115470763987986
7140,1.0903775546466932e-05,0.8583884239196777,0.0,18.185550689697266,55.75840759277344,-123.55315300873336,48.115470763987986
7141,1.0903775546466932e-05,0.8583884239196777,0.0,18.185550689697266,55.75840759277344,-123.55315300873336,48.115470763987986
7142,1.0903775546466932e-05,0.8583884239196777,0.0,18.185550689697266,55.75840759277344,-123.55315300873336,48.115470763987986
7143,1.0903775546466932e-05,0.8583884239196777,0.0,18.185550689697266,55.75840759277344,-123.55315300873336,48.115470763987986
7144,1.0903775546466932e-05,0.8583884239196777,0.0,18.185550689697266,55.75840759277344,-123.55315300873336,48.115470763987986
7145,1.0903775546466932e-05,0.8583884239196777,0.0,18.185550689697266,55.75840759277344,-123.55315300873336,48.115470763987986
7146,1.0903775546466932e-05,0.8583884239196777,0.0,18.185550689697266,55.75840759277344,-123.55315300873336,48.115470763987986
7147,1.0903775546466932e-05,0.8583884239196777,0.0,18.185550689697266,55.75840759277344,-123.55315300873336,48.115470763987986
7148,1.0863388524740003e-05,0.7222790122032166,0.0,18.497861862182617,25.079872131347656,-123.55275300873336,48.115470763987986
7149,1.0863388524740003e-05,0.7222790122032166,0.0,18.497861862182617,25.079872131347656,-123.55275300873336,48.115470763987986
7150,1.0863388524740003e-05,0.7222790122032166,0.0,18.497861862182617,25.079872131347656,-123.55275300873336,48.115470763987986
7151,1.0863388524740003e-05,0.7222790122032166,0.0,18.497861862182617,25.079872131347656,-123.55275300873336,48.115470763987986
7152,1.0863388524740003e-05,0.7222790122032166,0.0,18.497861862182617,25.079872131347656,-123.55275300873336,48.115470763987986
7153,1.0863388524740003e-05,0.7222790122032166,0.0,18.497861862182617,25.079872131347656,-123.55275300873336,48.115470763987986
7154,1.0863388524740003e-05,0.7222790122032166,0.0,18.497861862182617,25.079872131347656,-123.55275300873336,48.115470763987986
7155,1.0863388524740003e-05,0.7222790122032166,0.0,18.497861862182617,25.079872131347656,-123.55275300873336,48.115470763987986
7156,1.0863388524740003e-05,0.7222790122032166,0.0,18.497861862182617,25.079872131347656,-123.55275300873336,48.115470763987986
7157,1.0863388524740003e-05,0.7222790122032166,0.0,18.497861862182617,25.079872131347656,-123.55275300873336,48.115470763987986
7158,6.459663563873619e-05,0.00012401220737956464,0.0,18.854604721069336,12.041594505310059,-123.55235300873336,48.115470763987986
7159,6.459663563873619e-05,0.00012401220737956464,0.0,18.854604721069336,12.041594505310059,-123.55235300873336,48.115470763987986
7160,6.459663563873619e-05,0.00012401220737956464,0.0,18.854604721069336,12.041594505310059,-123.55235300873336,48.115470763987986
7161,6.459663563873619e-05,0.00012401220737956464,0.0,18.854604721069336,12.041594505310059,-123.55235300873336,48.115470763987986
7162,6.459663563873619e-05,0.00012401220737956464,0.0,18.854604721069336,12.041594505310059,-123.55235300873336,48.115470763987986
7163,6.459663563873619e-05,0.00012401220737956464,0.0,18.854604721069336,12.041594505310059,-123.55235300873336,48.115470763987986
7164,6.459663563873619e-05,0.00012401220737956464,0.0,18.854604721069336,12.041594505310059,-123.55235300873336,48.115470763987986
7165,6.459663563873619e-05,0.00012401220737956464,0.0,18.854604721069336,12.041594505310059,-123.55235300873336,48.115470763987986
7166,6.459663563873619e-05,0.00012401220737956464,0.0,18.854604721069336,12.041594505310059,-123.55235300873336,48.115470763987986
7167,6.459663563873619e-05,0.00012401220737956464,0.0,18.854604721069336,12.041594505310059,-123.55235300873336,48.115470763987986
7168,0.0,0.0,0.0,0.0,145.66400146484375,-123.55195300873336,48.115470763987986
7169,0.0,0.0,0.0,0.0,145.66400146484375,-123.55195300873336,48.115470763987986
7170,1.1058162954213913e-06,0.8866116404533386,0.0,18.07752227783203,109.23827362060547,-123.55315300873336,48.11507076398799
7171,1.1058162954213913e-06,0.8866116404533386,0.0,18.07752227783203,109.23827362060547,-123.55315300873336,48.11507076398799
7172,1.1058162954213913e-06,0.8866116404533386,0.0,18.07752227783203,109.23827362060547,-123.55315300873336,48.11507076398799
7173,1.1058162954213913e-06,0.8866116404533386,0.0,18.07752227783203,109.23827362060547,-123.55315300873336,48.11507076398799
7174,1.1058162954213913e-06,0.8866116404533386,0.0,18.07752227783203,109.23827362060547,-123.55315300873336,48.11507076398799
7175,1.1058162954213913e-06,0.8866116404533386,0.0,18.07752227783203,109.23827362060547,-123.55315300873336,48.11507076398799
7176,1.1058162954213913e-06,0.8866116404533386,0.0,18.07752227783203,109.23827362060547,-123.55315300873336,48.11507076398799
7177,1.1058162954213913e-06,0.8866116404533386,0.0,18.07752227783203,109.23827362060547,-123.55315300873336,48.11507076398799
7178,1.1058162954213913e-06,0.8866116404533386,0.0,18.07752227783203,109.23827362060547,-123.55315300873336,48.11507076398799
7179,1.1058162954213913e-06,0.8866116404533386,0.0,18.07752227783203,109.23827362060547,-123.55315300873336,48.11507076398799
7180,1.675402245382429e-06,0.0002710106782615185,0.0,18.090900421142578,139.0575408935547,-123.55275300873336,48.11507076398799
7181,1.675402245382429e-06,0.0002710106782615185,0.0,18.090900421142578,139.0575408935547,-123.55275300873336,48.11507076398799
7182,1.675402245382429e-06,0.0002710106782615185,0.0,18.090900421142578,139.0575408935547,-123.55275300873336,48.11507076398799
7183,1.675402245382429e-06,0.0002710106782615185,0.0,18.090900421142578,139.0575408935547,-123.55275300873336,48.11507076398799
7184,1.675402245382429e-06,0.0002710106782615185,0.0,18.090900421142578,139.0575408935547,-123.55275300873336,48.11507076398799
7185,1.675402245382429e-06,0.0002710106782615185,0.0,18.090900421142578,139.0575408935547,-123.55275300873336,48.11507076398799
7186,1.675402245382429e-06,0.0002710106782615185,0.0,18.090900421142578,139.0575408935547,-123.55275300873336,48.11507076398799
7187,1.675402245382429e-06,0.0002710106782615185,0.0,18.090900421142578,139.0575408935547,-123.55275300873336,48.11507076398799
7188,1.675402245382429e-06,0.0002710106782615185,0.0,18.090900421142578,139.0575408935547,-123.55275300873336,48.11507076398799
7189,1.675402245382429e-06,0.0002710106782615185,0.0,18.090900421142578,139.0575408935547,-123.55275300873336,48.11507076398799
7190,0.0,0.0,0.0,0.0,193.1035919189453,-123.55355300873336,48.11467076398799
7191,0.0,0.0,0.0,0.0,193.1035919189453,-123.55355300873336,48.11467076398799
7192,0.0,0.0,0.0,0.0,193.1035919189453,-123.55355300873336,48.11467076398799
7193,0.0,0.0,0.0,0.0,193.1035919189453,-123.55355300873336,48.11467076398799
7194,5.668734956998378e-07,0.9873576164245605,0.0,18.933513641357422,6.4031243324279785,-123.55315300873336,48.11467076398799
7195,5.668734956998378e-07,0.9873576164245605,0.0,18.933513641357422,6.4031243324279785,-123.55315300873336,48.11467076398799
7196,5.668734956998378e-07,0.9873576164245605,0.0,18.933513641357422,6.4031243324279785,-123.55315300873336,48.11467076398799
7197,5.668734956998378e-07,0.9873576164245605,0.0,18.933513641357422,6.4031243324279785,-123.55315300873336,48.11467076398799
7198,5.668734956998378e-07,0.9873576164245605,0.0,18.933513641357422,6.4031243324279785,-123.55315300873336,48.11467076398799
7199,5.668734956998378e-07,0.9873576164245605,0.0,18.933513641357422,6.4031243324279785,-123.55315300873336,48.11467076398799
7200,5.668734956998378e-07,0.9873576164245605,0.0,18.933513641357422,6.4031243324279785,-123.55315300873336,48.11467076398799
7201,5.668734956998378e-07,0.9873576164245605,0.0,18.933513641357422,6.4031243324279785,-123.55315300873336,48.11467076398799
7202,5.668734956998378e-07,0.9873576164245605,0.0,18.933513641357422,6.4031243324279785,-123.55315300873336,48.11467076398799
7203,5.668734956998378e-07,0.9873576164245605,0.0,18.933513641357422,6.4031243324279785,-123.55315300873336,48.11467076398799
7204,0.0,0.0,0.0,0.0,219.93862915039062,-123.55275300873336,48.11467076398799
7205,0.0,0.0,0.0,0.0,219.93862915039062,-123.55275300873336,48.11467076398799
7206,0.0,0.0,0.0,0.0,219.93862915039062,-123.55275300873336,48.11467076398799
7207,0.0,0.0,0.0,0.0,219.93862915039062,-123.55275300873336,48.11467076398799
7208,0.0,0.0,0.0,0.0,219.93862915039062,-123.55275300873336,48.11467076398799
7209,0.9998420476913452,0.00038147190934978426,0.0,20.100000381469727,233.11155700683594,-123.55395300873336,48.11427076398799
7210,0.9998420476913452,0.00038147190934978426,0.0,20.100000381469727,233.11155700683594,-123.55395300873336,48.11427076398799
7211,0.9998420476913452,0.00038147190934978426,0.0,20.100000381469727,233.11155700683594,-123.55395300873336,48.11427076398799
7212,0.00015690454165451229,0.8973628282546997,0.0,19.197187423706055,30.232433319091797,-123.55355300873336,48.11427076398799
7213,0.00015690454165451229,0.8973628282546997,0.0,19.197187423706055,30.232433319091797,-123.55355300873336,48.11427076398799
7214,0.00015690454165451229,0.8973628282546997,0.0,19.197187423706055,30.232433319091797,-123.55355300873336,48.11427076398799
7215,0.00015690454165451229,0.8973628282546997,0.0,19.197187423706055,30.232433319091797,-123.55355300873336,48.11427076398799
7216,0.00015690454165451229,0.8973628282546997,0.0,19.197187423706055,30.232433319091797,-123.55355300873336,48.11427076398799
7217,0.00015690454165451229,0.8973628282546997,0.0,19.197187423706055,30.232433319091797,-123.55355300873336,48.11427076398799
7218,0.00015690454165451229,0.8973628282546997,0.0,19.197187423706055,30.232433319091797,-123.55355300873336,48.11427076398799
7219,0.00015690454165451229,0.8973628282546997,0.0,19.197187423706055,30.232433319091797,-123.55355300873336,48.11427076398799
7220,0.00015690454165451229,0.8973628282546997,0.0,19.197187423706055,30.232433319091797,-123.55355300873336,48.11427076398799
7221,0.00015690454165451229,0.8973628282546997,0.0,19.197187423706055,30.232433319091797,-123.55355300873336,48.11427076398799
7222,0.74405837059021,0.004893753211945295,0.0,18.26018714904785,166.7123260498047,-123.55315300873336,48.11427076398799
7223,0.74405837059021,0.004893753211945295,0.0,18.26018714904785,166.7123260498047,-123.55315300873336,48.11427076398799
7224,0.74405837059021,0.004893753211945295,0.0,18.26018714904785,166.7123260498047,-123.55315300873336,48.11427076398799
7225,0.74405837059021,0.004893753211945295,0.0,18.26018714904785,166.7123260498047,-123.55315300873336,48.11427076398799
7226,0.74405837059021,0.004893753211945295,0.0,18.26018714904785,166.7123260498047,-123.55315300873336,48.11427076398799
7227,0.74405837059021,0.004893753211945295,0.0,18.26018714904785,166.7123260498047,-123.55315300873336,48.11427076398799
7228,0.74405837059021,0.004893753211945295,0.0,18.26018714904785,166.7123260498047,-123.55315300873336,48.11427076398799
7229,0.74405837059021,0.004893753211945295,0.0,18.26018714904785,166.7123260498047,-123.55315300873336,48.11427076398799
7230,0.74405837059021,0.004893753211945295,0.0,18.26018714904785,166.7123260498047,-123.55315300873336,48.11427076398799
7231,0.0006061499589122832,1.2124958630010951e-05,0.0,18.441247940063477,65.0,-123.55395300873336,48.11387076398799
7232,0.0006061499589122832,1.2124958630010951e-05,0.0,18.441247940063477,65.0,-123.55395300873336,48.11387076398799
7233,0.0006061499589122832,1.2124958630010951e-05,0.0,18.441247940063477,65.0,-123.55395300873336,48.11387076398799
7234,0.0006061499589122832,1.2124958630010951e-05,0.0,18.441247940063477,65.0,-123.55395300873336,48.11387076398799
7235,0.0006061499589122832,1.2124958630010951e-05,0.0,18.441247940063477,65.0,-123.55395300873336,48.11387076398799
7236,0.0006061499589122832,1.2124958630010951e-05,0.0,18.441247940063477,65.0,-123.55395300873336,48.11387076398799
7237,0.0006061499589122832,1.2124958630010951e-05,0.0,18.441247940063477,65.0,-123.55395300873336,48.11387076398799
7238,0.0006061499589122832,1.2124958630010951e-05,0.0,18.441247940063477,65.0,-123.55395300873336,48.11387076398799
7239,0.0006061499589122832,1.2124958630010951e-05,0.0,18.441247940063477,65.0,-123.55395300873336,48.11387076398799
7240,0.0006061499589122832,1.2124958630010951e-05,0.0,18.441247940063477,65.0,-123.55395300873336,48.11387076398799
7241,0.000837822153698653,0.11336162686347961,0.0,18.405000686645508,126.0634765625,-123.55355300873336,48.11387076398799
7242,0.000837822153698653,0.11336162686347961,0.0,18.405000686645508,126.0634765625,-123.55355300873336,48.11387076398799
7243,0.000837822153698653,0.11336162686347961,0.0,18.405000686645508,126.0634765625,-123.55355300873336,48.11387076398799
7244,0.000837822153698653,0.11336162686347961,0.0,18.405000686645508,126.0634765625,-123.55355300873336,48.11387076398799
7245,0.000837822153698653,0.11336162686347961,0.0,18.405000686645508,126.0634765625,-123.55355300873336,48.11387076398799
7246,0.000837822153698653,0.11336162686347961,0.0,18.405000686645508,126.0634765625,-123.55355300873336,48.11387076398799
7247,0.000837822153698653,0.11336162686347961,0.0,18.405000686645508,126.0634765625,-123.55355300873336,48.11387076398799
7248,0.000837822153698653,0.11336162686347961,0.0,18.405000686645508,126.0634765625,-123.55355300873336,48.11387076398799
7249,0.000837822153698653,0.11336162686347961,0.0,18.405000686645508,126.0634765625,-123.55355300873336,48.11387076398799
7250,0.000837822153698653,0.11336162686347961,0.0,18.405000686645508,126.0634765625,-123.55355300873336,48.11387076398799
7251,0.0034862228203564882,0.09666039794683456,0.0,18.360599517822266,90.55384826660156,-123.55435300873336,48.11347076398799
7252,0.0034862228203564882,0.09666039794683456,0.0,18.360599517822266,90.55384826660156,-123.55435300873336,48.11347076398799
7253,0.0034862228203564882,0.09666039794683456,0.0,18.360599517822266,90.55384826660156,-123.55435300873336,48.11347076398799
7254,0.0034862228203564882,0.09666039794683456,0.0,18.360599517822266,90.55384826660156,-123.55435300873336,48.11347076398799
7255,0.0034862228203564882,0.09666039794683456,0.0,18.360599517822266,90.55384826660156,-123.55435300873336,48.11347076398799
7256,0.0034862228203564882,0.09666039794683456,0.0,18.360599517822266,90.55384826660156,-123.55435300873336,48.11347076398799
7257,0.0034862228203564882,0.09666039794683456,0.0,18.360599517822266,90.55384826660156,-123.55435300873336,48.11347076398799
7258,0.0034862228203564882,0.09666039794683456,0.0,18.360599517822266,90.55384826660156,-123.55435300873336,48.11347076398799
7259,0.0034862228203564882,0.09666039794683456,0.0,18.360599517822266,90.55384826660156,-123.55435300873336,48.11347076398799
7260,0.0034862228203564882,0.09666039794683456,0.0,18.360599517822266,90.55384826660156,-123.55435300873336,48.11347076398799
7261,1.989322481676936e-05,0.9472289085388184,0.0,19.171886444091797,14.866068840026855,-123.55395300873336,48.11347076398799
7262,1.989322481676936e-05,0.9472289085388184,0.0,19.171886444091797,14.866068840026855,-123.55395300873336,48.11347076398799
7263,1.989322481676936e-05,0.9472289085388184,0.0,19.171886444091797,14.866068840026855,-123.55395300873336,48.11347076398799
7264,1.989322481676936e-05,0.9472289085388184,0.0,19.171886444091797,14.866068840026855,-123.55395300873336,48.11347076398799
7265,1.989322481676936e-05,0.9472289085388184,0.0,19.171886444091797,14.866068840026855,-123.55395300873336,48.11347076398799
7266,1.989322481676936e-05,0.9472289085388184,0.0,19.171886444091797,14.866068840026855,-123.55395300873336,48.11347076398799
7267,1.989322481676936e-05,0.9472289085388184,0.0,19.171886444091797,14.866068840026855,-123.55395300873336,48.11347076398799
7268,1.989322481676936e-05,0.9472289085388184,0.0,19.171886444091797,14.866068840026855,-123.55395300873336,48.11347076398799
7269,1.989322481676936e-05,0.9472289085388184,0.0,19.171886444091797,14.866068840026855,-123.55395300873336,48.11347076398799
7270,1.989322481676936e-05,0.9472289085388184,0.0,19.171886444091797,14.866068840026855,-123.55395300873336,48.11347076398799
7271,0.9991093277931213,0.4130009710788727,0.0,18.963558197021484,252.5569305419922,-123.55475300873336,48.11307076398799
7272,0.9991093277931213,0.4130009710788727,0.0,18.963558197021484,252.5569305419922,-123.55475300873336,48.11307076398799
7273,0.9991093277931213,0.4130009710788727,0.0,18.963558197021484,252.5569305419922,-123.55475300873336,48.11307076398799
7274,0.9991093277931213,0.4130009710788727,0.0,18.963558197021484,252.5569305419922,-123.55475300873336,48.11307076398799
7275,0.9991093277931213,0.4130009710788727,0.0,18.963558197021484,252.5569305419922,-123.55475300873336,48.11307076398799
7276,0.9991093277931213,0.4130009710788727,0.0,18.963558197021484,252.5569305419922,-123.55475300873336,48.11307076398799
7277,0.9991093277931213,0.4130009710788727,0.0,18.963558197021484,252.5569305419922,-123.55475300873336,48.11307076398799
7278,0.9991093277931213,0.4130009710788727,0.0,18.963558197021484,252.5569305419922,-123.55475300873336,48.11307076398799
7279,0.9991093277931213,0.4130009710788727,0.0,18.963558197021484,252.5569305419922,-123.55475300873336,48.11307076398799
7280,0.9991093277931213,0.4130009710788727,0.0,18.963558197021484,252.5569305419922,-123.55475300873336,48.11307076398799
7281,2.9670736694242805e-05,0.9724844694137573,0.0,18.990856170654297,4.123105525970459,-123.55435300873336,48.11307076398799
7282,2.9670736694242805e-05,0.9724844694137573,0.0,18.990856170654297,4.123105525970459,-123.55435300873336,48.11307076398799
7283,2.9670736694242805e-05,0.9724844694137573,0.0,18.990856170654297,4.123105525970459,-123.55435300873336,48.11307076398799
7284,2.9670736694242805e-05,0.9724844694137573,0.0,18.990856170654297,4.123105525970459,-123.55435300873336,48.11307076398799
7285,2.9670736694242805e-05,0.9724844694137573,0.0,18.990856170654297,4.123105525970459,-123.55435300873336,48.11307076398799
7286,2.9670736694242805e-05,0.9724844694137573,0.0,18.990856170654297,4.123105525970459,-123.55435300873336,48.11307076398799
7287,2.9670736694242805e-05,0.9724844694137573,0.0,18.990856170654297,4.123105525970459,-123.55435300873336,48.11307076398799
7288,2.9670736694242805e-05,0.9724844694137573,0.0,18.990856170654297,4.123105525970459,-123.55435300873336,48.11307076398799
7289,2.9670736694242805e-05,0.9724844694137573,0.0,18.990856170654297,4.123105525970459,-123.55435300873336,48.11307076398799
7290,2.9670736694242805e-05,0.9724844694137573,0.0,18.990856170654297,4.123105525970459,-123.55435300873336,48.11307076398799
7291,7.969981197675224e-06,0.9240962862968445,0.0,19.864269256591797,133.4053955078125,-123.55395300873336,48.11307076398799
7292,7.969981197675224e-06,0.9240962862968445,0.0,19.864269256591797,133.4053955078125,-123.55395300873336,48.11307076398799
7293,7.969981197675224e-06,0.9240962862968445,0.0,19.864269256591797,133.4053955078125,-123.55395300873336,48.11307076398799
7294,7.969981197675224e-06,0.9240962862968445,0.0,19.864269256591797,133.4053955078125,-123.55395300873336,48.11307076398799
7295,7.969981197675224e-06,0.9240962862968445,0.0,19.864269256591797,133.4053955078125,-123.55395300873336,48.11307076398799
7296,7.969981197675224e-06,0.9240962862968445,0.0,19.864269256591797,133.4053955078125,-123.55395300873336,48.11307076398799
7297,7.969981197675224e-06,0.9240962862968445,0.0,19.864269256591797,133.4053955078125,-123.55395300873336,48.11307076398799
7298,7.969981197675224e-06,0.9240962862968445,0.0,19.864269256591797,133.4053955078125,-123.55395300873336,48.11307076398799
7299,7.969981197675224e-06,0.9240962862968445,0.0,19.864269256591797,133.4053955078125,-123.55395300873336,48.11307076398799
7300,7.969981197675224e-06,0.9240962862968445,0.0,19.864269256591797,133.4053955078125,-123.55395300873336,48.11307076398799
7301,0.0008636918500997126,0.7792772650718689,0.0,19.46419906616211,51.62363815307617,-123.55355300873336,48.11307076398799
7302,0.0008636918500997126,0.7792772650718689,0.0,19.46419906616211,51.62363815307617,-123.55355300873336,48.11307076398799
7303,0.0008636918500997126,0.7792772650718689,0.0,19.46419906616211,51.62363815307617,-123.55355300873336,48.11307076398799
7304,0.0008636918500997126,0.7792772650718689,0.0,19.46419906616211,51.62363815307617,-123.55355300873336,48.11307076398799
7305,0.0008636918500997126,0.7792772650718689,0.0,19.46419906616211,51.62363815307617,-123.55355300873336,48.11307076398799
7306,0.0008636918500997126,0.7792772650718689,0.0,19.46419906616211,51.62363815307617,-123.55355300873336,48.11307076398799
7307,0.0008636918500997126,0.7792772650718689,0.0,19.46419906616211,51.62363815307617,-123.55355300873336,48.11307076398799
7308,0.0008636918500997126,0.7792772650718689,0.0,19.46419906616211,51.62363815307617,-123.55355300873336,48.11307076398799
7309,0.0008636918500997126,0.7792772650718689,0.0,19.46419906616211,51.62363815307617,-123.55355300873336,48.11307076398799
7310,0.0008636918500997126,0.7792772650718689,0.0,19.46419906616211,51.62363815307617,-123.55355300873336,48.11307076398799
7311,0.0,0.0,0.0,0.0,341.8844909667969,-123.55475300873336,48.11267076398799
7312,0.0,0.0,0.0,0.0,341.8844909667969,-123.55475300873336,48.11267076398799
7313,0.0,0.0,0.0,0.0,341.8844909667969,-123.55475300873336,48.11267076398799
7314,0.0,0.0,0.0,0.0,341.8844909667969,-123.55475300873336,48.11267076398799
7315,0.0,0.0,0.0,0.0,341.8844909667969,-123.55475300873336,48.11267076398799
7316,0.0,0.0,0.0,0.0,341.8844909667969,-123.55475300873336,48.11267076398799
7317,0.0,0.0,0.0,0.0,341.8844909667969,-123.55475300873336,48.11267076398799
7318,0.0,0.0,0.0,0.0,341.8844909667969,-123.55475300873336,48.11267076398799
7319,0.0,0.0,0.0,0.0,341.8844909667969,-123.55475300873336,48.11267076398799
7320,0.00031461610342375934,0.417803019285202,0.0,19.233440399169922,138.2931671142578,-123.55435300873336,48.11267076398799
7321,0.00031461610342375934,0.417803019285202,0.0,19.233440399169922,138.2931671142578,-123.55435300873336,48.11267076398799
7322,0.00031461610342375934,0.417803019285202,0.0,19.233440399169922,138.2931671142578,-123.55435300873336,48.11267076398799
7323,0.00031461610342375934,0.417803019285202,0.0,19.233440399169922,138.2931671142578,-123.55435300873336,48.11267076398799
7324,0.00031461610342375934,0.417803019285202,0.0,19.233440399169922,138.2931671142578,-123.55435300873336,48.11267076398799
7325,0.00031461610342375934,0.417803019285202,0.0,19.233440399169922,138.2931671142578,-123.55435300873336,48.11267076398799
7326,0.00031461610342375934,0.417803019285202,0.0,19.233440399169922,138.2931671142578,-123.55435300873336,48.11267076398799
7327,0.00031461610342375934,0.417803019285202,0.0,19.233440399169922,138.2931671142578,-123.55435300873336,48.11267076398799
7328,0.00031461610342375934,0.417803019285202,0.0,19.233440399169922,138.2931671142578,-123.55435300873336,48.11267076398799
7329,0.00031461610342375934,0.417803019285202,0.0,19.233440399169922,138.2931671142578,-123.55435300873336,48.11267076398799
7330,0.00012698576028924435,0.15389543771743774,0.0,19.265583038330078,24.75883674621582,-123.55395300873336,48.11267076398799
7331,0.00012698576028924435,0.15389543771743774,0.0,19.265583038330078,24.75883674621582,-123.55395300873336,48.11267076398799
7332,0.00012698576028924435,0.15389543771743774,0.0,19.265583038330078,24.75883674621582,-123.55395300873336,48.11267076398799
7333,0.00012698576028924435,0.15389543771743774,0.0,19.265583038330078,24.75883674621582,-123.55395300873336,48.11267076398799
7334,0.00012698576028924435,0.15389543771743774,0.0,19.265583038330078,24.75883674621582,-123.55395300873336,48.11267076398799
7335,0.00012698576028924435,0.15389543771743774,0.0,19.265583038330078,24.75883674621582,-123.55395300873336,48.11267076398799
7336,0.00012698576028924435,0.15389543771743774,0.0,19.265583038330078,24.75883674621582,-123.55395300873336,48.11267076398799
7337,0.00012698576028924435,0.15389543771743774,0.0,19.265583038330078,24.75883674621582,-123.55395300873336,48.11267076398799
7338,0.00012698576028924435,0.15389543771743774,0.0,19.265583038330078,24.75883674621582,-123.55395300873336,48.11267076398799
7339,0.00012698576028924435,0.15389543771743774,0.0,19.265583038330078,24.75883674621582,-123.55395300873336,48.11267076398799
7340,0.0001270553912036121,0.03557048738002777,0.0,20.08844757080078,149.26486206054688,-123.55355300873336,48.11267076398799
7341,0.0001270553912036121,0.03557048738002777,0.0,20.08844757080078,149.26486206054688,-123.55355300873336,48.11267076398799
7342,0.0001270553912036121,0.03557048738002777,0.0,20.08844757080078,149.26486206054688,-123.55355300873336,48.11267076398799
7343,0.0001270553912036121,0.03557048738002777,0.0,20.08844757080078,149.26486206054688,-123.55355300873336,48.11267076398799
7344,0.0001270553912036121,0.03557048738002777,0.0,20.08844757080078,149.26486206054688,-123.55355300873336,48.11267076398799
7345,0.0001270553912036121,0.03557048738002777,0.0,20.08844757080078,149.26486206054688,-123.55355300873336,48.11267076398799
7346,0.0001270553912036121,0.03557048738002777,0.0,20.08844757080078,149.26486206054688,-123.55355300873336,48.11267076398799
7347,0.0001270553912036121,0.03557048738002777,0.0,20.08844757080078,149.26486206054688,-123.55355300873336,48.11267076398799
7348,0.0001270553912036121,0.03557048738002777,0.0,20.08844757080078,149.26486206054688,-123.55355300873336,48.11267076398799
7349,0.0001270553912036121,0.03557048738002777,0.0,20.08844757080078,149.26486206054688,-123.55355300873336,48.11267076398799
7350,0.8412615060806274,0.0001525036059319973,0.0,20.15413475036621,28.284271240234375,-123.55315300873336,48.11267076398799
7351,0.8412615060806274,0.0001525036059319973,0.0,20.15413475036621,28.284271240234375,-123.55315300873336,48.11267076398799
7352,0.8412615060806274,0.0001525036059319973,0.0,20.15413475036621,28.284271240234375,-123.55315300873336,48.11267076398799
7353,0.8412615060806274,0.0001525036059319973,0.0,20.15413475036621,28.284271240234375,-123.55315300873336,48.11267076398799
7354,0.8412615060806274,0.0001525036059319973,0.0,20.15413475036621,28.284271240234375,-123.55315300873336,48.11267076398799
7355,0.8412615060806274,0.0001525036059319973,0.0,20.15413475036621,28.284271240234375,-123.55315300873336,48.11267076398799
7356,0.8412615060806274,0.0001525036059319973,0.0,20.15413475036621,28.284271240234375,-123.55315300873336,48.11267076398799
7357,0.00846923142671585,0.4449143409729004,0.0,20.1200008392334,312.5539855957031,-123.55435300873336,48.11227076398799
7358,0.00846923142671585,0.4449143409729004,0.0,20.1200008392334,312.5539855957031,-123.55435300873336,48.11227076398799
7359,0.00846923142671585,0.4449143409729004,0.0,20.1200008392334,312.5539855957031,-123.55435300873336,48.11227076398799
7360,0.00846923142671585,0.4449143409729004,0.0,20.1200008392334,312.5539855957031,-123.55435300873336,48.11227076398799
7361,0.00846923142671585,0.4449143409729004,0.0,20.1200008392334,312.5539855957031,-123.55435300873336,48.11227076398799
7362,0.00846923142671585,0.4449143409729004,0.0,20.1200008392334,312.5539855957031,-123.55435300873336,48.11227076398799
7363,0.00846923142671585,0.4449143409729004,0.0,20.1200008392334,312.5539855957031,-123.55435300873336,48.11227076398799
7364,0.00846923142671585,0.4449143409729004,0.0,20.1200008392334,312.5539855957031,-123.55435300873336,48.11227076398799
7365,0.00846923142671585,0.4449143409729004,0.0,20.1200008392334,312.5539855957031,-123.55435300873336,48.11227076398799
7366,0.00846923142671585,0.4449143409729004,0.0,20.1200008392334,312.5539855957031,-123.55435300873336,48.11227076398799
7367,7.245614597195527e-06,0.6114374995231628,0.0,19.770000457763672,151.4331512451172,-123.55395300873336,48.11227076398799
7368,7.245614597195527e-06,0.6114374995231628,0.0,19.770000457763672,151.4331512451172,-123.55395300873336,48.11227076398799
7369,7.245614597195527e-06,0.6114374995231628,0.0,19.770000457763672,151.4331512451172,-123.55395300873336,48.11227076398799
7370,7.245614597195527e-06,0.6114374995231628,0.0,19.770000457763672,151.4331512451172,-123.55395300873336,48.11227076398799
7371,7.245614597195527e-06,0.6114374995231628,0.0,19.770000457763672,151.4331512451172,-123.55395300873336,48.11227076398799
7372,7.245614597195527e-06,0.6114374995231628,0.0,19.770000457763672,151.4331512451172,-123.55395300873336,48.11227076398799
7373,7.245614597195527e-06,0.6114374995231628,0.0,19.770000457763672,151.4331512451172,-123.55395300873336,48.11227076398799
7374,7.245614597195527e-06,0.6114374995231628,0.0,19.770000457763672,151.4331512451172,-123.55395300873336,48.11227076398799
7375,7.245614597195527e-06,0.6114374995231628,0.0,19.770000457763672,151.4331512451172,-123.55395300873336,48.11227076398799
7376,7.245614597195527e-06,0.6114374995231628,0.0,19.770000457763672,151.4331512451172,-123.55395300873336,48.11227076398799
7377,2.8137634217273444e-05,0.007202457170933485,0.0,19.117704391479492,30.364452362060547,-123.55355300873336,48.11227076398799
7378,2.8137634217273444e-05,0.007202457170933485,0.0,19.117704391479492,30.364452362060547,-123.55355300873336,48.11227076398799
7379,2.8137634217273444e-05,0.007202457170933485,0.0,19.117704391479492,30.364452362060547,-123.55355300873336,48.11227076398799
7380,2.8137634217273444e-05,0.007202457170933485,0.0,19.117704391479492,30.364452362060547,-123.55355300873336,48.11227076398799
7381,2.8137634217273444e-05,0.007202457170933485,0.0,19.117704391479492,30.364452362060547,-123.55355300873336,48.11227076398799
7382,2.8137634217273444e-05,0.007202457170933485,0.0,19.117704391479492,30.364452362060547,-123.55355300873336,48.11227076398799
7383,2.8137634217273444e-05,0.007202457170933485,0.0,19.117704391479492,30.364452362060547,-123.55355300873336,48.11227076398799
7384,2.8137634217273444e-05,0.007202457170933485,0.0,19.117704391479492,30.364452362060547,-123.55355300873336,48.11227076398799
7385,2.8137634217273444e-05,0.007202457170933485,0.0,19.117704391479492,30.364452362060547,-123.55355300873336,48.11227076398799
7386,2.8137634217273444e-05,0.007202457170933485,0.0,19.117704391479492,30.364452362060547,-123.55355300873336,48.11227076398799
7387,4.1652991058072075e-05,0.04009236767888069,0.0,18.79641342163086,82.68010711669922,-123.55315300873336,48.11227076398799
7388,4.1652991058072075e-05,0.04009236767888069,0.0,18.79641342163086,82.68010711669922,-123.55315300873336,48.11227076398799
7389,4.1652991058072075e-05,0.04009236767888069,0.0,18.79641342163086,82.68010711669922,-123.55315300873336,48.11227076398799
7390,4.1652991058072075e-05,0.04009236767888069,0.0,18.79641342163086,82.68010711669922,-123.55315300873336,48.11227076398799
7391,4.1652991058072075e-05,0.04009236767888069,0.0,18.79641342163086,82.68010711669922,-123.55315300873336,48.11227076398799
7392,4.1652991058072075e-05,0.04009236767888069,0.0,18.79641342163086,82.68010711669922,-123.55315300873336,48.11227076398799
7393,4.1652991058072075e-05,0.04009236767888069,0.0,18.79641342163086,82.68010711669922,-123.55315300873336,48.11227076398799
7394,4.1652991058072075e-05,0.04009236767888069,0.0,18.79641342163086,82.68010711669922,-123.55315300873336,48.11227076398799
7395,4.1652991058072075e-05,0.04009236767888069,0.0,18.79641342163086,82.68010711669922,-123.55315300873336,48.11227076398799
7396,4.1652991058072075e-05,0.04009236767888069,0.0,18.79641342163086,82.68010711669922,-123.55315300873336,48.11227076398799
7397,2.1577881852863356e-05,0.011652257293462753,0.0,20.799999237060547,86.68333435058594,-123.55275300873336,48.11227076398799
7398,2.1577881852863356e-05,0.011652257293462753,0.0,20.799999237060547,86.68333435058594,-123.55275300873336,48.11227076398799
7399,2.1577881852863356e-05,0.011652257293462753,0.0,20.799999237060547,86.68333435058594,-123.55275300873336,48.11227076398799
7400,2.1577881852863356e-05,0.011652257293462753,0.0,20.799999237060547,86.68333435058594,-123.55275300873336,48.11227076398799
7401,2.1577881852863356e-05,0.011652257293462753,0.0,20.799999237060547,86.68333435058594,-123.55275300873336,48.11227076398799
7402,2.1577881852863356e-05,0.011652257293462753,0.0,20.799999237060547,86.68333435058594,-123.55275300873336,48.11227076398799
7403,2.1577881852863356e-05,0.011652257293462753,0.0,20.799999237060547,86.68333435058594,-123.55275300873336,48.11227076398799
7404,2.1577881852863356e-05,0.011652257293462753,0.0,20.799999237060547,86.68333435058594,-123.55275300873336,48.11227076398799
7405,2.1577881852863356e-05,0.011652257293462753,0.0,20.799999237060547,86.68333435058594,-123.55275300873336,48.11227076398799
7406,0.8432000875473022,0.8961686491966248,0.0,20.059999465942383,363.670166015625,-123.55395300873336,48.111870763987994
7407,0.8432000875473022,0.8961686491966248,0.0,20.059999465942383,363.670166015625,-123.55395300873336,48.111870763987994
7408,0.8432000875473022,0.8961686491966248,0.0,20.059999465942383,363.670166015625,-123.55395300873336,48.111870763987994
7409,0.8432000875473022,0.8961686491966248,0.0,20.059999465942383,363.670166015625,-123.55395300873336,48.111870763987994
7410,0.8432000875473022,0.8961686491966248,0.0,20.059999465942383,363.670166015625,-123.55395300873336,48.111870763987994
7411,0.8432000875473022,0.8961686491966248,0.0,20.059999465942383,363.670166015625,-123.55395300873336,48.111870763987994
7412,0.8432000875473022,0.8961686491966248,0.0,20.059999465942383,363.670166015625,-123.55395300873336,48.111870763987994
7413,0.8432000875473022,0.8961686491966248,0.0,20.059999465942383,363.670166015625,-123.55395300873336,48.111870763987994
7414,0.8432000875473022,0.8961686491966248,0.0,20.059999465942383,363.670166015625,-123.55395300873336,48.111870763987994
7415,0.8432000875473022,0.8961686491966248,0.0,20.059999465942383,363.670166015625,-123.55395300873336,48.111870763987994
7416,0.014001849107444286,0.031640250235795975,0.0,21.229999542236328,265.6557922363281,-123.55355300873336,48.111870763987994
7417,0.014001849107444286,0.031640250235795975,0.0,21.229999542236328,265.6557922363281,-123.55355300873336,48.111870763987994
7418,0.014001849107444286,0.031640250235795975,0.0,21.229999542236328,265.6557922363281,-123.55355300873336,48.111870763987994
7419,0.014001849107444286,0.031640250235795975,0.0,21.229999542236328,265.6557922363281,-123.55355300873336,48.111870763987994
7420,0.014001849107444286,0.031640250235795975,0.0,21.229999542236328,265.6557922363281,-123.55355300873336,48.111870763987994
7421,0.014001849107444286,0.031640250235795975,0.0,21.229999542236328,265.6557922363281,-123.55355300873336,48.111870763987994
7422,0.014001849107444286,0.031640250235795975,0.0,21.229999542236328,265.6557922363281,-123.55355300873336,48.111870763987994
7423,0.014001849107444286,0.031640250235795975,0.0,21.229999542236328,265.6557922363281,-123.55355300873336,48.111870763987994
7424,0.014001849107444286,0.031640250235795975,0.0,21.229999542236328,265.6557922363281,-123.55355300873336,48.111870763987994
7425,0.014001849107444286,0.031640250235795975,0.0,21.229999542236328,265.6557922363281,-123.55355300873336,48.111870763987994
7426,1.972314203158021e-05,0.2250792533159256,0.0,20.3799991607666,138.63621520996094,-123.55315300873336,48.111870763987994
7427,1.972314203158021e-05,0.2250792533159256,0.0,20.3799991607666,138.63621520996094,-123.55315300873336,48.111870763987994
7428,1.972314203158021e-05,0.2250792533159256,0.0,20.3799991607666,138.63621520996094,-123.55315300873336,48.111870763987994
7429,1.972314203158021e-05,0.2250792533159256,0.0,20.3799991607666,138.63621520996094,-123.55315300873336,48.111870763987994
7430,1.972314203158021e-05,0.2250792533159256,0.0,20.3799991607666,138.63621520996094,-123.55315300873336,48.111870763987994
7431,1.972314203158021e-05,0.2250792533159256,0.0,20.3799991607666,138.63621520996094,-123.55315300873336,48.111870763987994
7432,1.972314203158021e-05,0.2250792533159256,0.0,20.3799991607666,138.63621520996094,-123.55315300873336,48.111870763987994
7433,1.972314203158021e-05,0.2250792533159256,0.0,20.3799991607666,138.63621520996094,-123.55315300873336,48.111870763987994
7434,1.972314203158021e-05,0.2250792533159256,0.0,20.3799991607666,138.63621520996094,-123.55315300873336,48.111870763987994
7435,1.972314203158021e-05,0.2250792533159256,0.0,20.3799991607666,138.63621520996094,-123.55315300873336,48.111870763987994
7436,0.00011170633661095053,0.000959943572524935,0.0,19.88825035095215,25.05992889404297,-123.55275300873336,48.111870763987994
7437,0.00011170633661095053,0.000959943572524935,0.0,19.88825035095215,25.05992889404297,-123.55275300873336,48.111870763987994
7438,0.00011170633661095053,0.000959943572524935,0.0,19.88825035095215,25.05992889404297,-123.55275300873336,48.111870763987994
7439,0.00011170633661095053,0.000959943572524935,0.0,19.88825035095215,25.05992889404297,-123.55275300873336,48.111870763987994
7440,0.00011170633661095053,0.000959943572524935,0.0,19.88825035095215,25.05992889404297,-123.55275300873336,48.111870763987994
7441,0.00011170633661095053,0.000959943572524935,0.0,19.88825035095215,25.05992889404297,-123.55275300873336,48.111870763987994
7442,0.00011170633661095053,0.000959943572524935,0.0,19.88825035095215,25.05992889404297,-123.55275300873336,48.111870763987994
7443,0.00011170633661095053,0.000959943572524935,0.0,19.88825035095215,25.05992889404297,-123.55275300873336,48.111870763987994
7444,0.00011170633661095053,0.000959943572524935,0.0,19.88825035095215,25.05992889404297,-123.55275300873336,48.111870763987994
7445,0.00011170633661095053,0.000959943572524935,0.0,19.88825035095215,25.05992889404297,-123.55275300873336,48.111870763987994
7446,9.799226245377213e-05,0.009097722359001637,0.0,20.436588287353516,65.78753662109375,-123.55235300873336,48.111870763987994
7447,9.799226245377213e-05,0.009097722359001637,0.0,20.436588287353516,65.78753662109375,-123.55235300873336,48.111870763987994
7448,9.799226245377213e-05,0.009097722359001637,0.0,20.436588287353516,65.78753662109375,-123.55235300873336,48.111870763987994
7449,9.799226245377213e-05,0.009097722359001637,0.0,20.436588287353516,65.78753662109375,-123.55235300873336,48.111870763987994
7450,9.799226245377213e-05,0.009097722359001637,0.0,20.436588287353516,65.78753662109375,-123.55235300873336,48.111870763987994
7451,9.799226245377213e-05,0.009097722359001637,0.0,20.436588287353516,65.78753662109375,-123.55235300873336,48.111870763987994
7452,9.799226245377213e-05,0.009097722359001637,0.0,20.436588287353516,65.78753662109375,-123.55235300873336,48.111870763987994
7453,9.799226245377213e-05,0.009097722359001637,0.0,20.436588287353516,65.78753662109375,-123.55235300873336,48.111870763987994
7454,9.799226245377213e-05,0.009097722359001637,0.0,20.436588287353516,65.78753662109375,-123.55235300873336,48.111870763987994
7455,9.799226245377213e-05,0.009097722359001637,0.0,20.436588287353516,65.78753662109375,-123.55235300873336,48.111870763987994
7456,0.00017608761845622212,0.011782827787101269,0.0,22.649999618530273,150.84097290039062,-123.55195300873336,48.111870763987994
7457,0.00017608761845622212,0.011782827787101269,0.0,22.649999618530273,150.84097290039062,-123.55195300873336,48.111870763987994
7458,0.0,0.0,0.0,0.0,485.5193176269531,-123.55355300873336,48.111470763987995
7459,0.0,0.0,0.0,0.0,485.5193176269531,-123.55355300873336,48.111470763987995
7460,0.36603647470474243,0.9551190137863159,0.0,20.09061050415039,366.71514892578125,-123.55315300873336,48.111470763987995
7461,0.36603647470474243,0.9551190137863159,0.0,20.09061050415039,366.71514892578125,-123.55315300873336,48.111470763987995
7462,0.36603647470474243,0.9551190137863159,0.0,20.09061050415039,366.71514892578125,-123.55315300873336,48.111470763987995
7463,0.36603647470474243,0.9551190137863159,0.0,20.09061050415039,366.71514892578125,-123.55315300873336,48.111470763987995
7464,0.36603647470474243,0.9551190137863159,0.0,20.09061050415039,366.71514892578125,-123.55315300873336,48.111470763987995
7465,0.36603647470474243,0.9551190137863159,0.0,20.09061050415039,366.71514892578125,-123.55315300873336,48.111470763987995
7466,0.36603647470474243,0.9551190137863159,0.0,20.09061050415039,366.71514892578125,-123.55315300873336,48.111470763987995
7467,0.36603647470474243,0.9551190137863159,0.0,20.09061050415039,366.71514892578125,-123.55315300873336,48.111470763987995
7468,0.36603647470474243,0.9551190137863159,0.0,20.09061050415039,366.71514892578125,-123.55315300873336,48.111470763987995
7469,0.36603647470474243,0.9551190137863159,0.0,20.09061050415039,366.71514892578125,-123.55315300873336,48.111470763987995
7470,5.771044584435003e-07,0.01616344042122364,0.0,21.90999984741211,259.3838806152344,-123.55275300873336,48.111470763987995
7471,5.771044584435003e-07,0.01616344042122364,0.0,21.90999984741211,259.3838806152344,-123.55275300873336,48.111470763987995
7472,5.771044584435003e-07,0.01616344042122364,0.0,21.90999984741211,259.3838806152344,-123.55275300873336,48.111470763987995
7473,5.771044584435003e-07,0.01616344042122364,0.0,21.90999984741211,259.3838806152344,-123.55275300873336,48.111470763987995
7474,5.771044584435003e-07,0.01616344042122364,0.0,21.90999984741211,259.3838806152344,-123.55275300873336,48.111470763987995
7475,5.771044584435003e-07,0.01616344042122364,0.0,21.90999984741211,259.3838806152344,-123.55275300873336,48.111470763987995
7476,5.771044584435003e-07,0.01616344042122364,0.0,21.90999984741211,259.3838806152344,-123.55275300873336,48.111470763987995
7477,5.771044584435003e-07,0.01616344042122364,0.0,21.90999984741211,259.3838806152344,-123.55275300873336,48.111470763987995
7478,5.771044584435003e-07,0.01616344042122364,0.0,21.90999984741211,259.3838806152344,-123.55275300873336,48.111470763987995
7479,5.771044584435003e-07,0.01616344042122364,0.0,21.90999984741211,259.3838806152344,-123.55275300873336,48.111470763987995
7480,0.07250089198350906,0.00621769716963172,0.0,22.1299991607666,173.6922607421875,-123.55235300873336,48.111470763987995
7481,0.07250089198350906,0.00621769716963172,0.0,22.1299991607666,173.6922607421875,-123.55235300873336,48.111470763987995
7482,0.07250089198350906,0.00621769716963172,0.0,22.1299991607666,173.6922607421875,-123.55235300873336,48.111470763987995
7483,0.07250089198350906,0.00621769716963172,0.0,22.1299991607666,173.6922607421875,-123.55235300873336,48.111470763987995
7484,0.07250089198350906,0.00621769716963172,0.0,22.1299991607666,173.6922607421875,-123.55235300873336,48.111470763987995
7485,0.07250089198350906,0.00621769716963172,0.0,22.1299991607666,173.6922607421875,-123.55235300873336,48.111470763987995
7486,0.07250089198350906,0.00621769716963172,0.0,22.1299991607666,173.6922607421875,-123.55235300873336,48.111470763987995
7487,0.07250089198350906,0.00621769716963172,0.0,22.1299991607666,173.6922607421875,-123.55235300873336,48.111470763987995
7488,0.07250089198350906,0.00621769716963172,0.0,22.1299991607666,173.6922607421875,-123.55235300873336,48.111470763987995
7489,0.07250089198350906,0.00621769716963172,0.0,22.1299991607666,173.6922607421875,-123.55235300873336,48.111470763987995
7490,2.969700472021941e-05,0.024082109332084656,0.0,21.051088333129883,91.0933609008789,-123.55195300873336,48.111470763987995
7491,2.969700472021941e-05,0.024082109332084656,0.0,21.051088333129883,91.0933609008789,-123.55195300873336,48.111470763987995
7492,2.969700472021941e-05,0.024082109332084656,0.0,21.051088333129883,91.0933609008789,-123.55195300873336,48.111470763987995
7493,2.969700472021941e-05,0.024082109332084656,0.0,21.051088333129883,91.0933609008789,-123.55195300873336,48.111470763987995
7494,2.969700472021941e-05,0.024082109332084656,0.0,21.051088333129883,91.0933609008789,-123.55195300873336,48.111470763987995
7495,2.969700472021941e-05,0.024082109332084656,0.0,21.051088333129883,91.0933609008789,-123.55195300873336,48.111470763987995
7496,2.969700472021941e-05,0.024082109332084656,0.0,21.051088333129883,91.0933609008789,-123.55195300873336,48.111470763987995
7497,2.969700472021941e-05,0.024082109332084656,0.0,21.051088333129883,91.0933609008789,-123.55195300873336,48.111470763987995
7498,2.969700472021941e-05,0.024082109332084656,0.0,21.051088333129883,91.0933609008789,-123.55195300873336,48.111470763987995
7499,2.969700472021941e-05,0.024082109332084656,0.0,21.051088333129883,91.0933609008789,-123.55195300873336,48.111470763987995
7500,0.0014326813397929072,0.003764133667573333,0.0,21.281448364257812,13.601470947265625,-123.55155300873336,48.111470763987995
7501,0.0014326813397929072,0.003764133667573333,0.0,21.281448364257812,13.601470947265625,-123.55155300873336,48.111470763987995
7502,0.0014326813397929072,0.003764133667573333,0.0,21.281448364257812,13.601470947265625,-123.55155300873336,48.111470763987995
7503,0.0014326813397929072,0.003764133667573333,0.0,21.281448364257812,13.601470947265625,-123.55155300873336,48.111470763987995
7504,0.0014326813397929072,0.003764133667573333,0.0,21.281448364257812,13.601470947265625,-123.55155300873336,48.111470763987995
7505,0.0014326813397929072,0.003764133667573333,0.0,21.281448364257812,13.601470947265625,-123.55155300873336,48.111470763987995
7506,0.0014326813397929072,0.003764133667573333,0.0,21.281448364257812,13.601470947265625,-123.55155300873336,48.111470763987995
7507,0.0014326813397929072,0.003764133667573333,0.0,21.281448364257812,13.601470947265625,-123.55155300873336,48.111470763987995
7508,0.0014326813397929072,0.003764133667573333,0.0,21.281448364257812,13.601470947265625,-123.55155300873336,48.111470763987995
7509,0.0014326813397929072,0.003764133667573333,0.0,21.281448364257812,13.601470947265625,-123.55155300873336,48.111470763987995
7510,0.000573252618778497,0.7316916584968567,0.0,20.68189239501953,56.920997619628906,-123.55115300873337,48.111470763987995
7511,0.000573252618778497,0.7316916584968567,0.0,20.68189239501953,56.920997619628906,-123.55115300873337,48.111470763987995
7512,0.000573252618778497,0.7316916584968567,0.0,20.68189239501953,56.920997619628906,-123.55115300873337,48.111470763987995
7513,0.000573252618778497,0.7316916584968567,0.0,20.68189239501953,56.920997619628906,-123.55115300873337,48.111470763987995
7514,0.000573252618778497,0.7316916584968567,0.0,20.68189239501953,56.920997619628906,-123.55115300873337,48.111470763987995
7515,0.000573252618778497,0.7316916584968567,0.0,20.68189239501953,56.920997619628906,-123.55115300873337,48.111470763987995
7516,0.000573252618778497,0.7316916584968567,0.0,20.68189239501953,56.920997619628906,-123.55115300873337,48.111470763987995
7517,0.000573252618778497,0.7316916584968567,0.0,20.68189239501953,56.920997619628906,-123.55115300873337,48.111470763987995
7518,0.000573252618778497,0.7316916584968567,0.0,20.68189239501953,56.920997619628906,-123.55115300873337,48.111470763987995
7519,0.000573252618778497,0.7316916584968567,0.0,20.68189239501953,56.920997619628906,-123.55115300873337,48.111470763987995
7520,0.0,0.0,0.0,0.0,123.93949890136719,-123.55075300873337,48.111470763987995
7521,0.0,0.0,0.0,0.0,499.5447998046875,-123.55275300873336,48.111070763987996
7522,0.9998853206634521,0.8396950960159302,0.0,21.11664581298828,413.8598937988281,-123.55235300873336,48.111070763987996
7523,0.9998853206634521,0.8396950960159302,0.0,21.11664581298828,413.8598937988281,-123.55235300873336,48.111070763987996
7524,0.9998853206634521,0.8396950960159302,0.0,21.11664581298828,413.8598937988281,-123.55235300873336,48.111070763987996
7525,0.9998853206634521,0.8396950960159302,0.0,21.11664581298828,413.8598937988281,-123.55235300873336,48.111070763987996
7526,0.9998853206634521,0.8396950960159302,0.0,21.11664581298828,413.8598937988281,-123.55235300873336,48.111070763987996
7527,0.9998853206634521,0.8396950960159302,0.0,21.11664581298828,413.8598937988281,-123.55235300873336,48.111070763987996
7528,0.9998853206634521,0.8396950960159302,0.0,21.11664581298828,413.8598937988281,-123.55235300873336,48.111070763987996
7529,0.9998853206634521,0.8396950960159302,0.0,21.11664581298828,413.8598937988281,-123.55235300873336,48.111070763987996
7530,0.9998853206634521,0.8396950960159302,0.0,21.11664581298828,413.8598937988281,-123.55235300873336,48.111070763987996
7531,0.9998853206634521,0.8396950960159302,0.0,21.11664581298828,413.8598937988281,-123.55235300873336,48.111070763987996
7532,0.9991974234580994,0.03227512538433075,0.0,22.600000381469727,333.95806884765625,-123.55195300873336,48.111070763987996
7533,0.9991974234580994,0.03227512538433075,0.0,22.600000381469727,333.95806884765625,-123.55195300873336,48.111070763987996
7534,0.9991974234580994,0.03227512538433075,0.0,22.600000381469727,333.95806884765625,-123.55195300873336,48.111070763987996
7535,0.9991974234580994,0.03227512538433075,0.0,22.600000381469727,333.95806884765625,-123.55195300873336,48.111070763987996
7536,0.9991974234580994,0.03227512538433075,0.0,22.600000381469727,333.95806884765625,-123.55195300873336,48.111070763987996
7537,0.9991974234580994,0.03227512538433075,0.0,22.600000381469727,333.95806884765625,-123.55195300873336,48.111070763987996
7538,0.9991974234580994,0.03227512538433075,0.0,22.600000381469727,333.95806884765625,-123.55195300873336,48.111070763987996
7539,0.9991974234580994,0.03227512538433075,0.0,22.600000381469727,333.95806884765625,-123.55195300873336,48.111070763987996
7540,0.9991974234580994,0.03227512538433075,0.0,22.600000381469727,333.95806884765625,-123.55195300873336,48.111070763987996
7541,0.9991974234580994,0.03227512538433075,0.0,22.600000381469727,333.95806884765625,-123.55195300873336,48.111070763987996
7542,0.007403890136629343,0.002294877078384161,0.0,22.84000015258789,256.16400146484375,-123.55155300873336,48.111070763987996
7543,0.007403890136629343,0.002294877078384161,0.0,22.84000015258789,256.16400146484375,-123.55155300873336,48.111070763987996
7544,0.007403890136629343,0.002294877078384161,0.0,22.84000015258789,256.16400146484375,-123.55155300873336,48.111070763987996
7545,0.007403890136629343,0.002294877078384161,0.0,22.84000015258789,256.16400146484375,-123.55155300873336,48.111070763987996
7546,0.007403890136629343,0.002294877078384161,0.0,22.84000015258789,256.16400146484375,-123.55155300873336,48.111070763987996
7547,0.007403890136629343,0.002294877078384161,0.0,22.84000015258789,256.16400146484375,-123.55155300873336,48.111070763987996
7548,0.007403890136629343,0.002294877078384161,0.0,22.84000015258789,256.16400146484375,-123.55155300873336,48.111070763987996
7549,0.007403890136629343,0.002294877078384161,0.0,22.84000015258789,256.16400146484375,-123.55155300873336,48.111070763987996
7550,0.007403890136629343,0.002294877078384161,0.0,22.84000015258789,256.16400146484375,-123.55155300873336,48.111070763987996
7551,0.007403890136629343,0.002294877078384161,0.0,22.84000015258789,256.16400146484375,-123.55155300873336,48.111070763987996
7552,0.8613069653511047,0.06428875029087067,0.0,23.1200008392334,188.321533203125,-123.55115300873337,48.111070763987996
7553,0.8613069653511047,0.06428875029087067,0.0,23.1200008392334,188.321533203125,-123.55115300873337,48.111070763987996
7554,0.8613069653511047,0.06428875029087067,0.0,23.1200008392334,188.321533203125,-123.55115300873337,48.111070763987996
7555,0.8613069653511047,0.06428875029087067,0.0,23.1200008392334,188.321533203125,-123.55115300873337,48.111070763987996
7556,0.8613069653511047,0.06428875029087067,0.0,23.1200008392334,188.321533203125,-123.55115300873337,48.111070763987996
7557,0.8613069653511047,0.06428875029087067,0.0,23.1200008392334,188.321533203125,-123.55115300873337,48.111070763987996
7558,0.8613069653511047,0.06428875029087067,0.0,23.1200008392334,188.321533203125,-123.55115300873337,48.111070763987996
7559,0.8613069653511047,0.06428875029087067,0.0,23.1200008392334,188.321533203125,-123.55115300873337,48.111070763987996
7560,0.8613069653511047,0.06428875029087067,0.0,23.1200008392334,188.321533203125,-123.55115300873337,48.111070763987996
7561,0.8613069653511047,0.06428875029087067,0.0,23.1200008392334,188.321533203125,-123.55115300873337,48.111070763987996
7562,0.017896538600325584,0.22228316962718964,0.0,22.75250244140625,115.60276794433594,-123.55075300873337,48.111070763987996
7563,0.017896538600325584,0.22228316962718964,0.0,22.75250244140625,115.60276794433594,-123.55075300873337,48.111070763987996
7564,0.017896538600325584,0.22228316962718964,0.0,22.75250244140625,115.60276794433594,-123.55075300873337,48.111070763987996
7565,0.017896538600325584,0.22228316962718964,0.0,22.75250244140625,115.60276794433594,-123.55075300873337,48.111070763987996
7566,0.017896538600325584,0.22228316962718964,0.0,22.75250244140625,115.60276794433594,-123.55075300873337,48.111070763987996
7567,0.017896538600325584,0.22228316962718964,0.0,22.75250244140625,115.60276794433594,-123.55075300873337,48.111070763987996
7568,0.017896538600325584,0.22228316962718964,0.0,22.75250244140625,115.60276794433594,-123.55075300873337,48.111070763987996
7569,0.017896538600325584,0.22228316962718964,0.0,22.75250244140625,115.60276794433594,-123.55075300873337,48.111070763987996
7570,0.017896538600325584,0.22228316962718964,0.0,22.75250244140625,115.60276794433594,-123.55075300873337,48.111070763987996
7571,0.017896538600325584,0.22228316962718964,0.0,22.75250244140625,115.60276794433594,-123.55075300873337,48.111070763987996
7572,1.6578977010794915e-05,0.6127617359161377,0.0,21.27065086364746,2.2360680103302,-123.55035300873337,48.111070763987996
7573,1.6578977010794915e-05,0.6127617359161377,0.0,21.27065086364746,2.2360680103302,-123.55035300873337,48.111070763987996
7574,1.6578977010794915e-05,0.6127617359161377,0.0,21.27065086364746,2.2360680103302,-123.55035300873337,48.111070763987996
7575,1.6578977010794915e-05,0.6127617359161377,0.0,21.27065086364746,2.2360680103302,-123.55035300873337,48.111070763987996
7576,1.6578977010794915e-05,0.6127617359161377,0.0,21.27065086364746,2.2360680103302,-123.55035300873337,48.111070763987996
7577,1.6578977010794915e-05,0.6127617359161377,0.0,21.27065086364746,2.2360680103302,-123.55035300873337,48.111070763987996
7578,1.6578977010794915e-05,0.6127617359161377,0.0,21.27065086364746,2.2360680103302,-123.55035300873337,48.111070763987996
7579,1.6578977010794915e-05,0.6127617359161377,0.0,21.27065086364746,2.2360680103302,-123.55035300873337,48.111070763987996
7580,1.6578977010794915e-05,0.6127617359161377,0.0,21.27065086364746,2.2360680103302,-123.55035300873337,48.111070763987996
7581,1.6578977010794915e-05,0.6127617359161377,0.0,21.27065086364746,2.2360680103302,-123.55035300873337,48.111070763987996
7582,0.0,0.0,0.0,0.0,575.8550415039062,-123.55195300873336,48.110670763988
7583,0.6663203835487366,0.001498164958320558,0.0,21.979999542236328,500.3848571777344,-123.55155300873336,48.110670763988
7584,0.6663203835487366,0.001498164958320558,0.0,21.979999542236328,500.3848571777344,-123.55155300873336,48.110670763988
7585,0.6663203835487366,0.001498164958320558,0.0,21.979999542236328,500.3848571777344,-123.55155300873336,48.110670763988
7586,0.6663203835487366,0.001498164958320558,0.0,21.979999542236328,500.3848571777344,-123.55155300873336,48.110670763988
7587,0.6663203835487366,0.001498164958320558,0.0,21.979999542236328,500.3848571777344,-123.55155300873336,48.110670763988
7588,0.6663203835487366,0.001498164958320558,0.0,21.979999542236328,500.3848571777344,-123.55155300873336,48.110670763988
7589,0.0018500667065382004,0.009058910422027111,0.0,22.219999313354492,391.9349365234375,-123.55115300873337,48.110670763988
7590,0.0018500667065382004,0.009058910422027111,0.0,22.219999313354492,391.9349365234375,-123.55115300873337,48.110670763988
7591,0.0018500667065382004,0.009058910422027111,0.0,22.219999313354492,391.9349365234375,-123.55115300873337,48.110670763988
7592,0.0018500667065382004,0.009058910422027111,0.0,22.219999313354492,391.9349365234375,-123.55115300873337,48.110670763988
7593,0.0018500667065382004,0.009058910422027111,0.0,22.219999313354492,391.9349365234375,-123.55115300873337,48.110670763988
7594,0.0018500667065382004,0.009058910422027111,0.0,22.219999313354492,391.9349365234375,-123.55115300873337,48.110670763988
7595,0.0018500667065382004,0.009058910422027111,0.0,22.219999313354492,391.9349365234375,-123.55115300873337,48.110670763988
7596,0.0018500667065382004,0.009058910422027111,0.0,22.219999313354492,391.9349365234375,-123.55115300873337,48.110670763988
7597,0.0018500667065382004,0.009058910422027111,0.0,22.219999313354492,391.9349365234375,-123.55115300873337,48.110670763988
7598,0.0018500667065382004,0.009058910422027111,0.0,22.219999313354492,391.9349365234375,-123.55115300873337,48.110670763988
7599,3.203943606422399e-06,0.14629440009593964,0.0,23.520000457763672,186.3169403076172,-123.55075300873337,48.110670763988
7600,3.203943606422399e-06,0.14629440009593964,0.0,23.520000457763672,186.3169403076172,-123.55075300873337,48.110670763988
7601,3.203943606422399e-06,0.14629440009593964,0.0,23.520000457763672,186.3169403076172,-123.55075300873337,48.110670763988
7602,3.203943606422399e-06,0.14629440009593964,0.0,23.520000457763672,186.3169403076172,-123.55075300873337,48.110670763988
7603,3.203943606422399e-06,0.14629440009593964,0.0,23.520000457763672,186.3169403076172,-123.55075300873337,48.110670763988
7604,3.203943606422399e-06,0.14629440009593964,0.0,23.520000457763672,186.3169403076172,-123.55075300873337,48.110670763988
7605,3.203943606422399e-06,0.14629440009593964,0.0,23.520000457763672,186.3169403076172,-123.55075300873337,48.110670763988
7606,3.203943606422399e-06,0.14629440009593964,0.0,23.520000457763672,186.3169403076172,-123.55075300873337,48.110670763988
7607,3.203943606422399e-06,0.14629440009593964,0.0,23.520000457763672,186.3169403076172,-123.55075300873337,48.110670763988
7608,3.203943606422399e-06,0.14629440009593964,0.0,23.520000457763672,186.3169403076172,-123.55075300873337,48.110670763988
7609,3.12123660251018e-07,0.9867691993713379,0.0,21.358278274536133,15.264337539672852,-123.55035300873337,48.110670763988
7610,3.12123660251018e-07,0.9867691993713379,0.0,21.358278274536133,15.264337539672852,-123.55035300873337,48.110670763988
7611,3.12123660251018e-07,0.9867691993713379,0.0,21.358278274536133,15.264337539672852,-123.55035300873337,48.110670763988
7612,3.12123660251018e-07,0.9867691993713379,0.0,21.358278274536133,15.264337539672852,-123.55035300873337,48.110670763988
7613,3.12123660251018e-07,0.9867691993713379,0.0,21.358278274536133,15.264337539672852,-123.55035300873337,48.110670763988
7614,3.12123660251018e-07,0.9867691993713379,0.0,21.358278274536133,15.264337539672852,-123.55035300873337,48.110670763988
7615,3.12123660251018e-07,0.9867691993713379,0.0,21.358278274536133,15.264337539672852,-123.55035300873337,48.110670763988
7616,3.12123660251018e-07,0.9867691993713379,0.0,21.358278274536133,15.264337539672852,-123.55035300873337,48.110670763988
7617,3.12123660251018e-07,0.9867691993713379,0.0,21.358278274536133,15.264337539672852,-123.55035300873337,48.110670763988
7618,3.12123660251018e-07,0.9867691993713379,0.0,21.358278274536133,15.264337539672852,-123.55035300873337,48.110670763988
7619,1.0220435608943035e-09,0.8435434699058533,0.0,23.25994110107422,68.7677230834961,-123.54995300873337,48.110670763988
7620,1.0220435608943035e-09,0.8435434699058533,0.0,23.25994110107422,68.7677230834961,-123.54995300873337,48.110670763988
7621,1.0220435608943035e-09,0.8435434699058533,0.0,23.25994110107422,68.7677230834961,-123.54995300873337,48.110670763988
7622,1.0220435608943035e-09,0.8435434699058533,0.0,23.25994110107422,68.7677230834961,-123.54995300873337,48.110670763988
7623,1.0220435608943035e-09,0.8435434699058533,0.0,23.25994110107422,68.7677230834961,-123.54995300873337,48.110670763988
7624,1.0220435608943035e-09,0.8435434699058533,0.0,23.25994110107422,68.7677230834961,-123.54995300873337,48.110670763988
7625,1.0220435608943035e-09,0.8435434699058533,0.0,23.25994110107422,68.7677230834961,-123.54995300873337,48.110670763988
7626,1.0220435608943035e-09,0.8435434699058533,0.0,23.25994110107422,68.7677230834961,-123.54995300873337,48.110670763988
7627,1.0220435608943035e-09,0.8435434699058533,0.0,23.25994110107422,68.7677230834961,-123.54995300873337,48.110670763988
7628,1.0220435608943035e-09,0.8435434699058533,0.0,23.25994110107422,68.7677230834961,-123.54995300873337,48.110670763988
7629,3.8753393027946004e-07,0.035471972078084946,0.0,22.86151123046875,123.62847900390625,-123.54955300873337,48.110670763988
7630,3.8753393027946004e-07,0.035471972078084946,0.0,22.86151123046875,123.62847900390625,-123.54955300873337,48.110670763988
7631,3.8753393027946004e-07,0.035471972078084946,0.0,22.86151123046875,123.62847900390625,-123.54955300873337,48.110670763988
7632,3.8753393027946004e-07,0.035471972078084946,0.0,22.86151123046875,123.62847900390625,-123.54955300873337,48.110670763988
7633,3.8753393027946004e-07,0.035471972078084946,0.0,22.86151123046875,123.62847900390625,-123.54955300873337,48.110670763988
7634,3.8753393027946004e-07,0.035471972078084946,0.0,22.86151123046875,123.62847900390625,-123.54955300873337,48.110670763988
7635,3.8753393027946004e-07,0.035471972078084946,0.0,22.86151123046875,123.62847900390625,-123.54955300873337,48.110670763988
7636,3.8753393027946004e-07,0.035471972078084946,0.0,22.86151123046875,123.62847900390625,-123.54955300873337,48.110670763988
7637,3.8753393027946004e-07,0.035471972078084946,0.0,22.86151123046875,123.62847900390625,-123.54955300873337,48.110670763988
7638,3.8753393027946004e-07,0.035471972078084946,0.0,22.86151123046875,123.62847900390625,-123.54955300873337,48.110670763988
7639,0.0,0.0,0.0,0.0,261.20489501953125,-123.55115300873337,48.110270763988
7640,0.0,0.0,0.0,0.0,261.20489501953125,-123.55115300873337,48.110270763988
7641,0.0,0.0,0.0,0.0,261.20489501953125,-123.55115300873337,48.110270763988
7642,6.835465683252551e-06,0.08849146962165833,0.0,21.158536911010742,36.8917350769043,-123.55075300873337,48.110270763988
7643,6.835465683252551e-06,0.08849146962165833,0.0,21.158536911010742,36.8917350769043,-123.55075300873337,48.110270763988
7644,6.835465683252551e-06,0.08849146962165833,0.0,21.158536911010742,36.8917350769043,-123.55075300873337,48.110270763988
7645,6.835465683252551e-06,0.08849146962165833,0.0,21.158536911010742,36.8917350769043,-123.55075300873337,48.110270763988
7646,6.835465683252551e-06,0.08849146962165833,0.0,21.158536911010742,36.8917350769043,-123.55075300873337,48.110270763988
7647,6.835465683252551e-06,0.08849146962165833,0.0,21.158536911010742,36.8917350769043,-123.55075300873337,48.110270763988
7648,6.835465683252551e-06,0.08849146962165833,0.0,21.158536911010742,36.8917350769043,-123.55075300873337,48.110270763988
7649,6.835465683252551e-06,0.08849146962165833,0.0,21.158536911010742,36.8917350769043,-123.55075300873337,48.110270763988
7650,6.835465683252551e-06,0.08849146962165833,0.0,21.158536911010742,36.8917350769043,-123.55075300873337,48.110270763988
7651,6.835465683252551e-06,0.08849146962165833,0.0,21.158536911010742,36.8917350769043,-123.55075300873337,48.110270763988
7652,0.9996346235275269,0.0003053734253626317,0.0,23.229999542236328,169.80577087402344,-123.55035300873337,48.110270763988
7653,0.9996346235275269,0.0003053734253626317,0.0,23.229999542236328,169.80577087402344,-123.55035300873337,48.110270763988
7654,0.9996346235275269,0.0003053734253626317,0.0,23.229999542236328,169.80577087402344,-123.55035300873337,48.110270763988
7655,0.9996346235275269,0.0003053734253626317,0.0,23.229999542236328,169.80577087402344,-123.55035300873337,48.110270763988
7656,0.9996346235275269,0.0003053734253626317,0.0,23.229999542236328,169.80577087402344,-123.55035300873337,48.110270763988
7657,0.9996346235275269,0.0003053734253626317,0.0,23.229999542236328,169.80577087402344,-123.55035300873337,48.110270763988
7658,0.9996346235275269,0.0003053734253626317,0.0,23.229999542236328,169.80577087402344,-123.55035300873337,48.110270763988
7659,0.9996346235275269,0.0003053734253626317,0.0,23.229999542236328,169.80577087402344,-123.55035300873337,48.110270763988
7660,0.9996346235275269,0.0003053734253626317,0.0,23.229999542236328,169.80577087402344,-123.55035300873337,48.110270763988
7661,0.9996346235275269,0.0003053734253626317,0.0,23.229999542236328,169.80577087402344,-123.55035300873337,48.110270763988
7662,1.6958546211753855e-06,0.9605723023414612,0.0,23.009519577026367,29.120439529418945,-123.54995300873337,48.110270763988
7663,1.6958546211753855e-06,0.9605723023414612,0.0,23.009519577026367,29.120439529418945,-123.54995300873337,48.110270763988
7664,1.6958546211753855e-06,0.9605723023414612,0.0,23.009519577026367,29.120439529418945,-123.54995300873337,48.110270763988
7665,1.6958546211753855e-06,0.9605723023414612,0.0,23.009519577026367,29.120439529418945,-123.54995300873337,48.110270763988
7666,1.6958546211753855e-06,0.9605723023414612,0.0,23.009519577026367,29.120439529418945,-123.54995300873337,48.110270763988
7667,1.6958546211753855e-06,0.9605723023414612,0.0,23.009519577026367,29.120439529418945,-123.54995300873337,48.110270763988
7668,1.6958546211753855e-06,0.9605723023414612,0.0,23.009519577026367,29.120439529418945,-123.54995300873337,48.110270763988
7669,1.6958546211753855e-06,0.9605723023414612,0.0,23.009519577026367,29.120439529418945,-123.54995300873337,48.110270763988
7670,1.6958546211753855e-06,0.9605723023414612,0.0,23.009519577026367,29.120439529418945,-123.54995300873337,48.110270763988
7671,1.6958546211753855e-06,0.9605723023414612,0.0,23.009519577026367,29.120439529418945,-123.54995300873337,48.110270763988
7672,0.0,0.0,0.0,0.0,213.60009765625,-123.54955300873337,48.110270763988
7673,0.0,0.0,0.0,0.0,213.60009765625,-123.54955300873337,48.110270763988
7674,0.0,0.0,0.0,0.0,442.7640380859375,-123.54915300873337,48.110270763988
7675,0.0,0.0,0.0,0.0,674.2766723632812,-123.54875300873337,48.110270763988
7676,0.0,0.0,0.0,0.0,174.75125122070312,-123.55115300873337,48.109870763988
7677,0.0,0.0,0.0,0.0,174.75125122070312,-123.55115300873337,48.109870763988
7678,0.0,0.0,0.0,0.0,174.75125122070312,-123.55115300873337,48.109870763988
7679,0.0,0.0,0.0,0.0,174.75125122070312,-123.55115300873337,48.109870763988
7680,0.0,0.0,0.0,0.0,174.75125122070312,-123.55115300873337,48.109870763988
7681,0.0,0.0,0.0,0.0,174.75125122070312,-123.55115300873337,48.109870763988
7682,0.0,0.0,0.0,0.0,174.75125122070312,-123.55115300873337,48.109870763988
7683,0.0,0.0,0.0,0.0,174.75125122070312,-123.55115300873337,48.109870763988
7684,0.0,0.0,0.0,0.0,174.75125122070312,-123.55115300873337,48.109870763988
7685,6.700814992655069e-06,0.07693848013877869,0.0,22.02356719970703,61.46543884277344,-123.55075300873337,48.109870763988
7686,6.700814992655069e-06,0.07693848013877869,0.0,22.02356719970703,61.46543884277344,-123.55075300873337,48.109870763988
7687,6.700814992655069e-06,0.07693848013877869,0.0,22.02356719970703,61.46543884277344,-123.55075300873337,48.109870763988
7688,6.700814992655069e-06,0.07693848013877869,0.0,22.02356719970703,61.46543884277344,-123.55075300873337,48.109870763988
7689,6.700814992655069e-06,0.07693848013877869,0.0,22.02356719970703,61.46543884277344,-123.55075300873337,48.109870763988
7690,6.700814992655069e-06,0.07693848013877869,0.0,22.02356719970703,61.46543884277344,-123.55075300873337,48.109870763988
7691,6.700814992655069e-06,0.07693848013877869,0.0,22.02356719970703,61.46543884277344,-123.55075300873337,48.109870763988
7692,6.700814992655069e-06,0.07693848013877869,0.0,22.02356719970703,61.46543884277344,-123.55075300873337,48.109870763988
7693,6.700814992655069e-06,0.07693848013877869,0.0,22.02356719970703,61.46543884277344,-123.55075300873337,48.109870763988
7694,6.700814992655069e-06,0.07693848013877869,0.0,22.02356719970703,61.46543884277344,-123.55075300873337,48.109870763988
7695,8.35468017612584e-06,0.6066648364067078,0.0,22.898555755615234,64.637451171875,-123.55035300873337,48.109870763988
7696,8.35468017612584e-06,0.6066648364067078,0.0,22.898555755615234,64.637451171875,-123.55035300873337,48.109870763988
7697,8.35468017612584e-06,0.6066648364067078,0.0,22.898555755615234,64.637451171875,-123.55035300873337,48.109870763988
7698,8.35468017612584e-06,0.6066648364067078,0.0,22.898555755615234,64.637451171875,-123.55035300873337,48.109870763988
7699,8.35468017612584e-06,0.6066648364067078,0.0,22.898555755615234,64.637451171875,-123.55035300873337,48.109870763988
7700,8.35468017612584e-06,0.6066648364067078,0.0,22.898555755615234,64.637451171875,-123.55035300873337,48.109870763988
7701,8.35468017612584e-06,0.6066648364067078,0.0,22.898555755615234,64.637451171875,-123.55035300873337,48.109870763988
7702,8.35468017612584e-06,0.6066648364067078,0.0,22.898555755615234,64.637451171875,-123.55035300873337,48.109870763988
7703,8.35468017612584e-06,0.6066648364067078,0.0,22.898555755615234,64.637451171875,-123.55035300873337,48.109870763988
7704,8.35468017612584e-06,0.6066648364067078,0.0,22.898555755615234,64.637451171875,-123.55035300873337,48.109870763988
7705,0.0,0.0,0.0,0.0,125.86500549316406,-123.54995300873337,48.109870763988
7706,0.0,0.0,0.0,0.0,125.86500549316406,-123.54995300873337,48.109870763988
7707,0.0,0.0,0.0,0.0,125.86500549316406,-123.54995300873337,48.109870763988
7708,0.0,0.0,0.0,0.0,125.86500549316406,-123.54995300873337,48.109870763988
7709,0.0,0.0,0.0,0.0,125.86500549316406,-123.54995300873337,48.109870763988
7710,0.0,0.0,0.0,0.0,125.86500549316406,-123.54995300873337,48.109870763988
7711,0.0,0.0,0.0,0.0,309.4284973144531,-123.54955300873337,48.109870763988
7712,0.9493290781974792,0.5519401431083679,0.0,22.513816833496094,121.00413513183594,-123.55115300873337,48.109470763988
7713,0.9493290781974792,0.5519401431083679,0.0,22.513816833496094,121.00413513183594,-123.55115300873337,48.109470763988
7714,0.9493290781974792,0.5519401431083679,0.0,22.513816833496094,121.00413513183594,-123.55115300873337,48.109470763988
7715,0.9493290781974792,0.5519401431083679,0.0,22.513816833496094,121.00413513183594,-123.55115300873337,48.109470763988
7716,0.9493290781974792,0.5519401431083679,0.0,22.513816833496094,121.00413513183594,-123.55115300873337,48.109470763988
7717,0.9493290781974792,0.5519401431083679,0.0,22.513816833496094,121.00413513183594,-123.55115300873337,48.109470763988
7718,0.9493290781974792,0.5519401431083679,0.0,22.513816833496094,121.00413513183594,-123.55115300873337,48.109470763988
7719,0.9493290781974792,0.5519401431083679,0.0,22.513816833496094,121.00413513183594,-123.55115300873337,48.109470763988
7720,0.9493290781974792,0.5519401431083679,0.0,22.513816833496094,121.00413513183594,-123.55115300873337,48.109470763988
7721,0.9493290781974792,0.5519401431083679,0.0,22.513816833496094,121.00413513183594,-123.55115300873337,48.109470763988
7722,4.012641056760913e-06,0.959186315536499,0.0,23.219144821166992,83.48652648925781,-123.55075300873337,48.109470763988
7723,4.012641056760913e-06,0.959186315536499,0.0,23.219144821166992,83.48652648925781,-123.55075300873337,48.109470763988
7724,4.012641056760913e-06,0.959186315536499,0.0,23.219144821166992,83.48652648925781,-123.55075300873337,48.109470763988
7725,4.012641056760913e-06,0.959186315536499,0.0,23.219144821166992,83.48652648925781,-123.55075300873337,48.109470763988
7726,4.012641056760913e-06,0.959186315536499,0.0,23.219144821166992,83.48652648925781,-123.55075300873337,48.109470763988
7727,4.012641056760913e-06,0.959186315536499,0.0,23.219144821166992,83.48652648925781,-123.55075300873337,48.109470763988
7728,4.012641056760913e-06,0.959186315536499,0.0,23.219144821166992,83.48652648925781,-123.55075300873337,48.109470763988
7729,4.012641056760913e-06,0.959186315536499,0.0,23.219144821166992,83.48652648925781,-123.55075300873337,48.109470763988
7730,4.012641056760913e-06,0.959186315536499,0.0,23.219144821166992,83.48652648925781,-123.55075300873337,48.109470763988
7731,4.012641056760913e-06,0.959186315536499,0.0,23.219144821166992,83.48652648925781,-123.55075300873337,48.109470763988
7732,0.3254132866859436,0.8482179045677185,0.0,23.135047912597656,92.6336898803711,-123.55035300873337,48.109470763988
7733,0.3254132866859436,0.8482179045677185,0.0,23.135047912597656,92.6336898803711,-123.55035300873337,48.109470763988
7734,0.3254132866859436,0.8482179045677185,0.0,23.135047912597656,92.6336898803711,-123.55035300873337,48.109470763988
7735,0.3254132866859436,0.8482179045677185,0.0,23.135047912597656,92.6336898803711,-123.55035300873337,48.109470763988
7736,0.3254132866859436,0.8482179045677185,0.0,23.135047912597656,92.6336898803711,-123.55035300873337,48.109470763988
7737,0.3254132866859436,0.8482179045677185,0.0,23.135047912597656,92.6336898803711,-123.55035300873337,48.109470763988
7738,0.3254132866859436,0.8482179045677185,0.0,23.135047912597656,92.6336898803711,-123.55035300873337,48.109470763988
7739,0.3254132866859436,0.8482179045677185,0.0,23.135047912597656,92.6336898803711,-123.55035300873337,48.109470763988
7740,0.3254132866859436,0.8482179045677185,0.0,23.135047912597656,92.6336898803711,-123.55035300873337,48.109470763988
7741,0.3254132866859436,0.8482179045677185,0.0,23.135047912597656,92.6336898803711,-123.55035300873337,48.109470763988
7742,6.56627389616915e-06,0.9329561591148376,0.0,22.85483741760254,108.0,-123.55115300873337,48.109070763988
7743,6.56627389616915e-06,0.9329561591148376,0.0,22.85483741760254,108.0,-123.55115300873337,48.109070763988
7744,6.56627389616915e-06,0.9329561591148376,0.0,22.85483741760254,108.0,-123.55115300873337,48.109070763988
7745,6.56627389616915e-06,0.9329561591148376,0.0,22.85483741760254,108.0,-123.55115300873337,48.109070763988
7746,6.56627389616915e-06,0.9329561591148376,0.0,22.85483741760254,108.0,-123.55115300873337,48.109070763988
7747,6.56627389616915e-06,0.9329561591148376,0.0,22.85483741760254,108.0,-123.55115300873337,48.109070763988
7748,6.56627389616915e-06,0.9329561591148376,0.0,22.85483741760254,108.0,-123.55115300873337,48.109070763988
7749,6.56627389616915e-06,0.9329561591148376,0.0,22.85483741760254,108.0,-123.55115300873337,48.109070763988
7750,6.56627389616915e-06,0.9329561591148376,0.0,22.85483741760254,108.0,-123.55115300873337,48.109070763988
7751,6.56627389616915e-06,0.9329561591148376,0.0,22.85483741760254,108.0,-123.55115300873337,48.109070763988
7752,4.4093726501159836e-06,0.933002233505249,0.0,23.306045532226562,136.8575897216797,-123.55075300873337,48.109070763988
7753,4.4093726501159836e-06,0.933002233505249,0.0,23.306045532226562,136.8575897216797,-123.55075300873337,48.109070763988
7754,4.4093726501159836e-06,0.933002233505249,0.0,23.306045532226562,136.8575897216797,-123.55075300873337,48.109070763988
7755,4.4093726501159836e-06,0.933002233505249,0.0,23.306045532226562,136.8575897216797,-123.55075300873337,48.109070763988
7756,4.4093726501159836e-06,0.933002233505249,0.0,23.306045532226562,136.8575897216797,-123.55075300873337,48.109070763988
7757,4.4093726501159836e-06,0.933002233505249,0.0,23.306045532226562,136.8575897216797,-123.55075300873337,48.109070763988
7758,4.4093726501159836e-06,0.933002233505249,0.0,23.306045532226562,136.8575897216797,-123.55075300873337,48.109070763988
7759,4.4093726501159836e-06,0.933002233505249,0.0,23.306045532226562,136.8575897216797,-123.55075300873337,48.109070763988
7760,4.4093726501159836e-06,0.933002233505249,0.0,23.306045532226562,136.8575897216797,-123.55075300873337,48.109070763988
7761,4.4093726501159836e-06,0.933002233505249,0.0,23.306045532226562,136.8575897216797,-123.55075300873337,48.109070763988
7762,0.0,0.0,0.0,0.0,275.7716369628906,-123.55035300873337,48.109070763988
7763,7.306639417947736e-07,0.8730614185333252,0.0,23.44376564025879,95.12622833251953,-123.55115300873337,48.108670763988
7764,7.306639417947736e-07,0.8730614185333252,0.0,23.44376564025879,95.12622833251953,-123.55115300873337,48.108670763988
7765,7.306639417947736e-07,0.8730614185333252,0.0,23.44376564025879,95.12622833251953,-123.55115300873337,48.108670763988
7766,7.306639417947736e-07,0.8730614185333252,0.0,23.44376564025879,95.12622833251953,-123.55115300873337,48.108670763988
7767,7.306639417947736e-07,0.8730614185333252,0.0,23.44376564025879,95.12622833251953,-123.55115300873337,48.108670763988
7768,7.306639417947736e-07,0.8730614185333252,0.0,23.44376564025879,95.12622833251953,-123.55115300873337,48.108670763988
7769,7.306639417947736e-07,0.8730614185333252,0.0,23.44376564025879,95.12622833251953,-123.55115300873337,48.108670763988
7770,7.306639417947736e-07,0.8730614185333252,0.0,23.44376564025879,95.12622833251953,-123.55115300873337,48.108670763988
7771,7.306639417947736e-07,0.8730614185333252,0.0,23.44376564025879,95.12622833251953,-123.55115300873337,48.108670763988
7772,7.306639417947736e-07,0.8730614185333252,0.0,23.44376564025879,95.12622833251953,-123.55115300873337,48.108670763988
7773,2.158210605784916e-07,0.966072678565979,0.0,23.451915740966797,154.55743408203125,-123.55075300873337,48.108670763988
7774,2.158210605784916e-07,0.966072678565979,0.0,23.451915740966797,154.55743408203125,-123.55075300873337,48.108670763988
7775,2.158210605784916e-07,0.966072678565979,0.0,23.451915740966797,154.55743408203125,-123.55075300873337,48.108670763988
7776,2.158210605784916e-07,0.966072678565979,0.0,23.451915740966797,154.55743408203125,-123.55075300873337,48.108670763988
7777,2.158210605784916e-07,0.966072678565979,0.0,23.451915740966797,154.55743408203125,-123.55075300873337,48.108670763988
7778,2.158210605784916e-07,0.966072678565979,0.0,23.451915740966797,154.55743408203125,-123.55075300873337,48.108670763988
7779,2.158210605784916e-07,0.966072678565979,0.0,23.451915740966797,154.55743408203125,-123.55075300873337,48.108670763988
7780,2.158210605784916e-07,0.966072678565979,0.0,23.451915740966797,154.55743408203125,-123.55075300873337,48.108670763988
7781,2.158210605784916e-07,0.966072678565979,0.0,23.451915740966797,154.55743408203125,-123.55075300873337,48.108670763988
7782,2.158210605784916e-07,0.966072678565979,0.0,23.451915740966797,154.55743408203125,-123.55075300873337,48.108670763988
7783,0.0,0.0,0.0,0.0,405.087646484375,-123.55035300873337,48.108670763988
7784,1.5705737155258248e-07,0.7947182059288025,0.0,23.300039291381836,43.416587829589844,-123.55115300873337,48.108270763988
7785,1.5705737155258248e-07,0.7947182059288025,0.0,23.300039291381836,43.416587829589844,-123.55115300873337,48.108270763988
7786,1.5705737155258248e-07,0.7947182059288025,0.0,23.300039291381836,43.416587829589844,-123.55115300873337,48.108270763988
7787,1.5705737155258248e-07,0.7947182059288025,0.0,23.300039291381836,43.416587829589844,-123.55115300873337,48.108270763988
7788,1.5705737155258248e-07,0.7947182059288025,0.0,23.300039291381836,43.416587829589844,-123.55115300873337,48.108270763988
7789,1.5705737155258248e-07,0.7947182059288025,0.0,23.300039291381836,43.416587829589844,-123.55115300873337,48.108270763988
7790,1.5705737155258248e-07,0.7947182059288025,0.0,23.300039291381836,43.416587829589844,-123.55115300873337,48.108270763988
7791,1.5705737155258248e-07,0.7947182059288025,0.0,23.300039291381836,43.416587829589844,-123.55115300873337,48.108270763988
7792,1.5705737155258248e-07,0.7947182059288025,0.0,23.300039291381836,43.416587829589844,-123.55115300873337,48.108270763988
7793,1.5705737155258248e-07,0.7947182059288025,0.0,23.300039291381836,43.416587829589844,-123.55115300873337,48.108270763988
7794,0.0,0.0,0.0,0.0,205.54318237304688,-123.55075300873337,48.108270763988
7795,0.0,0.0,0.0,0.0,205.54318237304688,-123.55075300873337,48.108270763988
7796,0.0,0.0,0.0,0.0,205.54318237304688,-123.55075300873337,48.108270763988
7797,0.0,0.0,0.0,0.0,205.54318237304688,-123.55075300873337,48.108270763988
7798,0.0,0.0,0.0,0.0,205.54318237304688,-123.55075300873337,48.108270763988
7799,0.0,0.0,0.0,0.0,205.54318237304688,-123.55075300873337,48.108270763988
7800,0.0,0.0,0.0,0.0,205.54318237304688,-123.55075300873337,48.108270763988
7801,0.0,0.0,0.0,0.0,205.54318237304688,-123.55075300873337,48.108270763988
7802,0.0,0.0,0.0,0.0,205.54318237304688,-123.55075300873337,48.108270763988
7803,0.0,0.0,0.0,0.0,454.2091979980469,-123.55035300873337,48.108270763988
7804,2.2913467034868518e-07,0.556353747844696,0.0,22.964824676513672,0.0,-123.55115300873337,48.107870763988004
7805,2.2913467034868518e-07,0.556353747844696,0.0,22.964824676513672,0.0,-123.55115300873337,48.107870763988004
7806,2.2913467034868518e-07,0.556353747844696,0.0,22.964824676513672,0.0,-123.55115300873337,48.107870763988004
7807,2.2913467034868518e-07,0.556353747844696,0.0,22.964824676513672,0.0,-123.55115300873337,48.107870763988004
7808,2.2913467034868518e-07,0.556353747844696,0.0,22.964824676513672,0.0,-123.55115300873337,48.107870763988004
7809,2.2913467034868518e-07,0.556353747844696,0.0,22.964824676513672,0.0,-123.55115300873337,48.107870763988004
7810,2.2913467034868518e-07,0.556353747844696,0.0,22.964824676513672,0.0,-123.55115300873337,48.107870763988004
7811,2.2913467034868518e-07,0.556353747844696,0.0,22.964824676513672,0.0,-123.55115300873337,48.107870763988004
7812,2.2913467034868518e-07,0.556353747844696,0.0,22.964824676513672,0.0,-123.55115300873337,48.107870763988004
7813,2.2913467034868518e-07,0.556353747844696,0.0,22.964824676513672,0.0,-123.55115300873337,48.107870763988004
7814,0.0,0.0,0.0,0.0,252.30140686035156,-123.55075300873337,48.107870763988004
7815,0.0,0.0,0.0,0.0,252.30140686035156,-123.55075300873337,48.107870763988004
7816,0.0,0.0,0.0,0.0,252.30140686035156,-123.55075300873337,48.107870763988004
7817,0.0,0.0,0.0,0.0,224.0,-123.55155300873336,48.107470763988005
7818,0.0,0.0,0.0,0.0,224.0,-123.55155300873336,48.107470763988005
7819,0.0,0.0,0.0,0.0,224.0,-123.55155300873336,48.107470763988005
7820,0.0,0.0,0.0,0.0,224.0,-123.55155300873336,48.107470763988005
7821,0.0,0.0,0.0,0.0,224.0,-123.55155300873336,48.107470763988005
7822,1.8235192245086296e-09,0.4863067865371704,0.0,24.12272071838379,31.0,-123.55115300873337,48.107470763988005
7823,1.8235192245086296e-09,0.4863067865371704,0.0,24.12272071838379,31.0,-123.55115300873337,48.107470763988005
7824,1.8235192245086296e-09,0.4863067865371704,0.0,24.12272071838379,31.0,-123.55115300873337,48.107470763988005
7825,1.8235192245086296e-09,0.4863067865371704,0.0,24.12272071838379,31.0,-123.55115300873337,48.107470763988005
7826,1.8235192245086296e-09,0.4863067865371704,0.0,24.12272071838379,31.0,-123.55115300873337,48.107470763988005
7827,1.8235192245086296e-09,0.4863067865371704,0.0,24.12272071838379,31.0,-123.55115300873337,48.107470763988005
7828,1.8235192245086296e-09,0.4863067865371704,0.0,24.12272071838379,31.0,-123.55115300873337,48.107470763988005
7829,1.8235192245086296e-09,0.4863067865371704,0.0,24.12272071838379,31.0,-123.55115300873337,48.107470763988005
7830,1.8235192245086296e-09,0.4863067865371704,0.0,24.12272071838379,31.0,-123.55115300873337,48.107470763988005
7831,1.8235192245086296e-09,0.4863067865371704,0.0,24.12272071838379,31.0,-123.55115300873337,48.107470763988005
7832,0.0,0.0,0.0,0.0,285.1420593261719,-123.55075300873337,48.107470763988005
7833,0.0,0.0,0.0,0.0,203.49447631835938,-123.55155300873336,48.107070763988006
7834,0.0,0.0,0.0,0.0,203.49447631835938,-123.55155300873336,48.107070763988006
7835,0.0,0.0,0.0,0.0,203.49447631835938,-123.55155300873336,48.107070763988006
7836,0.0,0.0,0.0,0.0,203.49447631835938,-123.55155300873336,48.107070763988006
7837,0.0,0.0,0.0,0.0,203.49447631835938,-123.55155300873336,48.107070763988006
7838,2.6411817177773855e-10,0.585870087146759,0.0,23.437610626220703,43.17406463623047,-123.55115300873337,48.107070763988006
7839,2.6411817177773855e-10,0.585870087146759,0.0,23.437610626220703,43.17406463623047,-123.55115300873337,48.107070763988006
7840,2.6411817177773855e-10,0.585870087146759,0.0,23.437610626220703,43.17406463623047,-123.55115300873337,48.107070763988006
7841,2.6411817177773855e-10,0.585870087146759,0.0,23.437610626220703,43.17406463623047,-123.55115300873337,48.107070763988006
7842,2.6411817177773855e-10,0.585870087146759,0.0,23.437610626220703,43.17406463623047,-123.55115300873337,48.107070763988006
7843,2.6411817177773855e-10,0.585870087146759,0.0,23.437610626220703,43.17406463623047,-123.55115300873337,48.107070763988006
7844,2.6411817177773855e-10,0.585870087146759,0.0,23.437610626220703,43.17406463623047,-123.55115300873337,48.107070763988006
7845,2.6411817177773855e-10,0.585870087146759,0.0,23.437610626220703,43.17406463623047,-123.55115300873337,48.107070763988006
7846,2.6411817177773855e-10,0.585870087146759,0.0,23.437610626220703,43.17406463623047,-123.55115300873337,48.107070763988006
7847,2.6411817177773855e-10,0.585870087146759,0.0,23.437610626220703,43.17406463623047,-123.55115300873337,48.107070763988006
7848,0.9999853372573853,0.0011449422454461455,0.0,23.633333206176758,138.24615478515625,-123.55155300873336,48.10667076398801
7849,0.9999853372573853,0.0011449422454461455,0.0,23.633333206176758,138.24615478515625,-123.55155300873336,48.10667076398801
7850,0.9999853372573853,0.0011449422454461455,0.0,23.633333206176758,138.24615478515625,-123.55155300873336,48.10667076398801
7851,0.9999853372573853,0.0011449422454461455,0.0,23.633333206176758,138.24615478515625,-123.55155300873336,48.10667076398801
7852,0.9999853372573853,0.0011449422454461455,0.0,23.633333206176758,138.24615478515625,-123.55155300873336,48.10667076398801
7853,0.9999853372573853,0.0011449422454461455,0.0,23.633333206176758,138.24615478515625,-123.55155300873336,48.10667076398801
7854,0.9999853372573853,0.0011449422454461455,0.0,23.633333206176758,138.24615478515625,-123.55155300873336,48.10667076398801
7855,0.9999853372573853,0.0011449422454461455,0.0,23.633333206176758,138.24615478515625,-123.55155300873336,48.10667076398801
7856,0.9986960291862488,0.0817704051733017,0.0,23.618505477905273,106.60675048828125,-123.55115300873337,48.10667076398801
7857,0.9986960291862488,0.0817704051733017,0.0,23.618505477905273,106.60675048828125,-123.55115300873337,48.10667076398801
7858,0.9986960291862488,0.0817704051733017,0.0,23.618505477905273,106.60675048828125,-123.55115300873337,48.10667076398801
7859,0.9986960291862488,0.0817704051733017,0.0,23.618505477905273,106.60675048828125,-123.55115300873337,48.10667076398801
7860,0.9986960291862488,0.0817704051733017,0.0,23.618505477905273,106.60675048828125,-123.55115300873337,48.10667076398801
7861,0.9986960291862488,0.0817704051733017,0.0,23.618505477905273,106.60675048828125,-123.55115300873337,48.10667076398801
7862,0.9986960291862488,0.0817704051733017,0.0,23.618505477905273,106.60675048828125,-123.55115300873337,48.10667076398801
7863,0.9986960291862488,0.0817704051733017,0.0,23.618505477905273,106.60675048828125,-123.55115300873337,48.10667076398801
7864,0.9986960291862488,0.0817704051733017,0.0,23.618505477905273,106.60675048828125,-123.55115300873337,48.10667076398801
7865,0.9986960291862488,0.0817704051733017,0.0,23.618505477905273,106.60675048828125,-123.55115300873337,48.10667076398801
7866,0.1830577254295349,0.41343945264816284,0.0,24.571884155273438,75.18643188476562,-123.55155300873336,48.10627076398801
7867,0.1830577254295349,0.41343945264816284,0.0,24.571884155273438,75.18643188476562,-123.55155300873336,48.10627076398801
7868,0.1830577254295349,0.41343945264816284,0.0,24.571884155273438,75.18643188476562,-123.55155300873336,48.10627076398801
7869,0.1830577254295349,0.41343945264816284,0.0,24.571884155273438,75.18643188476562,-123.55155300873336,48.10627076398801
7870,0.1830577254295349,0.41343945264816284,0.0,24.571884155273438,75.18643188476562,-123.55155300873336,48.10627076398801
7871,0.1830577254295349,0.41343945264816284,0.0,24.571884155273438,75.18643188476562,-123.55155300873336,48.10627076398801
7872,0.1830577254295349,0.41343945264816284,0.0,24.571884155273438,75.18643188476562,-123.55155300873336,48.10627076398801
7873,0.1830577254295349,0.41343945264816284,0.0,24.571884155273438,75.18643188476562,-123.55155300873336,48.10627076398801
7874,0.1830577254295349,0.41343945264816284,0.0,24.571884155273438,75.18643188476562,-123.55155300873336,48.10627076398801
7875,0.1830577254295349,0.41343945264816284,0.0,24.571884155273438,75.18643188476562,-123.55155300873336,48.10627076398801
7876,0.0,0.0,0.0,0.0,172.69625854492188,-123.55115300873337,48.10627076398801
7877,0.0,0.0,0.0,0.0,172.69625854492188,-123.55115300873337,48.10627076398801
7878,0.0,0.0,0.0,0.0,172.69625854492188,-123.55115300873337,48.10627076398801
7879,0.0,0.0,0.0,0.0,172.69625854492188,-123.55115300873337,48.10627076398801
7880,0.0,0.0,0.0,0.0,172.69625854492188,-123.55115300873337,48.10627076398801
7881,0.0,0.0,0.0,0.0,172.69625854492188,-123.55115300873337,48.10627076398801
7882,7.37099270509134e-12,0.5803764462471008,0.0,24.465225219726562,18.681541442871094,-123.55155300873336,48.10587076398801
7883,7.37099270509134e-12,0.5803764462471008,0.0,24.465225219726562,18.681541442871094,-123.55155300873336,48.10587076398801
7884,7.37099270509134e-12,0.5803764462471008,0.0,24.465225219726562,18.681541442871094,-123.55155300873336,48.10587076398801
7885,7.37099270509134e-12,0.5803764462471008,0.0,24.465225219726562,18.681541442871094,-123.55155300873336,48.10587076398801
7886,7.37099270509134e-12,0.5803764462471008,0.0,24.465225219726562,18.681541442871094,-123.55155300873336,48.10587076398801
7887,7.37099270509134e-12,0.5803764462471008,0.0,24.465225219726562,18.681541442871094,-123.55155300873336,48.10587076398801
7888,7.37099270509134e-12,0.5803764462471008,0.0,24.465225219726562,18.681541442871094,-123.55155300873336,48.10587076398801
7889,7.37099270509134e-12,0.5803764462471008,0.0,24.465225219726562,18.681541442871094,-123.55155300873336,48.10587076398801
7890,7.37099270509134e-12,0.5803764462471008,0.0,24.465225219726562,18.681541442871094,-123.55155300873336,48.10587076398801
7891,7.37099270509134e-12,0.5803764462471008,0.0,24.465225219726562,18.681541442871094,-123.55155300873336,48.10587076398801
7892,0.0,0.0,0.0,0.0,211.62466430664062,-123.55195300873336,48.10547076398801
7893,1.6554823067949087e-09,0.882601261138916,0.0,24.057018280029297,36.49657440185547,-123.55155300873336,48.10547076398801
7894,1.6554823067949087e-09,0.882601261138916,0.0,24.057018280029297,36.49657440185547,-123.55155300873336,48.10547076398801
7895,1.6554823067949087e-09,0.882601261138916,0.0,24.057018280029297,36.49657440185547,-123.55155300873336,48.10547076398801
7896,1.6554823067949087e-09,0.882601261138916,0.0,24.057018280029297,36.49657440185547,-123.55155300873336,48.10547076398801
7897,1.6554823067949087e-09,0.882601261138916,0.0,24.057018280029297,36.49657440185547,-123.55155300873336,48.10547076398801
7898,1.6554823067949087e-09,0.882601261138916,0.0,24.057018280029297,36.49657440185547,-123.55155300873336,48.10547076398801
7899,1.6554823067949087e-09,0.882601261138916,0.0,24.057018280029297,36.49657440185547,-123.55155300873336,48.10547076398801
7900,1.6554823067949087e-09,0.882601261138916,0.0,24.057018280029297,36.49657440185547,-123.55155300873336,48.10547076398801
7901,1.6554823067949087e-09,0.882601261138916,0.0,24.057018280029297,36.49657440185547,-123.55155300873336,48.10547076398801
7902,1.6554823067949087e-09,0.882601261138916,0.0,24.057018280029297,36.49657440185547,-123.55155300873336,48.10547076398801
7903,0.0,0.0,0.0,0.0,146.29421997070312,-123.55195300873336,48.10507076398801
7904,0.0,0.0,0.0,0.0,146.29421997070312,-123.55195300873336,48.10507076398801
7905,0.0,0.0,0.0,0.0,146.29421997070312,-123.55195300873336,48.10507076398801
7906,0.0,0.0,0.0,0.0,146.29421997070312,-123.55195300873336,48.10507076398801
7907,0.0,0.0,0.0,0.0,146.29421997070312,-123.55195300873336,48.10507076398801
7908,0.0,0.0,0.0,0.0,146.29421997070312,-123.55195300873336,48.10507076398801
7909,0.0,0.0,0.0,0.0,146.29421997070312,-123.55195300873336,48.10507076398801
7910,0.0,0.0,0.0,0.0,146.29421997070312,-123.55195300873336,48.10507076398801
7911,0.0,0.0,0.0,0.0,146.29421997070312,-123.55195300873336,48.10507076398801
7912,0.9731664061546326,0.010621404275298119,0.0,24.1400089263916,97.01546478271484,-123.55155300873336,48.10507076398801
7913,0.9731664061546326,0.010621404275298119,0.0,24.1400089263916,97.01546478271484,-123.55155300873336,48.10507076398801
7914,0.9731664061546326,0.010621404275298119,0.0,24.1400089263916,97.01546478271484,-123.55155300873336,48.10507076398801
7915,0.9731664061546326,0.010621404275298119,0.0,24.1400089263916,97.01546478271484,-123.55155300873336,48.10507076398801
7916,0.9731664061546326,0.010621404275298119,0.0,24.1400089263916,97.01546478271484,-123.55155300873336,48.10507076398801
7917,0.9731664061546326,0.010621404275298119,0.0,24.1400089263916,97.01546478271484,-123.55155300873336,48.10507076398801
7918,0.9731664061546326,0.010621404275298119,0.0,24.1400089263916,97.01546478271484,-123.55155300873336,48.10507076398801
7919,0.9731664061546326,0.010621404275298119,0.0,24.1400089263916,97.01546478271484,-123.55155300873336,48.10507076398801
7920,0.9731664061546326,0.010621404275298119,0.0,24.1400089263916,97.01546478271484,-123.55155300873336,48.10507076398801
7921,0.9999489784240723,0.0015082175377756357,0.0,24.479999542236328,382.0,-123.55235300873336,48.10467076398801
7922,0.9999489784240723,0.0015082175377756357,0.0,24.479999542236328,382.0,-123.55235300873336,48.10467076398801
7923,0.9999489784240723,0.0015082175377756357,0.0,24.479999542236328,382.0,-123.55235300873336,48.10467076398801
7924,0.9999489784240723,0.0015082175377756357,0.0,24.479999542236328,382.0,-123.55235300873336,48.10467076398801
7925,0.9999489784240723,0.0015082175377756357,0.0,24.479999542236328,382.0,-123.55235300873336,48.10467076398801
7926,0.9999489784240723,0.0015082175377756357,0.0,24.479999542236328,382.0,-123.55235300873336,48.10467076398801
7927,0.9999489784240723,0.0015082175377756357,0.0,24.479999542236328,382.0,-123.55235300873336,48.10467076398801
7928,0.9999489784240723,0.0015082175377756357,0.0,24.479999542236328,382.0,-123.55235300873336,48.10467076398801
7929,0.9999489784240723,0.0015082175377756357,0.0,24.479999542236328,382.0,-123.55235300873336,48.10467076398801
7930,0.8634019494056702,0.1227656677365303,0.0,24.15634536743164,127.0,-123.55195300873336,48.10467076398801
7931,0.8634019494056702,0.1227656677365303,0.0,24.15634536743164,127.0,-123.55195300873336,48.10467076398801
7932,0.8634019494056702,0.1227656677365303,0.0,24.15634536743164,127.0,-123.55195300873336,48.10467076398801
7933,0.8634019494056702,0.1227656677365303,0.0,24.15634536743164,127.0,-123.55195300873336,48.10467076398801
7934,0.8634019494056702,0.1227656677365303,0.0,24.15634536743164,127.0,-123.55195300873336,48.10467076398801
7935,0.8634019494056702,0.1227656677365303,0.0,24.15634536743164,127.0,-123.55195300873336,48.10467076398801
7936,0.8634019494056702,0.1227656677365303,0.0,24.15634536743164,127.0,-123.55195300873336,48.10467076398801
7937,0.8634019494056702,0.1227656677365303,0.0,24.15634536743164,127.0,-123.55195300873336,48.10467076398801
7938,0.8634019494056702,0.1227656677365303,0.0,24.15634536743164,127.0,-123.55195300873336,48.10467076398801
7939,0.8634019494056702,0.1227656677365303,0.0,24.15634536743164,127.0,-123.55195300873336,48.10467076398801
7940,0.0,0.0,0.0,0.0,128.0,-123.55155300873336,48.10467076398801
7941,0.0,0.0,0.0,0.0,128.0,-123.55155300873336,48.10467076398801
7942,0.0,0.0,0.0,0.0,128.0,-123.55155300873336,48.10467076398801
7943,0.0,0.0,0.0,0.0,388.80328369140625,-123.55315300873336,48.10427076398801
7944,0.0,0.0,0.0,0.0,388.80328369140625,-123.55315300873336,48.10427076398801
7945,0.0,0.0,0.0,0.0,388.80328369140625,-123.55315300873336,48.10427076398801
7946,0.0,0.0,0.0,0.0,388.80328369140625,-123.55315300873336,48.10427076398801
7947,0.0,0.0,0.0,0.0,388.80328369140625,-123.55315300873336,48.10427076398801
7948,0.0,0.0,0.0,0.0,388.80328369140625,-123.55315300873336,48.10427076398801
7949,0.0,0.0,0.0,0.0,388.80328369140625,-123.55315300873336,48.10427076398801
7950,0.9999979734420776,0.00021594695863313973,0.0,26.170000076293945,611.7025146484375,-123.55275300873336,48.10427076398801
7951,0.9999979734420776,0.00021594695863313973,0.0,26.170000076293945,611.7025146484375,-123.55275300873336,48.10427076398801
7952,0.9999979734420776,0.00021594695863313973,0.0,26.170000076293945,611.7025146484375,-123.55275300873336,48.10427076398801
7953,0.9999979734420776,0.00021594695863313973,0.0,26.170000076293945,611.7025146484375,-123.55275300873336,48.10427076398801
7954,0.9999979734420776,0.00021594695863313973,0.0,26.170000076293945,611.7025146484375,-123.55275300873336,48.10427076398801
7955,0.9999979734420776,0.00021594695863313973,0.0,26.170000076293945,611.7025146484375,-123.55275300873336,48.10427076398801
7956,0.9999979734420776,0.00021594695863313973,0.0,26.170000076293945,611.7025146484375,-123.55275300873336,48.10427076398801
7957,0.9999979734420776,0.00021594695863313973,0.0,26.170000076293945,611.7025146484375,-123.55275300873336,48.10427076398801
7958,0.9999979734420776,0.00021594695863313973,0.0,26.170000076293945,611.7025146484375,-123.55275300873336,48.10427076398801
7959,0.9999983310699463,0.0004449646803550422,0.0,25.8700008392334,417.02996826171875,-123.55235300873336,48.10427076398801
7960,0.9999983310699463,0.0004449646803550422,0.0,25.8700008392334,417.02996826171875,-123.55235300873336,48.10427076398801
7961,0.9999983310699463,0.0004449646803550422,0.0,25.8700008392334,417.02996826171875,-123.55235300873336,48.10427076398801
7962,0.9999983310699463,0.0004449646803550422,0.0,25.8700008392334,417.02996826171875,-123.55235300873336,48.10427076398801
7963,0.9999983310699463,0.0004449646803550422,0.0,25.8700008392334,417.02996826171875,-123.55235300873336,48.10427076398801
7964,0.9999983310699463,0.0004449646803550422,0.0,25.8700008392334,417.02996826171875,-123.55235300873336,48.10427076398801
7965,0.9999983310699463,0.0004449646803550422,0.0,25.8700008392334,417.02996826171875,-123.55235300873336,48.10427076398801
7966,0.9999983310699463,0.0004449646803550422,0.0,25.8700008392334,417.02996826171875,-123.55235300873336,48.10427076398801
7967,0.9999983310699463,0.0004449646803550422,0.0,25.8700008392334,417.02996826171875,-123.55235300873336,48.10427076398801
7968,0.9999908208847046,0.0007379660382866859,0.0,25.06999969482422,190.0315704345703,-123.55195300873336,48.10427076398801
7969,0.9999908208847046,0.0007379660382866859,0.0,25.06999969482422,190.0315704345703,-123.55195300873336,48.10427076398801
7970,0.9999908208847046,0.0007379660382866859,0.0,25.06999969482422,190.0315704345703,-123.55195300873336,48.10427076398801
7971,0.9999908208847046,0.0007379660382866859,0.0,25.06999969482422,190.0315704345703,-123.55195300873336,48.10427076398801
7972,0.9999908208847046,0.0007379660382866859,0.0,25.06999969482422,190.0315704345703,-123.55195300873336,48.10427076398801
7973,0.9999908208847046,0.0007379660382866859,0.0,25.06999969482422,190.0315704345703,-123.55195300873336,48.10427076398801
7974,0.9999908208847046,0.0007379660382866859,0.0,25.06999969482422,190.0315704345703,-123.55195300873336,48.10427076398801
7975,0.9999908208847046,0.0007379660382866859,0.0,25.06999969482422,190.0315704345703,-123.55195300873336,48.10427076398801
7976,0.9999908208847046,0.0007379660382866859,0.0,25.06999969482422,190.0315704345703,-123.55195300873336,48.10427076398801
7977,0.9999908208847046,0.0007379660382866859,0.0,25.06999969482422,190.0315704345703,-123.55195300873336,48.10427076398801
7978,0.9128035306930542,0.0007770538795739412,0.0,25.170440673828125,44.59820556640625,-123.55155300873336,48.10427076398801
7979,0.9128035306930542,0.0007770538795739412,0.0,25.170440673828125,44.59820556640625,-123.55155300873336,48.10427076398801
7980,0.9128035306930542,0.0007770538795739412,0.0,25.170440673828125,44.59820556640625,-123.55155300873336,48.10427076398801
7981,0.9128035306930542,0.0007770538795739412,0.0,25.170440673828125,44.59820556640625,-123.55155300873336,48.10427076398801
7982,0.9128035306930542,0.0007770538795739412,0.0,25.170440673828125,44.59820556640625,-123.55155300873336,48.10427076398801
7983,0.9128035306930542,0.0007770538795739412,0.0,25.170440673828125,44.59820556640625,-123.55155300873336,48.10427076398801
7984,0.9128035306930542,0.0007770538795739412,0.0,25.170440673828125,44.59820556640625,-123.55155300873336,48.10427076398801
7985,0.9128035306930542,0.0007770538795739412,0.0,25.170440673828125,44.59820556640625,-123.55155300873336,48.10427076398801
7986,0.9128035306930542,0.0007770538795739412,0.0,25.170440673828125,44.59820556640625,-123.55155300873336,48.10427076398801
7987,0.9128035306930542,0.0007770538795739412,0.0,25.170440673828125,44.59820556640625,-123.55155300873336,48.10427076398801
7988,0.0,0.0,0.0,0.0,97.75479888916016,-123.55395300873336,48.10387076398801
7989,0.8929533362388611,7.092167652444914e-05,0.0,26.440000534057617,61.46543884277344,-123.55355300873336,48.10387076398801
7990,0.8929533362388611,7.092167652444914e-05,0.0,26.440000534057617,61.46543884277344,-123.55355300873336,48.10387076398801
7991,0.8929533362388611,7.092167652444914e-05,0.0,26.440000534057617,61.46543884277344,-123.55355300873336,48.10387076398801
7992,0.8929533362388611,7.092167652444914e-05,0.0,26.440000534057617,61.46543884277344,-123.55355300873336,48.10387076398801
7993,0.8929533362388611,7.092167652444914e-05,0.0,26.440000534057617,61.46543884277344,-123.55355300873336,48.10387076398801
7994,0.8929533362388611,7.092167652444914e-05,0.0,26.440000534057617,61.46543884277344,-123.55355300873336,48.10387076398801
7995,0.8929533362388611,7.092167652444914e-05,0.0,26.440000534057617,61.46543884277344,-123.55355300873336,48.10387076398801
7996,0.8929533362388611,7.092167652444914e-05,0.0,26.440000534057617,61.46543884277344,-123.55355300873336,48.10387076398801
7997,0.8929533362388611,7.092167652444914e-05,0.0,26.440000534057617,61.46543884277344,-123.55355300873336,48.10387076398801
7998,0.9999939203262329,0.0005083273281343281,0.0,27.209999084472656,310.53662109375,-123.55315300873336,48.10387076398801
7999,0.9999939203262329,0.0005083273281343281,0.0,27.209999084472656,310.53662109375,-123.55315300873336,48.10387076398801
8000,0.9999939203262329,0.0005083273281343281,0.0,27.209999084472656,310.53662109375,-123.55315300873336,48.10387076398801
8001,0.9999939203262329,0.0005083273281343281,0.0,27.209999084472656,310.53662109375,-123.55315300873336,48.10387076398801
8002,0.9999939203262329,0.0005083273281343281,0.0,27.209999084472656,310.53662109375,-123.55315300873336,48.10387076398801
8003,0.9999939203262329,0.0005083273281343281,0.0,27.209999084472656,310.53662109375,-123.55315300873336,48.10387076398801
8004,0.9999939203262329,0.0005083273281343281,0.0,27.209999084472656,310.53662109375,-123.55315300873336,48.10387076398801
8005,0.9999939203262329,0.0005083273281343281,0.0,27.209999084472656,310.53662109375,-123.55315300873336,48.10387076398801
8006,0.9999939203262329,0.0005083273281343281,0.0,27.209999084472656,310.53662109375,-123.55315300873336,48.10387076398801
8007,0.9999970197677612,0.00028340116841718554,0.0,26.459999084472656,363.0110168457031,-123.55275300873336,48.10387076398801
8008,0.9999970197677612,0.00028340116841718554,0.0,26.459999084472656,363.0110168457031,-123.55275300873336,48.10387076398801
8009,0.9999970197677612,0.00028340116841718554,0.0,26.459999084472656,363.0110168457031,-123.55275300873336,48.10387076398801
8010,0.9999970197677612,0.00028340116841718554,0.0,26.459999084472656,363.0110168457031,-123.55275300873336,48.10387076398801
8011,0.9999970197677612,0.00028340116841718554,0.0,26.459999084472656,363.0110168457031,-123.55275300873336,48.10387076398801
8012,0.9999970197677612,0.00028340116841718554,0.0,26.459999084472656,363.0110168457031,-123.55275300873336,48.10387076398801
8013,0.9999970197677612,0.00028340116841718554,0.0,26.459999084472656,363.0110168457031,-123.55275300873336,48.10387076398801
8014,0.9999970197677612,0.00028340116841718554,0.0,26.459999084472656,363.0110168457031,-123.55275300873336,48.10387076398801
8015,0.9999970197677612,0.00028340116841718554,0.0,26.459999084472656,363.0110168457031,-123.55275300873336,48.10387076398801
8016,0.9999980926513672,0.00015860791609156877,0.0,25.790000915527344,359.1462097167969,-123.55235300873336,48.10387076398801
8017,0.9999980926513672,0.00015860791609156877,0.0,25.790000915527344,359.1462097167969,-123.55235300873336,48.10387076398801
8018,0.9999980926513672,0.00015860791609156877,0.0,25.790000915527344,359.1462097167969,-123.55235300873336,48.10387076398801
8019,0.9999980926513672,0.00015860791609156877,0.0,25.790000915527344,359.1462097167969,-123.55235300873336,48.10387076398801
8020,0.9999980926513672,0.00015860791609156877,0.0,25.790000915527344,359.1462097167969,-123.55235300873336,48.10387076398801
8021,0.9999980926513672,0.00015860791609156877,0.0,25.790000915527344,359.1462097167969,-123.55235300873336,48.10387076398801
8022,0.9999980926513672,0.00015860791609156877,0.0,25.790000915527344,359.1462097167969,-123.55235300873336,48.10387076398801
8023,0.9999980926513672,0.00015860791609156877,0.0,25.790000915527344,359.1462097167969,-123.55235300873336,48.10387076398801
8024,0.9999980926513672,0.00015860791609156877,0.0,25.790000915527344,359.1462097167969,-123.55235300873336,48.10387076398801
8025,0.9999959468841553,8.452313340967521e-05,0.0,25.639999389648438,186.68154907226562,-123.55195300873336,48.10387076398801
8026,0.9999959468841553,8.452313340967521e-05,0.0,25.639999389648438,186.68154907226562,-123.55195300873336,48.10387076398801
8027,0.9999959468841553,8.452313340967521e-05,0.0,25.639999389648438,186.68154907226562,-123.55195300873336,48.10387076398801
8028,0.9999959468841553,8.452313340967521e-05,0.0,25.639999389648438,186.68154907226562,-123.55195300873336,48.10387076398801
8029,0.9999959468841553,8.452313340967521e-05,0.0,25.639999389648438,186.68154907226562,-123.55195300873336,48.10387076398801
8030,0.9999959468841553,8.452313340967521e-05,0.0,25.639999389648438,186.68154907226562,-123.55195300873336,48.10387076398801
8031,0.9999959468841553,8.452313340967521e-05,0.0,25.639999389648438,186.68154907226562,-123.55195300873336,48.10387076398801
8032,0.9999959468841553,8.452313340967521e-05,0.0,25.639999389648438,186.68154907226562,-123.55195300873336,48.10387076398801
8033,0.9999959468841553,8.452313340967521e-05,0.0,25.639999389648438,186.68154907226562,-123.55195300873336,48.10387076398801
8034,0.16535642743110657,0.001343218027614057,0.0,24.47303581237793,20.0,-123.55155300873336,48.10387076398801
8035,0.16535642743110657,0.001343218027614057,0.0,24.47303581237793,20.0,-123.55155300873336,48.10387076398801
8036,0.16535642743110657,0.001343218027614057,0.0,24.47303581237793,20.0,-123.55155300873336,48.10387076398801
8037,0.16535642743110657,0.001343218027614057,0.0,24.47303581237793,20.0,-123.55155300873336,48.10387076398801
8038,0.16535642743110657,0.001343218027614057,0.0,24.47303581237793,20.0,-123.55155300873336,48.10387076398801
8039,0.16535642743110657,0.001343218027614057,0.0,24.47303581237793,20.0,-123.55155300873336,48.10387076398801
8040,0.16535642743110657,0.001343218027614057,0.0,24.47303581237793,20.0,-123.55155300873336,48.10387076398801
8041,0.16535642743110657,0.001343218027614057,0.0,24.47303581237793,20.0,-123.55155300873336,48.10387076398801
8042,0.16535642743110657,0.001343218027614057,0.0,24.47303581237793,20.0,-123.55155300873336,48.10387076398801
8043,0.16535642743110657,0.001343218027614057,0.0,24.47303581237793,20.0,-123.55155300873336,48.10387076398801
8044,4.338412963988958e-06,0.17876498401165009,0.0,26.579999923706055,48.91830062866211,-123.55435300873336,48.103470763988014
8045,4.338412963988958e-06,0.17876498401165009,0.0,26.579999923706055,48.91830062866211,-123.55435300873336,48.103470763988014
8046,4.338412963988958e-06,0.17876498401165009,0.0,26.579999923706055,48.91830062866211,-123.55435300873336,48.103470763988014
8047,4.338412963988958e-06,0.17876498401165009,0.0,26.579999923706055,48.91830062866211,-123.55435300873336,48.103470763988014
8048,4.338412963988958e-06,0.17876498401165009,0.0,26.579999923706055,48.91830062866211,-123.55435300873336,48.103470763988014
8049,4.338412963988958e-06,0.17876498401165009,0.0,26.579999923706055,48.91830062866211,-123.55435300873336,48.103470763988014
8050,4.338412963988958e-06,0.17876498401165009,0.0,26.579999923706055,48.91830062866211,-123.55435300873336,48.103470763988014
8051,4.338412963988958e-06,0.17876498401165009,0.0,26.579999923706055,48.91830062866211,-123.55435300873336,48.103470763988014
8052,4.338412963988958e-06,0.17876498401165009,0.0,26.579999923706055,48.91830062866211,-123.55435300873336,48.103470763988014
8053,4.338412963988958e-06,0.17876498401165009,0.0,26.579999923706055,48.91830062866211,-123.55435300873336,48.103470763988014
8054,1.5147363683354342e-06,0.3516845107078552,0.0,26.489999771118164,68.88395690917969,-123.55395300873336,48.103470763988014
8055,1.5147363683354342e-06,0.3516845107078552,0.0,26.489999771118164,68.88395690917969,-123.55395300873336,48.103470763988014
8056,1.5147363683354342e-06,0.3516845107078552,0.0,26.489999771118164,68.88395690917969,-123.55395300873336,48.103470763988014
8057,1.5147363683354342e-06,0.3516845107078552,0.0,26.489999771118164,68.88395690917969,-123.55395300873336,48.103470763988014
8058,1.5147363683354342e-06,0.3516845107078552,0.0,26.489999771118164,68.88395690917969,-123.55395300873336,48.103470763988014
8059,1.5147363683354342e-06,0.3516845107078552,0.0,26.489999771118164,68.88395690917969,-123.55395300873336,48.103470763988014
8060,1.5147363683354342e-06,0.3516845107078552,0.0,26.489999771118164,68.88395690917969,-123.55395300873336,48.103470763988014
8061,1.5147363683354342e-06,0.3516845107078552,0.0,26.489999771118164,68.88395690917969,-123.55395300873336,48.103470763988014
8062,1.5147363683354342e-06,0.3516845107078552,0.0,26.489999771118164,68.88395690917969,-123.55395300873336,48.103470763988014
8063,1.5147363683354342e-06,0.3516845107078552,0.0,26.489999771118164,68.88395690917969,-123.55395300873336,48.103470763988014
8064,4.3620914880193595e-07,0.012160761281847954,0.0,26.1200008392334,35.693138122558594,-123.55355300873336,48.103470763988014
8065,4.3620914880193595e-07,0.012160761281847954,0.0,26.1200008392334,35.693138122558594,-123.55355300873336,48.103470763988014
8066,4.3620914880193595e-07,0.012160761281847954,0.0,26.1200008392334,35.693138122558594,-123.55355300873336,48.103470763988014
8067,4.3620914880193595e-07,0.012160761281847954,0.0,26.1200008392334,35.693138122558594,-123.55355300873336,48.103470763988014
8068,4.3620914880193595e-07,0.012160761281847954,0.0,26.1200008392334,35.693138122558594,-123.55355300873336,48.103470763988014
8069,4.3620914880193595e-07,0.012160761281847954,0.0,26.1200008392334,35.693138122558594,-123.55355300873336,48.103470763988014
8070,4.3620914880193595e-07,0.012160761281847954,0.0,26.1200008392334,35.693138122558594,-123.55355300873336,48.103470763988014
8071,4.3620914880193595e-07,0.012160761281847954,0.0,26.1200008392334,35.693138122558594,-123.55355300873336,48.103470763988014
8072,4.3620914880193595e-07,0.012160761281847954,0.0,26.1200008392334,35.693138122558594,-123.55355300873336,48.103470763988014
8073,4.3620914880193595e-07,0.012160761281847954,0.0,26.1200008392334,35.693138122558594,-123.55355300873336,48.103470763988014
8074,6.335998392614783e-10,0.008918369188904762,0.0,25.559059143066406,61.61168670654297,-123.55315300873336,48.103470763988014
8075,6.335998392614783e-10,0.008918369188904762,0.0,25.559059143066406,61.61168670654297,-123.55315300873336,48.103470763988014
8076,6.335998392614783e-10,0.008918369188904762,0.0,25.559059143066406,61.61168670654297,-123.55315300873336,48.103470763988014
8077,6.335998392614783e-10,0.008918369188904762,0.0,25.559059143066406,61.61168670654297,-123.55315300873336,48.103470763988014
8078,6.335998392614783e-10,0.008918369188904762,0.0,25.559059143066406,61.61168670654297,-123.55315300873336,48.103470763988014
8079,6.335998392614783e-10,0.008918369188904762,0.0,25.559059143066406,61.61168670654297,-123.55315300873336,48.103470763988014
8080,6.335998392614783e-10,0.008918369188904762,0.0,25.559059143066406,61.61168670654297,-123.55315300873336,48.103470763988014
8081,6.335998392614783e-10,0.008918369188904762,0.0,25.559059143066406,61.61168670654297,-123.55315300873336,48.103470763988014
8082,6.335998392614783e-10,0.008918369188904762,0.0,25.559059143066406,61.61168670654297,-123.55315300873336,48.103470763988014
8083,6.335998392614783e-10,0.008918369188904762,0.0,25.559059143066406,61.61168670654297,-123.55315300873336,48.103470763988014
8084,0.999891996383667,0.01023983582854271,0.0,26.051612854003906,113.1591796875,-123.55275300873336,48.103470763988014
8085,0.999891996383667,0.01023983582854271,0.0,26.051612854003906,113.1591796875,-123.55275300873336,48.103470763988014
8086,0.999891996383667,0.01023983582854271,0.0,26.051612854003906,113.1591796875,-123.55275300873336,48.103470763988014
8087,0.999891996383667,0.01023983582854271,0.0,26.051612854003906,113.1591796875,-123.55275300873336,48.103470763988014
8088,0.999891996383667,0.01023983582854271,0.0,26.051612854003906,113.1591796875,-123.55275300873336,48.103470763988014
8089,0.999891996383667,0.01023983582854271,0.0,26.051612854003906,113.1591796875,-123.55275300873336,48.103470763988014
8090,0.999891996383667,0.01023983582854271,0.0,26.051612854003906,113.1591796875,-123.55275300873336,48.103470763988014
8091,0.999891996383667,0.01023983582854271,0.0,26.051612854003906,113.1591796875,-123.55275300873336,48.103470763988014
8092,0.999891996383667,0.01023983582854271,0.0,26.051612854003906,113.1591796875,-123.55275300873336,48.103470763988014
8093,0.999891996383667,0.01023983582854271,0.0,26.051612854003906,113.1591796875,-123.55275300873336,48.103470763988014
8094,0.9765859842300415,0.06845954060554504,0.0,25.41353988647461,166.6043243408203,-123.55235300873336,48.103470763988014
8095,0.9765859842300415,0.06845954060554504,0.0,25.41353988647461,166.6043243408203,-123.55235300873336,48.103470763988014
8096,0.9765859842300415,0.06845954060554504,0.0,25.41353988647461,166.6043243408203,-123.55235300873336,48.103470763988014
8097,0.9765859842300415,0.06845954060554504,0.0,25.41353988647461,166.6043243408203,-123.55235300873336,48.103470763988014
8098,0.9765859842300415,0.06845954060554504,0.0,25.41353988647461,166.6043243408203,-123.55235300873336,48.103470763988014
8099,0.9765859842300415,0.06845954060554504,0.0,25.41353988647461,166.6043243408203,-123.55235300873336,48.103470763988014
8100,0.9765859842300415,0.06845954060554504,0.0,25.41353988647461,166.6043243408203,-123.55235300873336,48.103470763988014
8101,0.9765859842300415,0.06845954060554504,0.0,25.41353988647461,166.6043243408203,-123.55235300873336,48.103470763988014
8102,0.9765859842300415,0.06845954060554504,0.0,25.41353988647461,166.6043243408203,-123.55235300873336,48.103470763988014
8103,0.9765859842300415,0.06845954060554504,0.0,25.41353988647461,166.6043243408203,-123.55235300873336,48.103470763988014
8104,7.569880011715213e-08,0.9482482671737671,0.0,25.410499572753906,0.0,-123.55195300873336,48.103470763988014
8105,7.569880011715213e-08,0.9482482671737671,0.0,25.410499572753906,0.0,-123.55195300873336,48.103470763988014
8106,7.569880011715213e-08,0.9482482671737671,0.0,25.410499572753906,0.0,-123.55195300873336,48.103470763988014
8107,7.569880011715213e-08,0.9482482671737671,0.0,25.410499572753906,0.0,-123.55195300873336,48.103470763988014
8108,7.569880011715213e-08,0.9482482671737671,0.0,25.410499572753906,0.0,-123.55195300873336,48.103470763988014
8109,7.569880011715213e-08,0.9482482671737671,0.0,25.410499572753906,0.0,-123.55195300873336,48.103470763988014
8110,7.569880011715213e-08,0.9482482671737671,0.0,25.410499572753906,0.0,-123.55195300873336,48.103470763988014
8111,7.569880011715213e-08,0.9482482671737671,0.0,25.410499572753906,0.0,-123.55195300873336,48.103470763988014
8112,7.569880011715213e-08,0.9482482671737671,0.0,25.410499572753906,0.0,-123.55195300873336,48.103470763988014
8113,7.569880011715213e-08,0.9482482671737671,0.0,25.410499572753906,0.0,-123.55195300873336,48.103470763988014
8114,0.6996923089027405,0.15081816911697388,0.0,25.058761596679688,45.35416030883789,-123.55155300873336,48.103470763988014
8115,0.6996923089027405,0.15081816911697388,0.0,25.058761596679688,45.35416030883789,-123.55155300873336,48.103470763988014
8116,0.6996923089027405,0.15081816911697388,0.0,25.058761596679688,45.35416030883789,-123.55155300873336,48.103470763988014
8117,0.6996923089027405,0.15081816911697388,0.0,25.058761596679688,45.35416030883789,-123.55155300873336,48.103470763988014
8118,0.6996923089027405,0.15081816911697388,0.0,25.058761596679688,45.35416030883789,-123.55155300873336,48.103470763988014
8119,0.6996923089027405,0.15081816911697388,0.0,25.058761596679688,45.35416030883789,-123.55155300873336,48.103470763988014
8120,0.6996923089027405,0.15081816911697388,0.0,25.058761596679688,45.35416030883789,-123.55155300873336,48.103470763988014
8121,0.6996923089027405,0.15081816911697388,0.0,25.058761596679688,45.35416030883789,-123.55155300873336,48.103470763988014
8122,0.6996923089027405,0.15081816911697388,0.0,25.058761596679688,45.35416030883789,-123.55155300873336,48.103470763988014
8123,0.6996923089027405,0.15081816911697388,0.0,25.058761596679688,45.35416030883789,-123.55155300873336,48.103470763988014
8124,0.0,0.0,0.0,0.0,121.49073791503906,-123.55515300873336,48.103070763988015
8125,0.0,0.0,0.0,0.0,121.49073791503906,-123.55515300873336,48.103070763988015
8126,0.0,0.0,0.0,0.0,121.49073791503906,-123.55515300873336,48.103070763988015
8127,0.0,0.0,0.0,0.0,121.49073791503906,-123.55515300873336,48.103070763988015
8128,0.0,0.0,0.0,0.0,121.49073791503906,-123.55515300873336,48.103070763988015
8129,0.0,0.0,0.0,0.0,121.49073791503906,-123.55515300873336,48.103070763988015
8130,0.0,0.0,0.0,0.0,121.49073791503906,-123.55515300873336,48.103070763988015
8131,5.315948214956734e-07,0.9885912537574768,0.0,26.559999465942383,0.0,-123.55475300873336,48.103070763988015
8132,5.315948214956734e-07,0.9885912537574768,0.0,26.559999465942383,0.0,-123.55475300873336,48.103070763988015
8133,5.315948214956734e-07,0.9885912537574768,0.0,26.559999465942383,0.0,-123.55475300873336,48.103070763988015
8134,5.315948214956734e-07,0.9885912537574768,0.0,26.559999465942383,0.0,-123.55475300873336,48.103070763988015
8135,5.315948214956734e-07,0.9885912537574768,0.0,26.559999465942383,0.0,-123.55475300873336,48.103070763988015
8136,5.315948214956734e-07,0.9885912537574768,0.0,26.559999465942383,0.0,-123.55475300873336,48.103070763988015
8137,5.315948214956734e-07,0.9885912537574768,0.0,26.559999465942383,0.0,-123.55475300873336,48.103070763988015
8138,5.315948214956734e-07,0.9885912537574768,0.0,26.559999465942383,0.0,-123.55475300873336,48.103070763988015
8139,5.315948214956734e-07,0.9885912537574768,0.0,26.559999465942383,0.0,-123.55475300873336,48.103070763988015
8140,5.315948214956734e-07,0.9885912537574768,0.0,26.559999465942383,0.0,-123.55475300873336,48.103070763988015
8141,0.03885405883193016,0.9444795846939087,0.0,26.540000915527344,101.0197982788086,-123.55435300873336,48.103070763988015
8142,0.03885405883193016,0.9444795846939087,0.0,26.540000915527344,101.0197982788086,-123.55435300873336,48.103070763988015
8143,0.03885405883193016,0.9444795846939087,0.0,26.540000915527344,101.0197982788086,-123.55435300873336,48.103070763988015
8144,0.03885405883193016,0.9444795846939087,0.0,26.540000915527344,101.0197982788086,-123.55435300873336,48.103070763988015
8145,0.03885405883193016,0.9444795846939087,0.0,26.540000915527344,101.0197982788086,-123.55435300873336,48.103070763988015
8146,0.03885405883193016,0.9444795846939087,0.0,26.540000915527344,101.0197982788086,-123.55435300873336,48.103070763988015
8147,0.03885405883193016,0.9444795846939087,0.0,26.540000915527344,101.0197982788086,-123.55435300873336,48.103070763988015
8148,0.03885405883193016,0.9444795846939087,0.0,26.540000915527344,101.0197982788086,-123.55435300873336,48.103070763988015
8149,0.03885405883193016,0.9444795846939087,0.0,26.540000915527344,101.0197982788086,-123.55435300873336,48.103070763988015
8150,0.03885405883193016,0.9444795846939087,0.0,26.540000915527344,101.0197982788086,-123.55435300873336,48.103070763988015
8151,0.0,0.0,0.0,0.0,177.53872680664062,-123.55395300873336,48.103070763988015
8152,0.0,0.0,0.0,0.0,177.53872680664062,-123.55395300873336,48.103070763988015
8153,0.0,0.0,0.0,0.0,177.53872680664062,-123.55395300873336,48.103070763988015
8154,0.0,0.0,0.0,0.0,177.53872680664062,-123.55395300873336,48.103070763988015
8155,0.0,0.0,0.0,0.0,177.53872680664062,-123.55395300873336,48.103070763988015
8156,0.0,0.0,0.0,0.0,177.53872680664062,-123.55395300873336,48.103070763988015
8157,0.0,0.0,0.0,0.0,215.69654846191406,-123.55355300873336,48.103070763988015
8158,0.0,0.0,0.0,0.0,215.69654846191406,-123.55355300873336,48.103070763988015
8159,0.0,0.0,0.0,0.0,215.69654846191406,-123.55355300873336,48.103070763988015
8160,0.0,0.0,0.0,0.0,215.69654846191406,-123.55355300873336,48.103070763988015
8161,0.0,0.0,0.0,0.0,215.69654846191406,-123.55355300873336,48.103070763988015
8162,0.0,0.0,0.0,0.0,215.69654846191406,-123.55355300873336,48.103070763988015
8163,0.0,0.0,0.0,0.0,215.69654846191406,-123.55355300873336,48.103070763988015
8164,0.0,0.0,0.0,0.0,185.72291564941406,-123.55315300873336,48.103070763988015
8165,0.0,0.0,0.0,0.0,115.37763977050781,-123.55275300873336,48.103070763988015
8166,0.0,0.0,0.0,0.0,115.37763977050781,-123.55275300873336,48.103070763988015
8167,0.0,0.0,0.0,0.0,115.37763977050781,-123.55275300873336,48.103070763988015
8168,0.0,0.0,0.0,0.0,115.37763977050781,-123.55275300873336,48.103070763988015
8169,0.0,0.0,0.0,0.0,115.37763977050781,-123.55275300873336,48.103070763988015
8170,0.0,0.0,0.0,0.0,115.37763977050781,-123.55275300873336,48.103070763988015
8171,0.0,0.0,0.0,0.0,115.37763977050781,-123.55275300873336,48.103070763988015
8172,0.953402578830719,0.3126833736896515,0.0,24.989999771118164,61.0,-123.55235300873336,48.103070763988015
8173,0.953402578830719,0.3126833736896515,0.0,24.989999771118164,61.0,-123.55235300873336,48.103070763988015
8174,0.953402578830719,0.3126833736896515,0.0,24.989999771118164,61.0,-123.55235300873336,48.103070763988015
8175,0.953402578830719,0.3126833736896515,0.0,24.989999771118164,61.0,-123.55235300873336,48.103070763988015
8176,0.953402578830719,0.3126833736896515,0.0,24.989999771118164,61.0,-123.55235300873336,48.103070763988015
8177,0.953402578830719,0.3126833736896515,0.0,24.989999771118164,61.0,-123.55235300873336,48.103070763988015
8178,0.953402578830719,0.3126833736896515,0.0,24.989999771118164,61.0,-123.55235300873336,48.103070763988015
8179,0.953402578830719,0.3126833736896515,0.0,24.989999771118164,61.0,-123.55235300873336,48.103070763988015
8180,0.953402578830719,0.3126833736896515,0.0,24.989999771118164,61.0,-123.55235300873336,48.103070763988015
8181,0.0,0.0,0.0,0.0,179.01116943359375,-123.55195300873336,48.103070763988015
8182,0.0,0.0,0.0,0.0,179.01116943359375,-123.55195300873336,48.103070763988015
8183,0.0,0.0,0.0,0.0,179.01116943359375,-123.55195300873336,48.103070763988015
8184,2.6287603759556077e-05,0.07978423684835434,0.0,26.933128356933594,39.96248245239258,-123.55555300873336,48.102670763988016
8185,2.6287603759556077e-05,0.07978423684835434,0.0,26.933128356933594,39.96248245239258,-123.55555300873336,48.102670763988016
8186,2.6287603759556077e-05,0.07978423684835434,0.0,26.933128356933594,39.96248245239258,-123.55555300873336,48.102670763988016
8187,2.6287603759556077e-05,0.07978423684835434,0.0,26.933128356933594,39.96248245239258,-123.55555300873336,48.102670763988016
8188,2.6287603759556077e-05,0.07978423684835434,0.0,26.933128356933594,39.96248245239258,-123.55555300873336,48.102670763988016
8189,2.6287603759556077e-05,0.07978423684835434,0.0,26.933128356933594,39.96248245239258,-123.55555300873336,48.102670763988016
8190,2.6287603759556077e-05,0.07978423684835434,0.0,26.933128356933594,39.96248245239258,-123.55555300873336,48.102670763988016
8191,2.6287603759556077e-05,0.07978423684835434,0.0,26.933128356933594,39.96248245239258,-123.55555300873336,48.102670763988016
8192,2.6287603759556077e-05,0.07978423684835434,0.0,26.933128356933594,39.96248245239258,-123.55555300873336,48.102670763988016
8193,2.6287603759556077e-05,0.07978423684835434,0.0,26.933128356933594,39.96248245239258,-123.55555300873336,48.102670763988016
8194,0.0010006912052631378,0.550479531288147,0.0,26.56999969482422,92.6552734375,-123.55515300873336,48.102670763988016
8195,0.0010006912052631378,0.550479531288147,0.0,26.56999969482422,92.6552734375,-123.55515300873336,48.102670763988016
8196,0.0010006912052631378,0.550479531288147,0.0,26.56999969482422,92.6552734375,-123.55515300873336,48.102670763988016
8197,0.0010006912052631378,0.550479531288147,0.0,26.56999969482422,92.6552734375,-123.55515300873336,48.102670763988016
8198,0.0010006912052631378,0.550479531288147,0.0,26.56999969482422,92.6552734375,-123.55515300873336,48.102670763988016
8199,0.0010006912052631378,0.550479531288147,0.0,26.56999969482422,92.6552734375,-123.55515300873336,48.102670763988016
8200,0.0010006912052631378,0.550479531288147,0.0,26.56999969482422,92.6552734375,-123.55515300873336,48.102670763988016
8201,0.0010006912052631378,0.550479531288147,0.0,26.56999969482422,92.6552734375,-123.55515300873336,48.102670763988016
8202,0.0010006912052631378,0.550479531288147,0.0,26.56999969482422,92.6552734375,-123.55515300873336,48.102670763988016
8203,0.0010006912052631378,0.550479531288147,0.0,26.56999969482422,92.6552734375,-123.55515300873336,48.102670763988016
8204,0.2791809141635895,0.05009664595127106,0.0,26.670000076293945,72.20111083984375,-123.55635300873335,48.10227076398802
8205,0.2791809141635895,0.05009664595127106,0.0,26.670000076293945,72.20111083984375,-123.55635300873335,48.10227076398802
8206,0.2791809141635895,0.05009664595127106,0.0,26.670000076293945,72.20111083984375,-123.55635300873335,48.10227076398802
8207,0.2791809141635895,0.05009664595127106,0.0,26.670000076293945,72.20111083984375,-123.55635300873335,48.10227076398802
8208,0.2791809141635895,0.05009664595127106,0.0,26.670000076293945,72.20111083984375,-123.55635300873335,48.10227076398802
8209,0.2791809141635895,0.05009664595127106,0.0,26.670000076293945,72.20111083984375,-123.55635300873335,48.10227076398802
8210,0.2791809141635895,0.05009664595127106,0.0,26.670000076293945,72.20111083984375,-123.55635300873335,48.10227076398802
8211,0.2791809141635895,0.05009664595127106,0.0,26.670000076293945,72.20111083984375,-123.55635300873335,48.10227076398802
8212,0.2791809141635895,0.05009664595127106,0.0,26.670000076293945,72.20111083984375,-123.55635300873335,48.10227076398802
8213,0.2791809141635895,0.05009664595127106,0.0,26.670000076293945,72.20111083984375,-123.55635300873335,48.10227076398802
8214,0.13648465275764465,0.6214444041252136,0.0,26.6299991607666,51.97114562988281,-123.55595300873335,48.10227076398802
8215,0.13648465275764465,0.6214444041252136,0.0,26.6299991607666,51.97114562988281,-123.55595300873335,48.10227076398802
8216,0.13648465275764465,0.6214444041252136,0.0,26.6299991607666,51.97114562988281,-123.55595300873335,48.10227076398802
8217,0.13648465275764465,0.6214444041252136,0.0,26.6299991607666,51.97114562988281,-123.55595300873335,48.10227076398802
8218,0.13648465275764465,0.6214444041252136,0.0,26.6299991607666,51.97114562988281,-123.55595300873335,48.10227076398802
8219,0.13648465275764465,0.6214444041252136,0.0,26.6299991607666,51.97114562988281,-123.55595300873335,48.10227076398802
8220,0.13648465275764465,0.6214444041252136,0.0,26.6299991607666,51.97114562988281,-123.55595300873335,48.10227076398802
8221,0.13648465275764465,0.6214444041252136,0.0,26.6299991607666,51.97114562988281,-123.55595300873335,48.10227076398802
8222,0.13648465275764465,0.6214444041252136,0.0,26.6299991607666,51.97114562988281,-123.55595300873335,48.10227076398802
8223,0.13648465275764465,0.6214444041252136,0.0,26.6299991607666,51.97114562988281,-123.55595300873335,48.10227076398802
8224,0.0,0.0,0.0,0.0,179.9027557373047,-123.55555300873336,48.10227076398802
8225,0.0,0.0,0.0,0.0,179.9027557373047,-123.55555300873336,48.10227076398802
8226,0.0,0.0,0.0,0.0,179.9027557373047,-123.55555300873336,48.10227076398802
8227,0.0,0.0,0.0,0.0,179.9027557373047,-123.55555300873336,48.10227076398802
8228,0.0,0.0,0.0,0.0,179.9027557373047,-123.55555300873336,48.10227076398802
8229,0.0,0.0,0.0,0.0,179.9027557373047,-123.55555300873336,48.10227076398802
8230,0.0,0.0,0.0,0.0,148.2733917236328,-123.55715300873335,48.10187076398802
8231,0.00013228785246610641,0.03907521069049835,0.0,26.65999984741211,5.385164737701416,-123.55675300873335,48.10187076398802
8232,0.00013228785246610641,0.03907521069049835,0.0,26.65999984741211,5.385164737701416,-123.55675300873335,48.10187076398802
8233,0.00013228785246610641,0.03907521069049835,0.0,26.65999984741211,5.385164737701416,-123.55675300873335,48.10187076398802
8234,0.00013228785246610641,0.03907521069049835,0.0,26.65999984741211,5.385164737701416,-123.55675300873335,48.10187076398802
8235,0.00013228785246610641,0.03907521069049835,0.0,26.65999984741211,5.385164737701416,-123.55675300873335,48.10187076398802
8236,0.00013228785246610641,0.03907521069049835,0.0,26.65999984741211,5.385164737701416,-123.55675300873335,48.10187076398802
8237,0.00013228785246610641,0.03907521069049835,0.0,26.65999984741211,5.385164737701416,-123.55675300873335,48.10187076398802
8238,0.00013228785246610641,0.03907521069049835,0.0,26.65999984741211,5.385164737701416,-123.55675300873335,48.10187076398802
8239,0.00013228785246610641,0.03907521069049835,0.0,26.65999984741211,5.385164737701416,-123.55675300873335,48.10187076398802
8240,0.00013228785246610641,0.03907521069049835,0.0,26.65999984741211,5.385164737701416,-123.55675300873335,48.10187076398802
8241,0.9999995231628418,0.00012392248027026653,0.0,26.690000534057617,148.38462829589844,-123.55635300873335,48.10187076398802
8242,0.9999995231628418,0.00012392248027026653,0.0,26.690000534057617,148.38462829589844,-123.55635300873335,48.10187076398802
8243,0.9999995231628418,0.00012392248027026653,0.0,26.690000534057617,148.38462829589844,-123.55635300873335,48.10187076398802
8244,0.9999995231628418,0.00012392248027026653,0.0,26.690000534057617,148.38462829589844,-123.55635300873335,48.10187076398802
8245,0.9999995231628418,0.00012392248027026653,0.0,26.690000534057617,148.38462829589844,-123.55635300873335,48.10187076398802
8246,0.9999995231628418,0.00012392248027026653,0.0,26.690000534057617,148.38462829589844,-123.55635300873335,48.10187076398802
8247,0.9999995231628418,0.00012392248027026653,0.0,26.690000534057617,148.38462829589844,-123.55635300873335,48.10187076398802
8248,0.9999995231628418,0.00012392248027026653,0.0,26.690000534057617,148.38462829589844,-123.55635300873335,48.10187076398802
8249,0.0,0.0,0.0,0.0,121.01652526855469,-123.55755300873335,48.10147076398802
8250,0.0,0.0,0.0,0.0,121.01652526855469,-123.55755300873335,48.10147076398802
8251,0.0,0.0,0.0,0.0,121.01652526855469,-123.55755300873335,48.10147076398802
8252,0.0,0.0,0.0,0.0,121.01652526855469,-123.55755300873335,48.10147076398802
8253,0.0,0.0,0.0,0.0,121.01652526855469,-123.55755300873335,48.10147076398802
8254,0.0,0.0,0.0,0.0,121.01652526855469,-123.55755300873335,48.10147076398802
8255,0.0,0.0,0.0,0.0,121.01652526855469,-123.55755300873335,48.10147076398802
8256,0.0,0.0,0.0,0.0,121.01652526855469,-123.55755300873335,48.10147076398802
8257,0.7315379977226257,0.04338635504245758,0.0,26.639999389648438,47.01063537597656,-123.55715300873335,48.10147076398802
8258,0.7315379977226257,0.04338635504245758,0.0,26.639999389648438,47.01063537597656,-123.55715300873335,48.10147076398802
8259,0.7315379977226257,0.04338635504245758,0.0,26.639999389648438,47.01063537597656,-123.55715300873335,48.10147076398802
8260,0.7315379977226257,0.04338635504245758,0.0,26.639999389648438,47.01063537597656,-123.55715300873335,48.10147076398802
8261,0.7315379977226257,0.04338635504245758,0.0,26.639999389648438,47.01063537597656,-123.55715300873335,48.10147076398802
8262,0.7315379977226257,0.04338635504245758,0.0,26.639999389648438,47.01063537597656,-123.55715300873335,48.10147076398802
8263,0.7315379977226257,0.04338635504245758,0.0,26.639999389648438,47.01063537597656,-123.55715300873335,48.10147076398802
8264,0.7315379977226257,0.04338635504245758,0.0,26.639999389648438,47.01063537597656,-123.55715300873335,48.10147076398802
8265,0.7315379977226257,0.04338635504245758,0.0,26.639999389648438,47.01063537597656,-123.55715300873335,48.10147076398802
8266,0.7315379977226257,0.04338635504245758,0.0,26.639999389648438,47.01063537597656,-123.55715300873335,48.10147076398802
8267,0.0,0.0,0.0,0.0,102.53292083740234,-123.55795300873335,48.10107076398802
8268,0.0,0.0,0.0,0.0,102.53292083740234,-123.55795300873335,48.10107076398802
8269,0.0,0.0,0.0,0.0,102.53292083740234,-123.55795300873335,48.10107076398802
8270,0.0,0.0,0.0,0.0,102.53292083740234,-123.55795300873335,48.10107076398802
8271,0.0,0.0,0.0,0.0,102.53292083740234,-123.55795300873335,48.10107076398802
8272,0.46217435598373413,0.009108304046094418,0.0,26.770000457763672,70.00714111328125,-123.55755300873335,48.10107076398802
8273,0.46217435598373413,0.009108304046094418,0.0,26.770000457763672,70.00714111328125,-123.55755300873335,48.10107076398802
8274,0.46217435598373413,0.009108304046094418,0.0,26.770000457763672,70.00714111328125,-123.55755300873335,48.10107076398802
8275,0.46217435598373413,0.009108304046094418,0.0,26.770000457763672,70.00714111328125,-123.55755300873335,48.10107076398802
8276,0.46217435598373413,0.009108304046094418,0.0,26.770000457763672,70.00714111328125,-123.55755300873335,48.10107076398802
8277,0.46217435598373413,0.009108304046094418,0.0,26.770000457763672,70.00714111328125,-123.55755300873335,48.10107076398802
8278,0.46217435598373413,0.009108304046094418,0.0,26.770000457763672,70.00714111328125,-123.55755300873335,48.10107076398802
8279,0.46217435598373413,0.009108304046094418,0.0,26.770000457763672,70.00714111328125,-123.55755300873335,48.10107076398802
8280,0.46217435598373413,0.009108304046094418,0.0,26.770000457763672,70.00714111328125,-123.55755300873335,48.10107076398802
8281,0.46217435598373413,0.009108304046094418,0.0,26.770000457763672,70.00714111328125,-123.55755300873335,48.10107076398802
8282,0.00019571595476008952,5.0272185035282746e-05,0.0,27.06999969482422,62.169124603271484,-123.55795300873335,48.10067076398802
8283,0.00019571595476008952,5.0272185035282746e-05,0.0,27.06999969482422,62.169124603271484,-123.55795300873335,48.10067076398802
8284,0.00019571595476008952,5.0272185035282746e-05,0.0,27.06999969482422,62.169124603271484,-123.55795300873335,48.10067076398802
8285,0.00019571595476008952,5.0272185035282746e-05,0.0,27.06999969482422,62.169124603271484,-123.55795300873335,48.10067076398802
8286,0.00019571595476008952,5.0272185035282746e-05,0.0,27.06999969482422,62.169124603271484,-123.55795300873335,48.10067076398802
8287,0.00019571595476008952,5.0272185035282746e-05,0.0,27.06999969482422,62.169124603271484,-123.55795300873335,48.10067076398802
8288,0.00019571595476008952,5.0272185035282746e-05,0.0,27.06999969482422,62.169124603271484,-123.55795300873335,48.10067076398802
8289,0.00019571595476008952,5.0272185035282746e-05,0.0,27.06999969482422,62.169124603271484,-123.55795300873335,48.10067076398802
8290,0.00019571595476008952,5.0272185035282746e-05,0.0,27.06999969482422,62.169124603271484,-123.55795300873335,48.10067076398802
8291,0.00019571595476008952,5.0272185035282746e-05,0.0,27.06999969482422,62.169124603271484,-123.55795300873335,48.10067076398802
8292,3.178187398589216e-05,0.0022397052962332964,0.0,27.459999084472656,62.93647766113281,-123.55835300873335,48.10027076398802
8293,3.178187398589216e-05,0.0022397052962332964,0.0,27.459999084472656,62.93647766113281,-123.55835300873335,48.10027076398802
8294,3.178187398589216e-05,0.0022397052962332964,0.0,27.459999084472656,62.93647766113281,-123.55835300873335,48.10027076398802
8295,3.178187398589216e-05,0.0022397052962332964,0.0,27.459999084472656,62.93647766113281,-123.55835300873335,48.10027076398802
8296,3.178187398589216e-05,0.0022397052962332964,0.0,27.459999084472656,62.93647766113281,-123.55835300873335,48.10027076398802
8297,3.178187398589216e-05,0.0022397052962332964,0.0,27.459999084472656,62.93647766113281,-123.55835300873335,48.10027076398802
8298,3.178187398589216e-05,0.0022397052962332964,0.0,27.459999084472656,62.93647766113281,-123.55835300873335,48.10027076398802
8299,3.178187398589216e-05,0.0022397052962332964,0.0,27.459999084472656,62.93647766113281,-123.55835300873335,48.10027076398802
8300,3.178187398589216e-05,0.0022397052962332964,0.0,27.459999084472656,62.93647766113281,-123.55835300873335,48.10027076398802
8301,3.178187398589216e-05,0.0022397052962332964,0.0,27.459999084472656,62.93647766113281,-123.55835300873335,48.10027076398802
8302,0.9991632699966431,0.00019978875934612006,0.0,28.510000228881836,171.2308349609375,-123.55795300873335,48.10027076398802
8303,0.9991632699966431,0.00019978875934612006,0.0,28.510000228881836,171.2308349609375,-123.55795300873335,48.10027076398802
8304,0.9991632699966431,0.00019978875934612006,0.0,28.510000228881836,171.2308349609375,-123.55795300873335,48.10027076398802
8305,0.9991632699966431,0.00019978875934612006,0.0,28.510000228881836,171.2308349609375,-123.55795300873335,48.10027076398802
8306,0.9991632699966431,0.00019978875934612006,0.0,28.510000228881836,171.2308349609375,-123.55795300873335,48.10027076398802
8307,0.00042794240289367735,0.4528758227825165,0.0,27.969999313354492,3.0,-123.55835300873335,48.09987076398802
8308,0.00042794240289367735,0.4528758227825165,0.0,27.969999313354492,3.0,-123.55835300873335,48.09987076398802
8309,0.00042794240289367735,0.4528758227825165,0.0,27.969999313354492,3.0,-123.55835300873335,48.09987076398802
8310,0.00042794240289367735,0.4528758227825165,0.0,27.969999313354492,3.0,-123.55835300873335,48.09987076398802
8311,0.00042794240289367735,0.4528758227825165,0.0,27.969999313354492,3.0,-123.55835300873335,48.09987076398802
8312,0.00042794240289367735,0.4528758227825165,0.0,27.969999313354492,3.0,-123.55835300873335,48.09987076398802
8313,0.00042794240289367735,0.4528758227825165,0.0,27.969999313354492,3.0,-123.55835300873335,48.09987076398802
8314,0.00042794240289367735,0.4528758227825165,0.0,27.969999313354492,3.0,-123.55835300873335,48.09987076398802
8315,0.00042794240289367735,0.4528758227825165,0.0,27.969999313354492,3.0,-123.55835300873335,48.09987076398802
8316,0.00042794240289367735,0.4528758227825165,0.0,27.969999313354492,3.0,-123.55835300873335,48.09987076398802
8317,0.0,0.0,0.0,0.0,251.43190002441406,-123.55795300873335,48.09987076398802
8318,0.0,0.0,0.0,0.0,251.43190002441406,-123.55795300873335,48.09987076398802
8319,8.194613474188372e-05,0.5278787612915039,0.0,28.31999969482422,8.0,-123.55835300873335,48.09947076398802
8320,8.194613474188372e-05,0.5278787612915039,0.0,28.31999969482422,8.0,-123.55835300873335,48.09947076398802
8321,8.194613474188372e-05,0.5278787612915039,0.0,28.31999969482422,8.0,-123.55835300873335,48.09947076398802
8322,8.194613474188372e-05,0.5278787612915039,0.0,28.31999969482422,8.0,-123.55835300873335,48.09947076398802
8323,8.194613474188372e-05,0.5278787612915039,0.0,28.31999969482422,8.0,-123.55835300873335,48.09947076398802
8324,8.194613474188372e-05,0.5278787612915039,0.0,28.31999969482422,8.0,-123.55835300873335,48.09947076398802
8325,8.194613474188372e-05,0.5278787612915039,0.0,28.31999969482422,8.0,-123.55835300873335,48.09947076398802
8326,8.194613474188372e-05,0.5278787612915039,0.0,28.31999969482422,8.0,-123.55835300873335,48.09947076398802
8327,8.194613474188372e-05,0.5278787612915039,0.0,28.31999969482422,8.0,-123.55835300873335,48.09947076398802
8328,8.194613474188372e-05,0.5278787612915039,0.0,28.31999969482422,8.0,-123.55835300873335,48.09947076398802
8329,0.0,0.0,0.0,0.0,261.0076599121094,-123.55795300873335,48.09947076398802
8330,2.3946473447722383e-05,0.4853286147117615,0.0,28.43000030517578,53.851646423339844,-123.55835300873335,48.099070763988024
8331,2.3946473447722383e-05,0.4853286147117615,0.0,28.43000030517578,53.851646423339844,-123.55835300873335,48.099070763988024
8332,2.3946473447722383e-05,0.4853286147117615,0.0,28.43000030517578,53.851646423339844,-123.55835300873335,48.099070763988024
8333,2.3946473447722383e-05,0.4853286147117615,0.0,28.43000030517578,53.851646423339844,-123.55835300873335,48.099070763988024
8334,2.3946473447722383e-05,0.4853286147117615,0.0,28.43000030517578,53.851646423339844,-123.55835300873335,48.099070763988024
8335,2.3946473447722383e-05,0.4853286147117615,0.0,28.43000030517578,53.851646423339844,-123.55835300873335,48.099070763988024
8336,2.3946473447722383e-05,0.4853286147117615,0.0,28.43000030517578,53.851646423339844,-123.55835300873335,48.099070763988024
8337,2.3946473447722383e-05,0.4853286147117615,0.0,28.43000030517578,53.851646423339844,-123.55835300873335,48.099070763988024
8338,2.3946473447722383e-05,0.4853286147117615,0.0,28.43000030517578,53.851646423339844,-123.55835300873335,48.099070763988024
8339,2.3946473447722383e-05,0.4853286147117615,0.0,28.43000030517578,53.851646423339844,-123.55835300873335,48.099070763988024
8340,0.9993384480476379,0.0013854349963366985,0.0,28.600000381469727,181.07733154296875,-123.55795300873335,48.099070763988024
8341,0.9993384480476379,0.0013854349963366985,0.0,28.600000381469727,181.07733154296875,-123.55795300873335,48.099070763988024
8342,0.9993384480476379,0.0013854349963366985,0.0,28.600000381469727,181.07733154296875,-123.55795300873335,48.099070763988024
8343,0.9993384480476379,0.0013854349963366985,0.0,28.600000381469727,181.07733154296875,-123.55795300873335,48.099070763988024
8344,0.03708920627832413,0.4861847460269928,0.0,28.440000534057617,151.1588592529297,-123.55835300873335,48.098670763988025
8345,0.03708920627832413,0.4861847460269928,0.0,28.440000534057617,151.1588592529297,-123.55835300873335,48.098670763988025
8346,0.03708920627832413,0.4861847460269928,0.0,28.440000534057617,151.1588592529297,-123.55835300873335,48.098670763988025
8347,0.03708920627832413,0.4861847460269928,0.0,28.440000534057617,151.1588592529297,-123.55835300873335,48.098670763988025
8348,0.03708920627832413,0.4861847460269928,0.0,28.440000534057617,151.1588592529297,-123.55835300873335,48.098670763988025
8349,0.03708920627832413,0.4861847460269928,0.0,28.440000534057617,151.1588592529297,-123.55835300873335,48.098670763988025
8350,0.03708920627832413,0.4861847460269928,0.0,28.440000534057617,151.1588592529297,-123.55835300873335,48.098670763988025
8351,0.03708920627832413,0.4861847460269928,0.0,28.440000534057617,151.1588592529297,-123.55835300873335,48.098670763988025
8352,0.03708920627832413,0.4861847460269928,0.0,28.440000534057617,151.1588592529297,-123.55835300873335,48.098670763988025
8353,0.00023770892585162073,0.09096790850162506,0.0,28.3799991607666,75.58438873291016,-123.55795300873335,48.098670763988025
8354,0.00023770892585162073,0.09096790850162506,0.0,28.3799991607666,75.58438873291016,-123.55795300873335,48.098670763988025
8355,0.00023770892585162073,0.09096790850162506,0.0,28.3799991607666,75.58438873291016,-123.55795300873335,48.098670763988025
8356,0.00023770892585162073,0.09096790850162506,0.0,28.3799991607666,75.58438873291016,-123.55795300873335,48.098670763988025
8357,0.00023770892585162073,0.09096790850162506,0.0,28.3799991607666,75.58438873291016,-123.55795300873335,48.098670763988025
8358,0.00023770892585162073,0.09096790850162506,0.0,28.3799991607666,75.58438873291016,-123.55795300873335,48.098670763988025
8359,0.00023770892585162073,0.09096790850162506,0.0,28.3799991607666,75.58438873291016,-123.55795300873335,48.098670763988025
8360,0.00023770892585162073,0.09096790850162506,0.0,28.3799991607666,75.58438873291016,-123.55795300873335,48.098670763988025
8361,0.00023770892585162073,0.09096790850162506,0.0,28.3799991607666,75.58438873291016,-123.55795300873335,48.098670763988025
8362,0.00023770892585162073,0.09096790850162506,0.0,28.3799991607666,75.58438873291016,-123.55795300873335,48.098670763988025
8363,0.9798102378845215,0.0027741773519665003,0.0,44.58000183105469,269.1337890625,-123.55835300873335,48.098270763988026
8364,0.0001223014114657417,0.22406186163425446,0.0,28.530000686645508,56.859474182128906,-123.55795300873335,48.098270763988026
8365,0.0001223014114657417,0.22406186163425446,0.0,28.530000686645508,56.859474182128906,-123.55795300873335,48.098270763988026
8366,0.0001223014114657417,0.22406186163425446,0.0,28.530000686645508,56.859474182128906,-123.55795300873335,48.098270763988026
8367,0.0001223014114657417,0.22406186163425446,0.0,28.530000686645508,56.859474182128906,-123.55795300873335,48.098270763988026
8368,0.0001223014114657417,0.22406186163425446,0.0,28.530000686645508,56.859474182128906,-123.55795300873335,48.098270763988026
8369,0.0001223014114657417,0.22406186163425446,0.0,28.530000686645508,56.859474182128906,-123.55795300873335,48.098270763988026
8370,0.0001223014114657417,0.22406186163425446,0.0,28.530000686645508,56.859474182128906,-123.55795300873335,48.098270763988026
8371,0.0001223014114657417,0.22406186163425446,0.0,28.530000686645508,56.859474182128906,-123.55795300873335,48.098270763988026
8372,0.0001223014114657417,0.22406186163425446,0.0,28.530000686645508,56.859474182128906,-123.55795300873335,48.098270763988026
8373,0.0001223014114657417,0.22406186163425446,0.0,28.530000686645508,56.859474182128906,-123.55795300873335,48.098270763988026
8374,0.9968578815460205,0.0024347202852368355,0.0,29.06999969482422,155.5956268310547,-123.55755300873335,48.098270763988026
8375,0.9968578815460205,0.0024347202852368355,0.0,29.06999969482422,155.5956268310547,-123.55755300873335,48.098270763988026
8376,0.3887270390987396,0.031258270144462585,0.0,30.149999618530273,196.36700439453125,-123.55795300873335,48.09787076398803
8377,0.4412306845188141,0.03022976592183113,0.0,28.579999923706055,16.401220321655273,-123.55755300873335,48.09787076398803
8378,0.4412306845188141,0.03022976592183113,0.0,28.579999923706055,16.401220321655273,-123.55755300873335,48.09787076398803
8379,0.4412306845188141,0.03022976592183113,0.0,28.579999923706055,16.401220321655273,-123.55755300873335,48.09787076398803
8380,0.4412306845188141,0.03022976592183113,0.0,28.579999923706055,16.401220321655273,-123.55755300873335,48.09787076398803
8381,0.4412306845188141,0.03022976592183113,0.0,28.579999923706055,16.401220321655273,-123.55755300873335,48.09787076398803
8382,0.4412306845188141,0.03022976592183113,0.0,28.579999923706055,16.401220321655273,-123.55755300873335,48.09787076398803
8383,0.4412306845188141,0.03022976592183113,0.0,28.579999923706055,16.401220321655273,-123.55755300873335,48.09787076398803
8384,0.4412306845188141,0.03022976592183113,0.0,28.579999923706055,16.401220321655273,-123.55755300873335,48.09787076398803
8385,0.4412306845188141,0.03022976592183113,0.0,28.579999923706055,16.401220321655273,-123.55755300873335,48.09787076398803
8386,0.4412306845188141,0.03022976592183113,0.0,28.579999923706055,16.401220321655273,-123.55755300873335,48.09787076398803
8387,0.7312334775924683,0.1961786448955536,0.0,29.31999969482422,129.63409423828125,-123.55755300873335,48.09747076398803
8388,0.00014897421351633966,0.5327333807945251,0.0,28.6299991607666,44.04542922973633,-123.55715300873335,48.09747076398803
8389,0.00014897421351633966,0.5327333807945251,0.0,28.6299991607666,44.04542922973633,-123.55715300873335,48.09747076398803
8390,0.00014897421351633966,0.5327333807945251,0.0,28.6299991607666,44.04542922973633,-123.55715300873335,48.09747076398803
8391,0.00014897421351633966,0.5327333807945251,0.0,28.6299991607666,44.04542922973633,-123.55715300873335,48.09747076398803
8392,0.00014897421351633966,0.5327333807945251,0.0,28.6299991607666,44.04542922973633,-123.55715300873335,48.09747076398803
8393,0.00014897421351633966,0.5327333807945251,0.0,28.6299991607666,44.04542922973633,-123.55715300873335,48.09747076398803
8394,0.00014897421351633966,0.5327333807945251,0.0,28.6299991607666,44.04542922973633,-123.55715300873335,48.09747076398803
8395,0.00014897421351633966,0.5327333807945251,0.0,28.6299991607666,44.04542922973633,-123.55715300873335,48.09747076398803
8396,0.00014897421351633966,0.5327333807945251,0.0,28.6299991607666,44.04542922973633,-123.55715300873335,48.09747076398803
8397,0.00014897421351633966,0.5327333807945251,0.0,28.6299991607666,44.04542922973633,-123.55715300873335,48.09747076398803
8398,0.9999994039535522,0.00032878294587135315,0.0,39.7400016784668,234.36083984375,-123.55675300873335,48.09747076398803
8399,0.017410030588507652,0.6750521063804626,0.0,30.520000457763672,125.09996032714844,-123.55715300873335,48.09707076398803
8400,0.017410030588507652,0.6750521063804626,0.0,30.520000457763672,125.09996032714844,-123.55715300873335,48.09707076398803
8401,0.0012010986683890224,0.2209981381893158,0.0,28.700000762939453,57.982757568359375,-123.55675300873335,48.09707076398803
8402,0.0012010986683890224,0.2209981381893158,0.0,28.700000762939453,57.982757568359375,-123.55675300873335,48.09707076398803
8403,0.0012010986683890224,0.2209981381893158,0.0,28.700000762939453,57.982757568359375,-123.55675300873335,48.09707076398803
8404,0.0012010986683890224,0.2209981381893158,0.0,28.700000762939453,57.982757568359375,-123.55675300873335,48.09707076398803
8405,0.0012010986683890224,0.2209981381893158,0.0,28.700000762939453,57.982757568359375,-123.55675300873335,48.09707076398803
8406,0.0012010986683890224,0.2209981381893158,0.0,28.700000762939453,57.982757568359375,-123.55675300873335,48.09707076398803
8407,0.0012010986683890224,0.2209981381893158,0.0,28.700000762939453,57.982757568359375,-123.55675300873335,48.09707076398803
8408,0.0012010986683890224,0.2209981381893158,0.0,28.700000762939453,57.982757568359375,-123.55675300873335,48.09707076398803
8409,0.0012010986683890224,0.2209981381893158,0.0,28.700000762939453,57.982757568359375,-123.55675300873335,48.09707076398803
8410,0.0012010986683890224,0.2209981381893158,0.0,28.700000762939453,57.982757568359375,-123.55675300873335,48.09707076398803
8411,0.4923315942287445,0.02485700324177742,0.0,28.940000534057617,103.94229125976562,-123.55675300873335,48.09667076398803
8412,0.4923315942287445,0.02485700324177742,0.0,28.940000534057617,103.94229125976562,-123.55675300873335,48.09667076398803
8413,0.4923315942287445,0.02485700324177742,0.0,28.940000534057617,103.94229125976562,-123.55675300873335,48.09667076398803
8414,0.4923315942287445,0.02485700324177742,0.0,28.940000534057617,103.94229125976562,-123.55675300873335,48.09667076398803
8415,0.4923315942287445,0.02485700324177742,0.0,28.940000534057617,103.94229125976562,-123.55675300873335,48.09667076398803
8416,0.4923315942287445,0.02485700324177742,0.0,28.940000534057617,103.94229125976562,-123.55675300873335,48.09667076398803
8417,0.4923315942287445,0.02485700324177742,0.0,28.940000534057617,103.94229125976562,-123.55675300873335,48.09667076398803
8418,0.4923315942287445,0.02485700324177742,0.0,28.940000534057617,103.94229125976562,-123.55675300873335,48.09667076398803
8419,0.4923315942287445,0.02485700324177742,0.0,28.940000534057617,103.94229125976562,-123.55675300873335,48.09667076398803
8420,0.993525505065918,0.09302610158920288,0.0,29.079999923706055,62.801273345947266,-123.55635300873335,48.09667076398803
8421,0.993525505065918,0.09302610158920288,0.0,29.079999923706055,62.801273345947266,-123.55635300873335,48.09667076398803
8422,0.993525505065918,0.09302610158920288,0.0,29.079999923706055,62.801273345947266,-123.55635300873335,48.09667076398803
8423,0.993525505065918,0.09302610158920288,0.0,29.079999923706055,62.801273345947266,-123.55635300873335,48.09667076398803
8424,0.993525505065918,0.09302610158920288,0.0,29.079999923706055,62.801273345947266,-123.55635300873335,48.09667076398803
8425,0.993525505065918,0.09302610158920288,0.0,29.079999923706055,62.801273345947266,-123.55635300873335,48.09667076398803
8426,0.993525505065918,0.09302610158920288,0.0,29.079999923706055,62.801273345947266,-123.55635300873335,48.09667076398803
8427,0.993525505065918,0.09302610158920288,0.0,29.079999923706055,62.801273345947266,-123.55635300873335,48.09667076398803
8428,0.993525505065918,0.09302610158920288,0.0,29.079999923706055,62.801273345947266,-123.55635300873335,48.09667076398803
8429,0.993525505065918,0.09302610158920288,0.0,29.079999923706055,62.801273345947266,-123.55635300873335,48.09667076398803
8430,0.0,0.0,0.0,0.0,41.34005355834961,-123.55635300873335,48.09627076398803
8431,0.0,0.0,0.0,0.0,41.34005355834961,-123.55635300873335,48.09627076398803
8432,0.0,0.0,0.0,0.0,41.34005355834961,-123.55635300873335,48.09627076398803
8433,0.0,0.0,0.0,0.0,41.34005355834961,-123.55635300873335,48.09627076398803
8434,0.0,0.0,0.0,0.0,41.34005355834961,-123.55635300873335,48.09627076398803
8435,0.0,0.0,0.0,0.0,41.34005355834961,-123.55635300873335,48.09627076398803
8436,0.0,0.0,0.0,0.0,41.34005355834961,-123.55635300873335,48.09627076398803
8437,0.0,0.0,0.0,0.0,41.34005355834961,-123.55635300873335,48.09627076398803
8438,0.0,0.0,0.0,0.0,141.088623046875,-123.55595300873335,48.09627076398803
8439,0.0,0.0,0.0,0.0,141.088623046875,-123.55595300873335,48.09627076398803
8440,0.0,0.0,0.0,0.0,139.8427734375,-123.55635300873335,48.09587076398803
8441,0.0,0.0,0.0,0.0,139.8427734375,-123.55635300873335,48.09587076398803
8442,0.0,0.0,0.0,0.0,139.8427734375,-123.55635300873335,48.09587076398803
8443,0.0,0.0,0.0,0.0,139.8427734375,-123.55635300873335,48.09587076398803
8444,0.0,0.0,0.0,0.0,10.29563045501709,-123.55595300873335,48.09587076398803
8445,0.0,0.0,0.0,0.0,10.29563045501709,-123.55595300873335,48.09587076398803
8446,0.0,0.0,0.0,0.0,12.806248664855957,-123.55595300873335,48.09547076398803
